sample_id,device_id,device_type,timestamp_utc,hour_utc,x_m,y_m,zone_id,connected_ap_id,channel,rssi_dbm,noise_floor_dbm,snr_db,ap5_offline,microwave_burst_active,is_lift_bank,trusted
1,STA-0001,staff_laptop,2026-09-01T14:47:31Z,14,7.85,49.41,ward_A,AP-1,36,-47.12,-94.05,46.93,True,False,False,True
2,STA-0001,staff_laptop,2026-09-01T20:23:04Z,20,9.98,1.86,ward_D,AP-4,44,-66.73,-95.09,28.36,False,False,False,True
3,STA-0001,staff_laptop,2026-09-01T12:25:17Z,12,2.76,36.58,ward_A,AP-1,36,-55.86,-98.0,42.14,False,False,False,True
4,STA-0001,staff_laptop,2026-09-01T13:58:32Z,13,15.63,20.82,ward_D,AP-4,44,-57.04,-92.86,35.82,False,False,False,True
5,STA-0001,staff_laptop,2026-09-01T20:40:27Z,20,39.87,47.61,ward_B,AP-2,40,-55.03,-96.35,41.32,False,False,False,True
6,STA-0002,staff_laptop,2026-09-01T14:56:34Z,14,21.17,11.5,ward_E,AP-4,44,-53.49,-95.48,41.99,True,False,False,True
7,STA-0002,staff_laptop,2026-09-01T15:00:30Z,15,67.18,53.65,theatre_1,AP-7,153,-42.55,-97.3,54.75,True,False,False,True
8,STA-0002,staff_laptop,2026-09-01T11:14:23Z,11,15.12,44.15,ward_A,AP-1,36,-48.13,-95.29,47.16,False,False,False,True
9,STA-0002,staff_laptop,2026-09-01T23:03:19Z,23,12.65,2.08,ward_D,AP-4,44,-64.99,-93.26,28.27,False,False,False,True
10,STA-0002,staff_laptop,2026-09-01T16:07:26Z,16,30.82,49.71,ward_B,AP-2,40,-42.06,-95.63,53.57,False,False,False,True
11,GUE-0003,guest_phone,2026-09-01T01:23:26Z,1,68.47,27.11,corridor_h,AP-8,153,-39.02,-94.67,55.65,False,False,False,True
12,GUE-0003,guest_phone,2026-09-01T15:47:56Z,15,28.15,27.41,corridor_h,AP-2,40,-64.13,-96.08,31.95,True,False,False,True
13,GUE-0003,guest_phone,2026-09-01T08:18:52Z,8,75.23,59.98,lift_bank,AP-7,153,-61.53,-95.21,33.68,False,False,True,True
14,GUE-0003,guest_phone,2026-09-01T05:14:04Z,5,73.49,55.24,lift_bank,AP-7,153,-54.31,-94.47,40.16,False,False,True,True
15,GUE-0003,guest_phone,2026-09-01T19:11:58Z,19,74.3,55.34,lift_bank,AP-7,153,-58.47,-95.34,36.87,False,False,True,True
16,GUE-0003,guest_phone,2026-09-01T09:34:27Z,9,76.03,58.7,lift_bank,AP-7,153,-59.58,-92.15,32.57,False,False,True,True
17,CLI-0004,clinical_device,2026-09-01T06:41:52Z,6,55.64,58.44,ward_C,AP-7,153,-56.47,-97.15,40.68,False,False,False,True
18,CLI-0004,clinical_device,2026-09-01T04:46:40Z,4,26.59,26.74,corridor_h,AP-5,48,-59.95,-93.08,33.13,False,False,False,True
19,CLI-0004,clinical_device,2026-09-01T00:51:31Z,0,4.26,44.87,ward_A,AP-1,36,-49.97,-93.84,43.87,False,False,False,True
20,CLI-0004,clinical_device,2026-09-01T06:12:32Z,6,63.41,51.96,theatre_1,AP-7,153,-40.94,-96.0,55.06,False,False,False,True
21,CLI-0004,clinical_device,2026-09-01T12:57:16Z,12,9.25,14.94,ward_D,AP-4,44,-35.83,-95.13,59.3,False,True,False,True
22,CLI-0004,clinical_device,2026-09-01T11:08:12Z,11,66.41,35.93,theatre_2,AP-8,153,-45.82,-92.98,47.16,False,False,False,True
23,STA-0005,staff_laptop,2026-09-01T06:56:03Z,6,51.65,27.17,corridor_h,AP-8,153,-61.36,-95.25,33.89,False,False,False,True
24,STA-0005,staff_laptop,2026-09-01T20:34:22Z,20,1.39,29.24,corridor_h,AP-1,36,-61.02,-94.0,32.98,False,False,False,True
25,STA-0005,staff_laptop,2026-09-01T07:36:34Z,7,65.02,29.36,corridor_h,AP-8,153,-27.65,-94.59,66.94,False,False,False,True
26,STA-0005,staff_laptop,2026-09-01T05:35:55Z,5,75.28,51.39,corridor_v,AP-7,153,-57.68,-95.83,38.15,False,False,False,True
27,STA-0005,staff_laptop,2026-09-01T15:27:30Z,15,10.24,43.15,ward_A,AP-1,36,-33.85,-97.13,63.28,True,False,False,True
28,STA-0005,staff_laptop,2026-09-01T04:18:47Z,4,3.17,57.97,ward_A,AP-1,36,-56.81,-96.09,39.28,False,False,False,True
29,STA-0005,staff_laptop,2026-09-01T21:32:23Z,21,35.41,28.67,corridor_h,AP-2,40,-61.45,-96.27,34.82,False,False,False,True
30,GUE-0006,guest_phone,2026-09-01T16:15:50Z,16,10.35,22.17,ward_D,AP-4,44,-55.38,-96.3,40.92,False,False,False,True
31,GUE-0006,guest_phone,2026-09-01T15:01:26Z,15,79.04,11.01,guest_waiting,AP-8,153,-64.88,-95.26,30.38,True,False,False,True
32,GUE-0006,guest_phone,2026-09-01T02:52:31Z,2,76.24,59.97,lift_bank,AP-7,153,-57.52,-96.88,39.36,False,False,True,True
33,GUE-0006,guest_phone,2026-09-01T08:16:09Z,8,1.77,1.0,ward_D,AP-4,44,-70.55,-93.6,23.05,False,False,False,True
34,GUE-0006,guest_phone,2026-09-01T12:22:29Z,12,64.13,54.71,theatre_1,AP-7,153,-44.9,-95.13,50.23,False,False,False,True
35,GUE-0006,guest_phone,2026-09-01T08:19:46Z,8,40.63,11.96,ward_F,AP-5,48,-52.61,-94.58,41.97,False,False,False,True
36,GUE-0006,guest_phone,2026-09-01T12:37:57Z,12,76.75,16.51,guest_waiting,AP-8,153,-60.84,-94.66,33.82,False,True,False,True
37,STA-0007,staff_laptop,2026-09-01T07:38:54Z,7,68.02,37.93,theatre_2,AP-8,153,-49.1,-93.33,44.23,False,False,False,True
38,STA-0007,staff_laptop,2026-09-01T02:01:43Z,2,36.61,52.03,ward_B,AP-2,40,-51.97,-97.21,45.24,False,False,False,True
39,STA-0007,staff_laptop,2026-09-01T23:03:27Z,23,8.33,13.64,ward_D,AP-4,44,-38.61,-95.22,56.61,False,False,False,True
40,STA-0007,staff_laptop,2026-09-01T00:42:27Z,0,35.31,14.88,ward_E,AP-5,48,-45.07,-97.37,52.3,False,False,False,True
41,STA-0007,staff_laptop,2026-09-01T21:43:05Z,21,59.68,27.23,corridor_h,AP-8,153,-51.18,-92.46,41.28,False,False,False,True
42,STA-0007,staff_laptop,2026-09-01T06:47:41Z,6,9.03,16.46,ward_D,AP-4,44,-43.92,-96.26,52.34,False,False,False,True
43,STA-0007,staff_laptop,2026-09-01T08:12:14Z,8,34.46,26.94,corridor_h,AP-5,48,-57.41,-94.85,37.44,False,False,False,True
44,STA-0007,staff_laptop,2026-09-01T05:55:23Z,5,46.58,9.98,ward_F,AP-6,149,-47.44,-92.28,44.84,False,False,False,True
45,STA-0008,staff_laptop,2026-09-01T08:35:35Z,8,55.86,36.61,ward_C,AP-3,36,-53.6,-97.23,43.63,False,False,False,True
46,STA-0008,staff_laptop,2026-09-01T01:29:54Z,1,40.91,19.87,ward_F,AP-6,149,-53.97,-95.13,41.16,False,False,False,True
47,STA-0008,staff_laptop,2026-09-01T23:20:15Z,23,17.97,7.89,ward_D,AP-4,44,-51.48,-95.17,43.69,False,False,False,True
48,STA-0008,staff_laptop,2026-09-01T21:31:40Z,21,65.6,32.13,theatre_2,AP-8,153,-36.38,-96.86,60.48,False,False,False,True
49,STA-0008,staff_laptop,2026-09-01T14:55:24Z,14,75.2,55.53,corridor_v,AP-7,153,-55.52,-93.95,38.43,True,False,True,True
50,STA-0008,staff_laptop,2026-09-01T10:56:47Z,10,26.82,42.2,ward_B,AP-2,40,-47.28,-95.17,47.89,False,False,False,True
51,STA-0009,staff_laptop,2026-09-01T15:21:19Z,15,31.38,55.3,ward_B,AP-2,40,-55.7,-96.1,40.4,True,False,False,True
52,STA-0009,staff_laptop,2026-09-01T13:05:34Z,13,51.44,25.89,corridor_h,AP-6,149,-58.32,-95.89,37.57,False,False,False,True
53,STA-0009,staff_laptop,2026-09-01T04:21:08Z,4,46.96,29.44,corridor_h,AP-3,36,-60.3,-96.5,36.2,False,False,False,True
54,STA-0009,staff_laptop,2026-09-01T03:22:57Z,3,53.83,4.81,ward_F,AP-6,149,-49.32,-94.45,45.13,False,False,False,True
55,STA-0009,staff_laptop,2026-09-01T18:39:19Z,18,45.39,24.88,ward_F,AP-6,149,-55.74,-93.18,37.44,False,False,False,True
56,STA-0009,staff_laptop,2026-09-01T19:50:22Z,19,72.74,44.14,corridor_v,AP-7,153,-52.53,-92.13,39.6,False,False,False,True
57,STA-0009,staff_laptop,2026-09-01T05:01:43Z,5,31.29,51.81,ward_B,AP-2,40,-45.59,-95.72,50.13,False,False,False,True
58,STA-0009,staff_laptop,2026-09-01T22:02:17Z,22,77.32,48.91,corridor_v,AP-7,153,-56.42,-95.45,39.03,False,False,False,True
59,STA-0010,staff_laptop,2026-09-01T14:31:38Z,14,61.03,45.39,theatre_1,AP-7,153,-47.87,-96.42,48.55,True,False,False,True
60,STA-0010,staff_laptop,2026-09-01T04:42:29Z,4,36.02,5.41,ward_E,AP-5,48,-54.78,-93.92,39.14,False,False,False,True
61,STA-0010,staff_laptop,2026-09-01T12:00:47Z,12,39.65,7.79,ward_E,AP-5,48,-54.68,-97.63,42.95,False,False,False,True
62,STA-0010,staff_laptop,2026-09-01T20:37:35Z,20,45.16,38.02,ward_C,AP-3,36,-51.06,-94.97,43.91,False,False,False,True
63,STA-0010,staff_laptop,2026-09-01T19:54:29Z,19,39.13,16.05,ward_E,AP-5,48,-52.55,-96.13,43.58,False,False,False,True
64,STA-0010,staff_laptop,2026-09-01T12:03:48Z,12,21.89,57.92,ward_B,AP-2,40,-57.79,-93.61,35.82,False,False,False,True
65,STA-0010,staff_laptop,2026-09-01T00:03:42Z,0,52.43,23.5,ward_F,AP-6,149,-52.73,-94.74,42.01,False,False,False,True
66,STA-0010,staff_laptop,2026-09-01T05:41:58Z,5,0.12,59.16,ward_A,AP-1,36,-61.86,-94.15,32.29,False,False,False,True
67,CLI-0011,clinical_device,2026-09-01T21:58:37Z,21,3.71,18.38,ward_D,AP-4,44,-54.45,-95.63,41.18,False,False,False,True
68,CLI-0011,clinical_device,2026-09-01T01:58:04Z,1,31.92,55.27,ward_B,AP-2,40,-54.16,-95.95,41.79,False,False,False,True
69,CLI-0011,clinical_device,2026-09-01T03:05:31Z,3,66.13,58.69,theatre_1,AP-7,153,-51.47,-95.41,43.94,False,False,False,True
70,GUE-0012,guest_phone,2026-09-01T02:34:40Z,2,73.73,58.7,lift_bank,AP-7,153,-59.16,-95.78,36.62,False,False,True,True
71,GUE-0012,guest_phone,2026-09-01T00:04:17Z,0,79.56,7.43,guest_waiting,AP-7,153,-71.27,-98.85,27.58,False,False,False,True
72,GUE-0012,guest_phone,2026-09-01T17:52:49Z,17,54.17,59.84,ward_C,AP-7,153,-56.94,-96.18,39.24,False,False,False,True
73,STA-0013,staff_laptop,2026-09-01T07:55:51Z,7,33.66,47.1,ward_B,AP-2,40,-40.79,-97.24,56.45,False,False,False,True
74,STA-0013,staff_laptop,2026-09-01T18:45:40Z,18,7.39,14.16,ward_D,AP-4,44,-43.64,-92.03,48.39,False,False,False,True
75,STA-0013,staff_laptop,2026-09-01T23:36:55Z,23,53.52,21.25,ward_F,AP-6,149,-52.76,-95.21,42.45,False,False,False,True
76,STA-0013,staff_laptop,2026-09-01T19:01:46Z,19,46.53,57.34,ward_C,AP-3,36,-60.36,-93.37,33.01,False,False,False,True
77,STA-0013,staff_laptop,2026-09-01T04:56:51Z,4,7.36,46.55,ward_A,AP-1,36,-39.65,-93.34,53.69,False,False,False,True
78,STA-0013,staff_laptop,2026-09-01T13:13:45Z,13,20.51,1.35,ward_E,AP-5,48,-60.2,-94.17,33.97,False,False,False,True
79,STA-0013,staff_laptop,2026-09-01T11:51:44Z,11,19.36,45.44,ward_A,AP-1,36,-54.34,-93.93,39.59,False,False,False,True
80,STA-0013,staff_laptop,2026-09-01T22:12:20Z,22,33.56,4.13,ward_E,AP-5,48,-50.91,-92.86,41.95,False,False,False,True
81,GUE-0014,guest_phone,2026-09-01T23:27:36Z,23,72.5,16.8,guest_waiting,AP-6,149,-88.85,-94.7,5.85,False,False,False,True
82,GUE-0014,guest_phone,2026-09-01T21:14:08Z,21,73.26,15.0,guest_waiting,AP-7,153,-86.87,-94.36,7.49,False,False,False,True
83,GUE-0014,guest_phone,2026-09-01T17:08:40Z,17,79.33,16.9,guest_waiting,AP-8,153,-64.16,-94.05,29.89,False,False,False,True
84,GUE-0014,guest_phone,2026-09-01T09:09:25Z,9,50.05,23.41,ward_F,AP-8,153,-59.65,-95.35,35.7,False,False,False,True
85,GUE-0014,guest_phone,2026-09-01T09:26:02Z,9,72.18,57.43,lift_bank,AP-7,153,-58.44,-95.93,37.49,False,False,True,True
86,GUE-0014,guest_phone,2026-09-01T08:13:32Z,8,76.91,18.06,guest_waiting,AP-8,153,-57.51,-94.85,37.34,False,False,False,True
87,GUE-0014,guest_phone,2026-09-01T12:02:46Z,12,68.64,25.61,corridor_h,AP-8,153,-44.29,-96.1,51.81,False,False,False,True
88,GUE-0014,guest_phone,2026-09-01T17:56:42Z,17,6.73,20.37,ward_D,AP-4,44,-48.39,-94.57,46.18,False,False,False,True
89,CLI-0015,clinical_device,2026-09-01T07:19:53Z,7,65.75,32.86,theatre_2,AP-8,153,-30.34,-96.94,66.6,False,False,False,True
90,CLI-0015,clinical_device,2026-09-01T09:12:54Z,9,52.3,14.64,ward_F,AP-6,149,-38.72,-96.66,57.94,False,False,False,True
91,CLI-0015,clinical_device,2026-09-01T09:06:50Z,9,18.17,13.12,ward_D,AP-4,44,-51.03,-93.75,42.72,False,False,False,True
92,CLI-0015,clinical_device,2026-09-01T07:22:41Z,7,9.29,11.95,ward_D,AP-4,44,-30.62,-94.68,64.06,False,False,False,True
93,CLI-0015,clinical_device,2026-09-01T15:51:15Z,15,31.26,9.98,ward_E,AP-6,149,-64.55,-96.33,31.78,True,False,False,True
94,CLI-0015,clinical_device,2026-09-01T10:27:53Z,10,6.23,12.7,ward_D,AP-4,44,-44.35,-97.24,52.89,False,False,False,True
95,CLI-0015,clinical_device,2026-09-01T04:33:36Z,4,60.32,20.8,theatre_2,AP-8,153,-72.85,-94.47,21.62,False,False,False,True
96,GUE-0016,guest_phone,2026-09-01T19:32:57Z,19,58.57,8.54,ward_F,AP-6,149,-55.22,-93.16,37.94,False,False,False,True
97,GUE-0016,guest_phone,2026-09-01T19:23:48Z,19,75.25,19.53,guest_waiting,AP-8,153,-54.42,-95.37,40.95,False,False,False,True
98,GUE-0016,guest_phone,2026-09-01T02:44:50Z,2,78.45,57.89,lift_bank,AP-7,153,-60.86,-96.65,35.79,False,False,True,True
99,GUE-0016,guest_phone,2026-09-01T11:52:23Z,11,67.37,27.57,corridor_h,AP-8,153,-37.96,-95.22,57.26,False,False,False,True
100,GUE-0016,guest_phone,2026-09-01T09:01:54Z,9,75.56,16.24,guest_waiting,AP-7,153,-70.92,-96.98,26.06,False,False,False,True
101,GUE-0016,guest_phone,2026-09-01T01:37:11Z,1,67.59,31.71,theatre_2,AP-8,153,-30.93,-95.38,64.45,False,False,False,True
102,GUE-0017,guest_phone,2026-09-01T09:44:39Z,9,74.29,10.77,guest_waiting,AP-7,153,-71.38,-95.4,24.02,False,False,False,True
103,GUE-0017,guest_phone,2026-09-01T17:12:15Z,17,59.29,27.31,corridor_h,AP-8,153,-46.53,-96.34,49.81,False,False,False,True
104,GUE-0017,guest_phone,2026-09-01T15:22:26Z,15,72.28,6.27,icu,AP-6,149,-85.39,-94.77,9.38,True,False,False,True
105,GUE-0017,guest_phone,2026-09-01T08:14:40Z,8,45.84,25.15,corridor_h,AP-6,149,-62.67,-96.06,33.39,False,False,False,True
106,IOT-0018,iot_sensor,2026-09-01T23:47:03Z,23,9.69,33.12,ward_A,AP-1,36,-55.39,-96.02,40.63,False,False,False,True
107,IOT-0018,iot_sensor,2026-09-01T03:03:08Z,3,7.33,40.25,ward_A,AP-1,36,-45.72,-95.32,49.6,False,False,False,True
108,IOT-0018,iot_sensor,2026-09-01T03:44:39Z,3,48.07,22.8,ward_F,AP-6,149,-54.25,-94.45,40.2,False,False,False,True
109,IOT-0018,iot_sensor,2026-09-01T10:02:28Z,10,28.11,11.44,ward_E,AP-5,48,-34.34,-95.13,60.79,False,False,False,True
110,IOT-0018,iot_sensor,2026-09-01T14:56:59Z,14,19.0,10.97,ward_D,AP-4,44,-51.81,-93.17,41.36,True,False,False,True
111,IOT-0018,iot_sensor,2026-09-01T14:55:52Z,14,63.59,7.49,icu,AP-6,149,-85.16,-97.27,12.11,True,False,False,True
112,IOT-0018,iot_sensor,2026-09-01T08:03:33Z,8,30.39,6.81,ward_E,AP-5,48,-43.86,-94.3,50.44,False,False,False,True
113,IOT-0018,iot_sensor,2026-09-01T12:54:23Z,12,9.83,18.66,ward_D,AP-4,44,-49.21,-92.36,43.15,False,True,False,True
114,IOT-0018,iot_sensor,2026-09-01T11:11:23Z,11,12.04,44.18,ward_A,AP-1,36,-34.65,-94.24,59.59,False,False,False,True
115,IOT-0018,iot_sensor,2026-09-01T04:18:28Z,4,16.53,22.54,ward_D,AP-4,44,-53.73,-94.57,40.84,False,False,False,True
116,IOT-0018,iot_sensor,2026-09-01T22:47:00Z,22,66.65,10.13,icu,AP-6,149,-85.3,-93.37,8.07,False,False,False,True
117,IOT-0018,iot_sensor,2026-09-01T16:01:27Z,16,29.0,5.33,ward_E,AP-5,48,-49.79,-93.15,43.36,False,False,False,True
118,IOT-0018,iot_sensor,2026-09-01T13:55:58Z,13,30.59,40.92,ward_B,AP-2,40,-45.8,-94.95,49.15,False,False,False,True
119,IOT-0018,iot_sensor,2026-09-01T06:41:15Z,6,52.18,13.72,ward_F,AP-6,149,-35.31,-96.41,61.1,False,False,False,True
120,IOT-0018,iot_sensor,2026-09-01T15:08:38Z,15,29.34,37.43,ward_B,AP-2,40,-53.54,-94.31,40.77,True,False,False,True
121,IOT-0018,iot_sensor,2026-09-01T19:54:08Z,19,60.7,9.47,icu,AP-6,149,-81.96,-92.84,10.88,False,False,False,True
122,IOT-0018,iot_sensor,2026-09-01T18:10:55Z,18,43.97,43.94,ward_C,AP-3,36,-49.55,-92.65,43.1,False,False,False,True
123,IOT-0018,iot_sensor,2026-09-01T19:58:05Z,19,38.98,54.52,ward_B,AP-2,40,-56.44,-93.87,37.43,False,False,False,True
124,IOT-0018,iot_sensor,2026-09-01T02:04:26Z,2,31.86,22.78,ward_E,AP-5,48,-50.08,-94.68,44.6,False,False,False,True
125,IOT-0018,iot_sensor,2026-09-01T19:32:29Z,19,26.73,4.49,ward_E,AP-5,48,-54.4,-93.12,38.72,False,False,False,True
126,GUE-0019,guest_phone,2026-09-01T05:55:20Z,5,75.54,58.95,lift_bank,AP-7,153,-59.47,-97.62,38.15,False,False,True,True
127,GUE-0019,guest_phone,2026-09-01T22:17:53Z,22,71.84,31.22,theatre_2,AP-8,153,-46.32,-94.17,47.85,False,False,False,True
128,GUE-0019,guest_phone,2026-09-01T04:40:05Z,4,61.21,25.56,corridor_h,AP-8,153,-45.01,-94.47,49.46,False,False,False,True
129,GUE-0019,guest_phone,2026-09-01T11:33:06Z,11,17.18,25.13,corridor_h,AP-4,44,-61.06,-93.54,32.48,False,False,False,True
130,GUE-0019,guest_phone,2026-09-01T13:26:51Z,13,75.62,1.74,guest_waiting,AP-6,149,-90.14,-95.83,5.69,False,False,False,True
131,GUE-0020,guest_phone,2026-09-01T09:47:00Z,9,40.26,16.7,ward_F,AP-5,48,-52.93,-92.74,39.81,False,False,False,True
132,GUE-0020,guest_phone,2026-09-01T20:55:54Z,20,78.01,0.6,guest_waiting,AP-7,153,-75.13,-95.03,19.9,False,False,False,True
133,GUE-0020,guest_phone,2026-09-01T16:00:35Z,16,53.18,1.53,ward_F,AP-6,149,-57.12,-95.27,38.15,False,False,False,True
134,GUE-0020,guest_phone,2026-09-01T23:53:11Z,23,26.34,7.62,ward_E,AP-5,48,-46.81,-96.67,49.86,False,False,False,True
135,GUE-0020,guest_phone,2026-09-01T04:26:55Z,4,71.75,26.19,corridor_h,AP-8,153,-50.33,-95.02,44.69,False,False,False,True
136,GUE-0020,guest_phone,2026-09-01T16:54:39Z,16,79.9,58.9,lift_bank,AP-7,153,-64.52,-95.74,31.22,False,False,True,True
137,GUE-0020,guest_phone,2026-09-01T13:56:43Z,13,72.04,58.67,lift_bank,AP-7,153,-54.08,-94.34,40.26,False,False,True,True
138,GUE-0020,guest_phone,2026-09-01T02:03:25Z,2,10.77,0.23,ward_D,AP-4,44,-65.89,-93.75,27.86,False,False,False,True
139,CLI-0021,clinical_device,2026-09-01T22:29:39Z,22,64.08,38.11,theatre_2,AP-8,153,-54.87,-98.13,43.26,False,False,False,True
140,CLI-0021,clinical_device,2026-09-01T14:19:36Z,14,32.99,26.56,corridor_h,AP-2,40,-63.23,-94.63,31.4,True,False,False,True
141,CLI-0021,clinical_device,2026-09-01T02:29:57Z,2,67.99,54.75,theatre_1,AP-7,153,-41.94,-94.68,52.74,False,False,False,True
142,CLI-0021,clinical_device,2026-09-01T11:13:48Z,11,56.65,16.4,ward_F,AP-6,149,-50.2,-99.0,48.8,False,False,False,True
143,CLI-0021,clinical_device,2026-09-01T02:13:24Z,2,64.17,34.57,theatre_2,AP-8,153,-45.8,-95.77,49.97,False,False,False,True
144,CLI-0021,clinical_device,2026-09-01T05:40:25Z,5,10.12,36.17,ward_A,AP-1,36,-52.24,-95.49,43.25,False,False,False,True
145,GUE-0022,guest_phone,2026-09-01T01:34:13Z,1,76.84,19.26,guest_waiting,AP-8,153,-59.6,-94.79,35.19,False,False,False,True
146,GUE-0022,guest_phone,2026-09-01T08:36:16Z,8,73.94,12.77,guest_waiting,AP-6,149,-91.49,-94.09,2.6,False,False,False,True
147,GUE-0022,guest_phone,2026-09-01T12:56:44Z,12,76.73,58.62,lift_bank,AP-7,153,-59.98,-93.7,33.72,False,True,True,True
148,GUE-0022,guest_phone,2026-09-01T13:44:58Z,13,78.04,13.27,guest_waiting,AP-8,153,-61.83,-94.99,33.16,False,False,False,True
149,CLI-0023,clinical_device,2026-09-01T22:05:43Z,22,8.88,13.38,ward_D,AP-4,44,-37.37,-93.94,56.57,False,False,False,True
150,CLI-0023,clinical_device,2026-09-01T16:22:00Z,16,7.65,1.95,ward_D,AP-4,44,-67.51,-92.94,25.43,False,False,False,True
151,CLI-0023,clinical_device,2026-09-01T19:34:02Z,19,13.25,41.63,ward_A,AP-1,36,-43.33,-94.16,50.83,False,False,False,True
152,CLI-0023,clinical_device,2026-09-01T14:42:30Z,14,32.89,56.66,ward_B,AP-2,40,-56.67,-91.13,34.46,True,False,False,True
153,CLI-0024,clinical_device,2026-09-01T14:34:50Z,14,46.89,21.92,ward_F,AP-6,149,-52.67,-93.95,41.28,True,False,False,True
154,CLI-0024,clinical_device,2026-09-01T20:17:46Z,20,21.75,13.6,ward_E,AP-4,44,-53.94,-95.32,41.38,False,False,False,True
155,CLI-0024,clinical_device,2026-09-01T08:32:19Z,8,12.32,41.77,ward_A,AP-1,36,-42.71,-95.14,52.43,False,False,False,True
156,IOT-0025,iot_sensor,2026-09-01T14:49:32Z,14,9.72,5.4,ward_D,AP-4,44,-62.77,-96.45,33.68,True,False,False,True
157,IOT-0025,iot_sensor,2026-09-01T11:07:04Z,11,69.32,4.94,icu,AP-6,149,-86.33,-94.66,8.33,False,False,False,True
158,IOT-0025,iot_sensor,2026-09-01T04:42:27Z,4,3.53,12.43,ward_D,AP-4,44,-47.55,-92.89,45.34,False,False,False,True
159,IOT-0025,iot_sensor,2026-09-01T08:19:49Z,8,32.1,57.75,ward_B,AP-2,40,-58.33,-94.75,36.42,False,False,False,True
160,IOT-0025,iot_sensor,2026-09-01T14:33:42Z,14,49.23,3.76,ward_F,AP-6,149,-50.63,-97.47,46.84,True,False,False,True
161,IOT-0025,iot_sensor,2026-09-01T02:02:37Z,2,34.09,6.58,ward_E,AP-5,48,-46.22,-94.65,48.43,False,False,False,True
162,IOT-0025,iot_sensor,2026-09-01T07:28:14Z,7,31.0,58.55,ward_B,AP-2,40,-57.15,-92.35,35.2,False,False,False,True
163,IOT-0025,iot_sensor,2026-09-01T04:49:31Z,4,58.41,42.93,ward_C,AP-3,36,-53.51,-94.02,40.51,False,False,False,True
164,IOT-0025,iot_sensor,2026-09-01T11:43:26Z,11,13.34,30.01,ward_A,AP-1,36,-56.08,-93.19,37.11,False,False,False,True
165,IOT-0025,iot_sensor,2026-09-01T06:43:54Z,6,68.16,7.25,icu,AP-6,149,-89.15,-93.47,4.32,False,False,False,True
166,IOT-0025,iot_sensor,2026-09-01T19:45:00Z,19,15.13,36.32,ward_A,AP-1,36,-53.1,-94.22,41.12,False,False,False,True
167,IOT-0025,iot_sensor,2026-09-01T14:48:20Z,14,14.16,59.97,ward_A,AP-1,36,-60.46,-93.81,33.35,True,False,False,True
168,IOT-0025,iot_sensor,2026-09-01T16:51:14Z,16,46.26,57.84,ward_C,AP-3,36,-55.78,-96.26,40.48,False,False,False,True
169,IOT-0025,iot_sensor,2026-09-01T13:03:24Z,13,57.68,55.99,ward_C,AP-3,36,-53.35,-94.81,41.46,False,False,False,True
170,IOT-0025,iot_sensor,2026-09-01T19:04:17Z,19,13.23,19.74,ward_D,AP-4,44,-50.47,-90.09,39.62,False,False,False,True
171,IOT-0025,iot_sensor,2026-09-01T22:15:15Z,22,19.29,50.48,ward_A,AP-1,36,-54.52,-92.75,38.23,False,False,False,True
172,IOT-0025,iot_sensor,2026-09-01T21:59:51Z,21,2.22,17.99,ward_D,AP-4,44,-55.01,-94.83,39.82,False,False,False,True
173,IOT-0025,iot_sensor,2026-09-01T04:31:13Z,4,39.22,32.01,ward_B,AP-2,40,-60.52,-94.5,33.98,False,False,False,True
174,IOT-0025,iot_sensor,2026-09-01T22:12:38Z,22,38.36,46.71,ward_B,AP-2,40,-46.15,-97.25,51.1,False,False,False,True
175,IOT-0025,iot_sensor,2026-09-01T10:47:36Z,10,44.79,40.73,ward_C,AP-3,36,-48.73,-94.41,45.68,False,False,False,True
176,IOT-0025,iot_sensor,2026-09-01T14:12:14Z,14,34.02,4.06,ward_E,AP-6,149,-57.96,-94.74,36.78,True,False,False,True
177,IOT-0025,iot_sensor,2026-09-01T08:16:48Z,8,5.22,30.3,ward_A,AP-1,36,-57.31,-95.19,37.88,False,False,False,True
178,IOT-0025,iot_sensor,2026-09-01T05:47:48Z,5,44.71,58.51,ward_C,AP-3,36,-56.68,-98.74,42.06,False,False,False,True
179,IOT-0025,iot_sensor,2026-09-01T07:40:44Z,7,38.95,38.86,ward_B,AP-2,40,-56.63,-96.05,39.42,False,False,False,True
180,STA-0026,staff_laptop,2026-09-01T08:16:55Z,8,40.54,30.05,ward_C,AP-5,48,-60.08,-96.04,35.96,False,False,False,True
181,STA-0026,staff_laptop,2026-09-01T11:47:27Z,11,74.17,34.65,corridor_v,AP-8,153,-53.91,-94.48,40.57,False,False,False,True
182,STA-0026,staff_laptop,2026-09-01T15:38:28Z,15,2.68,53.31,ward_A,AP-1,36,-55.51,-95.09,39.58,True,False,False,True
183,STA-0026,staff_laptop,2026-09-01T16:35:14Z,16,4.59,44.6,ward_A,AP-1,36,-48.68,-99.51,50.83,False,False,False,True
184,STA-0026,staff_laptop,2026-09-01T21:13:51Z,21,15.45,25.28,corridor_h,AP-5,48,-62.87,-97.56,34.69,False,False,False,True
185,STA-0026,staff_laptop,2026-09-01T03:48:02Z,3,30.91,29.17,corridor_h,AP-2,40,-62.97,-97.11,34.14,False,False,False,True
186,STA-0026,staff_laptop,2026-09-01T13:28:52Z,13,59.23,23.41,ward_F,AP-8,153,-49.69,-94.35,44.66,False,False,False,True
187,STA-0027,staff_laptop,2026-09-01T01:48:07Z,1,58.36,19.02,ward_F,AP-8,153,-56.03,-95.47,39.44,False,False,False,True
188,STA-0027,staff_laptop,2026-09-01T13:02:29Z,13,79.6,26.21,corridor_v,AP-8,153,-63.68,-96.11,32.43,False,False,False,True
189,STA-0027,staff_laptop,2026-09-01T22:35:07Z,22,76.79,50.96,corridor_v,AP-7,153,-59.01,-94.14,35.13,False,False,False,True
190,STA-0027,staff_laptop,2026-09-01T10:57:10Z,10,48.49,41.33,ward_C,AP-3,36,-45.97,-96.42,50.45,False,False,False,True
191,STA-0027,staff_laptop,2026-09-01T00:09:41Z,0,31.18,30.43,ward_B,AP-5,48,-61.74,-93.66,31.92,False,False,False,True
192,CLI-0028,clinical_device,2026-09-01T14:44:56Z,14,42.2,52.97,ward_C,AP-2,40,-56.98,-93.22,36.24,True,False,False,True
193,CLI-0028,clinical_device,2026-09-01T21:05:32Z,21,64.53,46.48,theatre_1,AP-7,153,-45.41,-93.78,48.37,False,False,False,True
194,CLI-0028,clinical_device,2026-09-01T03:09:26Z,3,45.51,18.84,ward_F,AP-6,149,-54.61,-96.04,41.43,False,False,False,True
195,CLI-0028,clinical_device,2026-09-01T15:03:20Z,15,28.66,40.42,ward_B,AP-2,40,-42.21,-95.47,53.26,True,False,False,True
196,CLI-0028,clinical_device,2026-09-01T07:43:14Z,7,11.42,31.32,ward_A,AP-1,36,-60.94,-93.48,32.54,False,False,False,True
197,CLI-0028,clinical_device,2026-09-01T10:09:30Z,10,11.28,48.3,ward_A,AP-1,36,-36.65,-93.78,57.13,False,False,False,True
198,CLI-0028,clinical_device,2026-09-01T10:51:17Z,10,21.23,21.16,ward_E,AP-4,44,-58.03,-93.09,35.06,False,False,False,True
199,CLI-0028,clinical_device,2026-09-01T04:01:57Z,4,23.26,16.89,ward_E,AP-5,48,-54.77,-94.06,39.29,False,False,False,True
200,CLI-0029,clinical_device,2026-09-01T00:50:09Z,0,26.69,56.6,ward_B,AP-2,40,-57.95,-95.33,37.38,False,False,False,True
201,CLI-0029,clinical_device,2026-09-01T19:52:53Z,19,73.14,0.59,icu,AP-6,149,-89.21,-94.52,5.31,False,False,False,True
202,CLI-0029,clinical_device,2026-09-01T20:41:38Z,20,59.56,19.61,ward_F,AP-6,149,-55.82,-96.45,40.63,False,False,False,True
203,CLI-0029,clinical_device,2026-09-01T21:16:07Z,21,36.4,41.66,ward_B,AP-2,40,-53.73,-94.09,40.36,False,False,False,True
204,CLI-0029,clinical_device,2026-09-01T05:24:27Z,5,52.64,1.63,ward_F,AP-6,149,-54.88,-92.74,37.86,False,False,False,True
205,CLI-0030,clinical_device,2026-09-01T14:25:17Z,14,44.99,55.63,ward_C,AP-3,36,-58.41,-95.35,36.94,True,False,False,True
206,CLI-0030,clinical_device,2026-09-01T17:34:38Z,17,71.24,31.72,theatre_2,AP-8,153,-46.71,-94.67,47.96,False,False,False,True
207,CLI-0030,clinical_device,2026-09-01T14:38:33Z,14,74.89,12.51,icu,AP-7,153,-73.26,-93.17,19.91,True,False,False,True
208,CLI-0030,clinical_device,2026-09-01T03:28:09Z,3,64.8,14.91,icu,AP-6,149,-83.4,-95.3,11.9,False,False,False,True
209,CLI-0030,clinical_device,2026-09-01T01:12:44Z,1,43.62,31.62,ward_C,AP-3,36,-58.85,-96.44,37.59,False,False,False,True
210,STA-0031,staff_laptop,2026-09-01T11:25:10Z,11,2.75,17.45,ward_D,AP-4,44,-50.6,-96.32,45.72,False,False,False,True
211,STA-0031,staff_laptop,2026-09-01T03:56:15Z,3,29.97,51.19,ward_B,AP-2,40,-48.78,-95.19,46.41,False,False,False,True
212,STA-0031,staff_laptop,2026-09-01T05:22:47Z,5,4.74,20.48,ward_D,AP-4,44,-55.77,-93.61,37.84,False,False,False,True
213,STA-0031,staff_laptop,2026-09-01T02:45:54Z,2,55.19,31.41,ward_C,AP-3,36,-56.02,-95.51,39.49,False,False,False,True
214,STA-0031,staff_laptop,2026-09-01T09:14:56Z,9,8.34,31.31,ward_A,AP-1,36,-57.73,-94.02,36.29,False,False,False,True
215,GUE-0032,guest_phone,2026-09-01T19:36:44Z,19,73.02,58.77,lift_bank,AP-7,153,-55.05,-91.36,36.31,False,False,True,True
216,GUE-0032,guest_phone,2026-09-01T21:09:56Z,21,76.71,16.39,guest_waiting,AP-8,153,-61.17,-91.73,30.56,False,False,False,True
217,GUE-0032,guest_phone,2026-09-01T14:00:53Z,14,35.13,21.1,ward_E,AP-6,149,-64.29,-94.27,29.98,True,False,False,True
218,GUE-0032,guest_phone,2026-09-01T02:35:10Z,2,32.95,34.13,ward_B,AP-2,40,-57.81,-95.84,38.03,False,False,False,True
219,GUE-0032,guest_phone,2026-09-01T01:38:14Z,1,11.52,25.67,corridor_h,AP-4,44,-62.93,-94.79,31.86,False,False,False,True
220,GUE-0032,guest_phone,2026-09-01T05:30:14Z,5,79.84,9.51,guest_waiting,AP-7,153,-75.48,-95.99,20.51,False,False,False,True
221,GUE-0032,guest_phone,2026-09-01T14:45:57Z,14,64.46,25.66,corridor_h,AP-8,153,-47.48,-91.31,43.83,True,False,False,True
222,GUE-0032,guest_phone,2026-09-01T23:17:47Z,23,0.12,12.21,ward_D,AP-4,44,-53.92,-95.47,41.55,False,False,False,True
223,IOT-0033,iot_sensor,2026-09-01T10:40:08Z,10,11.98,40.36,ward_A,AP-1,36,-45.51,-95.98,50.47,False,False,False,True
224,IOT-0033,iot_sensor,2026-09-01T11:44:57Z,11,4.19,23.89,ward_D,AP-4,44,-61.09,-93.3,32.21,False,False,False,True
225,IOT-0033,iot_sensor,2026-09-01T13:06:20Z,13,75.7,19.38,icu,AP-8,153,-57.58,-93.31,35.73,False,False,False,True
226,IOT-0033,iot_sensor,2026-09-01T18:21:55Z,18,34.11,14.45,ward_E,AP-5,48,-44.96,-93.09,48.13,False,False,False,True
227,IOT-0033,iot_sensor,2026-09-01T11:55:33Z,11,51.2,7.13,ward_F,AP-6,149,-47.41,-94.51,47.1,False,False,False,True
228,IOT-0033,iot_sensor,2026-09-01T04:30:07Z,4,33.54,17.8,ward_E,AP-5,48,-48.55,-95.93,47.38,False,False,False,True
229,IOT-0033,iot_sensor,2026-09-01T06:59:05Z,6,55.5,54.83,ward_C,AP-7,153,-53.73,-94.25,40.52,False,False,False,True
230,IOT-0033,iot_sensor,2026-09-01T03:12:38Z,3,44.55,16.43,ward_F,AP-6,149,-50.07,-97.08,47.01,False,False,False,True
231,IOT-0033,iot_sensor,2026-09-01T22:08:49Z,22,17.9,32.51,ward_A,AP-1,36,-57.14,-95.24,38.1,False,False,False,True
232,IOT-0033,iot_sensor,2026-09-01T23:44:32Z,23,76.3,3.58,icu,AP-7,153,-72.57,-93.68,21.11,False,False,False,True
233,IOT-0033,iot_sensor,2026-09-01T19:33:05Z,19,42.87,57.17,ward_C,AP-3,36,-58.09,-92.02,33.93,False,False,False,True
234,IOT-0033,iot_sensor,2026-09-01T21:06:05Z,21,1.05,38.28,ward_A,AP-1,36,-57.95,-93.53,35.58,False,False,False,True
235,IOT-0033,iot_sensor,2026-09-01T08:08:53Z,8,7.35,0.61,ward_D,AP-4,44,-71.13,-90.24,19.11,False,False,False,True
236,IOT-0033,iot_sensor,2026-09-01T05:40:57Z,5,57.14,43.53,ward_C,AP-3,36,-52.84,-94.33,41.49,False,False,False,True
237,IOT-0033,iot_sensor,2026-09-01T20:39:49Z,20,22.14,47.76,ward_B,AP-2,40,-51.08,-96.5,45.42,False,False,False,True
238,IOT-0033,iot_sensor,2026-09-01T00:45:03Z,0,64.11,15.08,icu,AP-6,149,-84.63,-94.65,10.02,False,False,False,True
239,IOT-0033,iot_sensor,2026-09-01T17:20:41Z,17,33.52,34.8,ward_B,AP-2,40,-55.64,-95.26,39.62,False,False,False,True
240,IOT-0033,iot_sensor,2026-09-01T19:28:54Z,19,12.03,7.42,ward_D,AP-4,44,-57.71,-97.94,40.23,False,False,False,True
241,IOT-0033,iot_sensor,2026-09-01T06:46:16Z,6,78.62,8.81,icu,AP-7,153,-74.51,-96.35,21.84,False,False,False,True
242,IOT-0033,iot_sensor,2026-09-01T15:27:22Z,15,20.24,20.11,ward_E,AP-4,44,-56.43,-93.05,36.62,True,False,False,True
243,IOT-0033,iot_sensor,2026-09-01T10:14:33Z,10,27.32,48.12,ward_B,AP-2,40,-45.45,-95.19,49.74,False,False,False,True
244,GUE-0034,guest_phone,2026-09-01T20:24:40Z,20,49.78,54.74,ward_C,AP-3,36,-51.0,-94.74,43.74,False,False,False,True
245,GUE-0034,guest_phone,2026-09-01T18:32:01Z,18,74.54,59.05,lift_bank,AP-7,153,-55.62,-96.7,41.08,False,False,True,True
246,GUE-0034,guest_phone,2026-09-01T16:53:23Z,16,72.21,59.01,lift_bank,AP-7,153,-55.0,-95.91,40.91,False,False,True,True
247,GUE-0034,guest_phone,2026-09-01T10:45:35Z,10,35.91,33.9,ward_B,AP-2,40,-57.01,-95.41,38.4,False,False,False,True
248,GUE-0034,guest_phone,2026-09-01T18:26:51Z,18,38.17,28.98,corridor_h,AP-2,40,-62.06,-97.86,35.8,False,False,False,True
249,GUE-0035,guest_phone,2026-09-01T22:14:01Z,22,18.6,45.55,ward_A,AP-1,36,-50.11,-95.92,45.81,False,False,False,True
250,GUE-0035,guest_phone,2026-09-01T08:57:18Z,8,79.21,58.39,lift_bank,AP-7,153,-63.35,-94.23,30.88,False,False,True,True
251,GUE-0035,guest_phone,2026-09-01T02:31:55Z,2,57.9,43.68,ward_C,AP-3,36,-52.59,-97.89,45.3,False,False,False,True
252,GUE-0035,guest_phone,2026-09-01T08:25:14Z,8,78.51,0.83,guest_waiting,AP-7,153,-76.84,-92.07,15.23,False,False,False,True
253,GUE-0035,guest_phone,2026-09-01T03:47:06Z,3,74.31,58.28,lift_bank,AP-7,153,-58.92,-93.0,34.08,False,False,True,True
254,GUE-0035,guest_phone,2026-09-01T18:33:21Z,18,74.13,55.35,lift_bank,AP-7,153,-53.03,-96.52,43.49,False,False,True,True
255,STA-0036,staff_laptop,2026-09-01T13:14:43Z,13,9.51,24.27,ward_D,AP-4,44,-57.24,-91.81,34.57,False,False,False,True
256,STA-0036,staff_laptop,2026-09-01T02:01:26Z,2,45.88,29.55,corridor_h,AP-3,36,-60.16,-96.18,36.02,False,False,False,True
257,STA-0036,staff_laptop,2026-09-01T09:09:02Z,9,43.53,22.67,ward_F,AP-6,149,-54.13,-95.61,41.48,False,False,False,True
258,IOT-0037,iot_sensor,2026-09-01T03:22:16Z,3,42.33,17.55,ward_F,AP-6,149,-49.76,-93.75,43.99,False,False,False,True
259,IOT-0037,iot_sensor,2026-09-01T21:26:11Z,21,14.67,46.98,ward_A,AP-1,36,-46.15,-95.19,49.04,False,False,False,True
260,IOT-0037,iot_sensor,2026-09-01T01:33:16Z,1,79.6,5.63,icu,AP-7,153,-75.84,-96.26,20.42,False,False,False,True
261,IOT-0037,iot_sensor,2026-09-01T06:10:29Z,6,38.23,57.5,ward_B,AP-2,40,-56.24,-95.21,38.97,False,False,False,True
262,IOT-0037,iot_sensor,2026-09-01T18:47:10Z,18,66.53,17.07,icu,AP-6,149,-101.92,-93.43,-8.49,False,False,False,True
263,IOT-0037,iot_sensor,2026-09-01T23:08:45Z,23,38.31,55.01,ward_B,AP-3,36,-56.97,-91.23,34.26,False,False,False,True
264,IOT-0037,iot_sensor,2026-09-01T04:05:42Z,4,39.36,49.52,ward_B,AP-2,40,-52.73,-95.77,43.04,False,False,False,True
265,IOT-0037,iot_sensor,2026-09-01T16:28:16Z,16,23.07,34.64,ward_B,AP-2,40,-59.69,-95.25,35.56,False,False,False,True
266,IOT-0037,iot_sensor,2026-09-01T19:57:39Z,19,76.32,5.6,icu,AP-7,153,-73.01,-94.36,21.35,False,False,False,True
267,IOT-0037,iot_sensor,2026-09-01T10:22:39Z,10,13.95,57.43,ward_A,AP-1,36,-58.02,-92.79,34.77,False,False,False,True
268,IOT-0037,iot_sensor,2026-09-01T14:36:30Z,14,18.9,7.79,ward_D,AP-4,44,-53.34,-95.13,41.79,True,False,False,True
269,IOT-0037,iot_sensor,2026-09-01T23:56:39Z,23,57.29,59.61,ward_C,AP-3,36,-57.54,-94.92,37.38,False,False,False,True
270,IOT-0037,iot_sensor,2026-09-01T15:11:55Z,15,6.89,37.64,ward_A,AP-1,36,-48.95,-94.9,45.95,True,False,False,True
271,IOT-0037,iot_sensor,2026-09-01T18:47:30Z,18,36.11,53.02,ward_B,AP-2,40,-55.55,-93.11,37.56,False,False,False,True
272,IOT-0037,iot_sensor,2026-09-01T19:10:33Z,19,13.76,8.57,ward_D,AP-4,44,-45.86,-97.18,51.32,False,False,False,True
273,IOT-0037,iot_sensor,2026-09-01T21:25:10Z,21,25.87,22.47,ward_E,AP-5,48,-50.44,-96.31,45.87,False,False,False,True
274,IOT-0037,iot_sensor,2026-09-01T05:52:21Z,5,47.75,45.44,ward_C,AP-3,36,-39.15,-96.39,57.24,False,False,False,True
275,IOT-0037,iot_sensor,2026-09-01T15:13:31Z,15,40.11,19.67,ward_F,AP-6,149,-56.69,-95.38,38.69,True,False,False,True
276,IOT-0037,iot_sensor,2026-09-01T14:40:32Z,14,53.43,44.45,ward_C,AP-3,36,-39.76,-97.1,57.34,True,False,False,True
277,IOT-0037,iot_sensor,2026-09-01T20:06:19Z,20,21.38,37.3,ward_B,AP-2,40,-56.61,-93.33,36.72,False,False,False,True
278,IOT-0037,iot_sensor,2026-09-01T01:32:27Z,1,37.96,43.45,ward_B,AP-2,40,-50.45,-95.29,44.84,False,False,False,True
279,IOT-0037,iot_sensor,2026-09-01T22:31:30Z,22,36.58,1.55,ward_E,AP-5,48,-56.39,-94.81,38.42,False,False,False,True
280,IOT-0037,iot_sensor,2026-09-01T09:00:06Z,9,11.31,3.65,ward_D,AP-4,44,-66.03,-96.28,30.25,False,False,False,True
281,IOT-0037,iot_sensor,2026-09-01T17:40:41Z,17,52.82,2.19,ward_F,AP-6,149,-57.5,-96.17,38.67,False,False,False,True
282,IOT-0037,iot_sensor,2026-09-01T01:52:53Z,1,5.32,59.29,ward_A,AP-1,36,-57.55,-95.54,37.99,False,False,False,True
283,IOT-0037,iot_sensor,2026-09-01T22:34:19Z,22,34.67,20.83,ward_E,AP-5,48,-51.72,-95.5,43.78,False,False,False,True
284,IOT-0037,iot_sensor,2026-09-01T07:30:41Z,7,57.43,40.67,ward_C,AP-3,36,-52.06,-97.28,45.22,False,False,False,True
285,IOT-0037,iot_sensor,2026-09-01T03:53:11Z,3,46.67,48.21,ward_C,AP-3,36,-46.88,-93.96,47.08,False,False,False,True
286,IOT-0037,iot_sensor,2026-09-01T17:28:26Z,17,43.03,30.64,ward_C,AP-2,40,-60.47,-95.19,34.72,False,False,False,True
287,IOT-0037,iot_sensor,2026-09-01T17:44:01Z,17,40.63,8.66,ward_F,AP-5,48,-54.19,-95.85,41.66,False,False,False,True
288,IOT-0037,iot_sensor,2026-09-01T13:35:47Z,13,64.82,18.58,icu,AP-8,153,-100.32,-94.39,-5.93,False,False,False,True
289,IOT-0037,iot_sensor,2026-09-01T15:21:01Z,15,13.86,11.36,ward_D,AP-4,44,-39.73,-97.82,58.09,True,False,False,True
290,IOT-0037,iot_sensor,2026-09-01T19:21:39Z,19,4.42,32.85,ward_A,AP-1,36,-59.08,-94.22,35.14,False,False,False,True
291,IOT-0037,iot_sensor,2026-09-01T07:03:20Z,7,32.63,3.11,ward_E,AP-5,48,-55.51,-94.56,39.05,False,False,False,True
292,IOT-0037,iot_sensor,2026-09-01T21:12:58Z,21,26.97,50.88,ward_B,AP-2,40,-51.2,-96.57,45.37,False,False,False,True
293,IOT-0037,iot_sensor,2026-09-01T04:10:42Z,4,3.18,22.71,ward_D,AP-4,44,-53.47,-96.28,42.81,False,False,False,True
294,IOT-0037,iot_sensor,2026-09-01T22:24:00Z,22,13.21,16.52,ward_D,AP-4,44,-43.79,-92.84,49.05,False,False,False,True
295,IOT-0037,iot_sensor,2026-09-01T18:57:51Z,18,13.85,43.18,ward_A,AP-1,36,-37.06,-95.14,58.08,False,False,False,True
296,IOT-0037,iot_sensor,2026-09-01T20:31:34Z,20,10.35,14.13,ward_D,AP-4,44,-34.99,-94.34,59.35,False,False,False,True
297,IOT-0037,iot_sensor,2026-09-01T18:09:46Z,18,50.83,7.8,ward_F,AP-6,149,-44.74,-94.88,50.14,False,False,False,True
298,IOT-0037,iot_sensor,2026-09-01T05:59:44Z,5,33.69,52.18,ward_B,AP-2,40,-54.49,-93.72,39.23,False,False,False,True
299,IOT-0037,iot_sensor,2026-09-01T01:29:02Z,1,14.69,6.01,ward_D,AP-4,44,-60.59,-94.75,34.16,False,False,False,True
300,IOT-0037,iot_sensor,2026-09-01T11:08:27Z,11,55.64,54.44,ward_C,AP-7,153,-53.1,-93.49,40.39,False,False,False,True
301,IOT-0037,iot_sensor,2026-09-01T20:10:47Z,20,75.82,17.35,icu,AP-8,153,-63.64,-95.27,31.63,False,False,False,True
302,STA-0038,staff_laptop,2026-09-01T08:28:35Z,8,29.07,25.28,corridor_h,AP-5,48,-60.44,-94.8,34.36,False,False,False,True
303,STA-0038,staff_laptop,2026-09-01T09:16:38Z,9,40.39,23.4,ward_F,AP-6,149,-60.09,-93.33,33.24,False,False,False,True
304,STA-0038,staff_laptop,2026-09-01T06:06:40Z,6,32.96,37.79,ward_B,AP-2,40,-50.96,-92.17,41.21,False,False,False,True
305,STA-0038,staff_laptop,2026-09-01T07:38:25Z,7,31.02,0.43,ward_E,AP-5,48,-57.18,-96.91,39.73,False,False,False,True
306,STA-0038,staff_laptop,2026-09-01T17:03:43Z,17,49.53,46.99,ward_C,AP-3,36,-30.29,-94.72,64.43,False,False,False,True
307,STA-0038,staff_laptop,2026-09-01T02:18:42Z,2,36.94,58.64,ward_B,AP-2,40,-57.93,-93.63,35.7,False,False,False,True
308,STA-0038,staff_laptop,2026-09-01T03:01:38Z,3,26.67,50.58,ward_B,AP-2,40,-49.47,-92.87,43.4,False,False,False,True
309,STA-0038,staff_laptop,2026-09-01T11:41:59Z,11,24.12,55.36,ward_B,AP-2,40,-58.06,-95.71,37.65,False,False,False,True
310,CLI-0039,clinical_device,2026-09-01T08:13:28Z,8,65.07,47.39,theatre_1,AP-7,153,-41.93,-93.74,51.81,False,False,False,True
311,CLI-0039,clinical_device,2026-09-01T14:18:26Z,14,61.15,46.59,theatre_1,AP-7,153,-53.36,-93.93,40.57,True,False,False,True
312,CLI-0039,clinical_device,2026-09-01T08:00:35Z,8,28.04,17.83,ward_E,AP-5,48,-48.48,-95.4,46.92,False,False,False,True
313,CLI-0039,clinical_device,2026-09-01T06:04:14Z,6,70.16,37.09,theatre_2,AP-8,153,-49.38,-96.0,46.62,False,False,False,True
314,CLI-0039,clinical_device,2026-09-01T22:32:46Z,22,22.36,2.4,ward_E,AP-5,48,-56.1,-95.44,39.34,False,False,False,True
315,GUE-0040,guest_phone,2026-09-01T13:30:13Z,13,73.75,57.45,lift_bank,AP-7,153,-54.9,-92.31,37.41,False,False,True,True
316,GUE-0040,guest_phone,2026-09-01T20:03:36Z,20,62.14,14.93,icu,AP-6,149,-82.32,-96.18,13.86,False,False,False,True
317,GUE-0040,guest_phone,2026-09-01T20:07:58Z,20,79.58,15.46,guest_waiting,AP-8,153,-60.18,-95.21,35.03,False,False,False,True
318,GUE-0040,guest_phone,2026-09-01T16:19:20Z,16,60.97,25.17,corridor_h,AP-8,153,-51.94,-94.08,42.14,False,False,False,True
319,GUE-0040,guest_phone,2026-09-01T21:39:02Z,21,2.53,28.67,corridor_h,AP-1,36,-61.32,-92.7,31.38,False,False,False,True
320,GUE-0040,guest_phone,2026-09-01T03:14:42Z,3,4.24,4.78,ward_D,AP-4,44,-63.88,-96.78,32.9,False,False,False,True
321,GUE-0040,guest_phone,2026-09-01T17:11:14Z,17,37.86,27.55,corridor_h,AP-3,36,-62.68,-94.57,31.89,False,False,False,True
322,CLI-0041,clinical_device,2026-09-01T20:58:16Z,20,28.33,16.18,ward_E,AP-5,48,-43.56,-93.47,49.91,False,False,False,True
323,CLI-0041,clinical_device,2026-09-01T15:34:59Z,15,62.49,54.7,theatre_1,AP-7,153,-50.13,-97.13,47.0,True,False,False,True
324,CLI-0041,clinical_device,2026-09-01T14:33:16Z,14,40.35,36.87,ward_C,AP-2,40,-53.16,-93.99,40.83,True,False,False,True
325,CLI-0041,clinical_device,2026-09-01T02:19:09Z,2,3.15,26.57,corridor_h,AP-4,44,-60.4,-93.58,33.18,False,False,False,True
326,CLI-0041,clinical_device,2026-09-01T10:29:37Z,10,77.25,1.41,icu,AP-7,153,-74.16,-94.85,20.69,False,False,False,True
327,IOT-0042,iot_sensor,2026-09-01T10:39:40Z,10,2.87,52.52,ward_A,AP-1,36,-56.07,-93.75,37.68,False,False,False,True
328,IOT-0042,iot_sensor,2026-09-01T18:00:53Z,18,54.42,59.6,ward_C,AP-3,36,-54.47,-96.91,42.44,False,False,False,True
329,IOT-0042,iot_sensor,2026-09-01T17:07:02Z,17,44.9,57.88,ward_C,AP-3,36,-52.34,-91.28,38.94,False,False,False,True
330,IOT-0042,iot_sensor,2026-09-01T00:42:32Z,0,25.59,59.3,ward_B,AP-2,40,-58.38,-95.64,37.26,False,False,False,True
331,IOT-0042,iot_sensor,2026-09-01T07:28:18Z,7,57.68,43.19,ward_C,AP-3,36,-52.59,-94.62,42.03,False,False,False,True
332,IOT-0042,iot_sensor,2026-09-01T14:31:58Z,14,56.28,18.17,ward_F,AP-6,149,-48.99,-94.94,45.95,True,False,False,True
333,IOT-0042,iot_sensor,2026-09-01T06:25:17Z,6,62.67,14.16,icu,AP-6,149,-83.67,-94.81,11.14,False,False,False,True
334,IOT-0042,iot_sensor,2026-09-01T01:26:55Z,1,74.52,5.49,icu,AP-6,149,-88.39,-95.96,7.57,False,False,False,True
335,IOT-0042,iot_sensor,2026-09-01T11:33:14Z,11,47.01,31.54,ward_C,AP-3,36,-61.34,-94.6,33.26,False,False,False,True
336,IOT-0042,iot_sensor,2026-09-01T16:42:40Z,16,9.25,16.9,ward_D,AP-4,44,-40.76,-96.7,55.94,False,False,False,True
337,IOT-0042,iot_sensor,2026-09-01T02:04:24Z,2,14.42,11.95,ward_D,AP-4,44,-43.19,-94.36,51.17,False,False,False,True
338,IOT-0042,iot_sensor,2026-09-01T08:05:02Z,8,10.11,21.18,ward_D,AP-4,44,-51.32,-96.57,45.25,False,False,False,True
339,IOT-0042,iot_sensor,2026-09-01T18:47:39Z,18,48.47,58.53,ward_C,AP-3,36,-59.72,-95.72,36.0,False,False,False,True
340,IOT-0042,iot_sensor,2026-09-01T11:40:39Z,11,52.04,35.8,ward_C,AP-3,36,-52.98,-95.0,42.02,False,False,False,True
341,IOT-0042,iot_sensor,2026-09-01T16:26:28Z,16,7.34,24.24,ward_D,AP-4,44,-53.65,-94.56,40.91,False,False,False,True
342,IOT-0042,iot_sensor,2026-09-01T06:15:21Z,6,5.75,0.45,ward_D,AP-4,44,-68.09,-94.59,26.5,False,False,False,True
343,IOT-0042,iot_sensor,2026-09-01T09:26:15Z,9,64.77,15.95,icu,AP-6,149,-80.95,-95.44,14.49,False,False,False,True
344,IOT-0042,iot_sensor,2026-09-01T15:49:40Z,15,8.43,3.64,ward_D,AP-4,44,-66.2,-94.49,28.29,True,False,False,True
345,IOT-0042,iot_sensor,2026-09-01T23:04:59Z,23,0.98,37.65,ward_A,AP-1,36,-57.13,-95.92,38.79,False,False,False,True
346,IOT-0042,iot_sensor,2026-09-01T14:28:19Z,14,12.25,15.07,ward_D,AP-4,44,-42.96,-94.01,51.05,True,False,False,True
347,IOT-0042,iot_sensor,2026-09-01T04:42:07Z,4,16.37,13.84,ward_D,AP-4,44,-46.36,-97.24,50.88,False,False,False,True
348,IOT-0042,iot_sensor,2026-09-01T23:12:08Z,23,18.21,41.36,ward_A,AP-1,36,-53.75,-97.01,43.26,False,False,False,True
349,IOT-0042,iot_sensor,2026-09-01T11:31:05Z,11,4.65,15.79,ward_D,AP-4,44,-49.4,-94.66,45.26,False,False,False,True
350,IOT-0042,iot_sensor,2026-09-01T06:56:36Z,6,38.16,19.49,ward_E,AP-5,48,-54.01,-95.7,41.69,False,False,False,True
351,IOT-0042,iot_sensor,2026-09-01T02:06:58Z,2,8.99,43.21,ward_A,AP-1,36,-38.75,-90.57,51.82,False,False,False,True
352,IOT-0042,iot_sensor,2026-09-01T23:35:56Z,23,7.17,47.28,ward_A,AP-1,36,-38.56,-93.24,54.68,False,False,False,True
353,IOT-0042,iot_sensor,2026-09-01T06:44:06Z,6,48.49,24.35,ward_F,AP-6,149,-53.86,-96.08,42.22,False,False,False,True
354,IOT-0042,iot_sensor,2026-09-01T06:34:11Z,6,22.22,13.41,ward_E,AP-5,48,-48.8,-93.72,44.92,False,False,False,True
355,IOT-0042,iot_sensor,2026-09-01T06:20:44Z,6,16.96,14.98,ward_D,AP-4,44,-51.16,-95.56,44.4,False,False,False,True
356,IOT-0042,iot_sensor,2026-09-01T05:26:20Z,5,54.23,8.87,ward_F,AP-6,149,-49.08,-94.08,45.0,False,False,False,True
357,IOT-0042,iot_sensor,2026-09-01T16:48:00Z,16,35.67,59.27,ward_B,AP-2,40,-62.03,-94.91,32.88,False,False,False,True
358,IOT-0042,iot_sensor,2026-09-01T08:16:25Z,8,29.75,6.83,ward_E,AP-5,48,-42.38,-93.5,51.12,False,False,False,True
359,IOT-0042,iot_sensor,2026-09-01T11:41:44Z,11,58.35,15.12,ward_F,AP-6,149,-47.98,-91.51,43.53,False,False,False,True
360,IOT-0042,iot_sensor,2026-09-01T05:41:11Z,5,0.21,44.9,ward_A,AP-1,36,-54.33,-98.25,43.92,False,False,False,True
361,IOT-0042,iot_sensor,2026-09-01T11:17:19Z,11,48.73,14.07,ward_F,AP-6,149,-35.48,-91.54,56.06,False,False,False,True
362,IOT-0042,iot_sensor,2026-09-01T12:22:38Z,12,61.41,15.23,icu,AP-6,149,-83.81,-96.28,12.47,False,False,False,True
363,IOT-0042,iot_sensor,2026-09-01T22:49:20Z,22,50.59,57.81,ward_C,AP-3,36,-58.73,-95.88,37.15,False,False,False,True
364,CLI-0043,clinical_device,2026-09-01T07:17:20Z,7,78.84,18.55,icu,AP-8,153,-62.85,-94.37,31.52,False,False,False,True
365,CLI-0043,clinical_device,2026-09-01T04:46:40Z,4,19.08,4.75,ward_D,AP-4,44,-57.44,-95.06,37.62,False,False,False,True
366,CLI-0043,clinical_device,2026-09-01T10:21:11Z,10,32.89,6.72,ward_E,AP-5,48,-48.68,-95.44,46.76,False,False,False,True
367,GUE-0044,guest_phone,2026-09-01T16:29:02Z,16,73.83,57.65,lift_bank,AP-7,153,-55.64,-96.42,40.78,False,False,True,True
368,GUE-0044,guest_phone,2026-09-01T23:04:57Z,23,73.49,56.43,lift_bank,AP-7,153,-56.85,-94.34,37.49,False,False,True,True
369,GUE-0044,guest_phone,2026-09-01T02:18:09Z,2,74.1,14.58,guest_waiting,AP-7,153,-71.37,-93.04,21.67,False,False,False,True
370,CLI-0045,clinical_device,2026-09-01T08:28:37Z,8,32.44,35.6,ward_B,AP-2,40,-58.08,-95.08,37.0,False,False,False,True
371,CLI-0045,clinical_device,2026-09-01T09:34:43Z,9,17.15,57.79,ward_A,AP-1,36,-56.13,-94.32,38.19,False,False,False,True
372,CLI-0045,clinical_device,2026-09-01T20:09:40Z,20,53.82,43.54,ward_C,AP-3,36,-41.9,-97.32,55.42,False,False,False,True
373,CLI-0045,clinical_device,2026-09-01T00:41:53Z,0,16.68,55.57,ward_A,AP-1,36,-57.76,-93.06,35.3,False,False,False,True
374,CLI-0045,clinical_device,2026-09-01T22:14:30Z,22,24.51,3.8,ward_E,AP-5,48,-56.64,-96.93,40.29,False,False,False,True
375,CLI-0045,clinical_device,2026-09-01T22:16:14Z,22,11.84,30.81,ward_A,AP-4,44,-60.38,-94.91,34.53,False,False,False,True
376,CLI-0046,clinical_device,2026-09-01T13:56:28Z,13,75.23,2.67,icu,AP-6,149,-90.03,-95.18,5.15,False,False,False,True
377,CLI-0046,clinical_device,2026-09-01T21:44:59Z,21,39.92,41.1,ward_B,AP-2,40,-51.81,-94.32,42.51,False,False,False,True
378,CLI-0046,clinical_device,2026-09-01T15:11:37Z,15,33.34,24.2,ward_E,AP-2,40,-61.08,-94.62,33.54,True,False,False,True
379,CLI-0046,clinical_device,2026-09-01T01:11:27Z,1,66.9,26.99,theatre_2,AP-8,153,-42.0,-94.78,52.78,False,False,False,True
380,CLI-0046,clinical_device,2026-09-01T07:32:07Z,7,71.84,34.92,theatre_2,AP-8,153,-49.22,-95.51,46.29,False,False,False,True
381,CLI-0046,clinical_device,2026-09-01T22:04:25Z,22,70.38,58.78,theatre_1,AP-7,153,-53.04,-95.33,42.29,False,False,False,True
382,CLI-0046,clinical_device,2026-09-01T09:45:08Z,9,52.62,20.46,ward_F,AP-6,149,-52.65,-96.71,44.06,False,False,False,True
383,CLI-0046,clinical_device,2026-09-01T06:58:18Z,6,53.36,14.09,ward_F,AP-6,149,-43.71,-96.92,53.21,False,False,False,True
384,GUE-0047,guest_phone,2026-09-01T04:02:54Z,4,66.43,28.98,corridor_h,AP-8,153,-30.57,-95.54,64.97,False,False,False,True
385,GUE-0047,guest_phone,2026-09-01T15:33:18Z,15,63.82,27.74,corridor_h,AP-8,153,-46.36,-94.33,47.97,True,False,False,True
386,GUE-0047,guest_phone,2026-09-01T01:58:10Z,1,79.82,56.72,lift_bank,AP-7,153,-60.5,-93.81,33.31,False,False,True,True
387,IOT-0048,iot_sensor,2026-09-01T18:55:45Z,18,3.41,4.39,ward_D,AP-4,44,-69.02,-94.51,25.49,False,False,False,True
388,IOT-0048,iot_sensor,2026-09-01T12:32:01Z,12,53.32,45.67,ward_C,AP-3,36,-40.52,-97.14,56.62,False,True,False,True
389,IOT-0048,iot_sensor,2026-09-01T07:18:21Z,7,28.94,11.17,ward_E,AP-5,48,-36.41,-96.86,60.45,False,False,False,True
390,IOT-0048,iot_sensor,2026-09-01T19:26:25Z,19,7.69,45.2,ward_A,AP-1,36,-38.34,-93.7,55.36,False,False,False,True
391,IOT-0048,iot_sensor,2026-09-01T14:02:26Z,14,42.52,2.61,ward_F,AP-6,149,-56.99,-93.84,36.85,True,False,False,True
392,IOT-0048,iot_sensor,2026-09-01T16:06:00Z,16,17.81,49.5,ward_A,AP-1,36,-53.36,-94.71,41.35,False,False,False,True
393,IOT-0048,iot_sensor,2026-09-01T08:37:33Z,8,21.91,10.88,ward_E,AP-4,44,-49.34,-93.54,44.2,False,False,False,True
394,IOT-0048,iot_sensor,2026-09-01T23:19:19Z,23,40.14,48.57,ward_C,AP-2,40,-53.77,-91.99,38.22,False,False,False,True
395,IOT-0048,iot_sensor,2026-09-01T21:41:12Z,21,6.23,40.75,ward_A,AP-1,36,-45.55,-96.15,50.6,False,False,False,True
396,IOT-0048,iot_sensor,2026-09-01T00:52:14Z,0,69.34,11.89,icu,AP-6,149,-82.56,-94.39,11.83,False,False,False,True
397,IOT-0048,iot_sensor,2026-09-01T03:21:29Z,3,14.26,24.47,ward_D,AP-4,44,-57.26,-96.46,39.2,False,False,False,True
398,IOT-0048,iot_sensor,2026-09-01T06:01:04Z,6,4.72,49.88,ward_A,AP-1,36,-50.11,-96.02,45.91,False,False,False,True
399,IOT-0048,iot_sensor,2026-09-01T00:41:04Z,0,12.76,9.44,ward_D,AP-4,44,-40.3,-96.79,56.49,False,False,False,True
400,IOT-0048,iot_sensor,2026-09-01T07:46:31Z,7,56.61,34.38,ward_C,AP-8,153,-53.91,-97.44,43.53,False,False,False,True
401,IOT-0048,iot_sensor,2026-09-01T21:51:39Z,21,51.79,31.57,ward_C,AP-8,153,-58.48,-97.87,39.39,False,False,False,True
402,IOT-0048,iot_sensor,2026-09-01T02:19:01Z,2,53.17,20.23,ward_F,AP-6,149,-54.9,-96.63,41.73,False,False,False,True
403,IOT-0048,iot_sensor,2026-09-01T21:10:46Z,21,46.28,6.46,ward_F,AP-6,149,-49.3,-96.85,47.55,False,False,False,True
404,IOT-0048,iot_sensor,2026-09-01T10:25:15Z,10,6.21,1.23,ward_D,AP-4,44,-72.2,-97.09,24.89,False,False,False,True
405,IOT-0048,iot_sensor,2026-09-01T15:48:47Z,15,23.78,37.79,ward_B,AP-2,40,-56.14,-96.29,40.15,True,False,False,True
406,IOT-0048,iot_sensor,2026-09-01T21:42:45Z,21,23.34,8.15,ward_E,AP-5,48,-51.25,-93.87,42.62,False,False,False,True
407,IOT-0048,iot_sensor,2026-09-01T02:27:04Z,2,36.91,20.25,ward_E,AP-5,48,-56.04,-95.99,39.95,False,False,False,True
408,IOT-0048,iot_sensor,2026-09-01T17:38:40Z,17,3.35,48.82,ward_A,AP-1,36,-50.28,-96.75,46.47,False,False,False,True
409,IOT-0048,iot_sensor,2026-09-01T06:16:52Z,6,6.02,52.11,ward_A,AP-1,36,-50.57,-95.26,44.69,False,False,False,True
410,IOT-0048,iot_sensor,2026-09-01T10:11:55Z,10,39.4,14.04,ward_E,AP-5,48,-54.02,-94.05,40.03,False,False,False,True
411,IOT-0048,iot_sensor,2026-09-01T18:07:58Z,18,39.28,40.56,ward_B,AP-2,40,-54.15,-95.35,41.2,False,False,False,True
412,IOT-0048,iot_sensor,2026-09-01T19:25:13Z,19,59.64,24.29,ward_F,AP-8,153,-55.83,-95.63,39.8,False,False,False,True
413,IOT-0048,iot_sensor,2026-09-01T01:50:38Z,1,64.26,0.41,icu,AP-6,149,-86.65,-95.88,9.23,False,False,False,True
414,IOT-0048,iot_sensor,2026-09-01T04:35:04Z,4,27.1,6.48,ward_E,AP-5,48,-45.95,-95.0,49.05,False,False,False,True
415,IOT-0048,iot_sensor,2026-09-01T07:04:45Z,7,44.06,44.24,ward_C,AP-3,36,-49.59,-94.06,44.47,False,False,False,True
416,IOT-0048,iot_sensor,2026-09-01T23:02:24Z,23,42.49,8.82,ward_F,AP-6,149,-52.21,-95.9,43.69,False,False,False,True
417,IOT-0048,iot_sensor,2026-09-01T08:31:40Z,8,48.29,50.41,ward_C,AP-3,36,-45.32,-93.57,48.25,False,False,False,True
418,IOT-0048,iot_sensor,2026-09-01T04:13:25Z,4,50.96,8.85,ward_F,AP-6,149,-43.11,-97.08,53.97,False,False,False,True
419,IOT-0048,iot_sensor,2026-09-01T00:09:29Z,0,37.57,39.89,ward_B,AP-2,40,-47.21,-92.88,45.67,False,False,False,True
420,IOT-0048,iot_sensor,2026-09-01T00:17:55Z,0,51.21,12.38,ward_F,AP-6,149,-28.4,-95.05,66.65,False,False,False,True
421,IOT-0048,iot_sensor,2026-09-01T02:57:35Z,2,51.36,14.04,ward_F,AP-6,149,-32.84,-93.79,60.95,False,False,False,True
422,IOT-0048,iot_sensor,2026-09-01T08:41:41Z,8,9.88,57.38,ward_A,AP-1,36,-55.87,-92.05,36.18,False,False,False,True
423,IOT-0048,iot_sensor,2026-09-01T00:49:20Z,0,35.5,14.82,ward_E,AP-5,48,-44.69,-94.85,50.16,False,False,False,True
424,IOT-0048,iot_sensor,2026-09-01T03:52:39Z,3,1.19,50.13,ward_A,AP-1,36,-53.49,-93.01,39.52,False,False,False,True
425,STA-0049,staff_laptop,2026-09-01T16:25:33Z,16,1.56,8.49,ward_D,AP-4,44,-53.41,-96.64,43.23,False,False,False,True
426,STA-0049,staff_laptop,2026-09-01T15:06:40Z,15,61.06,32.87,theatre_2,AP-8,153,-44.99,-94.64,49.65,True,False,False,True
427,STA-0049,staff_laptop,2026-09-01T13:37:00Z,13,13.36,6.08,ward_D,AP-4,44,-59.18,-97.52,38.34,False,False,False,True
428,STA-0049,staff_laptop,2026-09-01T21:29:20Z,21,13.64,31.43,ward_A,AP-1,36,-61.94,-94.92,32.98,False,False,False,True
429,STA-0049,staff_laptop,2026-09-01T18:54:05Z,18,13.3,51.11,ward_A,AP-1,36,-49.05,-93.48,44.43,False,False,False,True
430,CLI-0050,clinical_device,2026-09-01T04:07:20Z,4,61.63,53.83,theatre_1,AP-7,153,-47.47,-95.28,47.81,False,False,False,True
431,CLI-0050,clinical_device,2026-09-01T12:53:05Z,12,34.15,6.91,ward_E,AP-5,48,-51.35,-95.24,43.89,False,True,False,True
432,CLI-0050,clinical_device,2026-09-01T15:01:04Z,15,70.06,3.54,icu,AP-6,149,-90.47,-94.49,4.02,True,False,False,True
433,CLI-0050,clinical_device,2026-09-01T06:13:54Z,6,60.47,36.08,theatre_2,AP-8,153,-53.65,-92.58,38.93,False,False,False,True
434,GUE-0051,guest_phone,2026-09-01T01:51:28Z,1,73.7,55.59,lift_bank,AP-7,153,-54.0,-95.1,41.1,False,False,True,True
435,GUE-0051,guest_phone,2026-09-01T21:33:17Z,21,66.3,27.75,corridor_h,AP-8,153,-37.91,-91.59,53.68,False,False,False,True
436,GUE-0051,guest_phone,2026-09-01T04:28:21Z,4,46.02,48.46,ward_C,AP-3,36,-42.19,-95.66,53.47,False,False,False,True
437,GUE-0051,guest_phone,2026-09-01T14:16:34Z,14,74.32,57.69,lift_bank,AP-7,153,-54.96,-95.19,40.23,True,False,True,True
438,GUE-0051,guest_phone,2026-09-01T21:07:56Z,21,77.13,13.06,guest_waiting,AP-7,153,-68.42,-95.59,27.17,False,False,False,True
439,GUE-0051,guest_phone,2026-09-01T09:37:21Z,9,73.56,55.42,lift_bank,AP-7,153,-53.19,-94.07,40.88,False,False,True,True
440,GUE-0051,guest_phone,2026-09-01T07:24:39Z,7,73.49,58.58,lift_bank,AP-7,153,-58.39,-94.86,36.47,False,False,True,True
441,STA-0052,staff_laptop,2026-09-01T16:03:23Z,16,21.18,29.76,corridor_h,AP-4,44,-60.81,-94.14,33.33,False,False,False,True
442,STA-0052,staff_laptop,2026-09-01T06:16:15Z,6,0.17,23.65,ward_D,AP-4,44,-58.15,-95.05,36.9,False,False,False,True
443,STA-0052,staff_laptop,2026-09-01T16:13:05Z,16,14.47,29.63,corridor_h,AP-1,36,-58.49,-95.38,36.89,False,False,False,True
444,STA-0053,staff_laptop,2026-09-01T04:51:53Z,4,76.88,37.34,corridor_v,AP-8,153,-58.77,-94.46,35.69,False,False,False,True
445,STA-0053,staff_laptop,2026-09-01T04:56:49Z,4,56.23,54.89,ward_C,AP-7,153,-53.1,-93.73,40.63,False,False,False,True
446,STA-0053,staff_laptop,2026-09-01T06:47:41Z,6,42.39,18.36,ward_F,AP-6,149,-56.38,-95.55,39.17,False,False,False,True
447,STA-0053,staff_laptop,2026-09-01T19:39:32Z,19,56.81,59.11,ward_C,AP-7,153,-57.44,-95.76,38.32,False,False,False,True
448,STA-0053,staff_laptop,2026-09-01T16:08:16Z,16,52.41,35.7,ward_C,AP-3,36,-56.8,-95.89,39.09,False,False,False,True
449,GUE-0054,guest_phone,2026-09-01T06:51:16Z,6,38.61,50.21,ward_B,AP-2,40,-53.71,-96.9,43.19,False,False,False,True
450,GUE-0054,guest_phone,2026-09-01T21:41:41Z,21,50.02,57.57,ward_C,AP-3,36,-57.29,-94.16,36.87,False,False,False,True
451,GUE-0054,guest_phone,2026-09-01T04:43:40Z,4,19.4,44.15,ward_A,AP-1,36,-52.52,-95.56,43.04,False,False,False,True
452,GUE-0054,guest_phone,2026-09-01T23:48:18Z,23,75.75,58.97,lift_bank,AP-7,153,-60.68,-94.17,33.49,False,False,True,True
453,GUE-0055,guest_phone,2026-09-01T07:01:59Z,7,58.3,28.78,corridor_h,AP-8,153,-54.75,-94.75,40.0,False,False,False,True
454,GUE-0055,guest_phone,2026-09-01T21:33:40Z,21,75.05,1.29,guest_waiting,AP-6,149,-92.33,-94.42,2.09,False,False,False,True
455,GUE-0055,guest_phone,2026-09-01T14:09:50Z,14,72.08,0.09,guest_waiting,AP-6,149,-89.16,-95.21,6.05,True,False,False,True
456,GUE-0055,guest_phone,2026-09-01T23:45:28Z,23,50.63,35.45,ward_C,AP-3,36,-52.66,-91.27,38.61,False,False,False,True
457,GUE-0055,guest_phone,2026-09-01T01:16:01Z,1,78.77,3.41,guest_waiting,AP-7,153,-73.62,-93.88,20.26,False,False,False,True
458,GUE-0055,guest_phone,2026-09-01T22:13:27Z,22,32.74,40.44,ward_B,AP-2,40,-51.11,-97.56,46.45,False,False,False,True
459,GUE-0055,guest_phone,2026-09-01T23:33:43Z,23,77.21,56.16,lift_bank,AP-7,153,-59.33,-94.93,35.6,False,False,True,True
460,GUE-0055,guest_phone,2026-09-01T03:48:34Z,3,74.67,56.34,lift_bank,AP-7,153,-54.18,-96.04,41.86,False,False,True,True
461,STA-0056,staff_laptop,2026-09-01T23:50:21Z,23,35.74,6.95,ward_E,AP-5,48,-50.43,-92.88,42.45,False,False,False,True
462,STA-0056,staff_laptop,2026-09-01T21:17:48Z,21,51.9,56.38,ward_C,AP-3,36,-55.72,-95.58,39.86,False,False,False,True
463,STA-0056,staff_laptop,2026-09-01T21:58:36Z,21,4.25,17.11,ward_D,AP-4,44,-52.49,-95.26,42.77,False,False,False,True
464,GUE-0057,guest_phone,2026-09-01T12:54:30Z,12,55.45,20.19,ward_F,AP-6,149,-51.18,-93.8,42.62,False,True,False,True
465,GUE-0057,guest_phone,2026-09-01T11:06:57Z,11,44.37,16.48,ward_F,AP-6,149,-51.1,-94.77,43.67,False,False,False,True
466,GUE-0057,guest_phone,2026-09-01T21:33:21Z,21,27.84,5.32,ward_E,AP-5,48,-52.89,-95.32,42.43,False,False,False,True
467,STA-0058,staff_laptop,2026-09-01T05:10:25Z,5,55.77,50.31,ward_C,AP-3,36,-47.44,-96.23,48.79,False,False,False,True
468,STA-0058,staff_laptop,2026-09-01T15:02:34Z,15,51.25,5.52,ward_F,AP-6,149,-49.72,-97.4,47.68,True,False,False,True
469,STA-0058,staff_laptop,2026-09-01T05:25:33Z,5,1.22,33.12,ward_A,AP-1,36,-59.44,-95.44,36.0,False,False,False,True
470,CLI-0059,clinical_device,2026-09-01T22:18:54Z,22,71.12,5.35,icu,AP-6,149,-93.82,-94.1,0.28,False,False,False,True
471,CLI-0059,clinical_device,2026-09-01T12:33:29Z,12,5.67,6.33,ward_D,AP-4,44,-60.75,-93.57,32.82,False,True,False,True
472,CLI-0059,clinical_device,2026-09-01T20:24:55Z,20,62.05,55.81,theatre_1,AP-7,153,-50.34,-91.24,40.9,False,False,False,True
473,CLI-0059,clinical_device,2026-09-01T14:01:16Z,14,76.16,28.62,corridor_v,AP-8,153,-55.98,-94.5,38.52,True,False,False,True
474,CLI-0059,clinical_device,2026-09-01T19:46:18Z,19,19.42,26.27,corridor_h,AP-5,48,-61.57,-95.88,34.31,False,False,False,True
475,CLI-0059,clinical_device,2026-09-01T22:08:38Z,22,29.62,19.47,ward_E,AP-5,48,-48.64,-93.57,44.93,False,False,False,True
476,CLI-0059,clinical_device,2026-09-01T02:25:12Z,2,67.79,9.15,icu,AP-6,149,-85.14,-95.11,9.97,False,False,False,True
477,CLI-0059,clinical_device,2026-09-01T12:32:07Z,12,52.51,19.19,ward_F,AP-6,149,-53.49,-95.24,41.75,False,True,False,True
478,STA-0060,staff_laptop,2026-09-01T01:52:34Z,1,3.75,21.79,ward_D,AP-4,44,-57.09,-95.06,37.97,False,False,False,True
479,STA-0060,staff_laptop,2026-09-01T16:03:37Z,16,15.03,20.47,ward_D,AP-4,44,-50.97,-93.45,42.48,False,False,False,True
480,STA-0060,staff_laptop,2026-09-01T00:04:49Z,0,17.52,34.97,ward_A,AP-1,36,-59.47,-96.44,36.97,False,False,False,True
481,STA-0060,staff_laptop,2026-09-01T13:17:58Z,13,73.58,39.37,corridor_v,AP-7,153,-55.65,-96.65,41.0,False,False,False,True
482,STA-0060,staff_laptop,2026-09-01T16:08:30Z,16,47.82,36.64,ward_C,AP-3,36,-54.05,-93.09,39.04,False,False,False,True
483,STA-0060,staff_laptop,2026-09-01T01:37:55Z,1,30.32,35.79,ward_B,AP-2,40,-54.54,-95.84,41.3,False,False,False,True
484,IOT-0061,iot_sensor,2026-09-01T23:12:05Z,23,9.1,51.27,ward_A,AP-1,36,-47.25,-97.23,49.98,False,False,False,True
485,IOT-0061,iot_sensor,2026-09-01T14:56:48Z,14,57.08,51.21,ward_C,AP-7,153,-54.16,-96.08,41.92,True,False,False,True
486,IOT-0061,iot_sensor,2026-09-01T19:58:41Z,19,68.89,16.44,icu,AP-6,149,-84.87,-95.78,10.91,False,False,False,True
487,IOT-0061,iot_sensor,2026-09-01T01:55:42Z,1,59.04,21.71,ward_F,AP-8,153,-57.18,-95.78,38.6,False,False,False,True
488,IOT-0061,iot_sensor,2026-09-01T00:35:58Z,0,37.73,33.39,ward_B,AP-3,36,-56.75,-94.83,38.08,False,False,False,True
489,IOT-0061,iot_sensor,2026-09-01T19:34:24Z,19,70.75,6.19,icu,AP-6,149,-83.71,-93.84,10.13,False,False,False,True
490,IOT-0061,iot_sensor,2026-09-01T04:14:44Z,4,10.65,17.18,ward_D,AP-4,44,-44.32,-92.89,48.57,False,False,False,True
491,IOT-0061,iot_sensor,2026-09-01T00:16:34Z,0,46.37,38.9,ward_C,AP-3,36,-49.94,-95.53,45.59,False,False,False,True
492,IOT-0061,iot_sensor,2026-09-01T01:00:28Z,1,26.43,23.95,ward_E,AP-5,48,-56.24,-92.91,36.67,False,False,False,True
493,IOT-0061,iot_sensor,2026-09-01T16:40:55Z,16,51.42,16.02,ward_F,AP-6,149,-41.83,-93.4,51.57,False,False,False,True
494,IOT-0061,iot_sensor,2026-09-01T01:38:08Z,1,11.93,41.16,ward_A,AP-1,36,-42.73,-91.21,48.48,False,False,False,True
495,IOT-0061,iot_sensor,2026-09-01T17:25:45Z,17,20.67,13.16,ward_E,AP-4,44,-50.58,-97.41,46.83,False,False,False,True
496,IOT-0061,iot_sensor,2026-09-01T07:08:51Z,7,6.88,55.53,ward_A,AP-1,36,-53.9,-93.25,39.35,False,False,False,True
497,IOT-0061,iot_sensor,2026-09-01T20:53:19Z,20,3.27,43.53,ward_A,AP-1,36,-46.69,-94.81,48.12,False,False,False,True
498,IOT-0061,iot_sensor,2026-09-01T05:26:37Z,5,14.17,17.55,ward_D,AP-4,44,-48.51,-97.2,48.69,False,False,False,True
499,IOT-0061,iot_sensor,2026-09-01T03:22:43Z,3,49.31,23.08,ward_F,AP-6,149,-53.37,-95.28,41.91,False,False,False,True
500,IOT-0061,iot_sensor,2026-09-01T04:28:10Z,4,19.34,38.8,ward_A,AP-2,40,-55.17,-97.1,41.93,False,False,False,True
501,IOT-0061,iot_sensor,2026-09-01T06:51:30Z,6,66.89,6.77,icu,AP-6,149,-82.87,-94.26,11.39,False,False,False,True
502,IOT-0061,iot_sensor,2026-09-01T13:37:39Z,13,47.71,50.44,ward_C,AP-3,36,-49.19,-94.0,44.81,False,False,False,True
503,IOT-0061,iot_sensor,2026-09-01T02:04:32Z,2,9.61,9.83,ward_D,AP-4,44,-40.36,-91.61,51.25,False,False,False,True
504,IOT-0061,iot_sensor,2026-09-01T18:39:40Z,18,28.91,18.02,ward_E,AP-5,48,-51.62,-98.05,46.43,False,False,False,True
505,IOT-0061,iot_sensor,2026-09-01T22:46:29Z,22,17.49,50.01,ward_A,AP-1,36,-52.08,-94.82,42.74,False,False,False,True
506,IOT-0061,iot_sensor,2026-09-01T16:27:54Z,16,13.29,55.23,ward_A,AP-1,36,-59.66,-96.5,36.84,False,False,False,True
507,IOT-0061,iot_sensor,2026-09-01T07:37:54Z,7,6.92,32.58,ward_A,AP-1,36,-58.12,-95.03,36.91,False,False,False,True
508,IOT-0061,iot_sensor,2026-09-01T14:57:52Z,14,34.97,18.29,ward_E,AP-6,149,-60.58,-97.45,36.87,True,False,False,True
509,IOT-0061,iot_sensor,2026-09-01T02:27:34Z,2,15.99,52.13,ward_A,AP-1,36,-54.67,-94.48,39.81,False,False,False,True
510,IOT-0061,iot_sensor,2026-09-01T17:42:40Z,17,59.89,58.69,ward_C,AP-7,153,-52.96,-94.21,41.25,False,False,False,True
511,IOT-0061,iot_sensor,2026-09-01T22:23:39Z,22,42.29,46.28,ward_C,AP-3,36,-49.83,-94.21,44.38,False,False,False,True
512,IOT-0061,iot_sensor,2026-09-01T17:55:16Z,17,30.37,0.8,ward_E,AP-5,48,-55.13,-94.43,39.3,False,False,False,True
513,IOT-0061,iot_sensor,2026-09-01T06:57:45Z,6,44.33,14.0,ward_F,AP-6,149,-49.12,-96.71,47.59,False,False,False,True
514,IOT-0061,iot_sensor,2026-09-01T17:26:01Z,17,52.47,37.47,ward_C,AP-3,36,-53.13,-93.1,39.97,False,False,False,True
515,IOT-0061,iot_sensor,2026-09-01T18:45:31Z,18,50.2,52.7,ward_C,AP-3,36,-48.59,-95.93,47.34,False,False,False,True
516,IOT-0061,iot_sensor,2026-09-01T13:32:06Z,13,34.52,15.04,ward_E,AP-5,48,-45.26,-95.77,50.51,False,False,False,True
517,IOT-0061,iot_sensor,2026-09-01T20:16:10Z,20,48.11,59.53,ward_C,AP-3,36,-60.52,-93.92,33.4,False,False,False,True
518,IOT-0061,iot_sensor,2026-09-01T03:24:55Z,3,33.68,19.91,ward_E,AP-5,48,-51.39,-96.77,45.38,False,False,False,True
519,IOT-0061,iot_sensor,2026-09-01T02:12:32Z,2,2.86,31.14,ward_A,AP-1,36,-59.03,-95.24,36.21,False,False,False,True
520,IOT-0061,iot_sensor,2026-09-01T20:09:54Z,20,47.75,8.29,ward_F,AP-6,149,-43.6,-93.51,49.91,False,False,False,True
521,IOT-0061,iot_sensor,2026-09-01T18:01:18Z,18,23.52,58.91,ward_B,AP-2,40,-57.76,-95.08,37.32,False,False,False,True
522,IOT-0061,iot_sensor,2026-09-01T10:07:59Z,10,44.38,19.4,ward_F,AP-5,48,-54.98,-94.08,39.1,False,False,False,True
523,IOT-0061,iot_sensor,2026-09-01T10:43:05Z,10,19.16,12.02,ward_D,AP-4,44,-51.67,-93.49,41.82,False,False,False,True
524,IOT-0061,iot_sensor,2026-09-01T03:33:52Z,3,44.12,57.34,ward_C,AP-3,36,-61.28,-95.65,34.37,False,False,False,True
525,GUE-0062,guest_phone,2026-09-01T04:56:38Z,4,74.14,2.55,guest_waiting,AP-6,149,-91.86,-95.29,3.43,False,False,False,True
526,GUE-0062,guest_phone,2026-09-01T19:36:42Z,19,18.26,28.56,corridor_h,AP-4,44,-61.87,-93.27,31.4,False,False,False,True
527,GUE-0062,guest_phone,2026-09-01T08:58:21Z,8,79.59,48.02,corridor_v,AP-7,153,-60.87,-95.98,35.11,False,False,False,True
528,GUE-0062,guest_phone,2026-09-01T22:41:50Z,22,42.26,22.27,ward_F,AP-6,149,-56.33,-96.6,40.27,False,False,False,True
529,GUE-0062,guest_phone,2026-09-01T11:25:46Z,11,73.5,59.01,lift_bank,AP-7,153,-57.51,-94.76,37.25,False,False,True,False
530,GUE-0062,guest_phone,2026-09-01T19:32:17Z,19,41.3,50.49,ward_C,AP-3,36,-54.04,-91.38,37.34,False,False,False,True
531,GUE-0062,guest_phone,2026-09-01T01:00:16Z,1,41.67,28.1,corridor_h,AP-3,36,-61.75,-95.33,33.58,False,False,False,True
532,GUE-0062,guest_phone,2026-09-01T03:26:42Z,3,73.38,17.79,guest_waiting,AP-7,153,-73.45,-94.24,20.79,False,False,False,True
533,CLI-0063,clinical_device,2026-09-01T08:36:52Z,8,40.85,47.59,ward_C,AP-3,36,-53.58,-97.69,44.11,False,False,False,True
534,CLI-0063,clinical_device,2026-09-01T00:22:19Z,0,70.35,43.63,theatre_1,AP-7,153,-50.76,-94.84,44.08,False,False,False,True
535,CLI-0063,clinical_device,2026-09-01T18:58:23Z,18,14.72,45.44,ward_A,AP-1,36,-44.46,-92.2,47.74,False,False,False,True
536,STA-0064,staff_laptop,2026-09-01T16:31:45Z,16,27.22,23.63,ward_E,AP-5,48,-59.07,-96.31,37.24,False,False,False,True
537,STA-0064,staff_laptop,2026-09-01T20:15:48Z,20,33.21,58.3,ward_B,AP-2,40,-58.46,-96.7,38.24,False,False,False,True
538,STA-0064,staff_laptop,2026-09-01T15:50:35Z,15,32.93,51.41,ward_B,AP-2,40,-47.53,-92.69,45.16,True,False,False,True
539,STA-0064,staff_laptop,2026-09-01T05:04:53Z,5,35.48,11.48,ward_E,AP-5,48,-43.85,-94.12,50.27,False,False,False,True
540,STA-0065,staff_laptop,2026-09-01T22:35:48Z,22,4.46,10.68,ward_D,AP-4,44,-52.42,-95.27,42.85,False,False,False,True
541,STA-0065,staff_laptop,2026-09-01T09:43:00Z,9,71.9,27.18,corridor_h,AP-8,153,-44.36,-92.77,48.41,False,False,False,True
542,STA-0065,staff_laptop,2026-09-01T03:54:15Z,3,39.96,45.12,ward_B,AP-2,40,-54.66,-96.91,42.25,False,False,False,True
543,STA-0065,staff_laptop,2026-09-01T23:07:51Z,23,6.89,19.2,ward_D,AP-4,44,-51.64,-94.99,43.35,False,False,False,True
544,STA-0065,staff_laptop,2026-09-01T07:53:01Z,7,16.96,30.53,ward_A,AP-1,36,-59.56,-97.66,38.1,False,False,False,True
545,STA-0065,staff_laptop,2026-09-01T07:40:20Z,7,12.61,2.19,ward_D,AP-4,44,-64.82,-94.04,29.22,False,False,False,True
546,STA-0065,staff_laptop,2026-09-01T22:49:34Z,22,79.25,27.21,corridor_v,AP-8,153,-59.69,-93.64,33.95,False,False,False,True
547,STA-0065,staff_laptop,2026-09-01T09:38:20Z,9,72.66,38.91,corridor_v,AP-7,153,-57.32,-94.69,37.37,False,False,False,True
548,GUE-0066,guest_phone,2026-09-01T14:20:55Z,14,59.95,26.05,corridor_h,AP-8,153,-56.16,-93.01,36.85,True,False,False,True
549,GUE-0066,guest_phone,2026-09-01T02:24:28Z,2,68.77,11.21,icu,AP-6,149,-84.19,-94.84,10.65,False,False,False,True
550,GUE-0066,guest_phone,2026-09-01T07:43:21Z,7,55.28,11.89,ward_F,AP-6,149,-47.2,-95.86,48.66,False,False,False,True
551,GUE-0066,guest_phone,2026-09-01T09:42:10Z,9,46.56,27.72,corridor_h,AP-5,48,-61.67,-92.31,30.64,False,False,False,True
552,GUE-0066,guest_phone,2026-09-01T18:25:39Z,18,45.87,9.19,ward_F,AP-6,149,-46.85,-94.15,47.3,False,False,False,True
553,GUE-0066,guest_phone,2026-09-01T13:14:34Z,13,45.09,29.76,corridor_h,AP-3,36,-59.48,-96.76,37.28,False,False,False,True
554,GUE-0066,guest_phone,2026-09-01T22:06:40Z,22,66.69,54.18,theatre_1,AP-7,153,-44.85,-96.21,51.36,False,False,False,True
555,GUE-0066,guest_phone,2026-09-01T11:55:14Z,11,50.1,11.27,ward_F,AP-6,149,-26.7,-94.85,68.15,False,False,False,True
556,STA-0067,staff_laptop,2026-09-01T01:16:42Z,1,69.73,26.2,theatre_2,AP-8,153,-48.4,-95.03,46.63,False,False,False,True
557,STA-0067,staff_laptop,2026-09-01T00:08:18Z,0,2.26,0.92,ward_D,AP-4,44,-69.05,-91.69,22.64,False,False,False,True
558,STA-0067,staff_laptop,2026-09-01T01:54:45Z,1,71.77,50.07,theatre_1,AP-7,153,-46.71,-94.6,47.89,False,False,False,True
559,STA-0067,staff_laptop,2026-09-01T18:25:43Z,18,21.32,14.99,ward_E,AP-4,44,-53.45,-97.92,44.47,False,False,False,True
560,STA-0068,staff_laptop,2026-09-01T15:14:46Z,15,15.68,54.72,ward_A,AP-1,36,-55.9,-94.32,38.42,True,False,False,True
561,STA-0068,staff_laptop,2026-09-01T12:22:05Z,12,55.0,36.19,ward_C,AP-8,153,-53.79,-96.87,43.08,False,False,False,True
562,STA-0068,staff_laptop,2026-09-01T09:01:15Z,9,76.27,52.12,corridor_v,AP-7,153,-53.85,-96.73,42.88,False,False,False,True
563,STA-0068,staff_laptop,2026-09-01T03:47:16Z,3,36.6,27.18,corridor_h,AP-2,40,-60.56,-96.28,35.72,False,False,False,True
564,STA-0068,staff_laptop,2026-09-01T22:13:54Z,22,29.69,35.82,ward_B,AP-2,40,-52.28,-95.19,42.91,False,False,False,True
565,STA-0068,staff_laptop,2026-09-01T21:39:31Z,21,37.76,25.96,corridor_h,AP-5,48,-56.78,-97.28,40.5,False,False,False,True
566,STA-0068,staff_laptop,2026-09-01T22:14:17Z,22,34.72,33.74,ward_B,AP-2,40,-55.81,-92.53,36.72,False,False,False,True
567,STA-0068,staff_laptop,2026-09-01T08:37:32Z,8,79.95,57.54,corridor_v,AP-7,153,-63.94,-96.35,32.41,False,False,True,True
568,STA-0069,staff_laptop,2026-09-01T23:35:42Z,23,62.05,56.54,theatre_1,AP-7,153,-49.98,-96.03,46.05,False,False,False,True
569,STA-0069,staff_laptop,2026-09-01T19:32:27Z,19,36.64,50.16,ward_B,AP-2,40,-50.91,-92.47,41.56,False,False,False,True
570,STA-0069,staff_laptop,2026-09-01T07:02:47Z,7,74.48,53.99,corridor_v,AP-7,153,-54.9,-93.88,38.98,False,False,False,True
571,GUE-0070,guest_phone,2026-09-01T09:03:04Z,9,26.9,28.93,corridor_h,AP-5,48,-63.13,-97.54,34.41,False,False,False,True
572,GUE-0070,guest_phone,2026-09-01T23:08:05Z,23,76.04,7.58,guest_waiting,AP-7,153,-70.62,-95.51,24.89,False,False,False,True
573,GUE-0070,guest_phone,2026-09-01T20:46:42Z,20,8.55,25.55,corridor_h,AP-4,44,-62.32,-94.91,32.59,False,False,False,True
574,GUE-0070,guest_phone,2026-09-01T12:22:37Z,12,79.81,55.75,lift_bank,AP-7,153,-58.58,-93.56,34.98,False,False,True,True
575,GUE-0070,guest_phone,2026-09-01T11:22:06Z,11,64.73,26.28,corridor_h,AP-8,153,-43.58,-93.97,50.39,False,False,False,True
576,GUE-0070,guest_phone,2026-09-01T04:57:16Z,4,29.13,4.5,ward_E,AP-5,48,-52.5,-94.44,41.94,False,False,False,True
577,GUE-0070,guest_phone,2026-09-01T17:09:34Z,17,1.37,27.23,corridor_h,AP-4,44,-61.72,-95.07,33.35,False,False,False,True
578,STA-0071,staff_laptop,2026-09-01T06:13:53Z,6,46.89,28.06,corridor_h,AP-3,36,-64.24,-94.75,30.51,False,False,False,True
579,STA-0071,staff_laptop,2026-09-01T22:45:26Z,22,19.78,27.91,corridor_h,AP-4,44,-63.52,-95.56,32.04,False,False,False,True
580,STA-0071,staff_laptop,2026-09-01T01:49:17Z,1,18.94,41.35,ward_A,AP-1,36,-52.33,-95.46,43.13,False,False,False,True
581,STA-0071,staff_laptop,2026-09-01T07:10:53Z,7,37.3,42.87,ward_B,AP-2,40,-46.52,-94.94,48.42,False,False,False,True
582,STA-0071,staff_laptop,2026-09-01T14:38:25Z,14,52.94,40.87,ward_C,AP-3,36,-47.48,-94.09,46.61,True,False,False,True
583,STA-0071,staff_laptop,2026-09-01T22:48:26Z,22,51.64,5.5,ward_F,AP-6,149,-47.79,-95.52,47.73,False,False,False,True
584,CLI-0072,clinical_device,2026-09-01T18:27:47Z,18,16.95,53.02,ward_A,AP-1,36,-51.46,-95.76,44.3,False,False,False,True
585,CLI-0072,clinical_device,2026-09-01T08:44:14Z,8,29.87,42.0,ward_B,AP-2,40,-45.58,-94.36,48.78,False,False,False,True
586,CLI-0072,clinical_device,2026-09-01T23:35:26Z,23,24.98,36.28,ward_B,AP-2,40,-53.75,-94.8,41.05,False,False,False,True
587,CLI-0072,clinical_device,2026-09-01T07:27:58Z,7,15.42,51.56,ward_A,AP-1,36,-47.9,-96.76,48.86,False,False,False,True
588,CLI-0072,clinical_device,2026-09-01T14:38:14Z,14,67.8,25.8,theatre_2,AP-8,153,-43.88,-93.17,49.29,True,False,False,True
589,CLI-0072,clinical_device,2026-09-01T20:28:42Z,20,70.53,42.83,theatre_1,AP-7,153,-50.83,-94.12,43.29,False,False,False,True
590,CLI-0072,clinical_device,2026-09-01T17:24:03Z,17,23.17,37.54,ward_B,AP-2,40,-47.45,-95.29,47.84,False,False,False,True
591,GUE-0073,guest_phone,2026-09-01T10:10:55Z,10,5.61,26.72,corridor_h,AP-4,44,-58.15,-93.99,35.84,False,False,False,True
592,GUE-0073,guest_phone,2026-09-01T03:04:36Z,3,47.71,28.77,corridor_h,AP-6,149,-62.14,-96.25,34.11,False,False,False,True
593,GUE-0073,guest_phone,2026-09-01T19:25:06Z,19,76.34,55.6,lift_bank,AP-7,153,-54.83,-94.04,39.21,False,False,True,True
594,GUE-0073,guest_phone,2026-09-01T04:09:32Z,4,77.27,8.97,guest_waiting,AP-7,153,-71.84,-96.26,24.42,False,False,False,True
595,GUE-0073,guest_phone,2026-09-01T22:12:56Z,22,54.78,40.7,ward_C,AP-3,36,-48.44,-94.73,46.29,False,False,False,True
596,GUE-0073,guest_phone,2026-09-01T17:23:22Z,17,76.75,10.28,guest_waiting,AP-7,153,-73.38,-95.12,21.74,False,False,False,True
597,GUE-0074,guest_phone,2026-09-01T06:13:17Z,6,72.4,3.13,guest_waiting,AP-6,149,-87.77,-94.62,6.85,False,False,False,True
598,GUE-0074,guest_phone,2026-09-01T21:55:39Z,21,76.49,58.98,lift_bank,AP-7,153,-59.15,-95.89,36.74,False,False,True,True
599,GUE-0074,guest_phone,2026-09-01T06:00:55Z,6,56.86,26.16,corridor_h,AP-8,153,-54.66,-94.86,40.2,False,False,False,True
600,GUE-0074,guest_phone,2026-09-01T12:49:10Z,12,3.54,26.9,corridor_h,AP-4,44,-61.61,-94.54,32.93,False,True,False,True
601,GUE-0074,guest_phone,2026-09-01T07:50:15Z,7,6.74,11.21,ward_D,AP-4,44,-38.77,-96.16,57.39,False,False,False,True
602,GUE-0074,guest_phone,2026-09-01T16:33:03Z,16,72.82,8.84,guest_waiting,AP-6,149,-90.81,-95.68,4.87,False,False,False,True
603,GUE-0074,guest_phone,2026-09-01T19:14:30Z,19,60.38,8.76,icu,AP-6,149,-80.05,-93.55,13.5,False,False,False,True
604,GUE-0074,guest_phone,2026-09-01T16:26:33Z,16,75.41,57.45,lift_bank,AP-7,153,-60.78,-96.12,35.34,False,False,True,True
605,GUE-0075,guest_phone,2026-09-01T19:16:36Z,19,74.41,58.35,lift_bank,AP-7,153,-60.63,-98.24,37.61,False,False,True,True
606,GUE-0075,guest_phone,2026-09-01T05:34:20Z,5,58.66,29.5,corridor_h,AP-8,153,-54.02,-96.65,42.63,False,False,False,True
607,GUE-0075,guest_phone,2026-09-01T22:20:32Z,22,30.27,29.08,corridor_h,AP-2,40,-59.85,-94.5,34.65,False,False,False,True
608,GUE-0075,guest_phone,2026-09-01T20:35:53Z,20,8.99,53.99,ward_A,AP-1,36,-53.97,-96.69,42.72,False,False,False,True
609,GUE-0075,guest_phone,2026-09-01T08:03:33Z,8,75.15,7.8,guest_waiting,AP-7,153,-71.5,-95.14,23.64,False,False,False,True
610,GUE-0076,guest_phone,2026-09-01T13:07:25Z,13,66.05,0.29,icu,AP-6,149,-85.45,-97.22,11.77,False,False,False,True
611,GUE-0076,guest_phone,2026-09-01T01:55:37Z,1,77.24,55.6,lift_bank,AP-7,153,-57.58,-94.2,36.62,False,False,True,True
612,GUE-0076,guest_phone,2026-09-01T05:43:21Z,5,79.13,17.96,guest_waiting,AP-8,153,-59.82,-97.03,37.21,False,False,False,True
613,GUE-0076,guest_phone,2026-09-01T01:40:02Z,1,33.31,19.55,ward_E,AP-5,48,-50.98,-93.59,42.61,False,False,False,True
614,GUE-0076,guest_phone,2026-09-01T14:08:18Z,14,31.14,23.08,ward_E,AP-1,36,-63.09,-95.77,32.68,True,False,False,True
615,GUE-0076,guest_phone,2026-09-01T00:38:59Z,0,22.24,30.95,ward_B,AP-2,40,-59.63,-95.41,35.78,False,False,False,True
616,GUE-0076,guest_phone,2026-09-01T20:07:58Z,20,15.49,27.49,corridor_h,AP-1,36,-63.07,-92.83,29.76,False,False,False,True
617,STA-0077,staff_laptop,2026-09-01T17:12:12Z,17,5.11,11.55,ward_D,AP-4,44,-47.83,-94.28,46.45,False,False,False,True
618,STA-0077,staff_laptop,2026-09-01T20:57:23Z,20,56.4,40.29,ward_C,AP-3,36,-50.24,-95.75,45.51,False,False,False,True
619,STA-0077,staff_laptop,2026-09-01T17:43:33Z,17,46.54,57.52,ward_C,AP-3,36,-57.06,-92.83,35.77,False,False,False,True
620,STA-0077,staff_laptop,2026-09-01T13:05:32Z,13,26.22,6.58,ward_E,AP-5,48,-50.38,-91.81,41.43,False,False,False,True
621,STA-0077,staff_laptop,2026-09-01T14:35:54Z,14,25.24,5.55,ward_E,AP-4,44,-58.74,-95.19,36.45,True,False,False,True
622,STA-0077,staff_laptop,2026-09-01T14:16:55Z,14,19.4,32.0,ward_A,AP-1,36,-58.05,-95.53,37.48,True,False,False,True
623,STA-0077,staff_laptop,2026-09-01T20:32:39Z,20,42.89,2.74,ward_F,AP-5,48,-58.81,-92.53,33.72,False,False,False,True
624,STA-0077,staff_laptop,2026-09-01T01:09:20Z,1,31.23,24.14,ward_E,AP-5,48,-54.56,-92.5,37.94,False,False,False,True
625,STA-0078,staff_laptop,2026-09-01T14:14:57Z,14,55.66,1.64,ward_F,AP-6,149,-57.63,-94.56,36.93,True,False,False,True
626,STA-0078,staff_laptop,2026-09-01T19:08:17Z,19,17.48,47.06,ward_A,AP-1,36,-47.9,-94.34,46.44,False,False,False,True
627,STA-0078,staff_laptop,2026-09-01T02:02:12Z,2,76.64,10.4,icu,AP-7,153,-67.41,-94.21,26.8,False,False,False,True
628,STA-0078,staff_laptop,2026-09-01T19:03:37Z,19,66.0,55.22,theatre_1,AP-7,153,-48.15,-97.03,48.88,False,False,False,True
629,STA-0078,staff_laptop,2026-09-01T01:14:12Z,1,0.86,20.74,ward_D,AP-4,44,-57.02,-97.37,40.35,False,False,False,True
630,STA-0078,staff_laptop,2026-09-01T08:55:57Z,8,26.8,38.85,ward_B,AP-2,40,-51.44,-93.6,42.16,False,False,False,True
631,STA-0078,staff_laptop,2026-09-01T13:01:48Z,13,18.94,22.72,ward_D,AP-4,44,-55.16,-93.63,38.47,False,False,False,True
632,GUE-0079,guest_phone,2026-09-01T09:12:57Z,9,77.74,4.15,guest_waiting,AP-7,153,-70.48,-94.57,24.09,False,False,False,True
633,GUE-0079,guest_phone,2026-09-01T16:49:07Z,16,66.29,20.17,theatre_2,AP-8,153,-71.22,-94.59,23.37,False,False,False,True
634,GUE-0079,guest_phone,2026-09-01T13:06:26Z,13,55.39,17.42,ward_F,AP-6,149,-50.68,-96.13,45.45,False,False,False,True
635,GUE-0079,guest_phone,2026-09-01T10:29:14Z,10,78.03,56.88,lift_bank,AP-7,153,-59.05,-90.96,31.91,False,False,True,True
636,GUE-0079,guest_phone,2026-09-01T16:33:32Z,16,8.79,29.89,corridor_h,AP-4,44,-63.45,-94.15,30.7,False,False,False,True
637,GUE-0079,guest_phone,2026-09-01T04:16:41Z,4,6.59,29.95,corridor_h,AP-1,36,-61.28,-94.5,33.22,False,False,False,True
638,STA-0080,staff_laptop,2026-09-01T10:50:23Z,10,73.42,3.96,icu,AP-6,149,-93.14,-97.12,3.98,False,False,False,True
639,STA-0080,staff_laptop,2026-09-01T10:07:12Z,10,22.51,15.85,ward_E,AP-5,48,-52.94,-95.85,42.91,False,False,False,True
640,STA-0080,staff_laptop,2026-09-01T00:57:45Z,0,20.62,50.42,ward_B,AP-2,40,-54.8,-97.38,42.58,False,False,False,True
641,STA-0080,staff_laptop,2026-09-01T17:02:29Z,17,10.96,14.92,ward_D,AP-4,44,-33.48,-97.9,64.42,False,False,False,True
642,STA-0080,staff_laptop,2026-09-01T17:42:27Z,17,55.78,4.53,ward_F,AP-6,149,-55.3,-96.06,40.76,False,False,False,True
643,STA-0080,staff_laptop,2026-09-01T09:34:25Z,9,59.24,23.86,ward_F,AP-8,153,-54.71,-92.82,38.11,False,False,False,True
644,STA-0080,staff_laptop,2026-09-01T06:13:12Z,6,38.97,42.18,ward_B,AP-2,40,-53.62,-95.51,41.89,False,False,False,True
645,GUE-0081,guest_phone,2026-09-01T06:40:56Z,6,53.41,18.12,ward_F,AP-6,149,-48.29,-93.73,45.44,False,False,False,True
646,GUE-0081,guest_phone,2026-09-01T16:47:29Z,16,74.94,55.7,lift_bank,AP-7,153,-55.01,-94.82,39.81,False,False,True,True
647,GUE-0081,guest_phone,2026-09-01T10:34:34Z,10,53.04,6.91,ward_F,AP-6,149,-52.17,-95.64,43.47,False,False,False,True
648,GUE-0081,guest_phone,2026-09-01T08:02:29Z,8,78.68,8.83,guest_waiting,AP-7,153,-69.32,-95.86,26.54,False,False,False,True
649,GUE-0081,guest_phone,2026-09-01T05:47:19Z,5,73.71,57.0,lift_bank,AP-7,153,-55.75,-95.59,39.84,False,False,True,True
650,GUE-0082,guest_phone,2026-09-01T13:58:21Z,13,76.13,13.67,guest_waiting,AP-7,153,-70.11,-98.48,28.37,False,False,False,True
651,GUE-0082,guest_phone,2026-09-01T08:09:12Z,8,36.67,26.73,corridor_h,AP-5,48,-57.55,-95.67,38.12,False,False,False,True
652,GUE-0082,guest_phone,2026-09-01T11:16:02Z,11,60.28,55.55,theatre_1,AP-7,153,-49.69,-96.96,47.27,False,False,False,True
653,GUE-0082,guest_phone,2026-09-01T23:40:21Z,23,42.67,27.26,corridor_h,AP-6,149,-62.31,-93.9,31.59,False,False,False,True
654,GUE-0082,guest_phone,2026-09-01T19:11:35Z,19,73.14,55.37,lift_bank,AP-7,153,-49.32,-92.03,42.71,False,False,True,True
655,GUE-0082,guest_phone,2026-09-01T05:52:51Z,5,76.93,56.17,lift_bank,AP-7,153,-59.15,-95.36,36.21,False,False,True,True
656,GUE-0082,guest_phone,2026-09-01T01:39:29Z,1,65.91,27.95,corridor_h,AP-8,153,-38.97,-95.43,56.46,False,False,False,True
657,GUE-0082,guest_phone,2026-09-01T01:26:55Z,1,53.29,35.89,ward_C,AP-3,36,-54.67,-92.96,38.29,False,False,False,True
658,STA-0083,staff_laptop,2026-09-01T00:26:14Z,0,24.35,39.97,ward_B,AP-2,40,-51.05,-94.91,43.86,False,False,False,True
659,STA-0083,staff_laptop,2026-09-01T11:24:49Z,11,21.48,25.11,corridor_h,AP-5,48,-61.05,-98.51,37.46,False,False,False,True
660,STA-0083,staff_laptop,2026-09-01T18:06:40Z,18,17.79,40.41,ward_A,AP-1,36,-52.76,-96.26,43.5,False,False,False,True
661,STA-0083,staff_laptop,2026-09-01T19:49:49Z,19,47.75,57.73,ward_C,AP-3,36,-54.7,-94.8,40.1,False,False,False,True
662,STA-0083,staff_laptop,2026-09-01T13:27:10Z,13,19.21,14.49,ward_D,AP-4,44,-54.9,-94.62,39.72,False,False,False,True
663,STA-0083,staff_laptop,2026-09-01T15:10:41Z,15,50.6,38.55,ward_C,AP-3,36,-48.42,-92.14,43.72,True,False,False,True
664,STA-0083,staff_laptop,2026-09-01T18:22:07Z,18,13.05,0.45,ward_D,AP-4,44,-68.64,-97.33,28.69,False,False,False,True
665,GUE-0084,guest_phone,2026-09-01T04:23:48Z,4,79.08,8.85,guest_waiting,AP-7,153,-70.49,-95.47,24.98,False,False,False,True
666,GUE-0084,guest_phone,2026-09-01T08:21:13Z,8,74.87,56.32,lift_bank,AP-7,153,-57.25,-96.75,39.5,False,False,True,True
667,GUE-0084,guest_phone,2026-09-01T02:30:24Z,2,78.87,59.53,lift_bank,AP-7,153,-58.7,-94.61,35.91,False,False,True,True
668,CLI-0085,clinical_device,2026-09-01T04:47:19Z,4,12.56,41.93,ward_A,AP-1,36,-45.13,-94.85,49.72,False,False,False,True
669,CLI-0085,clinical_device,2026-09-01T23:27:57Z,23,69.29,51.92,theatre_1,AP-7,153,-41.07,-90.33,49.26,False,False,False,True
670,CLI-0085,clinical_device,2026-09-01T11:46:04Z,11,22.25,26.0,corridor_h,AP-4,44,-61.12,-93.7,32.58,False,False,False,True
671,CLI-0085,clinical_device,2026-09-01T16:24:46Z,16,24.73,1.7,ward_E,AP-5,48,-59.2,-93.42,34.22,False,False,False,True
672,CLI-0085,clinical_device,2026-09-01T10:19:35Z,10,66.57,46.29,theatre_1,AP-7,153,-42.3,-94.56,52.26,False,False,False,True
673,CLI-0085,clinical_device,2026-09-01T22:10:25Z,22,41.87,41.61,ward_C,AP-3,36,-53.56,-96.65,43.09,False,False,False,True
674,CLI-0085,clinical_device,2026-09-01T11:13:04Z,11,7.46,18.8,ward_D,AP-4,44,-45.09,-95.5,50.41,False,False,False,True
675,CLI-0085,clinical_device,2026-09-01T17:44:03Z,17,56.07,13.47,ward_F,AP-6,149,-47.57,-95.88,48.31,False,False,False,True
676,STA-0086,staff_laptop,2026-09-01T09:49:59Z,9,45.49,16.91,ward_F,AP-6,149,-47.2,-96.2,49.0,False,False,False,True
677,STA-0086,staff_laptop,2026-09-01T09:44:11Z,9,58.43,30.05,ward_C,AP-8,153,-48.17,-97.46,49.29,False,False,False,True
678,STA-0086,staff_laptop,2026-09-01T12:12:38Z,12,4.16,24.34,ward_D,AP-4,44,-57.29,-95.59,38.3,False,False,False,True
679,STA-0086,staff_laptop,2026-09-01T15:41:58Z,15,47.78,21.42,ward_F,AP-6,149,-52.28,-95.17,42.89,True,False,False,True
680,CLI-0087,clinical_device,2026-09-01T13:15:08Z,13,72.65,37.07,corridor_v,AP-8,153,-52.72,-94.05,41.33,False,False,False,True
681,CLI-0087,clinical_device,2026-09-01T11:46:23Z,11,77.87,0.36,icu,AP-7,153,-71.64,-91.99,20.35,False,False,False,True
682,CLI-0087,clinical_device,2026-09-01T00:23:26Z,0,51.88,46.08,ward_C,AP-3,36,-29.91,-94.43,64.52,False,False,False,True
683,CLI-0087,clinical_device,2026-09-01T04:04:51Z,4,61.24,32.46,theatre_2,AP-8,153,-46.69,-95.84,49.15,False,False,False,True
684,CLI-0087,clinical_device,2026-09-01T03:59:38Z,3,25.18,6.7,ward_E,AP-5,48,-55.35,-97.09,41.74,False,False,False,True
685,CLI-0087,clinical_device,2026-09-01T06:30:16Z,6,13.34,40.22,ward_A,AP-1,36,-48.2,-96.17,47.97,False,False,False,True
686,GUE-0088,guest_phone,2026-09-01T10:40:22Z,10,72.75,57.54,lift_bank,AP-7,153,-56.04,-95.4,39.36,False,False,True,True
687,GUE-0088,guest_phone,2026-09-01T18:41:57Z,18,59.42,26.28,corridor_h,AP-8,153,-50.69,-96.05,45.36,False,False,False,True
688,GUE-0088,guest_phone,2026-09-01T23:46:55Z,23,61.77,9.92,icu,AP-6,149,-80.11,-96.1,15.99,False,False,False,True
689,GUE-0088,guest_phone,2026-09-01T18:47:56Z,18,60.95,25.72,corridor_h,AP-8,153,-50.68,-96.11,45.43,False,False,False,True
690,GUE-0088,guest_phone,2026-09-01T15:20:14Z,15,79.63,14.93,guest_waiting,AP-8,153,-59.68,-95.67,35.99,True,False,False,True
691,GUE-0088,guest_phone,2026-09-01T21:52:51Z,21,73.81,6.64,guest_waiting,AP-6,149,-89.16,-98.2,9.04,False,False,False,True
692,GUE-0088,guest_phone,2026-09-01T18:45:06Z,18,42.77,26.44,corridor_h,AP-5,48,-62.27,-95.13,32.86,False,False,False,True
693,GUE-0089,guest_phone,2026-09-01T11:04:26Z,11,74.24,0.72,guest_waiting,AP-6,149,-89.35,-95.67,6.32,False,False,False,True
694,GUE-0089,guest_phone,2026-09-01T10:43:07Z,10,61.27,28.46,corridor_h,AP-8,153,-48.07,-94.69,46.62,False,False,False,True
695,GUE-0089,guest_phone,2026-09-01T05:56:49Z,5,32.63,26.52,corridor_h,AP-5,48,-61.04,-95.53,34.49,False,False,False,True
696,STA-0090,staff_laptop,2026-09-01T17:04:48Z,17,16.19,59.3,ward_A,AP-2,40,-59.68,-94.94,35.26,False,False,False,True
697,STA-0090,staff_laptop,2026-09-01T07:15:48Z,7,38.38,58.41,ward_B,AP-3,36,-60.82,-94.55,33.73,False,False,False,True
698,STA-0090,staff_laptop,2026-09-01T22:27:48Z,22,45.39,2.63,ward_F,AP-6,149,-55.8,-97.51,41.71,False,False,False,True
699,STA-0090,staff_laptop,2026-09-01T06:29:36Z,6,50.15,58.45,ward_C,AP-3,36,-58.92,-95.74,36.82,False,False,False,True
700,STA-0090,staff_laptop,2026-09-01T03:11:46Z,3,42.01,37.31,ward_C,AP-3,36,-53.58,-93.09,39.51,False,False,False,True
701,STA-0090,staff_laptop,2026-09-01T15:05:52Z,15,5.53,42.86,ward_A,AP-1,36,-49.43,-94.64,45.21,True,False,False,True
702,STA-0090,staff_laptop,2026-09-01T13:42:51Z,13,34.53,27.33,corridor_h,AP-5,48,-60.63,-93.98,33.35,False,False,False,True
703,STA-0090,staff_laptop,2026-09-01T01:00:52Z,1,48.8,59.15,ward_C,AP-3,36,-54.44,-95.13,40.69,False,False,False,True
704,STA-0091,staff_laptop,2026-09-01T20:30:09Z,20,52.81,44.26,ward_C,AP-3,36,-40.1,-98.79,58.69,False,False,False,True
705,STA-0091,staff_laptop,2026-09-01T23:18:27Z,23,11.77,4.14,ward_D,AP-4,44,-64.11,-95.41,31.3,False,False,False,True
706,STA-0091,staff_laptop,2026-09-01T10:32:20Z,10,73.05,37.63,corridor_v,AP-8,153,-53.95,-95.26,41.31,False,False,False,True
707,STA-0091,staff_laptop,2026-09-01T10:34:07Z,10,60.14,36.82,theatre_2,AP-8,153,-52.87,-95.02,42.15,False,False,False,True
708,GUE-0092,guest_phone,2026-09-01T18:55:38Z,18,72.75,57.48,lift_bank,AP-7,153,-52.73,-92.59,39.86,False,False,True,True
709,GUE-0092,guest_phone,2026-09-01T00:33:36Z,0,75.76,56.18,lift_bank,AP-7,153,-58.34,-95.44,37.1,False,False,True,False
710,GUE-0092,guest_phone,2026-09-01T12:57:35Z,12,73.66,3.67,guest_waiting,AP-6,149,-90.78,-96.82,6.04,False,True,False,True
711,GUE-0092,guest_phone,2026-09-01T06:21:43Z,6,79.73,58.84,lift_bank,AP-7,153,-65.17,-92.41,27.24,False,False,True,True
712,GUE-0092,guest_phone,2026-09-01T19:35:41Z,19,36.77,48.93,ward_B,AP-2,40,-49.0,-92.42,43.42,False,False,False,True
713,GUE-0092,guest_phone,2026-09-01T02:53:40Z,2,79.78,59.33,lift_bank,AP-7,153,-62.35,-97.22,34.87,False,False,True,True
714,IOT-0093,iot_sensor,2026-09-01T11:48:58Z,11,75.42,11.27,icu,AP-7,153,-72.29,-92.96,20.67,False,False,False,True
715,IOT-0093,iot_sensor,2026-09-01T13:19:44Z,13,48.68,32.25,ward_C,AP-3,36,-53.48,-95.61,42.13,False,False,False,True
716,IOT-0093,iot_sensor,2026-09-01T10:03:46Z,10,79.34,10.14,icu,AP-8,153,-61.34,-94.26,32.92,False,False,False,True
717,IOT-0093,iot_sensor,2026-09-01T21:15:28Z,21,21.17,37.96,ward_B,AP-2,40,-55.24,-91.79,36.55,False,False,False,True
718,IOT-0093,iot_sensor,2026-09-01T09:32:10Z,9,8.62,19.96,ward_D,AP-4,44,-49.27,-93.79,44.52,False,False,False,True
719,IOT-0093,iot_sensor,2026-09-01T01:55:44Z,1,8.31,22.25,ward_D,AP-4,44,-55.89,-96.75,40.86,False,False,False,True
720,IOT-0093,iot_sensor,2026-09-01T14:45:10Z,14,11.13,54.39,ward_A,AP-1,36,-51.72,-92.86,41.14,True,False,False,True
721,IOT-0093,iot_sensor,2026-09-01T08:03:48Z,8,25.24,9.33,ward_E,AP-5,48,-44.1,-94.66,50.56,False,False,False,True
722,IOT-0093,iot_sensor,2026-09-01T11:04:59Z,11,63.49,9.05,icu,AP-6,149,-80.71,-97.14,16.43,False,False,False,True
723,IOT-0093,iot_sensor,2026-09-01T07:42:04Z,7,38.18,40.09,ward_B,AP-2,40,-50.09,-95.58,45.49,False,False,False,True
724,IOT-0093,iot_sensor,2026-09-01T19:25:09Z,19,52.5,37.42,ward_C,AP-3,36,-51.41,-94.6,43.19,False,False,False,True
725,IOT-0093,iot_sensor,2026-09-01T09:00:14Z,9,49.69,4.78,ward_F,AP-6,149,-51.91,-95.91,44.0,False,False,False,True
726,IOT-0093,iot_sensor,2026-09-01T14:36:47Z,14,36.71,23.97,ward_E,AP-6,149,-58.9,-95.04,36.14,True,False,False,True
727,IOT-0093,iot_sensor,2026-09-01T09:35:56Z,9,52.68,53.08,ward_C,AP-3,36,-51.21,-94.8,43.59,False,False,False,True
728,IOT-0093,iot_sensor,2026-09-01T19:53:24Z,19,50.45,14.0,ward_F,AP-6,149,-35.3,-93.09,57.79,False,False,False,True
729,IOT-0093,iot_sensor,2026-09-01T05:37:06Z,5,58.04,32.46,ward_C,AP-8,153,-51.52,-93.13,41.61,False,False,False,True
730,IOT-0093,iot_sensor,2026-09-01T01:06:30Z,1,25.06,24.08,ward_E,AP-5,48,-58.78,-94.22,35.44,False,False,False,True
731,IOT-0093,iot_sensor,2026-09-01T22:18:09Z,22,17.59,31.0,ward_A,AP-1,36,-58.86,-94.34,35.48,False,False,False,True
732,IOT-0093,iot_sensor,2026-09-01T09:31:46Z,9,63.59,6.71,icu,AP-6,149,-80.18,-96.37,16.19,False,False,False,True
733,IOT-0093,iot_sensor,2026-09-01T12:55:58Z,12,36.77,10.64,ward_E,AP-5,48,-49.67,-96.78,47.11,False,True,False,True
734,IOT-0093,iot_sensor,2026-09-01T10:41:21Z,10,46.05,11.86,ward_F,AP-6,149,-44.87,-93.52,48.65,False,False,False,True
735,IOT-0093,iot_sensor,2026-09-01T09:31:25Z,9,35.39,19.86,ward_E,AP-5,48,-52.21,-93.71,41.5,False,False,False,True
736,IOT-0093,iot_sensor,2026-09-01T17:15:29Z,17,37.06,51.17,ward_B,AP-2,40,-47.94,-93.75,45.81,False,False,False,True
737,IOT-0093,iot_sensor,2026-09-01T22:39:24Z,22,3.24,10.02,ward_D,AP-4,44,-49.52,-95.8,46.28,False,False,False,True
738,IOT-0093,iot_sensor,2026-09-01T01:04:55Z,1,45.09,37.14,ward_C,AP-3,36,-52.68,-95.95,43.27,False,False,False,True
739,IOT-0093,iot_sensor,2026-09-01T20:41:23Z,20,29.69,39.87,ward_B,AP-2,40,-47.35,-93.87,46.52,False,False,False,True
740,IOT-0093,iot_sensor,2026-09-01T03:42:43Z,3,65.71,6.49,icu,AP-6,149,-84.59,-95.94,11.35,False,False,False,True
741,IOT-0093,iot_sensor,2026-09-01T11:59:59Z,11,18.31,19.21,ward_D,AP-4,44,-53.28,-94.13,40.85,False,False,False,True
742,IOT-0093,iot_sensor,2026-09-01T10:02:06Z,10,16.97,11.66,ward_D,AP-4,44,-51.11,-98.14,47.03,False,False,False,True
743,IOT-0093,iot_sensor,2026-09-01T22:52:53Z,22,49.72,10.35,ward_F,AP-6,149,-35.6,-95.87,60.27,False,False,False,True
744,IOT-0093,iot_sensor,2026-09-01T19:30:41Z,19,22.33,23.91,ward_E,AP-5,48,-56.45,-96.19,39.74,False,False,False,True
745,IOT-0093,iot_sensor,2026-09-01T02:47:23Z,2,25.77,48.18,ward_B,AP-2,40,-47.11,-95.3,48.19,False,False,False,True
746,IOT-0093,iot_sensor,2026-09-01T10:31:28Z,10,78.35,5.87,icu,AP-7,153,-74.45,-97.43,22.98,False,False,False,True
747,IOT-0093,iot_sensor,2026-09-01T22:03:11Z,22,18.56,58.8,ward_A,AP-1,36,-58.2,-93.95,35.75,False,False,False,True
748,IOT-0093,iot_sensor,2026-09-01T01:42:58Z,1,16.79,58.99,ward_A,AP-1,36,-58.01,-95.85,37.84,False,False,False,True
749,IOT-0093,iot_sensor,2026-09-01T22:50:07Z,22,34.36,16.84,ward_E,AP-5,48,-45.26,-92.97,47.71,False,False,False,True
750,IOT-0093,iot_sensor,2026-09-01T20:14:19Z,20,4.31,8.99,ward_D,AP-4,44,-50.08,-95.18,45.1,False,False,False,True
751,GUE-0094,guest_phone,2026-09-01T03:06:01Z,3,41.52,26.18,corridor_h,AP-5,48,-62.46,-97.03,34.57,False,False,False,True
752,GUE-0094,guest_phone,2026-09-01T06:57:33Z,6,77.29,57.83,lift_bank,AP-7,153,-62.4,-93.35,30.95,False,False,True,True
753,GUE-0094,guest_phone,2026-09-01T05:55:31Z,5,34.36,50.85,ward_B,AP-2,40,-47.86,-94.05,46.19,False,False,False,True
754,GUE-0094,guest_phone,2026-09-01T11:18:59Z,11,79.17,10.52,guest_waiting,AP-8,153,-66.44,-94.43,27.99,False,False,False,True
755,GUE-0094,guest_phone,2026-09-01T01:19:25Z,1,25.78,15.97,ward_E,AP-5,48,-46.85,-97.07,50.22,False,False,False,True
756,GUE-0095,guest_phone,2026-09-01T09:52:32Z,9,75.72,0.18,guest_waiting,AP-7,153,-85.76,-94.95,9.19,False,False,False,True
757,GUE-0095,guest_phone,2026-09-01T13:28:37Z,13,53.35,39.58,ward_C,AP-3,36,-47.2,-94.55,47.35,False,False,False,True
758,GUE-0095,guest_phone,2026-09-01T16:44:39Z,16,28.13,27.31,corridor_h,AP-2,40,-62.5,-95.49,32.99,False,False,False,True
759,GUE-0095,guest_phone,2026-09-01T19:07:55Z,19,26.98,25.53,corridor_h,AP-5,48,-58.56,-95.67,37.11,False,False,False,True
760,GUE-0095,guest_phone,2026-09-01T00:04:05Z,0,18.47,27.41,corridor_h,AP-1,36,-60.43,-97.23,36.8,False,False,False,True
761,GUE-0095,guest_phone,2026-09-01T01:28:50Z,1,78.75,16.27,guest_waiting,AP-8,153,-59.02,-94.5,35.48,False,False,False,True
762,GUE-0095,guest_phone,2026-09-01T19:37:22Z,19,78.55,0.82,guest_waiting,AP-7,153,-75.26,-96.43,21.17,False,False,False,True
763,GUE-0095,guest_phone,2026-09-01T12:30:50Z,12,74.81,16.98,guest_waiting,AP-7,153,-67.82,-91.19,23.37,False,True,False,True
764,STA-0096,staff_laptop,2026-09-01T11:50:55Z,11,2.93,8.99,ward_D,AP-4,44,-51.13,-91.43,40.3,False,False,False,True
765,STA-0096,staff_laptop,2026-09-01T08:31:37Z,8,39.5,48.27,ward_B,AP-3,36,-54.63,-92.18,37.55,False,False,False,True
766,STA-0096,staff_laptop,2026-09-01T10:47:08Z,10,45.07,38.69,ward_C,AP-3,36,-50.26,-95.62,45.36,False,False,False,True
767,STA-0096,staff_laptop,2026-09-01T11:12:25Z,11,79.85,46.0,corridor_v,AP-7,153,-60.26,-92.57,32.31,False,False,False,True
768,STA-0096,staff_laptop,2026-09-01T10:20:47Z,10,61.66,29.53,corridor_h,AP-8,153,-45.52,-96.79,51.27,False,False,False,True
769,STA-0096,staff_laptop,2026-09-01T07:41:48Z,7,38.39,50.07,ward_B,AP-2,40,-55.1,-96.49,41.39,False,False,False,True
770,STA-0097,staff_laptop,2026-09-01T14:58:38Z,14,6.33,32.36,ward_A,AP-1,36,-56.05,-93.08,37.03,True,False,False,True
771,STA-0097,staff_laptop,2026-09-01T13:04:48Z,13,57.25,28.02,corridor_h,AP-8,153,-57.06,-93.84,36.78,False,False,False,True
772,STA-0097,staff_laptop,2026-09-01T00:11:17Z,0,57.64,45.21,ward_C,AP-3,36,-51.1,-94.36,43.26,False,False,False,True
773,IOT-0098,iot_sensor,2026-09-01T02:18:59Z,2,35.36,12.03,ward_E,AP-5,48,-43.06,-94.67,51.61,False,False,False,True
774,IOT-0098,iot_sensor,2026-09-01T21:15:00Z,21,48.95,14.54,ward_F,AP-6,149,-34.87,-97.47,62.6,False,False,False,True
775,IOT-0098,iot_sensor,2026-09-01T03:01:26Z,3,7.31,20.79,ward_D,AP-4,44,-55.42,-95.87,40.45,False,False,False,True
776,IOT-0098,iot_sensor,2026-09-01T17:06:28Z,17,64.08,19.4,icu,AP-8,153,-96.97,-95.09,-1.88,False,False,False,True
777,IOT-0098,iot_sensor,2026-09-01T19:30:44Z,19,61.42,13.83,icu,AP-6,149,-81.14,-93.69,12.55,False,False,False,True
778,IOT-0098,iot_sensor,2026-09-01T22:07:46Z,22,52.38,33.28,ward_C,AP-3,36,-53.04,-95.82,42.78,False,False,False,True
779,IOT-0098,iot_sensor,2026-09-01T06:08:30Z,6,4.72,49.53,ward_A,AP-1,36,-48.53,-96.68,48.15,False,False,False,True
780,IOT-0098,iot_sensor,2026-09-01T09:13:48Z,9,32.59,38.1,ward_B,AP-2,40,-52.69,-92.94,40.25,False,False,False,True
781,IOT-0098,iot_sensor,2026-09-01T13:16:02Z,13,15.57,54.91,ward_A,AP-1,36,-53.62,-95.61,41.99,False,False,False,True
782,IOT-0098,iot_sensor,2026-09-01T04:14:34Z,4,28.87,44.5,ward_B,AP-2,40,-35.92,-94.87,58.95,False,False,False,True
783,IOT-0098,iot_sensor,2026-09-01T10:46:09Z,10,35.02,51.9,ward_B,AP-2,40,-46.76,-95.35,48.59,False,False,False,True
784,IOT-0098,iot_sensor,2026-09-01T20:01:32Z,20,75.16,11.13,icu,AP-7,153,-71.77,-96.66,24.89,False,False,False,True
785,IOT-0098,iot_sensor,2026-09-01T04:00:35Z,4,17.5,24.92,ward_D,AP-4,44,-52.3,-90.67,38.37,False,False,False,True
786,IOT-0098,iot_sensor,2026-09-01T10:03:56Z,10,39.31,20.97,ward_E,AP-6,149,-54.61,-95.78,41.17,False,False,False,True
787,IOT-0098,iot_sensor,2026-09-01T00:37:49Z,0,28.94,43.37,ward_B,AP-2,40,-40.95,-93.17,52.22,False,False,False,True
788,IOT-0098,iot_sensor,2026-09-01T11:51:30Z,11,54.24,18.2,ward_F,AP-6,149,-50.83,-95.45,44.62,False,False,False,True
789,IOT-0098,iot_sensor,2026-09-01T17:36:51Z,17,12.67,36.44,ward_A,AP-1,36,-51.94,-96.07,44.13,False,False,False,True
790,IOT-0098,iot_sensor,2026-09-01T20:14:33Z,20,56.7,53.81,ward_C,AP-7,153,-52.66,-95.86,43.2,False,False,False,True
791,IOT-0098,iot_sensor,2026-09-01T04:31:45Z,4,66.77,7.5,icu,AP-6,149,-86.33,-94.59,8.26,False,False,False,True
792,IOT-0098,iot_sensor,2026-09-01T07:25:47Z,7,66.3,6.41,icu,AP-6,149,-83.9,-95.63,11.73,False,False,False,True
793,IOT-0098,iot_sensor,2026-09-01T05:00:56Z,5,32.94,13.13,ward_E,AP-5,48,-35.27,-93.81,58.54,False,False,False,True
794,IOT-0098,iot_sensor,2026-09-01T17:33:32Z,17,10.21,7.38,ward_D,AP-4,44,-57.43,-94.03,36.6,False,False,False,True
795,IOT-0098,iot_sensor,2026-09-01T16:12:39Z,16,18.86,42.85,ward_A,AP-1,36,-55.75,-95.71,39.96,False,False,False,True
796,IOT-0098,iot_sensor,2026-09-01T14:19:54Z,14,9.16,54.09,ward_A,AP-1,36,-54.06,-94.73,40.67,True,False,False,True
797,IOT-0098,iot_sensor,2026-09-01T14:24:51Z,14,16.91,2.71,ward_D,AP-4,44,-69.01,-93.27,24.26,True,False,False,True
798,IOT-0098,iot_sensor,2026-09-01T00:52:20Z,0,28.53,10.2,ward_E,AP-5,48,-39.46,-95.99,56.53,False,False,False,True
799,IOT-0098,iot_sensor,2026-09-01T22:06:38Z,22,41.95,41.45,ward_C,AP-3,36,-56.65,-97.04,40.39,False,False,False,True
800,IOT-0098,iot_sensor,2026-09-01T15:25:21Z,15,38.51,58.66,ward_B,AP-2,40,-59.06,-94.96,35.9,True,False,False,True
801,IOT-0098,iot_sensor,2026-09-01T09:22:43Z,9,50.29,11.19,ward_F,AP-6,149,-22.2,-95.5,73.3,False,False,False,True
802,IOT-0098,iot_sensor,2026-09-01T00:04:40Z,0,10.63,59.26,ward_A,AP-1,36,-59.33,-95.86,36.53,False,False,False,True
803,IOT-0098,iot_sensor,2026-09-01T18:18:05Z,18,41.14,2.85,ward_F,AP-6,149,-56.81,-93.05,36.24,False,False,False,True
804,IOT-0098,iot_sensor,2026-09-01T13:59:28Z,13,75.23,11.66,icu,AP-7,153,-69.42,-96.0,26.58,False,False,False,True
805,IOT-0098,iot_sensor,2026-09-01T03:24:16Z,3,6.2,7.41,ward_D,AP-4,44,-59.05,-95.02,35.97,False,False,False,True
806,IOT-0098,iot_sensor,2026-09-01T21:48:55Z,21,49.2,13.98,ward_F,AP-6,149,-31.58,-96.14,64.56,False,False,False,True
807,IOT-0098,iot_sensor,2026-09-01T22:17:33Z,22,48.04,55.02,ward_C,AP-3,36,-51.48,-96.21,44.73,False,False,False,True
808,IOT-0098,iot_sensor,2026-09-01T15:21:11Z,15,28.0,56.15,ward_B,AP-2,40,-54.27,-93.88,39.61,True,False,False,True
809,IOT-0098,iot_sensor,2026-09-01T18:34:36Z,18,51.56,20.63,ward_F,AP-6,149,-50.28,-96.05,45.77,False,False,False,True
810,IOT-0098,iot_sensor,2026-09-01T08:38:16Z,8,70.01,16.16,icu,AP-6,149,-91.13,-92.5,1.37,False,False,False,True
811,IOT-0098,iot_sensor,2026-09-01T12:26:29Z,12,41.52,35.27,ward_C,AP-2,40,-57.49,-94.49,37.0,False,False,False,True
812,IOT-0098,iot_sensor,2026-09-01T08:01:04Z,8,5.4,24.08,ward_D,AP-4,44,-57.04,-94.62,37.58,False,False,False,True
813,IOT-0098,iot_sensor,2026-09-01T11:15:46Z,11,68.64,16.74,icu,AP-6,149,-86.39,-95.02,8.63,False,False,False,True
814,IOT-0098,iot_sensor,2026-09-01T09:00:29Z,9,25.59,6.12,ward_E,AP-5,48,-52.14,-96.66,44.52,False,False,False,True
815,IOT-0098,iot_sensor,2026-09-01T13:17:36Z,13,68.27,19.58,icu,AP-8,153,-100.96,-92.92,-8.04,False,False,False,True
816,IOT-0098,iot_sensor,2026-09-01T22:22:17Z,22,72.23,11.26,icu,AP-6,149,-85.62,-95.21,9.59,False,False,False,True
817,GUE-0099,guest_phone,2026-09-01T19:03:05Z,19,78.93,16.79,guest_waiting,AP-8,153,-60.75,-96.26,35.51,False,False,False,True
818,GUE-0099,guest_phone,2026-09-01T21:07:38Z,21,68.82,28.91,corridor_h,AP-8,153,-40.98,-93.53,52.55,False,False,False,True
819,GUE-0099,guest_phone,2026-09-01T17:58:51Z,17,79.79,11.03,guest_waiting,AP-8,153,-63.45,-95.54,32.09,False,False,False,True
820,GUE-0099,guest_phone,2026-09-01T02:19:26Z,2,77.99,59.83,lift_bank,AP-7,153,-58.99,-96.76,37.77,False,False,True,True
821,GUE-0099,guest_phone,2026-09-01T01:06:10Z,1,13.95,12.05,ward_D,AP-4,44,-41.28,-95.5,54.22,False,False,False,True
822,GUE-0099,guest_phone,2026-09-01T14:24:30Z,14,76.96,58.09,lift_bank,AP-7,153,-60.13,-93.25,33.12,True,False,True,True
823,GUE-0099,guest_phone,2026-09-01T15:53:22Z,15,3.95,43.44,ward_A,AP-1,36,-52.25,-94.55,42.3,True,False,False,True
824,GUE-0099,guest_phone,2026-09-01T20:57:12Z,20,53.89,28.11,corridor_h,AP-8,153,-56.53,-94.72,38.19,False,False,False,True
825,IOT-0100,iot_sensor,2026-09-01T04:44:41Z,4,38.35,52.48,ward_B,AP-3,36,-56.99,-96.76,39.77,False,False,False,True
826,IOT-0100,iot_sensor,2026-09-01T21:14:42Z,21,1.74,16.73,ward_D,AP-4,44,-53.19,-96.32,43.13,False,False,False,True
827,IOT-0100,iot_sensor,2026-09-01T03:37:37Z,3,71.56,3.28,icu,AP-6,149,-92.96,-96.88,3.92,False,False,False,True
828,IOT-0100,iot_sensor,2026-09-01T03:31:56Z,3,18.12,31.16,ward_A,AP-1,36,-61.19,-92.85,31.66,False,False,False,True
829,IOT-0100,iot_sensor,2026-09-01T15:41:37Z,15,73.45,16.33,icu,AP-7,153,-66.85,-94.28,27.43,True,False,False,True
830,IOT-0100,iot_sensor,2026-09-01T12:12:53Z,12,24.07,19.03,ward_E,AP-5,48,-53.34,-95.57,42.23,False,False,False,True
831,IOT-0100,iot_sensor,2026-09-01T17:58:11Z,17,3.1,47.51,ward_A,AP-1,36,-48.76,-95.38,46.62,False,False,False,True
832,IOT-0100,iot_sensor,2026-09-01T07:00:42Z,7,34.77,43.33,ward_B,AP-2,40,-45.91,-93.74,47.83,False,False,False,True
833,IOT-0100,iot_sensor,2026-09-01T08:21:24Z,8,52.13,41.7,ward_C,AP-3,36,-41.43,-94.24,52.81,False,False,False,True
834,IOT-0100,iot_sensor,2026-09-01T19:02:19Z,19,15.74,20.84,ward_D,AP-4,44,-52.1,-97.09,44.99,False,False,False,True
835,IOT-0100,iot_sensor,2026-09-01T00:28:34Z,0,35.36,44.77,ward_B,AP-2,40,-45.12,-94.07,48.95,False,False,False,True
836,IOT-0100,iot_sensor,2026-09-01T12:39:02Z,12,26.88,47.76,ward_B,AP-2,40,-43.63,-95.37,51.74,False,True,False,True
837,IOT-0100,iot_sensor,2026-09-01T19:03:32Z,19,30.27,24.62,ward_E,AP-5,48,-57.53,-94.68,37.15,False,False,False,True
838,IOT-0100,iot_sensor,2026-09-01T07:12:49Z,7,51.73,8.35,ward_F,AP-6,149,-42.75,-93.19,50.44,False,False,False,True
839,IOT-0100,iot_sensor,2026-09-01T10:33:37Z,10,36.43,8.28,ward_E,AP-5,48,-47.14,-92.75,45.61,False,False,False,True
840,IOT-0100,iot_sensor,2026-09-01T07:43:06Z,7,41.09,4.37,ward_F,AP-6,149,-55.98,-94.13,38.15,False,False,False,True
841,IOT-0100,iot_sensor,2026-09-01T20:38:40Z,20,3.48,7.75,ward_D,AP-4,44,-63.67,-97.15,33.48,False,False,False,True
842,IOT-0100,iot_sensor,2026-09-01T04:50:25Z,4,39.9,21.31,ward_E,AP-6,149,-54.68,-95.47,40.79,False,False,False,True
843,IOT-0100,iot_sensor,2026-09-01T12:04:19Z,12,36.8,54.73,ward_B,AP-2,40,-56.06,-95.03,38.97,False,False,False,True
844,IOT-0100,iot_sensor,2026-09-01T19:35:58Z,19,38.0,31.32,ward_B,AP-2,40,-63.28,-96.63,33.35,False,False,False,True
845,IOT-0100,iot_sensor,2026-09-01T10:18:55Z,10,23.04,23.77,ward_E,AP-4,44,-60.47,-96.24,35.77,False,False,False,True
846,IOT-0100,iot_sensor,2026-09-01T06:02:07Z,6,28.86,35.87,ward_B,AP-2,40,-53.0,-96.34,43.34,False,False,False,True
847,IOT-0100,iot_sensor,2026-09-01T08:11:03Z,8,41.19,3.91,ward_F,AP-6,149,-57.81,-95.65,37.84,False,False,False,True
848,IOT-0100,iot_sensor,2026-09-01T13:50:14Z,13,43.06,14.85,ward_F,AP-6,149,-49.64,-94.36,44.72,False,False,False,True
849,IOT-0100,iot_sensor,2026-09-01T10:26:03Z,10,43.34,2.86,ward_F,AP-6,149,-56.35,-94.49,38.14,False,False,False,True
850,IOT-0100,iot_sensor,2026-09-01T01:48:40Z,1,53.03,15.77,ward_F,AP-6,149,-47.43,-93.81,46.38,False,False,False,True
851,IOT-0100,iot_sensor,2026-09-01T10:19:47Z,10,21.91,40.78,ward_B,AP-2,40,-55.2,-94.95,39.75,False,False,False,True
852,IOT-0100,iot_sensor,2026-09-01T19:36:47Z,19,70.92,2.0,icu,AP-6,149,-90.81,-94.07,3.26,False,False,False,True
853,IOT-0100,iot_sensor,2026-09-01T08:01:07Z,8,21.67,5.7,ward_E,AP-5,48,-53.78,-96.76,42.98,False,False,False,True
854,IOT-0100,iot_sensor,2026-09-01T08:55:38Z,8,49.76,17.58,ward_F,AP-6,149,-49.18,-94.56,45.38,False,False,False,True
855,IOT-0100,iot_sensor,2026-09-01T02:39:11Z,2,51.7,56.14,ward_C,AP-3,36,-56.81,-93.36,36.55,False,False,False,True
856,IOT-0100,iot_sensor,2026-09-01T14:11:42Z,14,29.69,48.64,ward_B,AP-2,40,-42.46,-94.95,52.49,True,False,False,True
857,IOT-0100,iot_sensor,2026-09-01T01:55:56Z,1,67.33,12.99,icu,AP-6,149,-86.88,-95.1,8.22,False,False,False,True
858,IOT-0100,iot_sensor,2026-09-01T21:42:01Z,21,38.35,20.74,ward_E,AP-5,48,-54.12,-91.09,36.97,False,False,False,True
859,IOT-0100,iot_sensor,2026-09-01T15:08:09Z,15,2.85,30.63,ward_A,AP-1,36,-59.79,-94.08,34.29,True,False,False,True
860,IOT-0100,iot_sensor,2026-09-01T00:17:56Z,0,47.47,47.13,ward_C,AP-3,36,-39.71,-94.95,55.24,False,False,False,True
861,IOT-0100,iot_sensor,2026-09-01T05:07:06Z,5,58.62,49.02,ward_C,AP-7,153,-50.2,-93.31,43.11,False,False,False,True
862,STA-0101,staff_laptop,2026-09-01T01:55:27Z,1,52.23,34.87,ward_C,AP-3,36,-55.04,-95.38,40.34,False,False,False,True
863,STA-0101,staff_laptop,2026-09-01T08:14:14Z,8,28.69,12.99,ward_E,AP-5,48,-37.63,-93.78,56.15,False,False,False,True
864,STA-0101,staff_laptop,2026-09-01T04:00:13Z,4,55.03,44.44,ward_C,AP-3,36,-45.0,-96.98,51.98,False,False,False,True
865,STA-0101,staff_laptop,2026-09-01T06:17:43Z,6,3.31,51.63,ward_A,AP-1,36,-53.84,-94.8,40.96,False,False,False,True
866,STA-0101,staff_laptop,2026-09-01T16:21:39Z,16,13.18,13.04,ward_D,AP-4,44,-42.85,-95.66,52.81,False,False,False,True
867,STA-0101,staff_laptop,2026-09-01T20:49:10Z,20,62.16,56.82,theatre_1,AP-7,153,-49.73,-94.47,44.74,False,False,False,True
868,STA-0102,staff_laptop,2026-09-01T05:11:55Z,5,15.92,6.18,ward_D,AP-5,48,-58.48,-94.14,35.66,False,False,False,True
869,STA-0102,staff_laptop,2026-09-01T20:30:49Z,20,79.81,46.56,corridor_v,AP-7,153,-57.48,-98.52,41.04,False,False,False,True
870,STA-0102,staff_laptop,2026-09-01T04:31:26Z,4,33.12,8.2,ward_E,AP-5,48,-42.18,-96.24,54.06,False,False,False,True
871,STA-0102,staff_laptop,2026-09-01T10:51:46Z,10,57.12,14.53,ward_F,AP-6,149,-46.19,-94.64,48.45,False,False,False,True
872,CLI-0103,clinical_device,2026-09-01T20:19:27Z,20,9.9,4.52,ward_D,AP-4,44,-63.34,-95.12,31.78,False,False,False,True
873,CLI-0103,clinical_device,2026-09-01T21:14:25Z,21,31.4,8.95,ward_E,AP-5,48,-41.85,-93.76,51.91,False,False,False,True
874,CLI-0103,clinical_device,2026-09-01T04:48:07Z,4,6.51,3.59,ward_D,AP-4,44,-64.64,-96.89,32.25,False,False,False,True
875,CLI-0103,clinical_device,2026-09-01T16:27:55Z,16,65.59,16.09,icu,AP-6,149,-81.63,-94.39,12.76,False,False,False,True
876,CLI-0103,clinical_device,2026-09-01T07:47:30Z,7,62.67,8.27,icu,AP-6,149,-84.74,-94.86,10.12,False,False,False,True
877,CLI-0104,clinical_device,2026-09-01T10:32:33Z,10,42.41,52.08,ward_C,AP-3,36,-53.82,-93.29,39.47,False,False,False,True
878,CLI-0104,clinical_device,2026-09-01T04:16:44Z,4,27.33,53.5,ward_B,AP-2,40,-52.41,-97.14,44.73,False,False,False,True
879,CLI-0104,clinical_device,2026-09-01T06:33:26Z,6,15.06,36.62,ward_A,AP-1,36,-52.23,-97.4,45.17,False,False,False,True
880,CLI-0104,clinical_device,2026-09-01T13:57:47Z,13,65.88,24.09,theatre_2,AP-8,153,-49.05,-95.04,45.99,False,False,False,True
881,CLI-0104,clinical_device,2026-09-01T15:25:30Z,15,42.07,26.26,corridor_h,AP-3,36,-62.77,-95.73,32.96,True,False,False,True
882,CLI-0104,clinical_device,2026-09-01T07:12:08Z,7,41.86,48.33,ward_C,AP-2,40,-52.79,-95.65,42.86,False,False,False,True
883,CLI-0105,clinical_device,2026-09-01T09:34:05Z,9,67.88,5.95,icu,AP-6,149,-86.75,-93.99,7.24,False,False,False,True
884,CLI-0105,clinical_device,2026-09-01T23:46:31Z,23,74.64,9.79,icu,AP-7,153,-87.73,-94.83,7.1,False,False,False,True
885,CLI-0105,clinical_device,2026-09-01T19:14:55Z,19,5.13,49.53,ward_A,AP-1,36,-49.06,-93.89,44.83,False,False,False,True
886,CLI-0105,clinical_device,2026-09-01T03:08:43Z,3,71.44,28.14,theatre_2,AP-8,153,-48.43,-95.35,46.92,False,False,False,True
887,CLI-0105,clinical_device,2026-09-01T22:00:07Z,22,74.12,8.28,icu,AP-7,153,-86.98,-94.46,7.48,False,False,False,True
888,CLI-0105,clinical_device,2026-09-01T20:10:58Z,20,66.51,9.45,icu,AP-6,149,-83.81,-94.99,11.18,False,False,False,True
889,CLI-0105,clinical_device,2026-09-01T21:45:58Z,21,62.41,35.08,theatre_2,AP-8,153,-46.22,-94.53,48.31,False,False,False,True
890,CLI-0105,clinical_device,2026-09-01T09:43:31Z,9,64.38,28.88,theatre_2,AP-8,153,-35.78,-94.23,58.45,False,False,False,True
891,GUE-0106,guest_phone,2026-09-01T00:37:11Z,0,25.75,28.1,corridor_h,AP-2,40,-62.61,-96.95,34.34,False,False,False,True
892,GUE-0106,guest_phone,2026-09-01T06:01:44Z,6,76.83,59.68,lift_bank,AP-7,153,-62.99,-94.03,31.04,False,False,True,True
893,GUE-0106,guest_phone,2026-09-01T22:01:22Z,22,28.92,29.7,corridor_h,AP-2,40,-61.84,-95.81,33.97,False,False,False,True
894,GUE-0106,guest_phone,2026-09-01T08:14:52Z,8,76.81,2.03,guest_waiting,AP-7,153,-74.03,-98.17,24.14,False,False,False,True
895,GUE-0106,guest_phone,2026-09-01T04:03:52Z,4,78.55,57.88,lift_bank,AP-7,153,-60.57,-94.78,34.21,False,False,True,False
896,GUE-0106,guest_phone,2026-09-01T17:11:39Z,17,21.83,28.0,corridor_h,AP-5,48,-64.92,-96.35,31.43,False,False,False,True
897,IOT-0107,iot_sensor,2026-09-01T01:25:30Z,1,53.27,4.79,ward_F,AP-6,149,-51.19,-96.23,45.04,False,False,False,True
898,IOT-0107,iot_sensor,2026-09-01T14:55:32Z,14,0.78,16.47,ward_D,AP-4,44,-57.52,-93.17,35.65,True,False,False,True
899,IOT-0107,iot_sensor,2026-09-01T11:20:16Z,11,5.15,47.35,ward_A,AP-1,36,-43.91,-93.73,49.82,False,False,False,True
900,IOT-0107,iot_sensor,2026-09-01T17:02:42Z,17,29.34,7.85,ward_E,AP-5,48,-49.55,-94.19,44.64,False,False,False,True
901,IOT-0107,iot_sensor,2026-09-01T17:50:03Z,17,41.52,50.77,ward_C,AP-3,36,-56.96,-96.01,39.05,False,False,False,True
902,IOT-0107,iot_sensor,2026-09-01T01:17:31Z,1,34.87,11.56,ward_E,AP-5,48,-42.18,-94.65,52.47,False,False,False,True
903,IOT-0107,iot_sensor,2026-09-01T21:47:06Z,21,73.86,14.57,icu,AP-6,149,-88.34,-98.57,10.23,False,False,False,True
904,IOT-0107,iot_sensor,2026-09-01T19:32:14Z,19,0.67,59.07,ward_A,AP-1,36,-58.83,-96.69,37.86,False,False,False,True
905,IOT-0107,iot_sensor,2026-09-01T14:46:18Z,14,57.17,56.91,ward_C,AP-3,36,-56.57,-94.55,37.98,True,False,False,True
906,IOT-0107,iot_sensor,2026-09-01T02:01:48Z,2,45.0,8.33,ward_F,AP-6,149,-48.77,-96.65,47.88,False,False,False,True
907,IOT-0107,iot_sensor,2026-09-01T22:55:55Z,22,59.61,54.3,ward_C,AP-7,153,-51.51,-95.73,44.22,False,False,False,True
908,IOT-0107,iot_sensor,2026-09-01T23:39:21Z,23,17.11,34.68,ward_A,AP-1,36,-55.49,-92.44,36.95,False,False,False,True
909,IOT-0107,iot_sensor,2026-09-01T09:12:47Z,9,54.19,22.81,ward_F,AP-6,149,-56.8,-95.7,38.9,False,False,False,True
910,IOT-0107,iot_sensor,2026-09-01T12:06:18Z,12,11.8,34.34,ward_A,AP-1,36,-55.69,-89.84,34.15,False,False,False,True
911,IOT-0107,iot_sensor,2026-09-01T09:49:54Z,9,9.92,48.58,ward_A,AP-1,36,-39.27,-96.69,57.42,False,False,False,True
912,IOT-0107,iot_sensor,2026-09-01T23:54:01Z,23,34.62,8.33,ward_E,AP-5,48,-45.1,-93.52,48.42,False,False,False,True
913,IOT-0107,iot_sensor,2026-09-01T04:42:32Z,4,54.33,13.36,ward_F,AP-6,149,-43.69,-91.5,47.81,False,False,False,True
914,IOT-0107,iot_sensor,2026-09-01T14:32:51Z,14,58.59,53.52,ward_C,AP-7,153,-51.98,-95.58,43.6,True,False,False,True
915,IOT-0107,iot_sensor,2026-09-01T09:10:34Z,9,9.43,13.83,ward_D,AP-4,44,-28.94,-94.38,65.44,False,False,False,True
916,IOT-0107,iot_sensor,2026-09-01T12:52:24Z,12,70.39,0.17,icu,AP-6,149,-87.29,-97.43,10.14,False,True,False,True
917,IOT-0107,iot_sensor,2026-09-01T01:02:01Z,1,26.47,6.53,ward_E,AP-5,48,-50.34,-95.42,45.08,False,False,False,True
918,IOT-0107,iot_sensor,2026-09-01T13:46:10Z,13,44.8,53.52,ward_C,AP-3,36,-51.43,-94.68,43.25,False,False,False,True
919,IOT-0107,iot_sensor,2026-09-01T09:29:40Z,9,35.76,47.39,ward_B,AP-2,40,-44.09,-93.81,49.72,False,False,False,True
920,IOT-0107,iot_sensor,2026-09-01T13:46:19Z,13,3.74,30.03,ward_A,AP-4,44,-59.67,-93.96,34.29,False,False,False,True
921,CLI-0108,clinical_device,2026-09-01T19:08:26Z,19,6.91,46.93,ward_A,AP-1,36,-43.47,-96.88,53.41,False,False,False,True
922,CLI-0108,clinical_device,2026-09-01T02:29:41Z,2,44.4,6.21,ward_F,AP-6,149,-55.44,-94.19,38.75,False,False,False,True
923,CLI-0108,clinical_device,2026-09-01T06:36:23Z,6,53.43,33.36,ward_C,AP-8,153,-59.34,-95.12,35.78,False,False,False,True
924,CLI-0108,clinical_device,2026-09-01T03:29:50Z,3,73.96,0.37,icu,AP-6,149,-90.52,-94.01,3.49,False,False,False,True
925,CLI-0108,clinical_device,2026-09-01T00:21:17Z,0,58.79,17.63,ward_F,AP-6,149,-53.96,-94.47,40.51,False,False,False,True
926,CLI-0108,clinical_device,2026-09-01T22:34:42Z,22,0.72,18.2,ward_D,AP-4,44,-55.23,-92.96,37.73,False,False,False,True
927,CLI-0109,clinical_device,2026-09-01T06:34:24Z,6,1.69,48.0,ward_A,AP-1,36,-54.97,-94.63,39.66,False,False,False,True
928,CLI-0109,clinical_device,2026-09-01T07:02:34Z,7,77.35,48.96,corridor_v,AP-7,153,-58.32,-96.4,38.08,False,False,False,True
929,CLI-0109,clinical_device,2026-09-01T02:02:57Z,2,13.75,44.16,ward_A,AP-1,36,-40.07,-95.6,55.53,False,False,False,True
930,GUE-0110,guest_phone,2026-09-01T16:44:19Z,16,73.03,58.99,lift_bank,AP-7,153,-57.02,-94.11,37.09,False,False,True,True
931,GUE-0110,guest_phone,2026-09-01T05:42:22Z,5,50.58,37.45,ward_C,AP-3,36,-53.1,-95.94,42.84,False,False,False,True
932,GUE-0110,guest_phone,2026-09-01T03:33:51Z,3,62.27,27.95,corridor_h,AP-8,153,-45.89,-96.7,50.81,False,False,False,True
933,GUE-0110,guest_phone,2026-09-01T06:55:33Z,6,42.37,29.55,corridor_h,AP-5,48,-62.24,-93.58,31.34,False,False,False,True
934,GUE-0110,guest_phone,2026-09-01T09:10:35Z,9,70.79,44.2,theatre_1,AP-7,153,-49.76,-93.74,43.98,False,False,False,True
935,GUE-0110,guest_phone,2026-09-01T09:24:22Z,9,19.45,27.17,corridor_h,AP-5,48,-62.56,-94.27,31.71,False,False,False,True
936,STA-0111,staff_laptop,2026-09-01T01:18:55Z,1,0.53,17.97,ward_D,AP-4,44,-57.83,-94.42,36.59,False,False,False,True
937,STA-0111,staff_laptop,2026-09-01T14:48:05Z,14,9.24,11.94,ward_D,AP-4,44,-29.73,-93.98,64.25,True,False,False,True
938,STA-0111,staff_laptop,2026-09-01T04:13:47Z,4,76.07,51.3,corridor_v,AP-7,153,-61.25,-93.45,32.2,False,False,False,True
939,STA-0111,staff_laptop,2026-09-01T12:06:43Z,12,23.19,55.03,ward_B,AP-2,40,-58.41,-96.98,38.57,False,False,False,True
940,STA-0111,staff_laptop,2026-09-01T16:37:57Z,16,23.55,43.74,ward_B,AP-2,40,-50.83,-95.08,44.25,False,False,False,True
941,STA-0111,staff_laptop,2026-09-01T18:59:17Z,18,40.26,15.96,ward_F,AP-5,48,-52.65,-96.74,44.09,False,False,False,True
942,GUE-0112,guest_phone,2026-09-01T17:44:23Z,17,5.56,10.94,ward_D,AP-4,44,-45.84,-95.86,50.02,False,False,False,True
943,GUE-0112,guest_phone,2026-09-01T18:23:24Z,18,68.09,26.87,corridor_h,AP-8,153,-44.29,-94.74,50.45,False,False,False,True
944,GUE-0112,guest_phone,2026-09-01T01:43:54Z,1,43.2,19.86,ward_F,AP-6,149,-53.42,-94.17,40.75,False,False,False,True
945,GUE-0112,guest_phone,2026-09-01T00:27:33Z,0,78.49,56.09,lift_bank,AP-7,153,-59.41,-93.76,34.35,False,False,True,False
946,GUE-0112,guest_phone,2026-09-01T17:55:08Z,17,58.61,38.55,ward_C,AP-3,36,-55.04,-93.03,37.99,False,False,False,True
947,GUE-0112,guest_phone,2026-09-01T23:00:19Z,23,71.59,28.12,corridor_h,AP-8,153,-46.98,-92.28,45.3,False,False,False,True
948,GUE-0112,guest_phone,2026-09-01T03:51:25Z,3,79.51,55.91,lift_bank,AP-7,153,-62.5,-96.54,34.04,False,False,True,True
949,GUE-0113,guest_phone,2026-09-01T11:34:24Z,11,71.35,28.37,corridor_h,AP-8,153,-46.96,-96.83,49.87,False,False,False,True
950,GUE-0113,guest_phone,2026-09-01T20:21:44Z,20,73.57,57.33,lift_bank,AP-7,153,-56.64,-96.19,39.55,False,False,True,True
951,GUE-0113,guest_phone,2026-09-01T08:11:17Z,8,79.73,55.32,lift_bank,AP-7,153,-61.91,-95.68,33.77,False,False,True,True
952,GUE-0113,guest_phone,2026-09-01T12:16:24Z,12,33.4,45.74,ward_B,AP-2,40,-39.43,-93.32,53.89,False,False,False,True
953,GUE-0113,guest_phone,2026-09-01T17:58:33Z,17,75.62,18.41,guest_waiting,AP-8,153,-59.68,-93.48,33.8,False,False,False,True
954,GUE-0113,guest_phone,2026-09-01T14:44:27Z,14,74.44,59.19,lift_bank,AP-7,153,-59.78,-98.1,38.32,True,False,True,True
955,GUE-0113,guest_phone,2026-09-01T13:06:22Z,13,75.39,56.48,lift_bank,AP-7,153,-58.08,-96.29,38.21,False,False,True,True
956,GUE-0113,guest_phone,2026-09-01T21:22:48Z,21,68.2,29.05,corridor_h,AP-8,153,-34.36,-92.85,58.49,False,False,False,True
957,STA-0114,staff_laptop,2026-09-01T22:18:52Z,22,2.5,53.68,ward_A,AP-1,36,-55.66,-93.69,38.03,False,False,False,True
958,STA-0114,staff_laptop,2026-09-01T14:52:04Z,14,39.94,58.31,ward_B,AP-2,40,-61.52,-92.64,31.12,True,False,False,True
959,STA-0114,staff_laptop,2026-09-01T11:59:18Z,11,33.48,44.47,ward_B,AP-2,40,-40.27,-94.61,54.34,False,False,False,True
960,STA-0114,staff_laptop,2026-09-01T19:16:53Z,19,16.43,7.08,ward_D,AP-4,44,-50.67,-95.93,45.26,False,False,False,True
961,STA-0114,staff_laptop,2026-09-01T14:45:29Z,14,66.48,25.81,corridor_h,AP-8,153,-45.09,-95.87,50.78,True,False,False,True
962,IOT-0115,iot_sensor,2026-09-01T04:47:12Z,4,28.26,12.91,ward_E,AP-5,48,-33.98,-95.66,61.68,False,False,False,True
963,IOT-0115,iot_sensor,2026-09-01T11:00:28Z,11,59.29,47.54,ward_C,AP-7,153,-49.44,-95.34,45.9,False,False,False,True
964,IOT-0115,iot_sensor,2026-09-01T16:12:44Z,16,34.96,6.39,ward_E,AP-5,48,-47.0,-96.44,49.44,False,False,False,True
965,IOT-0115,iot_sensor,2026-09-01T08:20:02Z,8,30.97,57.13,ward_B,AP-2,40,-54.72,-96.03,41.31,False,False,False,True
966,IOT-0115,iot_sensor,2026-09-01T04:22:34Z,4,37.24,55.96,ward_B,AP-2,40,-56.46,-95.79,39.33,False,False,False,True
967,IOT-0115,iot_sensor,2026-09-01T03:15:09Z,3,1.66,49.74,ward_A,AP-1,36,-55.1,-95.89,40.79,False,False,False,True
968,IOT-0115,iot_sensor,2026-09-01T04:09:05Z,4,0.55,20.86,ward_D,AP-4,44,-56.38,-94.37,37.99,False,False,False,True
969,IOT-0115,iot_sensor,2026-09-01T03:23:59Z,3,19.1,44.5,ward_A,AP-2,40,-54.84,-96.91,42.07,False,False,False,True
970,IOT-0115,iot_sensor,2026-09-01T12:56:42Z,12,54.85,15.8,ward_F,AP-6,149,-44.7,-93.11,48.41,False,True,False,True
971,IOT-0115,iot_sensor,2026-09-01T23:01:31Z,23,76.73,10.86,icu,AP-7,153,-70.8,-94.7,23.9,False,False,False,True
972,IOT-0115,iot_sensor,2026-09-01T09:08:34Z,9,32.04,37.8,ward_B,AP-2,40,-52.96,-93.59,40.63,False,False,False,True
973,IOT-0115,iot_sensor,2026-09-01T07:14:51Z,7,49.36,17.26,ward_F,AP-6,149,-46.86,-93.83,46.97,False,False,False,True
974,IOT-0115,iot_sensor,2026-09-01T09:15:08Z,9,79.23,7.96,icu,AP-7,153,-69.99,-93.98,23.99,False,False,False,True
975,IOT-0115,iot_sensor,2026-09-01T09:13:47Z,9,15.27,34.04,ward_A,AP-1,36,-58.14,-93.82,35.68,False,False,False,True
976,IOT-0115,iot_sensor,2026-09-01T00:48:48Z,0,46.64,1.89,ward_F,AP-6,149,-58.35,-93.11,34.76,False,False,False,True
977,IOT-0115,iot_sensor,2026-09-01T11:16:57Z,11,32.01,32.47,ward_B,AP-2,40,-57.05,-96.32,39.27,False,False,False,True
978,IOT-0115,iot_sensor,2026-09-01T03:50:30Z,3,22.22,52.94,ward_B,AP-2,40,-53.97,-95.17,41.2,False,False,False,True
979,IOT-0115,iot_sensor,2026-09-01T05:57:39Z,5,70.32,2.5,icu,AP-6,149,-85.96,-94.13,8.17,False,False,False,True
980,IOT-0115,iot_sensor,2026-09-01T14:02:52Z,14,57.5,6.37,ward_F,AP-6,149,-52.29,-93.26,40.97,True,False,False,True
981,IOT-0115,iot_sensor,2026-09-01T16:38:31Z,16,21.05,47.72,ward_B,AP-1,36,-53.89,-94.55,40.66,False,False,False,True
982,IOT-0115,iot_sensor,2026-09-01T14:06:43Z,14,44.39,54.14,ward_C,AP-3,36,-57.95,-94.18,36.23,True,False,False,True
983,IOT-0115,iot_sensor,2026-09-01T12:39:07Z,12,11.04,33.41,ward_A,AP-1,36,-55.66,-95.57,39.91,False,True,False,True
984,IOT-0115,iot_sensor,2026-09-01T10:36:58Z,10,22.99,37.95,ward_B,AP-1,36,-54.95,-96.14,41.19,False,False,False,True
985,IOT-0115,iot_sensor,2026-09-01T00:37:03Z,0,43.74,22.11,ward_F,AP-6,149,-56.56,-96.14,39.58,False,False,False,True
986,IOT-0115,iot_sensor,2026-09-01T12:54:49Z,12,78.13,17.93,icu,AP-8,153,-59.93,-95.24,35.31,False,True,False,True
987,IOT-0115,iot_sensor,2026-09-01T02:12:59Z,2,49.5,20.42,ward_F,AP-6,149,-50.76,-94.89,44.13,False,False,False,True
988,IOT-0115,iot_sensor,2026-09-01T13:11:25Z,13,63.73,15.28,icu,AP-6,149,-80.66,-95.02,14.36,False,False,False,True
989,IOT-0115,iot_sensor,2026-09-01T07:54:30Z,7,64.96,1.81,icu,AP-6,149,-87.44,-93.34,5.9,False,False,False,True
990,IOT-0115,iot_sensor,2026-09-01T13:37:41Z,13,29.43,4.49,ward_E,AP-5,48,-51.38,-95.85,44.47,False,False,False,True
991,IOT-0115,iot_sensor,2026-09-01T00:32:23Z,0,20.14,18.52,ward_E,AP-5,48,-55.31,-94.89,39.58,False,False,False,True
992,IOT-0115,iot_sensor,2026-09-01T21:13:13Z,21,35.65,3.73,ward_E,AP-5,48,-53.41,-94.55,41.14,False,False,False,True
993,IOT-0115,iot_sensor,2026-09-01T11:03:11Z,11,45.22,13.42,ward_F,AP-6,149,-45.87,-95.89,50.02,False,False,False,True
994,IOT-0115,iot_sensor,2026-09-01T06:07:56Z,6,27.46,46.69,ward_B,AP-2,40,-40.05,-94.93,54.88,False,False,False,True
995,IOT-0115,iot_sensor,2026-09-01T12:33:31Z,12,5.47,8.12,ward_D,AP-4,44,-50.95,-96.34,45.39,False,True,False,True
996,IOT-0115,iot_sensor,2026-09-01T00:16:00Z,0,48.97,3.37,ward_F,AP-6,149,-48.77,-95.09,46.32,False,False,False,True
997,STA-0116,staff_laptop,2026-09-01T04:33:25Z,4,36.15,51.49,ward_B,AP-2,40,-47.49,-95.38,47.89,False,False,False,True
998,STA-0116,staff_laptop,2026-09-01T11:31:41Z,11,22.79,34.83,ward_B,AP-2,40,-57.79,-93.89,36.1,False,False,False,True
999,STA-0116,staff_laptop,2026-09-01T02:45:25Z,2,72.38,30.83,corridor_v,AP-8,153,-49.33,-96.47,47.14,False,False,False,True
1000,STA-0116,staff_laptop,2026-09-01T22:55:21Z,22,2.29,49.59,ward_A,AP-1,36,-51.62,-94.33,42.71,False,False,False,True
1001,STA-0116,staff_laptop,2026-09-01T05:13:56Z,5,36.49,12.19,ward_E,AP-5,48,-50.03,-95.4,45.37,False,False,False,True
1002,GUE-0117,guest_phone,2026-09-01T07:54:22Z,7,78.59,56.8,lift_bank,AP-7,153,-59.9,-95.09,35.19,False,False,True,True
1003,GUE-0117,guest_phone,2026-09-01T04:24:05Z,4,74.8,2.46,guest_waiting,AP-6,149,-94.32,-94.9,0.58,False,False,False,True
1004,GUE-0117,guest_phone,2026-09-01T01:17:05Z,1,79.97,59.27,lift_bank,AP-7,153,-63.19,-95.28,32.09,False,False,True,True
1005,GUE-0117,guest_phone,2026-09-01T17:36:40Z,17,68.7,9.74,icu,AP-6,149,-84.43,-97.3,12.87,False,False,False,True
1006,IOT-0118,iot_sensor,2026-09-01T00:00:38Z,0,10.35,14.85,ward_D,AP-4,44,-32.05,-94.33,62.28,False,False,False,True
1007,IOT-0118,iot_sensor,2026-09-01T16:02:43Z,16,29.78,2.83,ward_E,AP-5,48,-53.7,-98.63,44.93,False,False,False,True
1008,IOT-0118,iot_sensor,2026-09-01T15:03:03Z,15,48.94,54.77,ward_C,AP-3,36,-54.01,-94.15,40.14,True,False,False,True
1009,IOT-0118,iot_sensor,2026-09-01T21:13:20Z,21,38.84,53.04,ward_B,AP-3,36,-56.31,-97.53,41.22,False,False,False,True
1010,IOT-0118,iot_sensor,2026-09-01T08:40:12Z,8,10.24,39.31,ward_A,AP-1,36,-48.66,-96.24,47.58,False,False,False,True
1011,IOT-0118,iot_sensor,2026-09-01T11:02:22Z,11,41.28,36.71,ward_C,AP-2,40,-56.15,-93.72,37.57,False,False,False,True
1012,IOT-0118,iot_sensor,2026-09-01T22:53:59Z,22,24.46,34.4,ward_B,AP-2,40,-53.88,-93.71,39.83,False,False,False,True
1013,IOT-0118,iot_sensor,2026-09-01T22:59:17Z,22,21.39,0.68,ward_E,AP-5,48,-54.64,-92.9,38.26,False,False,False,True
1014,IOT-0118,iot_sensor,2026-09-01T10:04:17Z,10,14.16,41.31,ward_A,AP-1,36,-47.08,-95.32,48.24,False,False,False,True
1015,IOT-0118,iot_sensor,2026-09-01T12:21:57Z,12,54.52,35.92,ward_C,AP-8,153,-53.35,-92.16,38.81,False,False,False,True
1016,IOT-0118,iot_sensor,2026-09-01T04:59:10Z,4,38.73,31.25,ward_B,AP-2,40,-60.0,-92.87,32.87,False,False,False,True
1017,IOT-0118,iot_sensor,2026-09-01T08:46:59Z,8,52.9,1.17,ward_F,AP-6,149,-54.46,-94.1,39.64,False,False,False,True
1018,IOT-0118,iot_sensor,2026-09-01T01:14:14Z,1,54.44,2.55,ward_F,AP-6,149,-56.68,-94.55,37.87,False,False,False,True
1019,IOT-0118,iot_sensor,2026-09-01T00:53:35Z,0,55.34,37.07,ward_C,AP-3,36,-50.49,-95.7,45.21,False,False,False,True
1020,IOT-0118,iot_sensor,2026-09-01T17:46:17Z,17,23.05,46.06,ward_B,AP-2,40,-50.33,-98.17,47.84,False,False,False,True
1021,IOT-0118,iot_sensor,2026-09-01T13:51:06Z,13,38.99,22.94,ward_E,AP-5,48,-56.23,-96.93,40.7,False,False,False,True
1022,IOT-0118,iot_sensor,2026-09-01T07:08:03Z,7,6.21,45.28,ward_A,AP-1,36,-40.13,-96.78,56.65,False,False,False,True
1023,IOT-0118,iot_sensor,2026-09-01T07:32:00Z,7,14.88,22.62,ward_D,AP-4,44,-53.26,-92.5,39.24,False,False,False,True
1024,IOT-0118,iot_sensor,2026-09-01T07:52:06Z,7,32.24,56.46,ward_B,AP-2,40,-54.48,-94.4,39.92,False,False,False,True
1025,IOT-0118,iot_sensor,2026-09-01T17:53:27Z,17,2.73,4.63,ward_D,AP-4,44,-67.09,-96.78,29.69,False,False,False,True
1026,IOT-0118,iot_sensor,2026-09-01T11:07:02Z,11,50.24,5.27,ward_F,AP-6,149,-46.62,-93.27,46.65,False,False,False,True
1027,IOT-0118,iot_sensor,2026-09-01T15:18:00Z,15,14.7,12.52,ward_D,AP-4,44,-43.18,-96.04,52.86,True,False,False,True
1028,IOT-0118,iot_sensor,2026-09-01T22:19:04Z,22,50.66,56.04,ward_C,AP-3,36,-55.35,-93.88,38.53,False,False,False,True
1029,IOT-0118,iot_sensor,2026-09-01T13:08:32Z,13,37.79,37.06,ward_B,AP-2,40,-52.34,-97.79,45.45,False,False,False,True
1030,IOT-0118,iot_sensor,2026-09-01T07:09:42Z,7,43.08,18.65,ward_F,AP-6,149,-49.73,-95.28,45.55,False,False,False,True
1031,IOT-0118,iot_sensor,2026-09-01T22:57:08Z,22,10.58,30.03,ward_A,AP-1,36,-59.75,-96.33,36.58,False,False,False,True
1032,IOT-0118,iot_sensor,2026-09-01T04:20:29Z,4,27.78,5.97,ward_E,AP-5,48,-51.38,-95.87,44.49,False,False,False,True
1033,IOT-0118,iot_sensor,2026-09-01T07:30:29Z,7,41.95,45.77,ward_C,AP-3,36,-45.35,-93.92,48.57,False,False,False,True
1034,IOT-0118,iot_sensor,2026-09-01T04:15:28Z,4,26.79,6.0,ward_E,AP-5,48,-46.02,-95.58,49.56,False,False,False,True
1035,CLI-0119,clinical_device,2026-09-01T20:00:42Z,20,23.01,1.58,ward_E,AP-5,48,-58.24,-93.68,35.44,False,False,False,True
1036,CLI-0119,clinical_device,2026-09-01T07:26:15Z,7,77.31,7.47,icu,AP-7,153,-72.95,-92.29,19.34,False,False,False,True
1037,CLI-0119,clinical_device,2026-09-01T04:37:50Z,4,1.48,3.89,ward_D,AP-4,44,-66.76,-94.93,28.17,False,False,False,True
1038,CLI-0119,clinical_device,2026-09-01T17:26:31Z,17,43.84,53.28,ward_C,AP-3,36,-54.2,-98.22,44.02,False,False,False,True
1039,CLI-0119,clinical_device,2026-09-01T22:00:32Z,22,77.24,18.82,icu,AP-8,153,-57.45,-94.62,37.17,False,False,False,True
1040,CLI-0119,clinical_device,2026-09-01T05:24:13Z,5,49.8,53.65,ward_C,AP-3,36,-50.47,-93.24,42.77,False,False,False,True
1041,CLI-0119,clinical_device,2026-09-01T12:30:28Z,12,10.3,7.04,ward_D,AP-4,44,-56.77,-93.21,36.44,False,True,False,True
1042,CLI-0119,clinical_device,2026-09-01T18:29:41Z,18,50.42,14.27,ward_F,AP-6,149,-34.34,-96.35,62.01,False,False,False,True
1043,IOT-0120,iot_sensor,2026-09-01T01:27:10Z,1,9.82,45.22,ward_A,AP-1,36,-24.28,-98.08,73.8,False,False,False,True
1044,IOT-0120,iot_sensor,2026-09-01T20:21:34Z,20,18.7,2.29,ward_D,AP-5,48,-61.34,-96.6,35.26,False,False,False,True
1045,IOT-0120,iot_sensor,2026-09-01T02:05:01Z,2,20.8,15.79,ward_E,AP-4,44,-52.33,-95.62,43.29,False,False,False,True
1046,IOT-0120,iot_sensor,2026-09-01T22:52:53Z,22,31.85,23.59,ward_E,AP-5,48,-53.24,-95.71,42.47,False,False,False,True
1047,IOT-0120,iot_sensor,2026-09-01T04:11:52Z,4,48.2,41.54,ward_C,AP-3,36,-45.64,-94.76,49.12,False,False,False,True
1048,IOT-0120,iot_sensor,2026-09-01T18:14:21Z,18,75.05,18.47,icu,AP-8,153,-60.83,-97.48,36.65,False,False,False,True
1049,IOT-0120,iot_sensor,2026-09-01T08:57:27Z,8,27.41,18.96,ward_E,AP-5,48,-48.45,-93.46,45.01,False,False,False,True
1050,IOT-0120,iot_sensor,2026-09-01T17:37:59Z,17,69.72,15.38,icu,AP-6,149,-85.82,-96.81,10.99,False,False,False,True
1051,IOT-0120,iot_sensor,2026-09-01T22:56:13Z,22,4.05,44.39,ward_A,AP-1,36,-48.84,-97.33,48.49,False,False,False,True
1052,IOT-0120,iot_sensor,2026-09-01T14:22:56Z,14,12.65,41.51,ward_A,AP-1,36,-43.97,-92.31,48.34,True,False,False,True
1053,IOT-0120,iot_sensor,2026-09-01T08:15:35Z,8,29.31,21.83,ward_E,AP-5,48,-49.01,-93.21,44.2,False,False,False,True
1054,IOT-0120,iot_sensor,2026-09-01T13:07:09Z,13,43.12,1.49,ward_F,AP-6,149,-58.49,-96.87,38.38,False,False,False,True
1055,IOT-0120,iot_sensor,2026-09-01T07:04:08Z,7,49.61,47.07,ward_C,AP-3,36,-35.76,-92.32,56.56,False,False,False,True
1056,IOT-0120,iot_sensor,2026-09-01T12:44:50Z,12,57.66,47.54,ward_C,AP-3,36,-51.06,-94.8,43.74,False,True,False,True
1057,IOT-0120,iot_sensor,2026-09-01T15:46:19Z,15,24.64,37.11,ward_B,AP-2,40,-53.42,-92.74,39.32,True,False,False,True
1058,IOT-0120,iot_sensor,2026-09-01T06:52:05Z,6,0.39,2.0,ward_D,AP-4,44,-69.5,-97.87,28.37,False,False,False,True
1059,IOT-0120,iot_sensor,2026-09-01T04:30:45Z,4,21.98,1.97,ward_E,AP-5,48,-54.45,-95.13,40.68,False,False,False,True
1060,IOT-0120,iot_sensor,2026-09-01T20:43:07Z,20,19.97,43.24,ward_A,AP-1,36,-49.81,-96.25,46.44,False,False,False,True
1061,IOT-0120,iot_sensor,2026-09-01T23:00:06Z,23,54.73,32.21,ward_C,AP-3,36,-54.33,-95.81,41.48,False,False,False,True
1062,IOT-0120,iot_sensor,2026-09-01T13:23:06Z,13,43.08,53.04,ward_C,AP-3,36,-55.6,-94.69,39.09,False,False,False,True
1063,IOT-0120,iot_sensor,2026-09-01T23:06:25Z,23,73.81,5.68,icu,AP-6,149,-88.23,-92.28,4.05,False,False,False,True
1064,IOT-0120,iot_sensor,2026-09-01T13:08:01Z,13,15.63,38.04,ward_A,AP-1,36,-49.73,-93.59,43.86,False,False,False,True
1065,IOT-0120,iot_sensor,2026-09-01T21:01:02Z,21,72.31,13.86,icu,AP-6,149,-91.57,-93.9,2.33,False,False,False,True
1066,IOT-0120,iot_sensor,2026-09-01T16:41:24Z,16,22.01,46.67,ward_B,AP-2,40,-51.35,-96.96,45.61,False,False,False,True
1067,IOT-0120,iot_sensor,2026-09-01T10:08:04Z,10,1.35,22.02,ward_D,AP-4,44,-61.4,-95.39,33.99,False,False,False,True
1068,IOT-0120,iot_sensor,2026-09-01T17:33:19Z,17,23.56,5.03,ward_E,AP-5,48,-55.69,-92.65,36.96,False,False,False,True
1069,IOT-0120,iot_sensor,2026-09-01T06:55:22Z,6,41.67,9.19,ward_F,AP-6,149,-51.34,-94.2,42.86,False,False,False,True
1070,IOT-0120,iot_sensor,2026-09-01T18:48:08Z,18,69.8,16.87,icu,AP-6,149,-84.25,-96.23,11.98,False,False,False,True
1071,IOT-0120,iot_sensor,2026-09-01T15:48:44Z,15,59.03,14.28,ward_F,AP-6,149,-51.05,-92.77,41.72,True,False,False,True
1072,IOT-0120,iot_sensor,2026-09-01T13:26:39Z,13,33.08,16.77,ward_E,AP-5,48,-44.76,-96.52,51.76,False,False,False,True
1073,IOT-0120,iot_sensor,2026-09-01T01:05:25Z,1,10.93,7.3,ward_D,AP-4,44,-61.68,-93.1,31.42,False,False,False,True
1074,IOT-0120,iot_sensor,2026-09-01T22:56:29Z,22,4.06,33.46,ward_A,AP-1,36,-58.66,-95.91,37.25,False,False,False,True
1075,IOT-0121,iot_sensor,2026-09-01T21:42:13Z,21,23.01,53.41,ward_B,AP-2,40,-57.52,-95.6,38.08,False,False,False,True
1076,IOT-0121,iot_sensor,2026-09-01T10:40:37Z,10,16.03,19.93,ward_D,AP-4,44,-54.08,-95.67,41.59,False,False,False,True
1077,IOT-0121,iot_sensor,2026-09-01T23:07:04Z,23,29.13,49.98,ward_B,AP-2,40,-42.94,-93.48,50.54,False,False,False,True
1078,IOT-0121,iot_sensor,2026-09-01T19:41:29Z,19,25.2,3.07,ward_E,AP-5,48,-51.74,-93.45,41.71,False,False,False,True
1079,IOT-0121,iot_sensor,2026-09-01T14:52:57Z,14,18.19,58.1,ward_A,AP-2,40,-58.82,-94.78,35.96,True,False,False,True
1080,IOT-0121,iot_sensor,2026-09-01T21:50:52Z,21,20.03,50.78,ward_B,AP-2,40,-55.81,-94.62,38.81,False,False,False,True
1081,IOT-0121,iot_sensor,2026-09-01T10:34:05Z,10,17.22,39.48,ward_A,AP-2,40,-56.72,-95.36,38.64,False,False,False,True
1082,IOT-0121,iot_sensor,2026-09-01T13:45:51Z,13,62.85,0.43,icu,AP-6,149,-84.83,-94.6,9.77,False,False,False,True
1083,IOT-0121,iot_sensor,2026-09-01T03:31:41Z,3,15.86,45.44,ward_A,AP-1,36,-48.76,-91.92,43.16,False,False,False,True
1084,IOT-0121,iot_sensor,2026-09-01T02:30:40Z,2,70.82,11.01,icu,AP-6,149,-84.51,-96.41,11.9,False,False,False,True
1085,IOT-0121,iot_sensor,2026-09-01T21:19:06Z,21,36.18,9.91,ward_E,AP-5,48,-50.43,-96.51,46.08,False,False,False,True
1086,IOT-0121,iot_sensor,2026-09-01T10:32:39Z,10,37.59,4.27,ward_E,AP-5,48,-54.62,-93.07,38.45,False,False,False,True
1087,IOT-0121,iot_sensor,2026-09-01T20:14:24Z,20,55.63,7.31,ward_F,AP-6,149,-49.96,-95.15,45.19,False,False,False,True
1088,IOT-0121,iot_sensor,2026-09-01T02:02:12Z,2,25.4,30.76,ward_B,AP-2,40,-58.28,-93.19,34.91,False,False,False,True
1089,IOT-0121,iot_sensor,2026-09-01T01:16:00Z,1,3.57,2.53,ward_D,AP-4,44,-71.8,-93.94,22.14,False,False,False,True
1090,IOT-0121,iot_sensor,2026-09-01T11:15:19Z,11,40.37,1.18,ward_F,AP-6,149,-59.68,-95.09,35.41,False,False,False,True
1091,IOT-0121,iot_sensor,2026-09-01T00:06:05Z,0,55.94,55.75,ward_C,AP-3,36,-56.9,-94.86,37.96,False,False,False,True
1092,IOT-0121,iot_sensor,2026-09-01T18:59:30Z,18,69.15,15.62,icu,AP-6,149,-87.17,-95.22,8.05,False,False,False,True
1093,IOT-0121,iot_sensor,2026-09-01T10:37:47Z,10,54.62,44.26,ward_C,AP-3,36,-43.57,-95.82,52.25,False,False,False,True
1094,IOT-0121,iot_sensor,2026-09-01T22:51:12Z,22,5.57,43.9,ward_A,AP-1,36,-47.2,-95.98,48.78,False,False,False,True
1095,IOT-0121,iot_sensor,2026-09-01T19:29:51Z,19,71.27,3.46,icu,AP-6,149,-91.1,-96.31,5.21,False,False,False,True
1096,IOT-0121,iot_sensor,2026-09-01T13:39:12Z,13,36.61,39.43,ward_B,AP-2,40,-50.74,-93.14,42.4,False,False,False,True
1097,IOT-0121,iot_sensor,2026-09-01T19:44:18Z,19,42.34,36.66,ward_C,AP-3,36,-52.53,-93.75,41.22,False,False,False,True
1098,IOT-0121,iot_sensor,2026-09-01T01:54:28Z,1,20.84,2.25,ward_E,AP-4,44,-56.39,-96.48,40.09,False,False,False,True
1099,STA-0122,staff_laptop,2026-09-01T11:03:14Z,11,47.51,27.48,corridor_h,AP-6,149,-60.1,-95.1,35.0,False,False,False,True
1100,STA-0122,staff_laptop,2026-09-01T14:01:16Z,14,58.1,16.7,ward_F,AP-6,149,-55.38,-96.0,40.62,True,False,False,True
1101,STA-0122,staff_laptop,2026-09-01T03:15:32Z,3,33.82,3.33,ward_E,AP-5,48,-51.62,-94.62,43.0,False,False,False,True
1102,STA-0122,staff_laptop,2026-09-01T14:50:08Z,14,26.33,28.81,corridor_h,AP-2,40,-63.8,-96.26,32.46,True,False,False,True
1103,STA-0122,staff_laptop,2026-09-01T13:50:23Z,13,49.17,13.47,ward_F,AP-6,149,-25.99,-93.09,67.1,False,False,False,True
1104,STA-0122,staff_laptop,2026-09-01T22:59:23Z,22,21.79,57.73,ward_B,AP-2,40,-56.06,-93.36,37.3,False,False,False,True
1105,GUE-0123,guest_phone,2026-09-01T07:58:57Z,7,79.91,1.99,guest_waiting,AP-7,153,-74.88,-97.04,22.16,False,False,False,True
1106,GUE-0123,guest_phone,2026-09-01T13:41:32Z,13,5.05,28.47,corridor_h,AP-4,44,-59.48,-95.04,35.56,False,False,False,True
1107,GUE-0123,guest_phone,2026-09-01T03:06:57Z,3,73.21,7.1,guest_waiting,AP-6,149,-87.94,-93.64,5.7,False,False,False,True
1108,GUE-0123,guest_phone,2026-09-01T19:45:26Z,19,5.27,29.16,corridor_h,AP-1,36,-61.7,-94.67,32.97,False,False,False,True
1109,GUE-0123,guest_phone,2026-09-01T11:50:49Z,11,72.98,4.18,guest_waiting,AP-6,149,-91.15,-97.0,5.85,False,False,False,True
1110,GUE-0123,guest_phone,2026-09-01T05:22:03Z,5,73.21,4.06,guest_waiting,AP-6,149,-88.58,-95.26,6.68,False,False,False,True
1111,GUE-0123,guest_phone,2026-09-01T14:30:41Z,14,73.76,48.32,corridor_v,AP-7,153,-51.63,-95.45,43.82,True,False,False,True
1112,IOT-0124,iot_sensor,2026-09-01T17:28:05Z,17,42.62,8.58,ward_F,AP-6,149,-53.97,-91.89,37.92,False,False,False,True
1113,IOT-0124,iot_sensor,2026-09-01T00:40:05Z,0,50.31,57.63,ward_C,AP-3,36,-55.74,-95.68,39.94,False,False,False,True
1114,IOT-0124,iot_sensor,2026-09-01T00:42:19Z,0,8.96,40.49,ward_A,AP-1,36,-46.11,-96.43,50.32,False,False,False,True
1115,IOT-0124,iot_sensor,2026-09-01T21:46:51Z,21,67.51,2.82,icu,AP-6,149,-87.21,-95.59,8.38,False,False,False,True
1116,IOT-0124,iot_sensor,2026-09-01T11:32:58Z,11,31.31,58.66,ward_B,AP-2,40,-58.01,-93.04,35.03,False,False,False,True
1117,IOT-0124,iot_sensor,2026-09-01T18:09:11Z,18,48.08,4.46,ward_F,AP-6,149,-51.23,-95.68,44.45,False,False,False,True
1118,IOT-0124,iot_sensor,2026-09-01T08:36:21Z,8,75.96,3.81,icu,AP-7,153,-87.73,-98.27,10.54,False,False,False,True
1119,IOT-0124,iot_sensor,2026-09-01T12:46:56Z,12,22.41,8.78,ward_E,AP-5,48,-52.96,-98.22,45.26,False,True,False,True
1120,IOT-0124,iot_sensor,2026-09-01T09:13:49Z,9,21.57,5.99,ward_E,AP-5,48,-52.32,-98.45,46.13,False,False,False,True
1121,IOT-0124,iot_sensor,2026-09-01T05:33:46Z,5,55.48,42.17,ward_C,AP-3,36,-49.66,-92.7,43.04,False,False,False,True
1122,IOT-0124,iot_sensor,2026-09-01T20:55:55Z,20,30.85,34.43,ward_B,AP-2,40,-57.11,-96.01,38.9,False,False,False,True
1123,IOT-0124,iot_sensor,2026-09-01T18:58:03Z,18,67.19,14.33,icu,AP-6,149,-88.94,-96.49,7.55,False,False,False,True
1124,IOT-0124,iot_sensor,2026-09-01T11:23:44Z,11,71.94,6.21,icu,AP-6,149,-89.96,-92.22,2.26,False,False,False,True
1125,IOT-0124,iot_sensor,2026-09-01T21:26:02Z,21,9.9,14.14,ward_D,AP-4,44,-36.07,-95.67,59.6,False,False,False,True
1126,IOT-0124,iot_sensor,2026-09-01T11:17:50Z,11,21.93,13.55,ward_E,AP-5,48,-51.85,-96.81,44.96,False,False,False,True
1127,IOT-0124,iot_sensor,2026-09-01T23:13:48Z,23,13.67,53.57,ward_A,AP-1,36,-49.84,-95.39,45.55,False,False,False,True
1128,IOT-0124,iot_sensor,2026-09-01T23:20:57Z,23,56.12,21.15,ward_F,AP-6,149,-51.34,-95.91,44.57,False,False,False,True
1129,IOT-0124,iot_sensor,2026-09-01T03:52:05Z,3,56.53,24.77,ward_F,AP-8,153,-54.36,-94.82,40.46,False,False,False,True
1130,IOT-0124,iot_sensor,2026-09-01T20:27:18Z,20,35.66,44.07,ward_B,AP-2,40,-45.98,-94.73,48.75,False,False,False,True
1131,IOT-0124,iot_sensor,2026-09-01T18:52:00Z,18,22.22,58.68,ward_B,AP-1,36,-56.32,-96.12,39.8,False,False,False,True
1132,IOT-0124,iot_sensor,2026-09-01T23:40:13Z,23,46.62,15.55,ward_F,AP-6,149,-46.12,-93.57,47.45,False,False,False,True
1133,IOT-0124,iot_sensor,2026-09-01T12:09:15Z,12,3.47,20.51,ward_D,AP-4,44,-57.5,-96.83,39.33,False,False,False,True
1134,IOT-0124,iot_sensor,2026-09-01T14:24:23Z,14,28.77,19.66,ward_E,AP-4,44,-61.55,-95.48,33.93,True,False,False,True
1135,IOT-0124,iot_sensor,2026-09-01T03:47:09Z,3,6.42,51.85,ward_A,AP-1,36,-48.5,-93.37,44.87,False,False,False,True
1136,IOT-0124,iot_sensor,2026-09-01T16:31:58Z,16,51.26,11.19,ward_F,AP-6,149,-29.69,-93.0,63.31,False,False,False,True
1137,IOT-0124,iot_sensor,2026-09-01T10:34:13Z,10,39.49,18.36,ward_E,AP-6,149,-55.71,-92.99,37.28,False,False,False,True
1138,IOT-0124,iot_sensor,2026-09-01T09:25:53Z,9,2.52,21.88,ward_D,AP-4,44,-57.59,-92.96,35.37,False,False,False,True
1139,IOT-0124,iot_sensor,2026-09-01T05:06:08Z,5,4.86,21.46,ward_D,AP-4,44,-52.98,-94.05,41.07,False,False,False,True
1140,IOT-0124,iot_sensor,2026-09-01T06:11:17Z,6,6.67,59.01,ward_A,AP-1,36,-55.98,-94.37,38.39,False,False,False,True
1141,IOT-0124,iot_sensor,2026-09-01T06:32:37Z,6,1.16,6.15,ward_D,AP-4,44,-68.73,-95.06,26.33,False,False,False,True
1142,IOT-0124,iot_sensor,2026-09-01T05:39:16Z,5,9.53,47.66,ward_A,AP-1,36,-36.17,-98.28,62.11,False,False,False,True
1143,IOT-0124,iot_sensor,2026-09-01T23:55:40Z,23,16.03,50.76,ward_A,AP-1,36,-48.82,-94.18,45.36,False,False,False,True
1144,IOT-0124,iot_sensor,2026-09-01T20:18:48Z,20,46.68,20.85,ward_F,AP-6,149,-55.64,-94.0,38.36,False,False,False,True
1145,CLI-0125,clinical_device,2026-09-01T23:23:05Z,23,47.56,11.43,ward_F,AP-6,149,-39.43,-95.8,56.37,False,False,False,True
1146,CLI-0125,clinical_device,2026-09-01T18:08:05Z,18,21.03,47.52,ward_B,AP-2,40,-51.75,-94.39,42.64,False,False,False,True
1147,CLI-0125,clinical_device,2026-09-01T18:24:52Z,18,60.15,57.48,theatre_1,AP-7,153,-49.59,-96.2,46.61,False,False,False,True
1148,CLI-0125,clinical_device,2026-09-01T08:30:54Z,8,3.56,18.24,ward_D,AP-4,44,-52.03,-96.93,44.9,False,False,False,True
1149,CLI-0125,clinical_device,2026-09-01T18:06:46Z,18,2.02,4.75,ward_D,AP-4,44,-64.14,-95.5,31.36,False,False,False,True
1150,CLI-0125,clinical_device,2026-09-01T05:57:20Z,5,37.56,20.58,ward_E,AP-5,48,-53.88,-96.11,42.23,False,False,False,True
1151,CLI-0125,clinical_device,2026-09-01T12:52:58Z,12,58.08,57.02,ward_C,AP-7,153,-57.09,-95.05,37.96,False,True,False,True
1152,GUE-0126,guest_phone,2026-09-01T15:06:14Z,15,79.68,17.03,guest_waiting,AP-8,153,-60.19,-93.08,32.89,True,False,False,True
1153,GUE-0126,guest_phone,2026-09-01T14:15:54Z,14,58.94,29.89,corridor_h,AP-8,153,-55.05,-92.39,37.34,True,False,False,True
1154,GUE-0126,guest_phone,2026-09-01T12:03:11Z,12,77.75,58.67,lift_bank,AP-7,153,-59.36,-93.48,34.12,False,False,True,True
1155,GUE-0126,guest_phone,2026-09-01T00:45:31Z,0,74.43,33.36,corridor_v,AP-8,153,-51.75,-94.26,42.51,False,False,False,True
1156,GUE-0126,guest_phone,2026-09-01T18:50:31Z,18,56.94,32.38,ward_C,AP-8,153,-54.16,-95.26,41.1,False,False,False,True
1157,GUE-0126,guest_phone,2026-09-01T06:04:20Z,6,78.19,16.85,guest_waiting,AP-8,153,-62.18,-96.22,34.04,False,False,False,True
1158,GUE-0126,guest_phone,2026-09-01T22:59:45Z,22,74.18,58.62,lift_bank,AP-7,153,-59.15,-95.49,36.34,False,False,True,False
1159,GUE-0127,guest_phone,2026-09-01T20:24:00Z,20,76.33,57.6,lift_bank,AP-7,153,-57.66,-95.55,37.89,False,False,True,True
1160,GUE-0127,guest_phone,2026-09-01T04:17:24Z,4,56.8,29.81,corridor_h,AP-8,153,-55.78,-94.09,38.31,False,False,False,True
1161,GUE-0127,guest_phone,2026-09-01T11:07:21Z,11,75.35,51.06,corridor_v,AP-7,153,-55.27,-94.89,39.62,False,False,False,True
1162,CLI-0128,clinical_device,2026-09-01T16:34:06Z,16,71.8,46.36,theatre_1,AP-7,153,-49.95,-95.38,45.43,False,False,False,True
1163,CLI-0128,clinical_device,2026-09-01T00:28:48Z,0,77.41,9.45,icu,AP-7,153,-72.68,-94.1,21.42,False,False,False,True
1164,CLI-0128,clinical_device,2026-09-01T12:07:01Z,12,8.78,55.65,ward_A,AP-1,36,-54.18,-96.94,42.76,False,False,False,True
1165,CLI-0128,clinical_device,2026-09-01T01:04:54Z,1,13.84,22.71,ward_D,AP-4,44,-57.14,-93.52,36.38,False,False,False,True
1166,CLI-0128,clinical_device,2026-09-01T00:43:20Z,0,38.86,0.45,ward_E,AP-5,48,-57.7,-94.26,36.56,False,False,False,True
1167,GUE-0129,guest_phone,2026-09-01T23:17:55Z,23,34.86,36.17,ward_B,AP-2,40,-54.72,-95.45,40.73,False,False,False,True
1168,GUE-0129,guest_phone,2026-09-01T15:41:21Z,15,39.03,28.68,corridor_h,AP-3,36,-62.26,-95.03,32.77,True,False,False,True
1169,GUE-0129,guest_phone,2026-09-01T07:57:48Z,7,76.86,59.36,lift_bank,AP-7,153,-58.26,-93.8,35.54,False,False,True,True
1170,GUE-0129,guest_phone,2026-09-01T07:48:29Z,7,76.25,56.73,lift_bank,AP-7,153,-57.59,-97.25,39.66,False,False,True,True
1171,GUE-0129,guest_phone,2026-09-01T18:11:11Z,18,75.23,4.31,guest_waiting,AP-7,153,-73.42,-94.7,21.28,False,False,False,True
1172,GUE-0129,guest_phone,2026-09-01T00:22:51Z,0,70.61,15.94,icu,AP-6,149,-86.14,-93.41,7.27,False,False,False,True
1173,GUE-0129,guest_phone,2026-09-01T12:00:53Z,12,78.13,57.09,lift_bank,AP-7,153,-62.64,-92.27,29.63,False,False,True,True
1174,GUE-0129,guest_phone,2026-09-01T06:36:43Z,6,38.18,14.1,ward_E,AP-6,149,-55.17,-96.5,41.33,False,False,False,True
1175,IOT-0130,iot_sensor,2026-09-01T05:25:00Z,5,26.3,21.51,ward_E,AP-5,48,-54.04,-95.53,41.49,False,False,False,True
1176,IOT-0130,iot_sensor,2026-09-01T01:37:03Z,1,53.79,40.5,ward_C,AP-3,36,-46.51,-98.67,52.16,False,False,False,True
1177,IOT-0130,iot_sensor,2026-09-01T07:40:59Z,7,1.85,3.06,ward_D,AP-4,44,-70.12,-94.45,24.33,False,False,False,True
1178,IOT-0130,iot_sensor,2026-09-01T10:29:19Z,10,33.04,7.87,ward_E,AP-5,48,-44.52,-95.99,51.47,False,False,False,True
1179,IOT-0130,iot_sensor,2026-09-01T13:18:18Z,13,4.56,55.28,ward_A,AP-1,36,-57.59,-95.55,37.96,False,False,False,True
1180,IOT-0130,iot_sensor,2026-09-01T17:56:22Z,17,52.04,16.89,ward_F,AP-6,149,-46.15,-95.06,48.91,False,False,False,True
1181,IOT-0130,iot_sensor,2026-09-01T22:08:23Z,22,1.85,20.97,ward_D,AP-4,44,-57.89,-93.27,35.38,False,False,False,True
1182,IOT-0130,iot_sensor,2026-09-01T17:10:32Z,17,33.92,10.77,ward_E,AP-5,48,-40.93,-95.63,54.7,False,False,False,True
1183,IOT-0130,iot_sensor,2026-09-01T13:25:04Z,13,61.14,4.54,icu,AP-6,149,-82.06,-94.31,12.25,False,False,False,True
1184,IOT-0130,iot_sensor,2026-09-01T02:20:24Z,2,39.27,16.91,ward_E,AP-6,149,-53.9,-97.03,43.13,False,False,False,True
1185,IOT-0130,iot_sensor,2026-09-01T18:58:11Z,18,30.92,36.2,ward_B,AP-2,40,-52.15,-93.62,41.47,False,False,False,True
1186,IOT-0130,iot_sensor,2026-09-01T11:03:56Z,11,14.84,11.54,ward_D,AP-4,44,-44.24,-95.92,51.68,False,False,False,True
1187,IOT-0130,iot_sensor,2026-09-01T08:52:42Z,8,9.57,59.04,ward_A,AP-2,40,-60.04,-94.97,34.93,False,False,False,True
1188,IOT-0130,iot_sensor,2026-09-01T14:14:14Z,14,77.7,5.09,icu,AP-7,153,-74.88,-95.83,20.95,True,False,False,True
1189,IOT-0130,iot_sensor,2026-09-01T03:00:23Z,3,26.82,21.66,ward_E,AP-5,48,-51.81,-92.63,40.82,False,False,False,True
1190,IOT-0130,iot_sensor,2026-09-01T20:33:44Z,20,24.22,35.69,ward_B,AP-2,40,-56.09,-95.54,39.45,False,False,False,True
1191,IOT-0130,iot_sensor,2026-09-01T22:36:23Z,22,59.7,20.76,ward_F,AP-6,149,-51.64,-96.44,44.8,False,False,False,True
1192,IOT-0130,iot_sensor,2026-09-01T15:10:11Z,15,58.48,1.91,ward_F,AP-6,149,-60.53,-94.48,33.95,True,False,False,True
1193,IOT-0130,iot_sensor,2026-09-01T13:40:46Z,13,24.13,48.03,ward_B,AP-2,40,-50.28,-94.87,44.59,False,False,False,True
1194,IOT-0130,iot_sensor,2026-09-01T00:25:44Z,0,76.45,10.2,icu,AP-7,153,-73.1,-93.99,20.89,False,False,False,True
1195,IOT-0130,iot_sensor,2026-09-01T07:37:37Z,7,56.14,22.66,ward_F,AP-8,153,-55.08,-93.36,38.28,False,False,False,True
1196,IOT-0130,iot_sensor,2026-09-01T15:48:56Z,15,71.85,10.0,icu,AP-6,149,-88.65,-94.46,5.81,True,False,False,True
1197,IOT-0130,iot_sensor,2026-09-01T08:15:54Z,8,30.59,24.62,ward_E,AP-5,48,-53.17,-96.56,43.39,False,False,False,True
1198,IOT-0130,iot_sensor,2026-09-01T21:08:13Z,21,20.81,12.11,ward_E,AP-5,48,-51.42,-93.59,42.17,False,False,False,True
1199,IOT-0130,iot_sensor,2026-09-01T12:58:52Z,12,35.5,20.36,ward_E,AP-5,48,-56.24,-93.6,37.36,False,True,False,True
1200,IOT-0130,iot_sensor,2026-09-01T09:59:52Z,9,34.4,2.67,ward_E,AP-5,48,-50.97,-97.84,46.87,False,False,False,True
1201,IOT-0130,iot_sensor,2026-09-01T04:31:07Z,4,63.45,8.33,icu,AP-6,149,-78.64,-92.81,14.17,False,False,False,True
1202,IOT-0130,iot_sensor,2026-09-01T14:14:07Z,14,16.1,23.8,ward_D,AP-4,44,-55.17,-95.32,40.15,True,False,False,True
1203,IOT-0130,iot_sensor,2026-09-01T22:13:16Z,22,49.41,31.47,ward_C,AP-3,36,-58.12,-93.94,35.82,False,False,False,True
1204,IOT-0130,iot_sensor,2026-09-01T00:16:33Z,0,50.42,55.61,ward_C,AP-3,36,-50.27,-94.01,43.74,False,False,False,True
1205,IOT-0130,iot_sensor,2026-09-01T00:26:45Z,0,45.42,12.85,ward_F,AP-6,149,-46.28,-96.21,49.93,False,False,False,True
1206,IOT-0130,iot_sensor,2026-09-01T09:39:49Z,9,28.64,36.41,ward_B,AP-2,40,-55.82,-96.29,40.47,False,False,False,True
1207,IOT-0130,iot_sensor,2026-09-01T15:33:36Z,15,4.41,40.65,ward_A,AP-1,36,-53.94,-94.01,40.07,True,False,False,True
1208,IOT-0130,iot_sensor,2026-09-01T22:23:38Z,22,34.13,11.41,ward_E,AP-5,48,-43.83,-94.53,50.7,False,False,False,True
1209,IOT-0131,iot_sensor,2026-09-01T02:08:29Z,2,69.39,2.68,icu,AP-6,149,-87.89,-95.05,7.16,False,False,False,True
1210,IOT-0131,iot_sensor,2026-09-01T06:10:32Z,6,62.9,17.88,icu,AP-6,149,-96.51,-94.84,-1.67,False,False,False,True
1211,IOT-0131,iot_sensor,2026-09-01T10:40:42Z,10,70.4,14.12,icu,AP-6,149,-92.01,-94.1,2.09,False,False,False,True
1212,IOT-0131,iot_sensor,2026-09-01T00:26:39Z,0,41.75,12.96,ward_F,AP-6,149,-53.31,-95.33,42.02,False,False,False,True
1213,IOT-0131,iot_sensor,2026-09-01T17:12:01Z,17,45.12,13.74,ward_F,AP-6,149,-48.79,-98.01,49.22,False,False,False,True
1214,IOT-0131,iot_sensor,2026-09-01T18:35:25Z,18,62.2,5.41,icu,AP-6,149,-84.48,-94.83,10.35,False,False,False,True
1215,IOT-0131,iot_sensor,2026-09-01T02:30:22Z,2,73.84,10.57,icu,AP-6,149,-85.43,-93.37,7.94,False,False,False,True
1216,IOT-0131,iot_sensor,2026-09-01T07:28:10Z,7,59.57,11.17,ward_F,AP-6,149,-48.87,-94.42,45.55,False,False,False,True
1217,IOT-0131,iot_sensor,2026-09-01T05:56:47Z,5,8.86,2.58,ward_D,AP-4,44,-69.09,-94.25,25.16,False,False,False,True
1218,IOT-0131,iot_sensor,2026-09-01T14:11:54Z,14,13.27,23.48,ward_D,AP-4,44,-57.15,-94.46,37.31,True,False,False,True
1219,IOT-0131,iot_sensor,2026-09-01T06:28:49Z,6,24.87,46.9,ward_B,AP-2,40,-51.49,-95.33,43.84,False,False,False,True
1220,IOT-0131,iot_sensor,2026-09-01T00:53:58Z,0,5.65,32.03,ward_A,AP-1,36,-60.32,-93.67,33.35,False,False,False,True
1221,IOT-0131,iot_sensor,2026-09-01T00:06:34Z,0,51.42,17.91,ward_F,AP-6,149,-48.11,-95.46,47.35,False,False,False,True
1222,IOT-0131,iot_sensor,2026-09-01T15:19:06Z,15,17.35,51.12,ward_A,AP-1,36,-54.16,-91.65,37.49,True,False,False,True
1223,IOT-0131,iot_sensor,2026-09-01T15:05:37Z,15,60.33,13.17,icu,AP-6,149,-73.62,-91.76,18.14,True,False,False,True
1224,IOT-0131,iot_sensor,2026-09-01T04:32:30Z,4,25.61,45.21,ward_B,AP-2,40,-44.56,-96.7,52.14,False,False,False,True
1225,IOT-0131,iot_sensor,2026-09-01T20:59:45Z,20,48.22,56.55,ward_C,AP-3,36,-53.57,-95.25,41.68,False,False,False,True
1226,IOT-0131,iot_sensor,2026-09-01T19:54:57Z,19,50.01,46.67,ward_C,AP-3,36,-26.24,-94.67,68.43,False,False,False,True
1227,IOT-0131,iot_sensor,2026-09-01T12:47:46Z,12,34.71,5.61,ward_E,AP-5,48,-47.44,-95.98,48.54,False,True,False,True
1228,IOT-0131,iot_sensor,2026-09-01T01:26:36Z,1,4.92,51.61,ward_A,AP-1,36,-54.61,-94.51,39.9,False,False,False,True
1229,IOT-0131,iot_sensor,2026-09-01T13:43:20Z,13,35.39,7.91,ward_E,AP-5,48,-51.64,-95.63,43.99,False,False,False,True
1230,IOT-0131,iot_sensor,2026-09-01T20:31:23Z,20,71.4,10.86,icu,AP-6,149,-86.68,-94.8,8.12,False,False,False,True
1231,IOT-0131,iot_sensor,2026-09-01T22:07:00Z,22,41.68,19.54,ward_F,AP-6,149,-54.67,-95.95,41.28,False,False,False,True
1232,IOT-0131,iot_sensor,2026-09-01T13:44:10Z,13,31.2,55.52,ward_B,AP-2,40,-54.3,-94.89,40.59,False,False,False,True
1233,IOT-0131,iot_sensor,2026-09-01T17:31:32Z,17,33.15,54.03,ward_B,AP-2,40,-50.46,-96.13,45.67,False,False,False,True
1234,IOT-0131,iot_sensor,2026-09-01T01:18:49Z,1,11.57,42.22,ward_A,AP-1,36,-36.66,-96.15,59.49,False,False,False,True
1235,IOT-0131,iot_sensor,2026-09-01T04:21:35Z,4,42.25,50.11,ward_C,AP-3,36,-53.9,-95.45,41.55,False,False,False,True
1236,IOT-0131,iot_sensor,2026-09-01T02:54:20Z,2,31.55,17.04,ward_E,AP-5,48,-47.49,-93.99,46.5,False,False,False,True
1237,IOT-0131,iot_sensor,2026-09-01T00:52:09Z,0,22.0,38.06,ward_B,AP-1,36,-54.65,-94.86,40.21,False,False,False,True
1238,IOT-0131,iot_sensor,2026-09-01T02:12:14Z,2,52.21,45.07,ward_C,AP-3,36,-31.59,-98.32,66.73,False,False,False,True
1239,IOT-0131,iot_sensor,2026-09-01T20:45:31Z,20,46.47,3.01,ward_F,AP-6,149,-55.54,-93.69,38.15,False,False,False,True
1240,IOT-0131,iot_sensor,2026-09-01T00:31:01Z,0,11.89,49.66,ward_A,AP-1,36,-42.15,-97.12,54.97,False,False,False,True
1241,IOT-0131,iot_sensor,2026-09-01T23:59:15Z,23,13.35,33.29,ward_A,AP-1,36,-52.36,-95.11,42.75,False,False,False,True
1242,IOT-0131,iot_sensor,2026-09-01T22:51:19Z,22,52.51,15.74,ward_F,AP-6,149,-43.33,-96.79,53.46,False,False,False,True
1243,IOT-0131,iot_sensor,2026-09-01T23:21:29Z,23,29.11,9.33,ward_E,AP-5,48,-40.72,-95.64,54.92,False,False,False,True
1244,IOT-0131,iot_sensor,2026-09-01T10:12:55Z,10,61.43,19.6,icu,AP-8,153,-99.03,-93.63,-5.4,False,False,False,True
1245,IOT-0131,iot_sensor,2026-09-01T13:50:11Z,13,26.42,36.06,ward_B,AP-2,40,-54.76,-96.69,41.93,False,False,False,True
1246,IOT-0131,iot_sensor,2026-09-01T11:20:33Z,11,36.79,20.68,ward_E,AP-5,48,-56.79,-96.76,39.97,False,False,False,True
1247,IOT-0131,iot_sensor,2026-09-01T08:16:16Z,8,5.36,34.24,ward_A,AP-1,36,-56.28,-96.98,40.7,False,False,False,True
1248,IOT-0131,iot_sensor,2026-09-01T03:58:59Z,3,70.81,10.36,icu,AP-6,149,-89.15,-93.52,4.37,False,False,False,True
1249,IOT-0131,iot_sensor,2026-09-01T01:33:34Z,1,19.51,8.53,ward_D,AP-5,48,-55.27,-96.3,41.03,False,False,False,True
1250,IOT-0131,iot_sensor,2026-09-01T05:51:06Z,5,59.08,40.78,ward_C,AP-3,36,-52.76,-95.07,42.31,False,False,False,True
1251,IOT-0131,iot_sensor,2026-09-01T05:01:28Z,5,19.62,35.29,ward_A,AP-1,36,-57.51,-93.85,36.34,False,False,False,True
1252,CLI-0132,clinical_device,2026-09-01T19:23:02Z,19,41.58,20.38,ward_F,AP-6,149,-54.81,-96.77,41.96,False,False,False,True
1253,CLI-0132,clinical_device,2026-09-01T23:55:05Z,23,37.33,17.61,ward_E,AP-5,48,-50.23,-95.76,45.53,False,False,False,True
1254,CLI-0132,clinical_device,2026-09-01T12:37:52Z,12,36.12,56.65,ward_B,AP-2,40,-58.2,-95.93,37.73,False,True,False,True
1255,CLI-0132,clinical_device,2026-09-01T14:58:37Z,14,70.67,39.79,theatre_2,AP-8,153,-53.8,-95.13,41.33,True,False,False,True
1256,CLI-0132,clinical_device,2026-09-01T06:40:40Z,6,65.88,20.46,theatre_2,AP-8,153,-68.01,-94.38,26.37,False,False,False,True
1257,CLI-0132,clinical_device,2026-09-01T04:02:36Z,4,20.27,51.63,ward_B,AP-1,36,-53.45,-96.08,42.63,False,False,False,True
1258,CLI-0132,clinical_device,2026-09-01T21:00:42Z,21,19.66,24.03,ward_D,AP-4,44,-55.78,-91.49,35.71,False,False,False,True
1259,STA-0133,staff_laptop,2026-09-01T19:30:02Z,19,1.58,41.89,ward_A,AP-1,36,-53.78,-94.3,40.52,False,False,False,True
1260,STA-0133,staff_laptop,2026-09-01T02:12:08Z,2,78.05,54.54,corridor_v,AP-7,153,-58.05,-93.5,35.45,False,False,False,True
1261,STA-0133,staff_laptop,2026-09-01T20:52:58Z,20,33.13,33.68,ward_B,AP-2,40,-55.68,-94.7,39.02,False,False,False,True
1262,STA-0133,staff_laptop,2026-09-01T09:32:20Z,9,46.8,9.8,ward_F,AP-6,149,-45.05,-93.72,48.67,False,False,False,True
1263,STA-0133,staff_laptop,2026-09-01T15:25:19Z,15,18.13,17.0,ward_D,AP-4,44,-55.01,-100.6,45.59,True,False,False,True
1264,STA-0133,staff_laptop,2026-09-01T14:21:49Z,14,77.04,22.77,corridor_v,AP-8,153,-59.76,-96.83,37.07,True,False,False,True
1265,STA-0133,staff_laptop,2026-09-01T10:12:00Z,10,7.35,38.48,ward_A,AP-1,36,-50.2,-93.93,43.73,False,False,False,True
1266,STA-0133,staff_laptop,2026-09-01T15:55:02Z,15,32.21,22.15,ward_E,AP-6,149,-64.49,-92.49,28.0,True,False,False,True
1267,STA-0134,staff_laptop,2026-09-01T23:10:22Z,23,57.11,22.53,ward_F,AP-8,153,-54.81,-96.55,41.74,False,False,False,True
1268,STA-0134,staff_laptop,2026-09-01T04:17:10Z,4,41.74,36.71,ward_C,AP-3,36,-53.75,-93.43,39.68,False,False,False,True
1269,STA-0134,staff_laptop,2026-09-01T20:10:48Z,20,72.25,29.87,corridor_v,AP-8,153,-48.8,-95.49,46.69,False,False,False,True
1270,GUE-0135,guest_phone,2026-09-01T23:45:20Z,23,75.33,0.56,guest_waiting,AP-6,149,-87.78,-91.67,3.89,False,False,False,True
1271,GUE-0135,guest_phone,2026-09-01T16:55:57Z,16,27.14,26.91,corridor_h,AP-5,48,-61.07,-94.34,33.27,False,False,False,True
1272,GUE-0135,guest_phone,2026-09-01T00:37:08Z,0,66.11,27.39,corridor_h,AP-8,153,-36.52,-94.83,58.31,False,False,False,True
1273,GUE-0135,guest_phone,2026-09-01T17:58:09Z,17,69.79,25.05,corridor_h,AP-8,153,-48.2,-95.23,47.03,False,False,False,True
1274,GUE-0135,guest_phone,2026-09-01T13:38:51Z,13,71.58,27.73,corridor_h,AP-8,153,-51.66,-95.87,44.21,False,False,False,True
1275,GUE-0135,guest_phone,2026-09-01T10:34:52Z,10,15.33,28.46,corridor_h,AP-4,44,-62.14,-96.41,34.27,False,False,False,True
1276,GUE-0135,guest_phone,2026-09-01T04:49:44Z,4,74.62,10.52,guest_waiting,AP-7,153,-75.64,-93.25,17.61,False,False,False,True
1277,GUE-0135,guest_phone,2026-09-01T00:28:35Z,0,74.51,13.04,guest_waiting,AP-7,153,-70.56,-95.09,24.53,False,False,False,True
1278,STA-0136,staff_laptop,2026-09-01T05:51:06Z,5,10.76,14.95,ward_D,AP-4,44,-34.03,-96.25,62.22,False,False,False,True
1279,STA-0136,staff_laptop,2026-09-01T22:00:01Z,22,70.3,37.05,theatre_2,AP-8,153,-53.12,-97.03,43.91,False,False,False,True
1280,STA-0136,staff_laptop,2026-09-01T16:48:12Z,16,35.61,31.05,ward_B,AP-2,40,-57.88,-93.84,35.96,False,False,False,True
1281,STA-0136,staff_laptop,2026-09-01T02:00:40Z,2,76.93,37.41,corridor_v,AP-8,153,-60.31,-96.03,35.72,False,False,False,True
1282,STA-0136,staff_laptop,2026-09-01T18:20:16Z,18,14.63,48.98,ward_A,AP-1,36,-47.0,-95.05,48.05,False,False,False,True
1283,STA-0136,staff_laptop,2026-09-01T14:37:33Z,14,48.1,3.09,ward_F,AP-6,149,-49.96,-94.55,44.59,True,False,False,True
1284,STA-0136,staff_laptop,2026-09-01T11:41:51Z,11,24.38,46.04,ward_B,AP-2,40,-47.9,-93.57,45.67,False,False,False,True
1285,STA-0137,staff_laptop,2026-09-01T07:51:22Z,7,71.24,40.53,theatre_1,AP-7,153,-54.7,-96.31,41.61,False,False,False,True
1286,STA-0137,staff_laptop,2026-09-01T13:10:46Z,13,25.28,16.1,ward_E,AP-5,48,-44.12,-96.66,52.54,False,False,False,True
1287,STA-0137,staff_laptop,2026-09-01T08:42:16Z,8,14.88,26.94,corridor_h,AP-4,44,-57.8,-94.51,36.71,False,False,False,True
1288,STA-0137,staff_laptop,2026-09-01T04:33:30Z,4,35.78,27.13,corridor_h,AP-2,40,-62.71,-95.19,32.48,False,False,False,True
1289,STA-0137,staff_laptop,2026-09-01T03:04:13Z,3,54.6,18.64,ward_F,AP-6,149,-49.1,-94.26,45.16,False,False,False,True
1290,STA-0137,staff_laptop,2026-09-01T17:16:10Z,17,46.77,4.38,ward_F,AP-6,149,-53.39,-95.17,41.78,False,False,False,True
1291,STA-0137,staff_laptop,2026-09-01T09:16:52Z,9,77.69,25.71,corridor_v,AP-8,153,-59.9,-94.8,34.9,False,False,False,True
1292,STA-0137,staff_laptop,2026-09-01T12:07:17Z,12,74.32,37.3,corridor_v,AP-8,153,-57.22,-95.24,38.02,False,False,False,True
1293,STA-0138,staff_laptop,2026-09-01T06:05:21Z,6,52.67,13.48,ward_F,AP-6,149,-35.5,-94.01,58.51,False,False,False,True
1294,STA-0138,staff_laptop,2026-09-01T18:51:42Z,18,47.23,43.67,ward_C,AP-3,36,-41.12,-92.66,51.54,False,False,False,True
1295,STA-0138,staff_laptop,2026-09-01T08:49:21Z,8,17.61,34.4,ward_A,AP-1,36,-56.64,-95.73,39.09,False,False,False,True
1296,STA-0138,staff_laptop,2026-09-01T22:57:53Z,22,56.33,10.88,ward_F,AP-6,149,-48.66,-97.18,48.52,False,False,False,True
1297,STA-0138,staff_laptop,2026-09-01T07:11:43Z,7,15.64,12.84,ward_D,AP-4,44,-48.65,-97.05,48.4,False,False,False,True
1298,IOT-0139,iot_sensor,2026-09-01T09:17:38Z,9,20.81,19.51,ward_E,AP-5,48,-58.14,-95.01,36.87,False,False,False,True
1299,IOT-0139,iot_sensor,2026-09-01T14:03:28Z,14,50.29,58.32,ward_C,AP-3,36,-57.97,-96.14,38.17,True,False,False,True
1300,IOT-0139,iot_sensor,2026-09-01T02:20:46Z,2,40.79,13.03,ward_F,AP-5,48,-52.44,-95.37,42.93,False,False,False,True
1301,IOT-0139,iot_sensor,2026-09-01T01:59:10Z,1,54.66,31.88,ward_C,AP-8,153,-57.12,-95.72,38.6,False,False,False,True
1302,IOT-0139,iot_sensor,2026-09-01T21:06:46Z,21,18.08,21.09,ward_D,AP-4,44,-51.6,-98.26,46.66,False,False,False,True
1303,IOT-0139,iot_sensor,2026-09-01T13:01:40Z,13,6.74,5.82,ward_D,AP-4,44,-60.64,-93.24,32.6,False,False,False,True
1304,IOT-0139,iot_sensor,2026-09-01T17:12:22Z,17,46.43,42.88,ward_C,AP-3,36,-44.3,-92.65,48.35,False,False,False,True
1305,IOT-0139,iot_sensor,2026-09-01T13:04:31Z,13,41.33,47.82,ward_C,AP-3,36,-55.06,-96.22,41.16,False,False,False,True
1306,IOT-0139,iot_sensor,2026-09-01T21:58:56Z,21,2.19,9.34,ward_D,AP-4,44,-51.07,-96.09,45.02,False,False,False,True
1307,IOT-0139,iot_sensor,2026-09-01T22:10:31Z,22,79.2,2.58,icu,AP-7,153,-71.76,-95.83,24.07,False,False,False,True
1308,IOT-0139,iot_sensor,2026-09-01T17:52:07Z,17,74.89,19.79,icu,AP-8,153,-58.7,-94.84,36.14,False,False,False,True
1309,IOT-0139,iot_sensor,2026-09-01T04:51:41Z,4,46.31,24.27,ward_F,AP-6,149,-58.21,-92.93,34.72,False,False,False,True
1310,IOT-0139,iot_sensor,2026-09-01T01:34:18Z,1,31.17,50.58,ward_B,AP-2,40,-46.44,-95.45,49.01,False,False,False,True
1311,IOT-0139,iot_sensor,2026-09-01T12:18:29Z,12,26.65,46.65,ward_B,AP-2,40,-46.5,-94.61,48.11,False,False,False,True
1312,IOT-0139,iot_sensor,2026-09-01T18:35:56Z,18,25.8,21.17,ward_E,AP-5,48,-57.61,-96.0,38.39,False,False,False,True
1313,IOT-0139,iot_sensor,2026-09-01T10:24:12Z,10,44.55,45.62,ward_C,AP-3,36,-48.46,-93.24,44.78,False,False,False,True
1314,IOT-0139,iot_sensor,2026-09-01T23:54:26Z,23,34.85,36.08,ward_B,AP-2,40,-52.76,-95.75,42.99,False,False,False,True
1315,IOT-0139,iot_sensor,2026-09-01T06:52:37Z,6,39.23,19.19,ward_E,AP-6,149,-55.14,-96.81,41.67,False,False,False,True
1316,IOT-0139,iot_sensor,2026-09-01T12:09:51Z,12,78.51,14.09,icu,AP-8,153,-61.98,-96.26,34.28,False,False,False,True
1317,IOT-0139,iot_sensor,2026-09-01T16:11:59Z,16,28.94,0.89,ward_E,AP-5,48,-56.34,-94.32,37.98,False,False,False,True
1318,IOT-0139,iot_sensor,2026-09-01T08:27:57Z,8,25.05,36.56,ward_B,AP-2,40,-55.33,-94.32,38.99,False,False,False,True
1319,IOT-0139,iot_sensor,2026-09-01T08:48:35Z,8,17.62,23.24,ward_D,AP-4,44,-58.22,-91.84,33.62,False,False,False,True
1320,IOT-0139,iot_sensor,2026-09-01T08:59:35Z,8,57.58,12.08,ward_F,AP-6,149,-50.49,-96.63,46.14,False,False,False,True
1321,IOT-0139,iot_sensor,2026-09-01T06:07:03Z,6,29.17,59.25,ward_B,AP-2,40,-57.58,-96.69,39.11,False,False,False,True
1322,IOT-0139,iot_sensor,2026-09-01T17:13:41Z,17,16.83,13.66,ward_D,AP-4,44,-49.64,-95.4,45.76,False,False,False,True
1323,IOT-0139,iot_sensor,2026-09-01T15:08:00Z,15,2.78,15.04,ward_D,AP-4,44,-52.11,-93.74,41.63,True,False,False,True
1324,IOT-0139,iot_sensor,2026-09-01T19:53:47Z,19,35.22,30.29,ward_B,AP-5,48,-59.22,-95.76,36.54,False,False,False,True
1325,IOT-0139,iot_sensor,2026-09-01T08:08:27Z,8,20.77,1.38,ward_E,AP-5,48,-61.8,-95.57,33.77,False,False,False,True
1326,IOT-0139,iot_sensor,2026-09-01T20:19:17Z,20,21.64,3.54,ward_E,AP-5,48,-55.63,-94.41,38.78,False,False,False,True
1327,IOT-0139,iot_sensor,2026-09-01T20:49:16Z,20,49.43,59.98,ward_C,AP-3,36,-58.46,-95.48,37.02,False,False,False,True
1328,IOT-0139,iot_sensor,2026-09-01T14:59:03Z,14,7.75,4.06,ward_D,AP-4,44,-64.63,-93.58,28.95,True,False,False,True
1329,IOT-0139,iot_sensor,2026-09-01T19:39:38Z,19,4.58,3.68,ward_D,AP-4,44,-65.2,-96.33,31.13,False,False,False,True
1330,IOT-0139,iot_sensor,2026-09-01T08:45:11Z,8,3.84,40.47,ward_A,AP-1,36,-52.38,-96.46,44.08,False,False,False,True
1331,IOT-0139,iot_sensor,2026-09-01T12:42:25Z,12,25.94,50.56,ward_B,AP-2,40,-51.46,-94.86,43.4,False,True,False,True
1332,IOT-0139,iot_sensor,2026-09-01T03:47:09Z,3,64.5,3.66,icu,AP-6,149,-83.51,-94.06,10.55,False,False,False,True
1333,IOT-0139,iot_sensor,2026-09-01T19:20:20Z,19,15.93,40.06,ward_A,AP-1,36,-50.28,-94.85,44.57,False,False,False,True
1334,IOT-0139,iot_sensor,2026-09-01T20:23:38Z,20,52.81,14.59,ward_F,AP-6,149,-37.13,-95.57,58.44,False,False,False,True
1335,IOT-0139,iot_sensor,2026-09-01T10:05:49Z,10,67.12,4.07,icu,AP-6,149,-81.19,-93.09,11.9,False,False,False,True
1336,IOT-0139,iot_sensor,2026-09-01T05:31:32Z,5,29.09,34.98,ward_B,AP-2,40,-58.68,-91.38,32.7,False,False,False,True
1337,IOT-0139,iot_sensor,2026-09-01T17:22:01Z,17,3.27,34.77,ward_A,AP-1,36,-55.75,-93.11,37.36,False,False,False,True
1338,IOT-0139,iot_sensor,2026-09-01T18:38:11Z,18,54.36,45.32,ward_C,AP-3,36,-41.11,-95.65,54.54,False,False,False,True
1339,IOT-0139,iot_sensor,2026-09-01T12:10:55Z,12,74.12,9.44,icu,AP-6,149,-90.93,-95.74,4.81,False,False,False,True
1340,GUE-0140,guest_phone,2026-09-01T09:07:33Z,9,4.98,26.65,corridor_h,AP-4,44,-62.05,-93.36,31.31,False,False,False,True
1341,GUE-0140,guest_phone,2026-09-01T06:50:23Z,6,78.37,19.76,guest_waiting,AP-8,153,-60.74,-94.81,34.07,False,False,False,True
1342,GUE-0140,guest_phone,2026-09-01T23:28:01Z,23,6.03,39.4,ward_A,AP-1,36,-51.16,-95.81,44.65,False,False,False,True
1343,GUE-0140,guest_phone,2026-09-01T03:34:58Z,3,36.89,59.72,ward_B,AP-2,40,-56.55,-95.27,38.72,False,False,False,True
1344,GUE-0140,guest_phone,2026-09-01T20:36:15Z,20,72.51,56.49,lift_bank,AP-7,153,-54.26,-96.62,42.36,False,False,True,True
1345,GUE-0140,guest_phone,2026-09-01T00:02:16Z,0,61.08,29.24,corridor_h,AP-8,153,-47.23,-95.67,48.44,False,False,False,True
1346,GUE-0141,guest_phone,2026-09-01T13:07:26Z,13,50.7,41.13,ward_C,AP-3,36,-42.15,-95.59,53.44,False,False,False,True
1347,GUE-0141,guest_phone,2026-09-01T07:35:57Z,7,77.94,3.93,guest_waiting,AP-7,153,-73.46,-96.01,22.55,False,False,False,True
1348,GUE-0141,guest_phone,2026-09-01T14:47:10Z,14,56.17,27.96,corridor_h,AP-8,153,-56.6,-93.21,36.61,True,False,False,True
1349,GUE-0141,guest_phone,2026-09-01T04:49:47Z,4,54.97,10.6,ward_F,AP-6,149,-42.35,-93.63,51.28,False,False,False,True
1350,GUE-0141,guest_phone,2026-09-01T15:04:40Z,15,75.44,58.21,lift_bank,AP-7,153,-59.17,-93.47,34.3,True,False,True,True
1351,GUE-0141,guest_phone,2026-09-01T10:10:52Z,10,42.49,7.65,ward_F,AP-6,149,-53.01,-94.25,41.24,False,False,False,True
1352,GUE-0141,guest_phone,2026-09-01T21:38:39Z,21,38.41,31.49,ward_B,AP-2,40,-55.48,-94.39,38.91,False,False,False,True
1353,CLI-0142,clinical_device,2026-09-01T18:59:56Z,18,58.99,32.85,ward_C,AP-8,153,-51.11,-96.67,45.56,False,False,False,True
1354,CLI-0142,clinical_device,2026-09-01T01:36:14Z,1,61.4,50.08,theatre_1,AP-7,153,-43.97,-95.47,51.5,False,False,False,True
1355,CLI-0142,clinical_device,2026-09-01T15:56:21Z,15,56.52,51.75,ward_C,AP-3,36,-51.07,-95.22,44.15,True,False,False,True
1356,CLI-0142,clinical_device,2026-09-01T12:30:39Z,12,3.9,31.65,ward_A,AP-4,44,-61.56,-94.48,32.92,False,True,False,True
1357,CLI-0142,clinical_device,2026-09-01T06:37:14Z,6,25.11,51.12,ward_B,AP-2,40,-58.83,-94.13,35.3,False,False,False,True
1358,CLI-0142,clinical_device,2026-09-01T23:15:48Z,23,6.78,14.9,ward_D,AP-4,44,-47.77,-95.38,47.61,False,False,False,True
1359,CLI-0142,clinical_device,2026-09-01T04:23:48Z,4,18.82,16.51,ward_D,AP-4,44,-51.48,-94.9,43.42,False,False,False,True
1360,CLI-0142,clinical_device,2026-09-01T17:32:54Z,17,78.59,5.4,icu,AP-7,153,-70.44,-96.0,25.56,False,False,False,True
1361,STA-0143,staff_laptop,2026-09-01T10:37:12Z,10,75.41,55.87,corridor_v,AP-7,153,-58.2,-95.41,37.21,False,False,True,True
1362,STA-0143,staff_laptop,2026-09-01T18:40:29Z,18,9.45,57.62,ward_A,AP-1,36,-56.39,-92.62,36.23,False,False,False,True
1363,STA-0143,staff_laptop,2026-09-01T22:20:43Z,22,64.07,29.59,corridor_h,AP-8,153,-37.07,-92.72,55.65,False,False,False,True
1364,STA-0144,staff_laptop,2026-09-01T02:23:13Z,2,24.74,14.76,ward_E,AP-5,48,-49.61,-93.22,43.61,False,False,False,True
1365,STA-0144,staff_laptop,2026-09-01T17:08:59Z,17,3.77,22.84,ward_D,AP-4,44,-54.74,-97.92,43.18,False,False,False,True
1366,STA-0144,staff_laptop,2026-09-01T03:49:14Z,3,72.71,34.78,corridor_v,AP-8,153,-51.26,-94.81,43.55,False,False,False,True
1367,STA-0144,staff_laptop,2026-09-01T21:52:47Z,21,76.01,22.7,corridor_v,AP-8,153,-61.49,-95.93,34.44,False,False,False,True
1368,STA-0144,staff_laptop,2026-09-01T05:47:42Z,5,79.6,25.63,corridor_v,AP-8,153,-61.27,-89.94,28.67,False,False,False,True
1369,STA-0144,staff_laptop,2026-09-01T06:31:30Z,6,53.33,0.22,ward_F,AP-6,149,-52.63,-97.27,44.64,False,False,False,True
1370,STA-0144,staff_laptop,2026-09-01T17:37:09Z,17,41.67,45.02,ward_C,AP-3,36,-53.12,-92.21,39.09,False,False,False,True
1371,STA-0145,staff_laptop,2026-09-01T18:38:11Z,18,79.98,27.63,corridor_v,AP-8,153,-59.12,-92.16,33.04,False,False,False,True
1372,STA-0145,staff_laptop,2026-09-01T18:14:35Z,18,46.59,55.43,ward_C,AP-3,36,-56.35,-94.98,38.63,False,False,False,True
1373,STA-0145,staff_laptop,2026-09-01T21:57:28Z,21,23.5,16.24,ward_E,AP-5,48,-52.34,-92.81,40.47,False,False,False,True
1374,STA-0145,staff_laptop,2026-09-01T21:46:54Z,21,31.09,5.54,ward_E,AP-5,48,-49.07,-92.7,43.63,False,False,False,True
1375,STA-0145,staff_laptop,2026-09-01T09:42:31Z,9,3.84,39.55,ward_A,AP-1,36,-54.93,-94.43,39.5,False,False,False,True
1376,STA-0145,staff_laptop,2026-09-01T12:08:00Z,12,62.81,26.91,theatre_2,AP-8,153,-49.17,-95.48,46.31,False,False,False,True
1377,STA-0145,staff_laptop,2026-09-01T06:15:47Z,6,2.39,8.66,ward_D,AP-4,44,-50.07,-94.49,44.42,False,False,False,True
1378,STA-0145,staff_laptop,2026-09-01T20:17:52Z,20,11.81,35.91,ward_A,AP-1,36,-53.76,-92.9,39.14,False,False,False,True
1379,GUE-0146,guest_phone,2026-09-01T23:27:49Z,23,77.61,55.39,lift_bank,AP-7,153,-59.11,-96.72,37.61,False,False,True,True
1380,GUE-0146,guest_phone,2026-09-01T11:29:16Z,11,19.15,25.29,corridor_h,AP-4,44,-62.62,-96.11,33.49,False,False,False,True
1381,GUE-0146,guest_phone,2026-09-01T14:14:45Z,14,4.52,27.4,corridor_h,AP-4,44,-65.2,-94.01,28.81,True,False,False,True
1382,GUE-0146,guest_phone,2026-09-01T17:46:23Z,17,54.77,26.01,corridor_h,AP-8,153,-59.58,-93.42,33.84,False,False,False,True
1383,GUE-0146,guest_phone,2026-09-01T02:31:59Z,2,58.49,27.92,corridor_h,AP-8,153,-54.94,-94.47,39.53,False,False,False,True
1384,GUE-0146,guest_phone,2026-09-01T11:51:59Z,11,3.14,26.11,corridor_h,AP-4,44,-60.88,-94.09,33.21,False,False,False,True
1385,STA-0147,staff_laptop,2026-09-01T22:40:22Z,22,26.85,10.82,ward_E,AP-5,48,-47.75,-95.76,48.01,False,False,False,True
1386,STA-0147,staff_laptop,2026-09-01T06:48:11Z,6,32.88,36.45,ward_B,AP-2,40,-55.47,-93.75,38.28,False,False,False,True
1387,STA-0147,staff_laptop,2026-09-01T16:51:59Z,16,75.46,55.66,corridor_v,AP-7,153,-58.55,-92.71,34.16,False,False,True,True
1388,STA-0147,staff_laptop,2026-09-01T14:54:25Z,14,37.83,26.21,corridor_h,AP-6,149,-63.37,-97.2,33.83,True,False,False,True
1389,STA-0147,staff_laptop,2026-09-01T04:17:20Z,4,35.39,49.29,ward_B,AP-2,40,-48.15,-97.0,48.85,False,False,False,True
1390,STA-0147,staff_laptop,2026-09-01T19:39:34Z,19,49.89,36.17,ward_C,AP-3,36,-53.99,-96.43,42.44,False,False,False,True
1391,STA-0147,staff_laptop,2026-09-01T06:30:39Z,6,34.81,15.18,ward_E,AP-5,48,-44.65,-95.46,50.81,False,False,False,True
1392,CLI-0148,clinical_device,2026-09-01T09:14:42Z,9,25.43,4.63,ward_E,AP-5,48,-52.19,-96.89,44.7,False,False,False,True
1393,CLI-0148,clinical_device,2026-09-01T08:54:56Z,8,39.81,11.73,ward_E,AP-5,48,-50.75,-95.34,44.59,False,False,False,True
1394,CLI-0148,clinical_device,2026-09-01T13:27:21Z,13,12.37,15.0,ward_D,AP-4,44,-41.38,-93.62,52.24,False,False,False,True
1395,IOT-0149,iot_sensor,2026-09-01T13:46:03Z,13,50.04,39.02,ward_C,AP-3,36,-45.49,-91.81,46.32,False,False,False,True
1396,IOT-0149,iot_sensor,2026-09-01T18:29:42Z,18,17.34,45.65,ward_A,AP-1,36,-47.9,-94.53,46.63,False,False,False,True
1397,IOT-0149,iot_sensor,2026-09-01T12:16:06Z,12,15.2,41.89,ward_A,AP-1,36,-50.79,-93.92,43.13,False,False,False,True
1398,IOT-0149,iot_sensor,2026-09-01T09:35:30Z,9,40.92,38.45,ward_C,AP-2,40,-54.08,-95.85,41.77,False,False,False,True
1399,IOT-0149,iot_sensor,2026-09-01T00:11:19Z,0,7.32,0.61,ward_D,AP-4,44,-69.51,-95.12,25.61,False,False,False,True
1400,IOT-0149,iot_sensor,2026-09-01T20:08:39Z,20,47.21,4.84,ward_F,AP-6,149,-49.42,-94.21,44.79,False,False,False,True
1401,IOT-0149,iot_sensor,2026-09-01T02:58:14Z,2,13.11,58.73,ward_A,AP-1,36,-59.6,-93.78,34.18,False,False,False,True
1402,IOT-0149,iot_sensor,2026-09-01T17:26:52Z,17,44.24,58.76,ward_C,AP-3,36,-55.62,-95.12,39.5,False,False,False,True
1403,IOT-0149,iot_sensor,2026-09-01T19:39:18Z,19,37.15,34.72,ward_B,AP-3,36,-58.32,-95.88,37.56,False,False,False,True
1404,IOT-0149,iot_sensor,2026-09-01T09:05:25Z,9,77.71,13.72,icu,AP-7,153,-66.28,-96.26,29.98,False,False,False,True
1405,IOT-0149,iot_sensor,2026-09-01T06:31:49Z,6,16.39,36.57,ward_A,AP-1,36,-55.23,-93.76,38.53,False,False,False,True
1406,IOT-0149,iot_sensor,2026-09-01T17:01:55Z,17,25.78,57.29,ward_B,AP-2,40,-58.54,-94.05,35.51,False,False,False,True
1407,IOT-0149,iot_sensor,2026-09-01T12:11:55Z,12,20.62,48.58,ward_B,AP-1,36,-52.47,-94.03,41.56,False,False,False,True
1408,IOT-0149,iot_sensor,2026-09-01T10:37:29Z,10,27.35,2.07,ward_E,AP-5,48,-55.19,-93.62,38.43,False,False,False,True
1409,IOT-0149,iot_sensor,2026-09-01T05:20:23Z,5,28.56,35.64,ward_B,AP-2,40,-53.86,-93.35,39.49,False,False,False,True
1410,IOT-0149,iot_sensor,2026-09-01T15:18:35Z,15,76.43,4.38,icu,AP-7,153,-73.37,-95.81,22.44,True,False,False,True
1411,IOT-0149,iot_sensor,2026-09-01T05:10:26Z,5,37.19,42.6,ward_B,AP-2,40,-49.06,-94.26,45.2,False,False,False,True
1412,IOT-0149,iot_sensor,2026-09-01T08:40:50Z,8,41.74,13.49,ward_F,AP-6,149,-51.36,-96.3,44.94,False,False,False,True
1413,IOT-0149,iot_sensor,2026-09-01T02:56:14Z,2,55.24,39.15,ward_C,AP-3,36,-51.37,-92.75,41.38,False,False,False,True
1414,IOT-0149,iot_sensor,2026-09-01T15:14:26Z,15,22.64,32.49,ward_B,AP-1,36,-57.34,-94.93,37.59,True,False,False,True
1415,IOT-0149,iot_sensor,2026-09-01T19:10:58Z,19,27.87,24.47,ward_E,AP-5,48,-58.2,-97.83,39.63,False,False,False,True
1416,IOT-0149,iot_sensor,2026-09-01T19:21:36Z,19,39.22,10.18,ward_E,AP-6,149,-53.38,-96.8,43.42,False,False,False,True
1417,IOT-0149,iot_sensor,2026-09-01T13:46:46Z,13,1.73,30.54,ward_A,AP-1,36,-63.17,-96.03,32.86,False,False,False,True
1418,IOT-0149,iot_sensor,2026-09-01T22:24:27Z,22,43.81,48.52,ward_C,AP-3,36,-52.68,-93.66,40.98,False,False,False,True
1419,IOT-0149,iot_sensor,2026-09-01T18:08:26Z,18,67.92,6.46,icu,AP-6,149,-81.69,-94.71,13.02,False,False,False,True
1420,IOT-0149,iot_sensor,2026-09-01T13:23:38Z,13,6.18,17.06,ward_D,AP-4,44,-46.72,-96.15,49.43,False,False,False,True
1421,IOT-0149,iot_sensor,2026-09-01T20:59:55Z,20,32.43,53.3,ward_B,AP-2,40,-49.22,-94.96,45.74,False,False,False,True
1422,IOT-0149,iot_sensor,2026-09-01T04:46:43Z,4,28.32,52.28,ward_B,AP-2,40,-52.21,-92.92,40.71,False,False,False,True
1423,IOT-0149,iot_sensor,2026-09-01T05:53:02Z,5,60.43,7.3,icu,AP-6,149,-80.12,-94.84,14.72,False,False,False,True
1424,IOT-0149,iot_sensor,2026-09-01T17:39:42Z,17,30.05,54.98,ward_B,AP-2,40,-50.12,-95.07,44.95,False,False,False,True
1425,IOT-0149,iot_sensor,2026-09-01T14:58:15Z,14,34.24,35.14,ward_B,AP-2,40,-52.56,-93.45,40.89,True,False,False,True
1426,IOT-0149,iot_sensor,2026-09-01T01:07:50Z,1,51.98,20.19,ward_F,AP-6,149,-53.34,-96.1,42.76,False,False,False,True
1427,IOT-0149,iot_sensor,2026-09-01T22:49:45Z,22,73.45,16.87,icu,AP-7,153,-68.3,-92.95,24.65,False,False,False,True
1428,IOT-0149,iot_sensor,2026-09-01T15:10:23Z,15,22.69,36.44,ward_B,AP-2,40,-57.93,-95.74,37.81,True,False,False,True
1429,IOT-0149,iot_sensor,2026-09-01T08:18:21Z,8,18.87,20.27,ward_D,AP-4,44,-53.29,-97.79,44.5,False,False,False,True
1430,IOT-0149,iot_sensor,2026-09-01T19:37:45Z,19,50.29,32.49,ward_C,AP-3,36,-51.88,-94.82,42.94,False,False,False,True
1431,IOT-0149,iot_sensor,2026-09-01T01:57:40Z,1,50.24,23.64,ward_F,AP-6,149,-57.37,-92.44,35.07,False,False,False,True
1432,IOT-0149,iot_sensor,2026-09-01T07:35:12Z,7,50.9,45.91,ward_C,AP-3,36,-18.03,-93.06,75.03,False,False,False,True
1433,IOT-0149,iot_sensor,2026-09-01T19:46:03Z,19,30.39,4.33,ward_E,AP-5,48,-45.46,-93.64,48.18,False,False,False,True
1434,CLI-0150,clinical_device,2026-09-01T15:45:27Z,15,38.16,3.28,ward_E,AP-6,149,-57.85,-95.88,38.03,True,False,False,True
1435,CLI-0150,clinical_device,2026-09-01T19:44:21Z,19,60.39,27.12,theatre_2,AP-8,153,-47.43,-93.67,46.24,False,False,False,True
1436,CLI-0150,clinical_device,2026-09-01T05:37:41Z,5,71.17,37.66,theatre_2,AP-8,153,-54.34,-94.25,39.91,False,False,False,True
1437,CLI-0150,clinical_device,2026-09-01T18:22:30Z,18,73.29,14.62,icu,AP-6,149,-86.9,-95.36,8.46,False,False,False,True
1438,CLI-0151,clinical_device,2026-09-01T22:57:40Z,22,30.05,38.52,ward_B,AP-2,40,-52.97,-93.66,40.69,False,False,False,True
1439,CLI-0151,clinical_device,2026-09-01T14:21:09Z,14,77.55,10.98,icu,AP-7,153,-68.38,-92.66,24.28,True,False,False,True
1440,CLI-0151,clinical_device,2026-09-01T04:23:55Z,4,64.26,28.06,theatre_2,AP-8,153,-35.87,-96.42,60.55,False,False,False,True
1441,CLI-0151,clinical_device,2026-09-01T21:36:06Z,21,60.93,29.7,theatre_2,AP-8,153,-46.27,-95.36,49.09,False,False,False,True
1442,CLI-0151,clinical_device,2026-09-01T01:35:45Z,1,19.6,54.29,ward_A,AP-1,36,-56.42,-95.08,38.66,False,False,False,True
1443,CLI-0151,clinical_device,2026-09-01T00:55:27Z,0,18.4,44.57,ward_A,AP-1,36,-51.98,-95.64,43.66,False,False,False,True
1444,STA-0152,staff_laptop,2026-09-01T01:29:45Z,1,47.41,0.24,ward_F,AP-6,149,-56.15,-95.3,39.15,False,False,False,True
1445,STA-0152,staff_laptop,2026-09-01T10:21:55Z,10,19.5,29.83,corridor_h,AP-1,36,-61.42,-94.75,33.33,False,False,False,True
1446,STA-0152,staff_laptop,2026-09-01T08:21:12Z,8,22.98,29.33,corridor_h,AP-1,36,-61.72,-94.85,33.13,False,False,False,True
1447,STA-0152,staff_laptop,2026-09-01T22:36:55Z,22,39.42,3.57,ward_E,AP-5,48,-53.2,-93.69,40.49,False,False,False,True
1448,STA-0152,staff_laptop,2026-09-01T11:23:43Z,11,10.29,16.37,ward_D,AP-4,44,-47.05,-94.15,47.1,False,False,False,True
1449,CLI-0153,clinical_device,2026-09-01T01:20:47Z,1,12.59,30.96,ward_A,AP-1,36,-59.28,-96.86,37.58,False,False,False,True
1450,CLI-0153,clinical_device,2026-09-01T10:26:58Z,10,5.37,41.53,ward_A,AP-1,36,-49.11,-93.82,44.71,False,False,False,True
1451,CLI-0153,clinical_device,2026-09-01T17:01:51Z,17,61.71,12.35,icu,AP-6,149,-78.45,-93.98,15.53,False,False,False,True
1452,CLI-0153,clinical_device,2026-09-01T22:02:59Z,22,37.61,2.68,ward_E,AP-5,48,-53.67,-93.46,39.79,False,False,False,True
1453,CLI-0153,clinical_device,2026-09-01T06:22:31Z,6,34.18,41.42,ward_B,AP-2,40,-42.7,-94.0,51.3,False,False,False,True
1454,CLI-0153,clinical_device,2026-09-01T07:44:55Z,7,42.72,16.12,ward_F,AP-6,149,-50.7,-96.03,45.33,False,False,False,True
1455,IOT-0154,iot_sensor,2026-09-01T07:52:45Z,7,32.7,42.3,ward_B,AP-2,40,-37.43,-94.8,57.37,False,False,False,True
1456,IOT-0154,iot_sensor,2026-09-01T19:50:56Z,19,51.42,43.16,ward_C,AP-3,36,-36.53,-96.64,60.11,False,False,False,True
1457,IOT-0154,iot_sensor,2026-09-01T09:25:47Z,9,33.91,45.92,ward_B,AP-2,40,-38.77,-94.3,55.53,False,False,False,True
1458,IOT-0154,iot_sensor,2026-09-01T11:43:00Z,11,27.85,8.23,ward_E,AP-5,48,-45.15,-97.43,52.28,False,False,False,True
1459,IOT-0154,iot_sensor,2026-09-01T16:39:27Z,16,55.92,43.34,ward_C,AP-3,36,-48.94,-93.75,44.81,False,False,False,True
1460,IOT-0154,iot_sensor,2026-09-01T03:13:41Z,3,19.94,8.67,ward_D,AP-4,44,-52.1,-92.9,40.8,False,False,False,True
1461,IOT-0154,iot_sensor,2026-09-01T20:45:48Z,20,38.36,54.38,ward_B,AP-2,40,-53.64,-93.91,40.27,False,False,False,True
1462,IOT-0154,iot_sensor,2026-09-01T12:39:41Z,12,25.48,19.38,ward_E,AP-5,48,-53.46,-95.52,42.06,False,True,False,True
1463,IOT-0154,iot_sensor,2026-09-01T18:53:56Z,18,62.74,1.87,icu,AP-6,149,-89.16,-93.55,4.39,False,False,False,True
1464,IOT-0154,iot_sensor,2026-09-01T17:30:14Z,17,41.35,59.93,ward_C,AP-3,36,-60.39,-93.73,33.34,False,False,False,True
1465,IOT-0154,iot_sensor,2026-09-01T06:07:32Z,6,9.32,32.07,ward_A,AP-1,36,-57.3,-91.28,33.98,False,False,False,True
1466,IOT-0154,iot_sensor,2026-09-01T03:55:45Z,3,38.47,36.54,ward_B,AP-2,40,-56.76,-96.43,39.67,False,False,False,True
1467,IOT-0154,iot_sensor,2026-09-01T17:29:50Z,17,60.17,17.42,icu,AP-6,149,-92.53,-93.59,1.06,False,False,False,True
1468,IOT-0154,iot_sensor,2026-09-01T22:23:20Z,22,7.57,31.07,ward_A,AP-1,36,-57.13,-97.13,40.0,False,False,False,True
1469,IOT-0154,iot_sensor,2026-09-01T20:00:50Z,20,55.16,5.22,ward_F,AP-6,149,-50.48,-95.7,45.22,False,False,False,True
1470,IOT-0154,iot_sensor,2026-09-01T23:47:41Z,23,8.29,7.02,ward_D,AP-4,44,-58.41,-93.85,35.44,False,False,False,True
1471,IOT-0154,iot_sensor,2026-09-01T20:03:02Z,20,52.53,4.93,ward_F,AP-6,149,-54.4,-95.27,40.87,False,False,False,True
1472,IOT-0154,iot_sensor,2026-09-01T09:58:16Z,9,60.69,17.62,icu,AP-6,149,-97.9,-95.82,-2.08,False,False,False,True
1473,IOT-0154,iot_sensor,2026-09-01T12:05:09Z,12,71.13,19.75,icu,AP-8,153,-100.39,-94.12,-6.27,False,False,False,True
1474,IOT-0154,iot_sensor,2026-09-01T21:30:50Z,21,1.0,34.5,ward_A,AP-1,36,-59.21,-96.23,37.02,False,False,False,True
1475,IOT-0154,iot_sensor,2026-09-01T21:03:46Z,21,41.87,15.68,ward_F,AP-5,48,-54.66,-98.18,43.52,False,False,False,True
1476,IOT-0154,iot_sensor,2026-09-01T15:38:53Z,15,10.14,47.29,ward_A,AP-1,36,-35.77,-92.43,56.66,True,False,False,True
1477,IOT-0154,iot_sensor,2026-09-01T06:23:48Z,6,77.36,12.49,icu,AP-7,153,-70.08,-93.58,23.5,False,False,False,True
1478,IOT-0154,iot_sensor,2026-09-01T03:45:53Z,3,75.94,4.62,icu,AP-7,153,-74.1,-94.1,20.0,False,False,False,True
1479,IOT-0154,iot_sensor,2026-09-01T22:51:39Z,22,3.3,1.07,ward_D,AP-4,44,-70.26,-92.64,22.38,False,False,False,True
1480,IOT-0154,iot_sensor,2026-09-01T22:29:40Z,22,53.01,16.21,ward_F,AP-6,149,-46.0,-93.07,47.07,False,False,False,True
1481,IOT-0154,iot_sensor,2026-09-01T05:15:24Z,5,35.43,50.93,ward_B,AP-2,40,-47.69,-92.26,44.57,False,False,False,True
1482,IOT-0154,iot_sensor,2026-09-01T12:32:48Z,12,1.88,17.1,ward_D,AP-4,44,-55.45,-93.37,37.92,False,True,False,True
1483,IOT-0154,iot_sensor,2026-09-01T02:12:49Z,2,18.74,37.61,ward_A,AP-2,40,-55.92,-95.37,39.45,False,False,False,True
1484,IOT-0154,iot_sensor,2026-09-01T17:25:06Z,17,67.82,18.56,icu,AP-8,153,-98.45,-93.49,-4.96,False,False,False,True
1485,IOT-0154,iot_sensor,2026-09-01T09:22:58Z,9,15.59,17.04,ward_D,AP-4,44,-50.31,-92.58,42.27,False,False,False,True
1486,IOT-0154,iot_sensor,2026-09-01T10:55:45Z,10,24.52,19.27,ward_E,AP-5,48,-49.3,-96.39,47.09,False,False,False,True
1487,IOT-0154,iot_sensor,2026-09-01T08:44:43Z,8,57.84,32.0,ward_C,AP-8,153,-51.42,-94.46,43.04,False,False,False,True
1488,IOT-0154,iot_sensor,2026-09-01T22:26:12Z,22,50.46,58.87,ward_C,AP-3,36,-55.44,-96.11,40.67,False,False,False,True
1489,IOT-0154,iot_sensor,2026-09-01T06:00:11Z,6,5.03,1.64,ward_D,AP-4,44,-68.93,-94.34,25.41,False,False,False,True
1490,IOT-0154,iot_sensor,2026-09-01T03:49:58Z,3,46.62,53.3,ward_C,AP-3,36,-53.56,-95.77,42.21,False,False,False,True
1491,IOT-0154,iot_sensor,2026-09-01T23:25:35Z,23,51.67,23.53,ward_F,AP-6,149,-53.16,-94.29,41.13,False,False,False,True
1492,IOT-0154,iot_sensor,2026-09-01T03:33:54Z,3,44.93,7.46,ward_F,AP-6,149,-49.76,-93.06,43.3,False,False,False,True
1493,IOT-0154,iot_sensor,2026-09-01T19:49:00Z,19,52.47,57.21,ward_C,AP-3,36,-55.87,-92.84,36.97,False,False,False,True
1494,IOT-0154,iot_sensor,2026-09-01T10:50:04Z,10,56.05,22.17,ward_F,AP-6,149,-55.57,-94.49,38.92,False,False,False,True
1495,IOT-0154,iot_sensor,2026-09-01T10:52:19Z,10,2.86,23.88,ward_D,AP-4,44,-57.22,-95.16,37.94,False,False,False,True
1496,IOT-0154,iot_sensor,2026-09-01T13:18:36Z,13,12.95,51.02,ward_A,AP-1,36,-50.7,-97.97,47.27,False,False,False,True
1497,IOT-0154,iot_sensor,2026-09-01T09:26:40Z,9,30.65,58.48,ward_B,AP-2,40,-54.38,-92.41,38.03,False,False,False,True
1498,IOT-0154,iot_sensor,2026-09-01T08:46:45Z,8,52.24,7.83,ward_F,AP-6,149,-48.5,-94.39,45.89,False,False,False,True
1499,IOT-0154,iot_sensor,2026-09-01T12:52:27Z,12,74.9,18.63,icu,AP-7,153,-68.87,-95.41,26.54,False,True,False,True
1500,GUE-0155,guest_phone,2026-09-01T09:16:05Z,9,35.36,17.84,ward_E,AP-5,48,-54.31,-93.92,39.61,False,False,False,True
1501,GUE-0155,guest_phone,2026-09-01T14:54:47Z,14,66.85,29.59,corridor_h,AP-8,153,-26.24,-95.55,69.31,True,False,False,True
1502,GUE-0155,guest_phone,2026-09-01T17:38:12Z,17,50.56,27.32,corridor_h,AP-6,149,-61.27,-93.96,32.69,False,False,False,True
1503,GUE-0155,guest_phone,2026-09-01T05:59:52Z,5,73.55,3.44,guest_waiting,AP-6,149,-93.19,-96.36,3.17,False,False,False,True
1504,GUE-0155,guest_phone,2026-09-01T01:54:35Z,1,73.69,9.49,guest_waiting,AP-6,149,-91.33,-93.47,2.14,False,False,False,True
1505,IOT-0156,iot_sensor,2026-09-01T12:34:57Z,12,3.46,9.49,ward_D,AP-4,44,-52.96,-95.21,42.25,False,True,False,True
1506,IOT-0156,iot_sensor,2026-09-01T10:41:04Z,10,39.78,57.31,ward_B,AP-3,36,-57.02,-97.04,40.02,False,False,False,True
1507,IOT-0156,iot_sensor,2026-09-01T00:27:25Z,0,68.06,3.07,icu,AP-6,149,-84.77,-95.39,10.62,False,False,False,True
1508,IOT-0156,iot_sensor,2026-09-01T10:21:06Z,10,28.28,2.31,ward_E,AP-5,48,-57.48,-93.07,35.59,False,False,False,True
1509,IOT-0156,iot_sensor,2026-09-01T12:17:49Z,12,17.52,11.74,ward_D,AP-4,44,-52.15,-96.26,44.11,False,False,False,True
1510,IOT-0156,iot_sensor,2026-09-01T12:37:57Z,12,79.19,14.9,icu,AP-8,153,-61.29,-96.04,34.75,False,True,False,True
1511,IOT-0156,iot_sensor,2026-09-01T23:36:43Z,23,51.25,14.77,ward_F,AP-6,149,-34.46,-94.62,60.16,False,False,False,True
1512,IOT-0156,iot_sensor,2026-09-01T21:49:54Z,21,34.13,41.72,ward_B,AP-2,40,-47.14,-96.22,49.08,False,False,False,True
1513,IOT-0156,iot_sensor,2026-09-01T19:07:53Z,19,44.25,12.27,ward_F,AP-6,149,-51.18,-91.11,39.93,False,False,False,True
1514,IOT-0156,iot_sensor,2026-09-01T10:27:21Z,10,15.42,11.06,ward_D,AP-4,44,-44.79,-96.07,51.28,False,False,False,True
1515,IOT-0156,iot_sensor,2026-09-01T10:59:06Z,10,54.83,18.69,ward_F,AP-6,149,-53.92,-93.5,39.58,False,False,False,True
1516,IOT-0156,iot_sensor,2026-09-01T15:22:47Z,15,5.02,24.25,ward_D,AP-4,44,-56.0,-96.94,40.94,True,False,False,True
1517,IOT-0156,iot_sensor,2026-09-01T03:26:41Z,3,46.67,36.07,ward_C,AP-3,36,-51.12,-92.2,41.08,False,False,False,True
1518,IOT-0156,iot_sensor,2026-09-01T15:02:21Z,15,71.87,14.89,icu,AP-6,149,-91.02,-94.49,3.47,True,False,False,True
1519,IOT-0156,iot_sensor,2026-09-01T07:44:13Z,7,59.93,55.16,ward_C,AP-7,153,-52.53,-93.53,41.0,False,False,False,True
1520,IOT-0156,iot_sensor,2026-09-01T16:49:52Z,16,25.66,31.67,ward_B,AP-2,40,-60.21,-94.71,34.5,False,False,False,True
1521,IOT-0156,iot_sensor,2026-09-01T03:27:41Z,3,60.36,12.76,icu,AP-6,149,-76.81,-93.64,16.83,False,False,False,True
1522,IOT-0156,iot_sensor,2026-09-01T09:14:19Z,9,26.36,3.28,ward_E,AP-5,48,-51.07,-97.18,46.11,False,False,False,True
1523,IOT-0156,iot_sensor,2026-09-01T10:53:30Z,10,19.43,6.46,ward_D,AP-4,44,-53.2,-93.97,40.77,False,False,False,True
1524,IOT-0156,iot_sensor,2026-09-01T03:59:17Z,3,54.31,31.85,ward_C,AP-6,149,-58.47,-92.96,34.49,False,False,False,True
1525,IOT-0156,iot_sensor,2026-09-01T17:00:08Z,17,28.54,59.35,ward_B,AP-2,40,-59.73,-92.2,32.47,False,False,False,True
1526,IOT-0156,iot_sensor,2026-09-01T21:36:37Z,21,54.92,22.24,ward_F,AP-6,149,-55.41,-96.55,41.14,False,False,False,True
1527,IOT-0156,iot_sensor,2026-09-01T22:14:47Z,22,2.07,10.18,ward_D,AP-4,44,-51.19,-96.34,45.15,False,False,False,True
1528,IOT-0156,iot_sensor,2026-09-01T11:08:38Z,11,49.57,59.58,ward_C,AP-3,36,-60.22,-93.66,33.44,False,False,False,True
1529,IOT-0156,iot_sensor,2026-09-01T07:07:03Z,7,4.55,48.08,ward_A,AP-1,36,-48.27,-96.03,47.76,False,False,False,True
1530,IOT-0156,iot_sensor,2026-09-01T17:28:16Z,17,52.68,33.03,ward_C,AP-3,36,-56.2,-94.56,38.36,False,False,False,True
1531,IOT-0156,iot_sensor,2026-09-01T08:02:23Z,8,44.29,34.04,ward_C,AP-3,36,-56.84,-94.46,37.62,False,False,False,True
1532,IOT-0156,iot_sensor,2026-09-01T07:50:11Z,7,15.64,22.92,ward_D,AP-4,44,-57.39,-94.33,36.94,False,False,False,True
1533,IOT-0156,iot_sensor,2026-09-01T03:09:32Z,3,7.17,34.64,ward_A,AP-1,36,-55.11,-94.22,39.11,False,False,False,True
1534,IOT-0156,iot_sensor,2026-09-01T10:42:17Z,10,12.91,31.94,ward_A,AP-1,36,-53.96,-91.38,37.42,False,False,False,True
1535,IOT-0156,iot_sensor,2026-09-01T14:50:20Z,14,53.64,23.2,ward_F,AP-6,149,-55.03,-96.44,41.41,True,False,False,True
1536,IOT-0156,iot_sensor,2026-09-01T07:02:15Z,7,47.69,24.82,ward_F,AP-6,149,-55.61,-94.45,38.84,False,False,False,True
1537,IOT-0156,iot_sensor,2026-09-01T12:47:51Z,12,28.3,45.12,ward_B,AP-2,40,-32.85,-94.59,61.74,False,True,False,True
1538,IOT-0156,iot_sensor,2026-09-01T10:44:00Z,10,76.17,3.68,icu,AP-7,153,-72.35,-95.18,22.83,False,False,False,True
1539,GUE-0157,guest_phone,2026-09-01T21:06:17Z,21,49.73,1.95,ward_F,AP-6,149,-57.81,-94.94,37.13,False,False,False,True
1540,GUE-0157,guest_phone,2026-09-01T17:28:19Z,17,50.99,5.49,ward_F,AP-6,149,-47.3,-97.1,49.8,False,False,False,True
1541,GUE-0157,guest_phone,2026-09-01T16:27:51Z,16,79.95,12.38,guest_waiting,AP-8,153,-65.16,-93.73,28.57,False,False,False,True
1542,GUE-0157,guest_phone,2026-09-01T18:52:05Z,18,79.95,3.77,guest_waiting,AP-7,153,-73.26,-97.84,24.58,False,False,False,True
1543,STA-0158,staff_laptop,2026-09-01T14:51:55Z,14,11.59,33.6,ward_A,AP-1,36,-56.91,-94.78,37.87,True,False,False,True
1544,STA-0158,staff_laptop,2026-09-01T05:09:53Z,5,55.01,25.67,corridor_h,AP-8,153,-58.34,-94.58,36.24,False,False,False,True
1545,STA-0158,staff_laptop,2026-09-01T03:53:36Z,3,75.35,44.97,corridor_v,AP-7,153,-56.84,-94.04,37.2,False,False,False,True
1546,STA-0158,staff_laptop,2026-09-01T23:36:20Z,23,20.15,49.67,ward_B,AP-1,36,-52.68,-94.09,41.41,False,False,False,True
1547,STA-0158,staff_laptop,2026-09-01T22:31:38Z,22,35.85,2.32,ward_E,AP-5,48,-54.89,-94.9,40.01,False,False,False,True
1548,STA-0159,staff_laptop,2026-09-01T05:26:48Z,5,36.74,24.41,ward_E,AP-5,48,-56.44,-97.31,40.87,False,False,False,True
1549,STA-0159,staff_laptop,2026-09-01T22:32:29Z,22,7.51,14.55,ward_D,AP-4,44,-41.61,-93.82,52.21,False,False,False,True
1550,STA-0159,staff_laptop,2026-09-01T18:58:50Z,18,58.75,10.78,ward_F,AP-6,149,-51.05,-95.82,44.77,False,False,False,True
1551,STA-0159,staff_laptop,2026-09-01T03:22:47Z,3,44.64,27.36,corridor_h,AP-3,36,-61.45,-96.04,34.59,False,False,False,True
1552,STA-0159,staff_laptop,2026-09-01T21:23:54Z,21,21.83,44.21,ward_B,AP-2,40,-50.47,-93.74,43.27,False,False,False,True
1553,STA-0159,staff_laptop,2026-09-01T02:27:09Z,2,56.38,52.37,ward_C,AP-7,153,-53.47,-95.98,42.51,False,False,False,True
1554,STA-0159,staff_laptop,2026-09-01T05:34:57Z,5,12.6,14.21,ward_D,AP-4,44,-39.42,-94.14,54.72,False,False,False,True
1555,STA-0160,staff_laptop,2026-09-01T07:14:28Z,7,72.29,35.81,corridor_v,AP-8,153,-51.84,-95.21,43.37,False,False,False,True
1556,STA-0160,staff_laptop,2026-09-01T01:31:37Z,1,26.0,33.97,ward_B,AP-2,40,-52.94,-95.03,42.09,False,False,False,True
1557,STA-0160,staff_laptop,2026-09-01T03:43:31Z,3,57.42,44.98,ward_C,AP-3,36,-50.51,-93.26,42.75,False,False,False,True
1558,STA-0160,staff_laptop,2026-09-01T03:55:35Z,3,57.27,30.49,ward_C,AP-8,153,-50.45,-93.51,43.06,False,False,False,True
1559,STA-0160,staff_laptop,2026-09-01T10:24:48Z,10,33.92,22.42,ward_E,AP-5,48,-54.05,-93.86,39.81,False,False,False,True
1560,STA-0160,staff_laptop,2026-09-01T01:00:20Z,1,39.01,50.81,ward_B,AP-2,40,-54.66,-93.93,39.27,False,False,False,True
1561,IOT-0161,iot_sensor,2026-09-01T02:09:47Z,2,43.23,4.08,ward_F,AP-6,149,-56.29,-92.87,36.58,False,False,False,True
1562,IOT-0161,iot_sensor,2026-09-01T16:06:58Z,16,60.68,19.13,icu,AP-6,149,-96.66,-93.89,-2.77,False,False,False,True
1563,IOT-0161,iot_sensor,2026-09-01T04:46:53Z,4,9.5,7.4,ward_D,AP-4,44,-57.75,-95.76,38.01,False,False,False,True
1564,IOT-0161,iot_sensor,2026-09-01T08:37:29Z,8,54.51,42.13,ward_C,AP-3,36,-44.9,-97.07,52.17,False,False,False,True
1565,IOT-0161,iot_sensor,2026-09-01T20:16:59Z,20,31.32,22.83,ward_E,AP-5,48,-52.86,-92.56,39.7,False,False,False,True
1566,IOT-0161,iot_sensor,2026-09-01T13:19:00Z,13,34.08,52.76,ward_B,AP-2,40,-52.3,-95.29,42.99,False,False,False,True
1567,IOT-0161,iot_sensor,2026-09-01T21:35:00Z,21,17.09,53.08,ward_A,AP-2,40,-55.52,-94.48,38.96,False,False,False,True
1568,IOT-0161,iot_sensor,2026-09-01T18:58:32Z,18,4.14,16.96,ward_D,AP-4,44,-52.07,-96.25,44.18,False,False,False,True
1569,IOT-0161,iot_sensor,2026-09-01T15:40:20Z,15,0.03,31.66,ward_A,AP-1,36,-57.35,-98.19,40.84,True,False,False,True
1570,IOT-0161,iot_sensor,2026-09-01T08:33:00Z,8,25.83,6.85,ward_E,AP-5,48,-51.2,-94.03,42.83,False,False,False,True
1571,IOT-0161,iot_sensor,2026-09-01T15:44:10Z,15,56.96,48.66,ward_C,AP-3,36,-46.64,-95.22,48.58,True,False,False,True
1572,IOT-0161,iot_sensor,2026-09-01T18:34:10Z,18,26.99,14.18,ward_E,AP-5,48,-43.27,-95.48,52.21,False,False,False,True
1573,IOT-0161,iot_sensor,2026-09-01T21:38:31Z,21,27.36,48.03,ward_B,AP-2,40,-46.03,-94.6,48.57,False,False,False,True
1574,IOT-0161,iot_sensor,2026-09-01T04:28:25Z,4,20.8,48.39,ward_B,AP-2,40,-53.87,-92.14,38.27,False,False,False,True
1575,IOT-0161,iot_sensor,2026-09-01T06:49:19Z,6,7.3,22.68,ward_D,AP-4,44,-57.49,-94.46,36.97,False,False,False,True
1576,IOT-0161,iot_sensor,2026-09-01T12:20:12Z,12,50.1,45.15,ward_C,AP-3,36,-18.58,-98.04,79.46,False,False,False,True
1577,IOT-0161,iot_sensor,2026-09-01T16:13:09Z,16,69.61,12.58,icu,AP-6,149,-84.41,-93.45,9.04,False,False,False,True
1578,IOT-0161,iot_sensor,2026-09-01T02:56:25Z,2,38.49,14.41,ward_E,AP-5,48,-51.0,-94.32,43.32,False,False,False,True
1579,IOT-0161,iot_sensor,2026-09-01T23:22:17Z,23,34.78,23.37,ward_E,AP-5,48,-55.55,-93.71,38.16,False,False,False,True
1580,IOT-0161,iot_sensor,2026-09-01T01:45:27Z,1,37.07,19.86,ward_E,AP-5,48,-54.23,-95.32,41.09,False,False,False,True
1581,IOT-0161,iot_sensor,2026-09-01T19:44:06Z,19,38.28,18.7,ward_E,AP-5,48,-53.65,-95.55,41.9,False,False,False,True
1582,IOT-0161,iot_sensor,2026-09-01T19:57:15Z,19,67.1,2.59,icu,AP-6,149,-82.53,-96.39,13.86,False,False,False,True
1583,IOT-0161,iot_sensor,2026-09-01T18:13:10Z,18,21.02,47.27,ward_B,AP-1,36,-51.45,-94.66,43.21,False,False,False,True
1584,IOT-0161,iot_sensor,2026-09-01T01:20:47Z,1,39.22,37.49,ward_B,AP-2,40,-56.9,-95.57,38.67,False,False,False,True
1585,IOT-0161,iot_sensor,2026-09-01T12:15:42Z,12,50.49,55.95,ward_C,AP-3,36,-53.64,-95.21,41.57,False,False,False,True
1586,IOT-0161,iot_sensor,2026-09-01T09:24:43Z,9,50.97,16.21,ward_F,AP-6,149,-43.06,-98.59,55.53,False,False,False,True
1587,IOT-0161,iot_sensor,2026-09-01T12:49:30Z,12,30.34,16.86,ward_E,AP-5,48,-43.55,-93.22,49.67,False,True,False,True
1588,IOT-0161,iot_sensor,2026-09-01T03:55:14Z,3,8.96,5.01,ward_D,AP-4,44,-64.52,-94.72,30.2,False,False,False,True
1589,IOT-0161,iot_sensor,2026-09-01T23:17:04Z,23,10.96,18.93,ward_D,AP-4,44,-50.0,-97.76,47.76,False,False,False,True
1590,IOT-0161,iot_sensor,2026-09-01T21:24:19Z,21,30.17,5.5,ward_E,AP-5,48,-50.8,-94.9,44.1,False,False,False,True
1591,IOT-0161,iot_sensor,2026-09-01T20:19:21Z,20,24.74,36.19,ward_B,AP-2,40,-53.3,-94.0,40.7,False,False,False,True
1592,IOT-0161,iot_sensor,2026-09-01T16:19:08Z,16,49.82,1.48,ward_F,AP-6,149,-54.53,-97.38,42.85,False,False,False,True
1593,IOT-0161,iot_sensor,2026-09-01T00:49:46Z,0,3.96,48.42,ward_A,AP-1,36,-47.17,-95.65,48.48,False,False,False,True
1594,IOT-0161,iot_sensor,2026-09-01T03:09:17Z,3,43.1,6.05,ward_F,AP-6,149,-54.14,-95.98,41.84,False,False,False,True
1595,IOT-0161,iot_sensor,2026-09-01T17:27:26Z,17,55.58,42.08,ward_C,AP-3,36,-43.89,-93.39,49.5,False,False,False,True
1596,IOT-0161,iot_sensor,2026-09-01T04:31:53Z,4,76.52,13.69,icu,AP-7,153,-71.25,-94.52,23.27,False,False,False,True
1597,IOT-0161,iot_sensor,2026-09-01T02:05:49Z,2,17.17,51.8,ward_A,AP-1,36,-53.5,-94.61,41.11,False,False,False,True
1598,IOT-0161,iot_sensor,2026-09-01T11:12:06Z,11,10.91,2.53,ward_D,AP-4,44,-66.78,-94.95,28.17,False,False,False,True
1599,IOT-0161,iot_sensor,2026-09-01T15:50:37Z,15,49.54,12.48,ward_F,AP-6,149,-29.06,-96.04,66.98,True,False,False,True
1600,IOT-0161,iot_sensor,2026-09-01T10:30:41Z,10,9.55,34.52,ward_A,AP-1,36,-53.58,-94.39,40.81,False,False,False,True
1601,CLI-0162,clinical_device,2026-09-01T02:53:11Z,2,70.04,58.86,theatre_1,AP-7,153,-53.25,-94.28,41.03,False,False,False,True
1602,CLI-0162,clinical_device,2026-09-01T06:29:26Z,6,61.94,11.92,icu,AP-6,149,-78.28,-96.79,18.51,False,False,False,True
1603,CLI-0162,clinical_device,2026-09-01T12:26:14Z,12,52.5,35.08,ward_C,AP-3,36,-55.8,-92.06,36.26,False,False,False,True
1604,CLI-0162,clinical_device,2026-09-01T08:29:52Z,8,39.7,7.3,ward_E,AP-5,48,-54.52,-96.61,42.09,False,False,False,True
1605,CLI-0162,clinical_device,2026-09-01T23:54:42Z,23,17.21,21.87,ward_D,AP-4,44,-55.5,-92.36,36.86,False,False,False,True
1606,CLI-0162,clinical_device,2026-09-01T02:29:10Z,2,70.96,3.93,icu,AP-6,149,-85.47,-94.21,8.74,False,False,False,True
1607,CLI-0162,clinical_device,2026-09-01T17:24:43Z,17,31.19,16.05,ward_E,AP-5,48,-42.3,-94.78,52.48,False,False,False,True
1608,CLI-0162,clinical_device,2026-09-01T05:09:47Z,5,43.5,21.98,ward_F,AP-6,149,-53.27,-94.96,41.69,False,False,False,True
1609,STA-0163,staff_laptop,2026-09-01T12:31:11Z,12,24.71,3.78,ward_E,AP-5,48,-57.71,-95.07,37.36,False,True,False,True
1610,STA-0163,staff_laptop,2026-09-01T14:47:48Z,14,51.62,9.57,ward_F,AP-6,149,-41.22,-94.8,53.58,True,False,False,True
1611,STA-0163,staff_laptop,2026-09-01T19:20:11Z,19,29.01,36.22,ward_B,AP-2,40,-52.2,-95.9,43.7,False,False,False,True
1612,STA-0163,staff_laptop,2026-09-01T18:56:22Z,18,46.83,58.45,ward_C,AP-3,36,-54.99,-94.35,39.36,False,False,False,True
1613,STA-0163,staff_laptop,2026-09-01T09:18:18Z,9,56.77,33.07,ward_C,AP-8,153,-54.06,-96.19,42.13,False,False,False,True
1614,CLI-0164,clinical_device,2026-09-01T21:51:59Z,21,43.91,37.66,ward_C,AP-3,36,-58.38,-96.01,37.63,False,False,False,True
1615,CLI-0164,clinical_device,2026-09-01T14:16:19Z,14,54.31,18.23,ward_F,AP-6,149,-47.82,-92.54,44.72,True,False,False,True
1616,CLI-0164,clinical_device,2026-09-01T08:58:56Z,8,40.7,55.73,ward_C,AP-2,40,-56.51,-96.08,39.57,False,False,False,True
1617,STA-0165,staff_laptop,2026-09-01T07:31:24Z,7,75.72,50.51,corridor_v,AP-7,153,-54.26,-95.66,41.4,False,False,False,True
1618,STA-0165,staff_laptop,2026-09-01T01:50:56Z,1,12.63,24.17,ward_D,AP-4,44,-56.93,-91.37,34.44,False,False,False,True
1619,STA-0165,staff_laptop,2026-09-01T09:49:34Z,9,70.94,29.8,theatre_2,AP-8,153,-43.89,-96.09,52.2,False,False,False,True
1620,STA-0165,staff_laptop,2026-09-01T10:21:43Z,10,57.88,40.7,ward_C,AP-3,36,-51.41,-95.63,44.22,False,False,False,True
1621,GUE-0166,guest_phone,2026-09-01T02:39:40Z,2,66.92,2.18,icu,AP-6,149,-83.37,-95.19,11.82,False,False,False,True
1622,GUE-0166,guest_phone,2026-09-01T21:15:44Z,21,11.36,28.3,corridor_h,AP-4,44,-59.88,-95.77,35.89,False,False,False,True
1623,GUE-0166,guest_phone,2026-09-01T04:00:48Z,4,39.89,29.93,corridor_h,AP-2,40,-62.75,-92.59,29.84,False,False,False,True
1624,CLI-0167,clinical_device,2026-09-01T12:31:54Z,12,10.87,14.6,ward_D,AP-4,44,-35.27,-97.29,62.02,False,True,False,True
1625,CLI-0167,clinical_device,2026-09-01T01:52:01Z,1,22.78,48.53,ward_B,AP-2,40,-53.63,-95.28,41.65,False,False,False,True
1626,CLI-0167,clinical_device,2026-09-01T13:37:03Z,13,43.75,27.68,corridor_h,AP-3,36,-62.17,-95.22,33.05,False,False,False,True
1627,CLI-0167,clinical_device,2026-09-01T05:54:49Z,5,59.34,18.7,ward_F,AP-6,149,-57.25,-94.46,37.21,False,False,False,True
1628,CLI-0167,clinical_device,2026-09-01T12:30:36Z,12,6.53,13.1,ward_D,AP-4,44,-41.72,-95.82,54.1,False,True,False,True
1629,CLI-0167,clinical_device,2026-09-01T17:56:51Z,17,66.43,26.47,theatre_2,AP-8,153,-42.89,-94.87,51.98,False,False,False,True
1630,CLI-0168,clinical_device,2026-09-01T11:07:01Z,11,65.74,25.87,theatre_2,AP-8,153,-47.89,-96.3,48.41,False,False,False,True
1631,CLI-0168,clinical_device,2026-09-01T14:53:34Z,14,21.61,25.32,corridor_h,AP-4,44,-62.72,-96.11,33.39,True,False,False,True
1632,CLI-0168,clinical_device,2026-09-01T18:49:26Z,18,3.98,43.61,ward_A,AP-1,36,-47.26,-95.97,48.71,False,False,False,True
1633,CLI-0168,clinical_device,2026-09-01T20:17:13Z,20,20.41,31.57,ward_B,AP-1,36,-58.28,-95.8,37.52,False,False,False,True
1634,CLI-0168,clinical_device,2026-09-01T12:29:16Z,12,4.98,33.85,ward_A,AP-1,36,-56.29,-92.95,36.66,False,False,False,True
1635,CLI-0169,clinical_device,2026-09-01T01:54:55Z,1,25.74,59.17,ward_B,AP-2,40,-57.98,-96.06,38.08,False,False,False,True
1636,CLI-0169,clinical_device,2026-09-01T19:05:16Z,19,45.32,30.51,ward_C,AP-3,36,-57.73,-93.94,36.21,False,False,False,True
1637,CLI-0169,clinical_device,2026-09-01T21:32:11Z,21,0.83,13.49,ward_D,AP-4,44,-57.14,-94.68,37.54,False,False,False,True
1638,CLI-0169,clinical_device,2026-09-01T05:23:06Z,5,71.56,43.37,theatre_1,AP-7,153,-53.39,-96.73,43.34,False,False,False,True
1639,CLI-0169,clinical_device,2026-09-01T10:34:38Z,10,13.06,57.02,ward_A,AP-1,36,-57.72,-94.3,36.58,False,False,False,True
1640,STA-0170,staff_laptop,2026-09-01T22:49:29Z,22,72.88,42.48,corridor_v,AP-7,153,-53.11,-93.77,40.66,False,False,False,True
1641,STA-0170,staff_laptop,2026-09-01T07:41:46Z,7,79.51,41.4,corridor_v,AP-8,153,-64.55,-96.72,32.17,False,False,False,True
1642,STA-0170,staff_laptop,2026-09-01T11:21:45Z,11,7.33,57.7,ward_A,AP-1,36,-56.77,-93.77,37.0,False,False,False,True
1643,STA-0170,staff_laptop,2026-09-01T14:55:32Z,14,74.44,34.04,corridor_v,AP-8,153,-50.16,-93.43,43.27,True,False,False,True
1644,STA-0170,staff_laptop,2026-09-01T17:58:31Z,17,52.12,11.32,ward_F,AP-6,149,-34.8,-95.12,60.32,False,False,False,True
1645,STA-0170,staff_laptop,2026-09-01T03:45:23Z,3,79.51,30.06,corridor_v,AP-8,153,-60.13,-94.7,34.57,False,False,False,True
1646,STA-0170,staff_laptop,2026-09-01T07:36:48Z,7,44.0,49.4,ward_C,AP-3,36,-49.61,-96.09,46.48,False,False,False,True
1647,CLI-0171,clinical_device,2026-09-01T14:07:26Z,14,74.11,1.62,icu,AP-6,149,-91.41,-98.69,7.28,True,False,False,True
1648,CLI-0171,clinical_device,2026-09-01T11:17:04Z,11,62.72,10.41,icu,AP-6,149,-79.98,-95.82,15.84,False,False,False,True
1649,CLI-0171,clinical_device,2026-09-01T12:04:01Z,12,64.22,41.91,theatre_1,AP-8,153,-52.63,-96.8,44.17,False,False,False,True
1650,CLI-0171,clinical_device,2026-09-01T20:16:07Z,20,49.15,10.68,ward_F,AP-6,149,-36.13,-92.03,55.9,False,False,False,True
1651,GUE-0172,guest_phone,2026-09-01T16:50:55Z,16,77.36,8.86,guest_waiting,AP-7,153,-73.4,-95.47,22.07,False,False,False,True
1652,GUE-0172,guest_phone,2026-09-01T00:15:28Z,0,13.0,55.0,ward_A,AP-1,36,-53.76,-96.98,43.22,False,False,False,True
1653,GUE-0172,guest_phone,2026-09-01T06:50:24Z,6,75.99,59.25,lift_bank,AP-7,153,-53.73,-97.64,43.91,False,False,True,True
1654,GUE-0173,guest_phone,2026-09-01T10:05:46Z,10,74.8,59.11,lift_bank,AP-7,153,-60.06,-92.37,32.31,False,False,True,True
1655,GUE-0173,guest_phone,2026-09-01T08:29:29Z,8,73.83,55.16,lift_bank,AP-7,153,-54.24,-96.29,42.05,False,False,True,True
1656,GUE-0173,guest_phone,2026-09-01T06:34:45Z,6,76.56,11.37,guest_waiting,AP-7,153,-69.06,-97.1,28.04,False,False,False,True
1657,GUE-0173,guest_phone,2026-09-01T15:46:31Z,15,77.54,57.62,lift_bank,AP-7,153,-58.18,-95.47,37.29,True,False,True,True
1658,GUE-0173,guest_phone,2026-09-01T08:27:02Z,8,72.24,16.73,guest_waiting,AP-6,149,-91.3,-94.94,3.64,False,False,False,True
1659,GUE-0173,guest_phone,2026-09-01T11:05:15Z,11,73.94,7.85,guest_waiting,AP-6,149,-88.43,-93.46,5.03,False,False,False,True
1660,CLI-0174,clinical_device,2026-09-01T12:21:20Z,12,16.26,38.0,ward_A,AP-1,36,-55.1,-96.9,41.8,False,False,False,True
1661,CLI-0174,clinical_device,2026-09-01T01:16:20Z,1,42.81,36.15,ward_C,AP-2,40,-55.72,-93.89,38.17,False,False,False,True
1662,CLI-0174,clinical_device,2026-09-01T07:40:52Z,7,17.77,37.54,ward_A,AP-1,36,-53.12,-92.55,39.43,False,False,False,True
1663,CLI-0174,clinical_device,2026-09-01T01:38:54Z,1,10.07,28.28,corridor_h,AP-1,36,-58.29,-96.04,37.75,False,False,False,True
1664,CLI-0175,clinical_device,2026-09-01T10:21:49Z,10,28.46,45.58,ward_B,AP-2,40,-37.07,-96.0,58.93,False,False,False,True
1665,CLI-0175,clinical_device,2026-09-01T06:31:01Z,6,69.04,45.73,theatre_1,AP-7,153,-48.99,-95.79,46.8,False,False,False,True
1666,CLI-0175,clinical_device,2026-09-01T00:32:05Z,0,37.93,10.95,ward_E,AP-5,48,-47.83,-97.37,49.54,False,False,False,True
1667,CLI-0175,clinical_device,2026-09-01T09:37:51Z,9,63.79,3.01,icu,AP-6,149,-85.17,-96.37,11.2,False,False,False,True
1668,IOT-0176,iot_sensor,2026-09-01T02:25:52Z,2,28.7,9.23,ward_E,AP-5,48,-40.05,-93.94,53.89,False,False,False,True
1669,IOT-0176,iot_sensor,2026-09-01T17:29:10Z,17,21.15,20.81,ward_E,AP-4,44,-55.1,-95.06,39.96,False,False,False,True
1670,IOT-0176,iot_sensor,2026-09-01T00:09:13Z,0,18.13,55.4,ward_A,AP-1,36,-54.42,-96.21,41.79,False,False,False,True
1671,IOT-0176,iot_sensor,2026-09-01T11:46:05Z,11,31.02,59.65,ward_B,AP-2,40,-55.04,-95.05,40.01,False,False,False,True
1672,IOT-0176,iot_sensor,2026-09-01T02:59:05Z,2,2.09,12.82,ward_D,AP-4,44,-50.57,-93.89,43.32,False,False,False,True
1673,IOT-0176,iot_sensor,2026-09-01T09:53:28Z,9,55.79,31.38,ward_C,AP-8,153,-54.51,-95.46,40.95,False,False,False,True
1674,IOT-0176,iot_sensor,2026-09-01T18:22:57Z,18,45.42,23.44,ward_F,AP-6,149,-56.99,-94.38,37.39,False,False,False,True
1675,IOT-0176,iot_sensor,2026-09-01T13:11:26Z,13,2.39,24.1,ward_D,AP-4,44,-56.21,-94.89,38.68,False,False,False,True
1676,IOT-0176,iot_sensor,2026-09-01T14:52:08Z,14,60.61,15.76,icu,AP-6,149,-78.82,-94.42,15.6,True,False,False,True
1677,IOT-0176,iot_sensor,2026-09-01T15:50:48Z,15,6.86,19.87,ward_D,AP-4,44,-49.48,-93.6,44.12,True,False,False,True
1678,IOT-0176,iot_sensor,2026-09-01T00:15:30Z,0,45.32,12.03,ward_F,AP-6,149,-47.28,-92.03,44.75,False,False,False,True
1679,IOT-0176,iot_sensor,2026-09-01T13:26:58Z,13,59.06,16.88,ward_F,AP-6,149,-52.86,-94.12,41.26,False,False,False,True
1680,IOT-0176,iot_sensor,2026-09-01T23:21:39Z,23,41.63,54.53,ward_C,AP-3,36,-53.47,-94.74,41.27,False,False,False,True
1681,IOT-0176,iot_sensor,2026-09-01T13:04:06Z,13,33.53,43.64,ward_B,AP-2,40,-46.45,-92.56,46.11,False,False,False,True
1682,IOT-0176,iot_sensor,2026-09-01T18:26:15Z,18,37.47,0.24,ward_E,AP-5,48,-56.5,-96.48,39.98,False,False,False,True
1683,IOT-0176,iot_sensor,2026-09-01T17:21:51Z,17,10.45,17.53,ward_D,AP-4,44,-47.51,-93.06,45.55,False,False,False,True
1684,IOT-0176,iot_sensor,2026-09-01T19:44:43Z,19,66.03,7.99,icu,AP-6,149,-86.18,-95.55,9.37,False,False,False,True
1685,IOT-0176,iot_sensor,2026-09-01T06:28:55Z,6,41.81,44.42,ward_C,AP-3,36,-51.55,-94.43,42.88,False,False,False,True
1686,IOT-0176,iot_sensor,2026-09-01T03:56:04Z,3,41.44,30.03,ward_C,AP-6,149,-60.64,-95.37,34.73,False,False,False,True
1687,IOT-0176,iot_sensor,2026-09-01T06:52:07Z,6,53.66,43.78,ward_C,AP-3,36,-39.36,-92.23,52.87,False,False,False,True
1688,IOT-0176,iot_sensor,2026-09-01T09:24:19Z,9,28.37,0.88,ward_E,AP-5,48,-55.57,-92.99,37.42,False,False,False,True
1689,IOT-0176,iot_sensor,2026-09-01T23:23:33Z,23,0.91,51.8,ward_A,AP-1,36,-56.31,-97.26,40.95,False,False,False,True
1690,IOT-0176,iot_sensor,2026-09-01T07:29:00Z,7,16.19,37.84,ward_A,AP-1,36,-51.3,-95.46,44.16,False,False,False,True
1691,IOT-0176,iot_sensor,2026-09-01T13:00:59Z,13,26.45,10.38,ward_E,AP-5,48,-43.48,-95.96,52.48,False,False,False,True
1692,IOT-0176,iot_sensor,2026-09-01T18:21:17Z,18,4.69,13.59,ward_D,AP-4,44,-50.69,-95.19,44.5,False,False,False,True
1693,IOT-0176,iot_sensor,2026-09-01T13:39:07Z,13,49.08,5.06,ward_F,AP-6,149,-49.83,-95.83,46.0,False,False,False,True
1694,IOT-0176,iot_sensor,2026-09-01T09:47:36Z,9,42.86,58.11,ward_C,AP-2,40,-60.06,-97.27,37.21,False,False,False,True
1695,IOT-0176,iot_sensor,2026-09-01T23:59:06Z,23,70.42,2.5,icu,AP-6,149,-90.09,-94.9,4.81,False,False,False,True
1696,IOT-0176,iot_sensor,2026-09-01T03:30:50Z,3,7.31,37.18,ward_A,AP-1,36,-51.93,-94.21,42.28,False,False,False,True
1697,IOT-0176,iot_sensor,2026-09-01T20:33:30Z,20,59.48,6.11,ward_F,AP-6,149,-56.83,-91.78,34.95,False,False,False,True
1698,IOT-0176,iot_sensor,2026-09-01T22:19:12Z,22,17.49,44.14,ward_A,AP-1,36,-44.21,-95.51,51.3,False,False,False,True
1699,IOT-0176,iot_sensor,2026-09-01T19:06:37Z,19,14.05,19.67,ward_D,AP-4,44,-52.84,-95.76,42.92,False,False,False,True
1700,IOT-0176,iot_sensor,2026-09-01T17:18:49Z,17,1.64,46.88,ward_A,AP-1,36,-55.65,-95.66,40.01,False,False,False,True
1701,IOT-0176,iot_sensor,2026-09-01T02:43:30Z,2,39.08,44.65,ward_B,AP-2,40,-55.22,-91.74,36.52,False,False,False,True
1702,IOT-0176,iot_sensor,2026-09-01T00:22:39Z,0,46.71,9.87,ward_F,AP-6,149,-48.21,-94.5,46.29,False,False,False,True
1703,IOT-0176,iot_sensor,2026-09-01T13:57:19Z,13,39.8,18.55,ward_E,AP-5,48,-53.46,-94.49,41.03,False,False,False,True
1704,IOT-0176,iot_sensor,2026-09-01T15:04:12Z,15,3.49,45.83,ward_A,AP-1,36,-47.38,-94.96,47.58,True,False,False,True
1705,IOT-0176,iot_sensor,2026-09-01T09:50:30Z,9,36.1,24.6,ward_E,AP-5,48,-55.39,-94.43,39.04,False,False,False,True
1706,IOT-0176,iot_sensor,2026-09-01T14:07:46Z,14,30.94,46.43,ward_B,AP-2,40,-19.05,-97.07,78.02,True,False,False,True
1707,IOT-0176,iot_sensor,2026-09-01T16:21:31Z,16,43.15,53.18,ward_C,AP-3,36,-56.44,-94.87,38.43,False,False,False,True
1708,GUE-0177,guest_phone,2026-09-01T10:48:39Z,10,59.43,0.97,ward_F,AP-6,149,-60.6,-96.42,35.82,False,False,False,True
1709,GUE-0177,guest_phone,2026-09-01T07:53:48Z,7,17.72,53.57,ward_A,AP-1,36,-58.27,-90.59,32.32,False,False,False,True
1710,GUE-0177,guest_phone,2026-09-01T01:41:38Z,1,76.89,58.18,lift_bank,AP-7,153,-59.73,-94.41,34.68,False,False,True,True
1711,GUE-0177,guest_phone,2026-09-01T21:55:07Z,21,47.4,39.14,ward_C,AP-3,36,-49.65,-92.49,42.84,False,False,False,True
1712,GUE-0178,guest_phone,2026-09-01T03:19:44Z,3,73.69,16.97,guest_waiting,AP-7,153,-66.33,-91.21,24.88,False,False,False,True
1713,GUE-0178,guest_phone,2026-09-01T04:45:46Z,4,76.76,57.43,lift_bank,AP-7,153,-58.28,-94.91,36.63,False,False,True,False
1714,GUE-0178,guest_phone,2026-09-01T21:11:13Z,21,76.04,59.41,lift_bank,AP-7,153,-60.9,-95.25,34.35,False,False,True,True
1715,GUE-0178,guest_phone,2026-09-01T16:19:01Z,16,26.35,24.37,ward_E,AP-5,48,-55.81,-93.56,37.75,False,False,False,True
1716,GUE-0178,guest_phone,2026-09-01T20:22:37Z,20,79.44,56.87,lift_bank,AP-7,153,-60.64,-93.41,32.77,False,False,True,True
1717,GUE-0178,guest_phone,2026-09-01T15:11:09Z,15,74.66,55.01,lift_bank,AP-7,153,-54.18,-95.6,41.42,True,False,True,True
1718,STA-0179,staff_laptop,2026-09-01T03:26:28Z,3,74.8,25.2,corridor_v,AP-8,153,-53.31,-95.88,42.57,False,False,False,True
1719,STA-0179,staff_laptop,2026-09-01T13:53:56Z,13,35.89,24.81,ward_E,AP-5,48,-58.64,-96.11,37.47,False,False,False,True
1720,STA-0179,staff_laptop,2026-09-01T07:25:28Z,7,7.17,31.96,ward_A,AP-4,44,-58.89,-96.77,37.88,False,False,False,True
1721,STA-0179,staff_laptop,2026-09-01T14:08:23Z,14,76.46,58.28,corridor_v,AP-7,153,-58.91,-96.12,37.21,True,False,True,True
1722,STA-0179,staff_laptop,2026-09-01T03:18:02Z,3,0.83,41.13,ward_A,AP-1,36,-52.98,-95.3,42.32,False,False,False,True
1723,STA-0179,staff_laptop,2026-09-01T00:57:05Z,0,5.79,50.1,ward_A,AP-1,36,-52.02,-98.19,46.17,False,False,False,True
1724,GUE-0180,guest_phone,2026-09-01T17:57:54Z,17,5.09,25.34,corridor_h,AP-4,44,-56.99,-95.39,38.4,False,False,False,True
1725,GUE-0180,guest_phone,2026-09-01T17:13:49Z,17,73.47,57.11,lift_bank,AP-7,153,-54.58,-91.61,37.03,False,False,True,False
1726,GUE-0180,guest_phone,2026-09-01T23:21:32Z,23,28.78,25.45,corridor_h,AP-5,48,-57.1,-97.07,39.97,False,False,False,True
1727,GUE-0180,guest_phone,2026-09-01T19:45:32Z,19,74.35,18.94,guest_waiting,AP-7,153,-68.68,-95.82,27.14,False,False,False,True
1728,GUE-0180,guest_phone,2026-09-01T21:55:27Z,21,72.59,16.56,guest_waiting,AP-6,149,-87.58,-93.12,5.54,False,False,False,True
1729,GUE-0180,guest_phone,2026-09-01T21:57:00Z,21,72.09,1.17,guest_waiting,AP-6,149,-91.62,-91.87,0.25,False,False,False,True
1730,GUE-0180,guest_phone,2026-09-01T01:21:37Z,1,23.03,59.87,ward_B,AP-2,40,-57.03,-93.37,36.34,False,False,False,True
1731,STA-0181,staff_laptop,2026-09-01T23:49:46Z,23,11.21,15.69,ward_D,AP-4,44,-40.24,-93.81,53.57,False,False,False,True
1732,STA-0181,staff_laptop,2026-09-01T16:05:51Z,16,15.9,7.89,ward_D,AP-5,48,-61.36,-91.73,30.37,False,False,False,True
1733,STA-0181,staff_laptop,2026-09-01T08:26:26Z,8,4.47,9.17,ward_D,AP-4,44,-46.74,-96.28,49.54,False,False,False,True
1734,STA-0181,staff_laptop,2026-09-01T13:29:07Z,13,53.42,8.16,ward_F,AP-6,149,-45.98,-93.73,47.75,False,False,False,True
1735,STA-0182,staff_laptop,2026-09-01T20:12:33Z,20,26.47,38.35,ward_B,AP-2,40,-49.19,-95.52,46.33,False,False,False,True
1736,STA-0182,staff_laptop,2026-09-01T06:36:52Z,6,55.75,34.05,ward_C,AP-3,36,-53.93,-94.35,40.42,False,False,False,True
1737,STA-0182,staff_laptop,2026-09-01T06:50:41Z,6,13.48,17.93,ward_D,AP-4,44,-44.92,-95.1,50.18,False,False,False,True
1738,STA-0182,staff_laptop,2026-09-01T22:52:38Z,22,45.88,27.5,corridor_h,AP-6,149,-62.85,-96.41,33.56,False,False,False,True
1739,STA-0182,staff_laptop,2026-09-01T06:19:19Z,6,71.44,27.25,theatre_2,AP-8,153,-46.94,-94.34,47.4,False,False,False,True
1740,STA-0183,staff_laptop,2026-09-01T05:18:17Z,5,75.24,48.0,corridor_v,AP-7,153,-53.85,-91.84,37.99,False,False,False,True
1741,STA-0183,staff_laptop,2026-09-01T16:17:25Z,16,6.64,27.01,corridor_h,AP-1,36,-58.95,-98.48,39.53,False,False,False,True
1742,STA-0183,staff_laptop,2026-09-01T19:05:06Z,19,7.08,53.57,ward_A,AP-1,36,-50.46,-95.7,45.24,False,False,False,True
1743,STA-0183,staff_laptop,2026-09-01T19:15:46Z,19,56.21,42.52,ward_C,AP-3,36,-49.37,-95.81,46.44,False,False,False,True
1744,STA-0183,staff_laptop,2026-09-01T13:02:53Z,13,38.51,34.78,ward_B,AP-2,40,-57.04,-96.52,39.48,False,False,False,True
1745,STA-0183,staff_laptop,2026-09-01T13:06:17Z,13,29.9,59.67,ward_B,AP-2,40,-57.43,-92.73,35.3,False,False,False,True
1746,STA-0183,staff_laptop,2026-09-01T20:44:05Z,20,5.57,34.9,ward_A,AP-1,36,-59.14,-92.06,32.92,False,False,False,True
1747,GUE-0184,guest_phone,2026-09-01T16:16:00Z,16,78.12,55.94,lift_bank,AP-7,153,-59.84,-95.24,35.4,False,False,True,True
1748,GUE-0184,guest_phone,2026-09-01T07:57:23Z,7,79.43,58.18,lift_bank,AP-7,153,-63.31,-95.59,32.28,False,False,True,True
1749,GUE-0184,guest_phone,2026-09-01T21:47:10Z,21,74.16,57.41,lift_bank,AP-7,153,-59.38,-93.21,33.83,False,False,True,True
1750,GUE-0184,guest_phone,2026-09-01T12:35:28Z,12,6.27,29.95,corridor_h,AP-1,36,-59.48,-93.87,34.39,False,True,False,True
1751,GUE-0185,guest_phone,2026-09-01T08:36:30Z,8,78.33,56.24,lift_bank,AP-7,153,-62.42,-96.8,34.38,False,False,True,True
1752,GUE-0185,guest_phone,2026-09-01T12:35:55Z,12,78.41,55.7,lift_bank,AP-7,153,-61.76,-95.0,33.24,False,True,True,True
1753,GUE-0185,guest_phone,2026-09-01T16:06:58Z,16,76.16,59.28,lift_bank,AP-7,153,-59.43,-94.17,34.74,False,False,True,True
1754,GUE-0185,guest_phone,2026-09-01T23:51:21Z,23,70.75,34.82,theatre_2,AP-8,153,-46.67,-96.27,49.6,False,False,False,True
1755,GUE-0185,guest_phone,2026-09-01T01:27:00Z,1,3.12,8.4,ward_D,AP-4,44,-50.39,-95.02,44.63,False,False,False,True
1756,GUE-0185,guest_phone,2026-09-01T22:27:04Z,22,30.05,7.84,ward_E,AP-5,48,-46.23,-95.03,48.8,False,False,False,True
1757,GUE-0186,guest_phone,2026-09-01T02:29:37Z,2,72.96,58.2,lift_bank,AP-7,153,-56.37,-97.28,40.91,False,False,True,True
1758,GUE-0186,guest_phone,2026-09-01T22:58:07Z,22,72.05,12.98,guest_waiting,AP-6,149,-89.42,-94.71,5.29,False,False,False,True
1759,GUE-0186,guest_phone,2026-09-01T01:40:34Z,1,73.23,59.75,lift_bank,AP-7,153,-57.62,-95.36,37.74,False,False,True,True
1760,GUE-0186,guest_phone,2026-09-01T07:39:53Z,7,76.15,2.07,guest_waiting,AP-7,153,-71.93,-92.96,21.03,False,False,False,True
1761,GUE-0187,guest_phone,2026-09-01T10:22:15Z,10,36.47,28.76,corridor_h,AP-2,40,-63.4,-96.3,32.9,False,False,False,True
1762,GUE-0187,guest_phone,2026-09-01T03:07:22Z,3,73.81,13.53,guest_waiting,AP-7,153,-86.64,-93.47,6.83,False,False,False,True
1763,GUE-0187,guest_phone,2026-09-01T05:50:11Z,5,52.27,28.15,corridor_h,AP-8,153,-61.06,-95.83,34.77,False,False,False,True
1764,GUE-0187,guest_phone,2026-09-01T20:56:26Z,20,42.17,29.1,corridor_h,AP-3,36,-62.18,-96.15,33.97,False,False,False,True
1765,STA-0188,staff_laptop,2026-09-01T16:06:23Z,16,57.56,53.0,ward_C,AP-7,153,-47.12,-97.78,50.66,False,False,False,True
1766,STA-0188,staff_laptop,2026-09-01T19:20:48Z,19,50.53,14.35,ward_F,AP-6,149,-36.34,-96.35,60.01,False,False,False,True
1767,STA-0188,staff_laptop,2026-09-01T21:00:24Z,21,74.52,38.38,corridor_v,AP-8,153,-57.67,-97.81,40.14,False,False,False,True
1768,STA-0188,staff_laptop,2026-09-01T20:25:18Z,20,0.23,15.65,ward_D,AP-4,44,-50.89,-92.0,41.11,False,False,False,True
1769,STA-0188,staff_laptop,2026-09-01T22:02:09Z,22,79.38,55.62,corridor_v,AP-7,153,-57.78,-95.59,37.81,False,False,True,False
1770,CLI-0189,clinical_device,2026-09-01T19:52:38Z,19,69.46,25.11,theatre_2,AP-8,153,-45.47,-94.66,49.19,False,False,False,True
1771,CLI-0189,clinical_device,2026-09-01T18:17:36Z,18,28.14,13.92,ward_E,AP-5,48,-35.69,-92.05,56.36,False,False,False,True
1772,CLI-0189,clinical_device,2026-09-01T16:09:24Z,16,51.71,57.25,ward_C,AP-3,36,-55.66,-96.26,40.6,False,False,False,True
1773,CLI-0189,clinical_device,2026-09-01T12:15:18Z,12,66.57,12.75,icu,AP-6,149,-82.93,-96.05,13.12,False,False,False,True
1774,CLI-0189,clinical_device,2026-09-01T14:58:07Z,14,69.8,59.8,theatre_1,AP-7,153,-52.55,-94.39,41.84,True,False,False,True
1775,CLI-0189,clinical_device,2026-09-01T05:33:40Z,5,68.08,56.37,theatre_1,AP-7,153,-46.52,-95.19,48.67,False,False,False,True
1776,IOT-0190,iot_sensor,2026-09-01T10:18:21Z,10,76.67,18.36,icu,AP-8,153,-57.28,-94.86,37.58,False,False,False,True
1777,IOT-0190,iot_sensor,2026-09-01T04:04:24Z,4,50.11,1.61,ward_F,AP-6,149,-57.1,-92.89,35.79,False,False,False,True
1778,IOT-0190,iot_sensor,2026-09-01T17:24:25Z,17,37.18,0.45,ward_E,AP-5,48,-57.62,-96.87,39.25,False,False,False,True
1779,IOT-0190,iot_sensor,2026-09-01T21:41:23Z,21,12.07,21.23,ward_D,AP-4,44,-48.1,-94.53,46.43,False,False,False,True
1780,IOT-0190,iot_sensor,2026-09-01T11:37:06Z,11,32.61,5.14,ward_E,AP-5,48,-49.81,-95.7,45.89,False,False,False,True
1781,IOT-0190,iot_sensor,2026-09-01T07:31:09Z,7,36.12,2.74,ward_E,AP-5,48,-55.89,-91.78,35.89,False,False,False,True
1782,IOT-0190,iot_sensor,2026-09-01T10:16:20Z,10,46.59,54.08,ward_C,AP-3,36,-54.45,-94.08,39.63,False,False,False,True
1783,IOT-0190,iot_sensor,2026-09-01T04:52:00Z,4,36.72,13.86,ward_E,AP-5,48,-50.87,-95.56,44.69,False,False,False,True
1784,IOT-0190,iot_sensor,2026-09-01T14:41:08Z,14,39.29,48.3,ward_B,AP-2,40,-54.44,-93.81,39.37,True,False,False,True
1785,IOT-0190,iot_sensor,2026-09-01T00:11:59Z,0,0.51,21.38,ward_D,AP-4,44,-58.36,-95.65,37.29,False,False,False,True
1786,IOT-0190,iot_sensor,2026-09-01T02:28:12Z,2,70.87,1.12,icu,AP-6,149,-86.95,-97.32,10.37,False,False,False,True
1787,IOT-0190,iot_sensor,2026-09-01T11:31:16Z,11,63.71,2.1,icu,AP-6,149,-86.36,-95.43,9.07,False,False,False,True
1788,IOT-0190,iot_sensor,2026-09-01T17:17:47Z,17,37.9,12.35,ward_E,AP-5,48,-46.99,-97.18,50.19,False,False,False,True
1789,IOT-0190,iot_sensor,2026-09-01T11:59:15Z,11,29.05,20.7,ward_E,AP-5,48,-52.64,-93.42,40.78,False,False,False,True
1790,IOT-0190,iot_sensor,2026-09-01T00:44:55Z,0,69.62,2.03,icu,AP-6,149,-87.65,-96.21,8.56,False,False,False,True
1791,IOT-0190,iot_sensor,2026-09-01T01:24:26Z,1,20.2,49.8,ward_B,AP-2,40,-53.45,-90.09,36.64,False,False,False,True
1792,IOT-0190,iot_sensor,2026-09-01T15:39:32Z,15,31.78,52.97,ward_B,AP-2,40,-49.11,-95.04,45.93,True,False,False,True
1793,IOT-0190,iot_sensor,2026-09-01T18:34:20Z,18,32.89,32.51,ward_B,AP-2,40,-56.52,-92.8,36.28,False,False,False,True
1794,IOT-0190,iot_sensor,2026-09-01T05:13:58Z,5,41.46,3.38,ward_F,AP-6,149,-54.02,-95.15,41.13,False,False,False,True
1795,IOT-0190,iot_sensor,2026-09-01T15:42:25Z,15,20.24,48.98,ward_B,AP-1,36,-52.17,-92.59,40.42,True,False,False,True
1796,IOT-0190,iot_sensor,2026-09-01T13:24:07Z,13,16.49,12.01,ward_D,AP-4,44,-46.28,-92.91,46.63,False,False,False,True
1797,IOT-0190,iot_sensor,2026-09-01T12:17:46Z,12,29.11,53.42,ward_B,AP-2,40,-53.51,-94.45,40.94,False,False,False,True
1798,IOT-0190,iot_sensor,2026-09-01T07:49:41Z,7,0.44,1.5,ward_D,AP-4,44,-73.81,-90.49,16.68,False,False,False,True
1799,IOT-0190,iot_sensor,2026-09-01T15:50:47Z,15,11.12,22.45,ward_D,AP-4,44,-56.02,-96.02,40.0,True,False,False,True
1800,IOT-0190,iot_sensor,2026-09-01T20:15:34Z,20,4.9,49.86,ward_A,AP-1,36,-48.5,-97.78,49.28,False,False,False,True
1801,IOT-0190,iot_sensor,2026-09-01T10:48:25Z,10,50.35,0.65,ward_F,AP-6,149,-57.02,-95.08,38.06,False,False,False,True
1802,IOT-0190,iot_sensor,2026-09-01T04:28:26Z,4,32.1,55.45,ward_B,AP-2,40,-53.92,-95.92,42.0,False,False,False,True
1803,IOT-0190,iot_sensor,2026-09-01T21:32:26Z,21,52.12,50.22,ward_C,AP-3,36,-46.58,-93.3,46.72,False,False,False,True
1804,IOT-0190,iot_sensor,2026-09-01T18:50:00Z,18,45.96,51.6,ward_C,AP-3,36,-51.09,-93.39,42.3,False,False,False,True
1805,STA-0191,staff_laptop,2026-09-01T14:54:39Z,14,0.58,3.22,ward_D,AP-4,44,-70.83,-93.37,22.54,True,False,False,True
1806,STA-0191,staff_laptop,2026-09-01T03:40:36Z,3,46.51,41.78,ward_C,AP-3,36,-44.73,-96.15,51.42,False,False,False,True
1807,STA-0191,staff_laptop,2026-09-01T12:38:34Z,12,9.86,6.14,ward_D,AP-4,44,-60.64,-93.58,32.94,False,True,False,True
1808,STA-0191,staff_laptop,2026-09-01T05:30:15Z,5,14.92,8.23,ward_D,AP-4,44,-45.15,-93.07,47.92,False,False,False,True
1809,CLI-0192,clinical_device,2026-09-01T20:57:08Z,20,64.35,47.86,theatre_1,AP-7,153,-43.75,-95.41,51.66,False,False,False,True
1810,CLI-0192,clinical_device,2026-09-01T23:12:48Z,23,14.4,11.54,ward_D,AP-4,44,-40.66,-97.24,56.58,False,False,False,True
1811,CLI-0192,clinical_device,2026-09-01T12:47:36Z,12,70.62,22.01,theatre_2,AP-8,153,-53.25,-95.15,41.9,False,True,False,True
1812,CLI-0192,clinical_device,2026-09-01T06:24:24Z,6,54.17,21.52,ward_F,AP-6,149,-54.3,-95.59,41.29,False,False,False,True
1813,CLI-0193,clinical_device,2026-09-01T00:21:29Z,0,14.52,46.44,ward_A,AP-1,36,-41.51,-94.52,53.01,False,False,False,True
1814,CLI-0193,clinical_device,2026-09-01T12:58:32Z,12,71.03,4.55,icu,AP-6,149,-87.86,-92.5,4.64,False,True,False,True
1815,CLI-0193,clinical_device,2026-09-01T22:57:08Z,22,62.43,13.3,icu,AP-6,149,-84.52,-95.44,10.92,False,False,False,True
1816,CLI-0193,clinical_device,2026-09-01T07:07:00Z,7,54.56,28.03,corridor_h,AP-8,153,-58.3,-93.94,35.64,False,False,False,True
1817,CLI-0193,clinical_device,2026-09-01T01:20:43Z,1,22.95,17.44,ward_E,AP-5,48,-49.99,-93.98,43.99,False,False,False,True
1818,CLI-0193,clinical_device,2026-09-01T22:00:13Z,22,69.07,42.15,theatre_1,AP-7,153,-53.17,-93.03,39.86,False,False,False,True
1819,STA-0194,staff_laptop,2026-09-01T19:21:14Z,19,74.95,3.72,icu,AP-6,149,-87.73,-94.43,6.7,False,False,False,True
1820,STA-0194,staff_laptop,2026-09-01T16:47:28Z,16,59.27,47.95,ward_C,AP-7,153,-51.9,-96.69,44.79,False,False,False,True
1821,STA-0194,staff_laptop,2026-09-01T03:48:14Z,3,25.03,8.65,ward_E,AP-5,48,-47.56,-96.49,48.93,False,False,False,True
1822,STA-0194,staff_laptop,2026-09-01T16:59:43Z,16,16.14,27.78,corridor_h,AP-5,48,-63.18,-95.57,32.39,False,False,False,True
1823,STA-0194,staff_laptop,2026-09-01T12:31:15Z,12,55.62,16.93,ward_F,AP-6,149,-47.99,-95.12,47.13,False,True,False,True
1824,STA-0194,staff_laptop,2026-09-01T17:00:18Z,17,35.42,12.7,ward_E,AP-5,48,-44.23,-96.0,51.77,False,False,False,True
1825,STA-0194,staff_laptop,2026-09-01T01:08:14Z,1,40.92,59.25,ward_C,AP-2,40,-64.91,-93.2,28.29,False,False,False,True
1826,STA-0195,staff_laptop,2026-09-01T20:15:58Z,20,18.42,3.57,ward_D,AP-5,48,-58.25,-95.53,37.28,False,False,False,True
1827,STA-0195,staff_laptop,2026-09-01T04:03:54Z,4,41.64,20.56,ward_F,AP-5,48,-57.22,-94.68,37.46,False,False,False,True
1828,STA-0195,staff_laptop,2026-09-01T12:39:10Z,12,75.75,36.24,corridor_v,AP-8,153,-54.61,-94.09,39.48,False,True,False,True
1829,STA-0195,staff_laptop,2026-09-01T18:02:45Z,18,54.35,46.3,ward_C,AP-3,36,-45.06,-93.28,48.22,False,False,False,True
1830,STA-0195,staff_laptop,2026-09-01T17:27:24Z,17,75.16,25.71,corridor_v,AP-8,153,-55.52,-94.32,38.8,False,False,False,True
1831,STA-0195,staff_laptop,2026-09-01T05:26:26Z,5,79.6,38.28,corridor_v,AP-8,153,-61.35,-94.32,32.97,False,False,False,True
1832,STA-0195,staff_laptop,2026-09-01T14:55:11Z,14,1.89,52.57,ward_A,AP-1,36,-54.09,-93.56,39.47,True,False,False,True
1833,STA-0195,staff_laptop,2026-09-01T15:25:55Z,15,19.84,8.78,ward_D,AP-4,44,-56.41,-92.26,35.85,True,False,False,True
1834,GUE-0196,guest_phone,2026-09-01T21:26:52Z,21,55.6,5.43,ward_F,AP-6,149,-50.18,-96.86,46.68,False,False,False,True
1835,GUE-0196,guest_phone,2026-09-01T06:49:31Z,6,75.09,58.82,lift_bank,AP-7,153,-59.64,-95.33,35.69,False,False,True,True
1836,GUE-0196,guest_phone,2026-09-01T15:06:13Z,15,69.43,29.04,corridor_h,AP-8,153,-38.65,-93.93,55.28,True,False,False,True
1837,GUE-0196,guest_phone,2026-09-01T22:47:27Z,22,77.49,9.78,guest_waiting,AP-7,153,-73.2,-96.41,23.21,False,False,False,True
1838,GUE-0196,guest_phone,2026-09-01T13:42:29Z,13,74.23,11.57,guest_waiting,AP-7,153,-72.35,-93.67,21.32,False,False,False,True
1839,CLI-0197,clinical_device,2026-09-01T11:06:27Z,11,65.14,16.93,icu,AP-6,149,-87.91,-96.0,8.09,False,False,False,True
1840,CLI-0197,clinical_device,2026-09-01T00:17:44Z,0,47.83,31.31,ward_C,AP-3,36,-57.03,-93.99,36.96,False,False,False,True
1841,CLI-0197,clinical_device,2026-09-01T07:07:32Z,7,19.48,45.71,ward_A,AP-1,36,-51.63,-94.33,42.7,False,False,False,True
1842,CLI-0197,clinical_device,2026-09-01T05:28:25Z,5,69.18,39.8,theatre_2,AP-7,153,-55.41,-94.58,39.17,False,False,False,True
1843,CLI-0197,clinical_device,2026-09-01T09:31:10Z,9,58.85,15.8,ward_F,AP-6,149,-52.16,-95.16,43.0,False,False,False,True
1844,CLI-0197,clinical_device,2026-09-01T02:42:26Z,2,9.62,53.53,ward_A,AP-1,36,-49.93,-96.46,46.53,False,False,False,True
1845,CLI-0197,clinical_device,2026-09-01T03:18:33Z,3,64.18,20.45,theatre_2,AP-8,153,-75.06,-95.28,20.22,False,False,False,True
1846,GUE-0198,guest_phone,2026-09-01T21:41:54Z,21,79.97,58.17,lift_bank,AP-7,153,-61.26,-94.47,33.21,False,False,True,True
1847,GUE-0198,guest_phone,2026-09-01T03:58:46Z,3,75.66,6.51,guest_waiting,AP-7,153,-70.14,-94.9,24.76,False,False,False,True
1848,GUE-0198,guest_phone,2026-09-01T13:02:48Z,13,67.06,26.65,theatre_2,AP-8,153,-42.94,-93.56,50.62,False,False,False,True
1849,GUE-0198,guest_phone,2026-09-01T18:45:24Z,18,78.82,10.24,guest_waiting,AP-8,153,-64.68,-95.99,31.31,False,False,False,True
1850,GUE-0198,guest_phone,2026-09-01T14:48:50Z,14,76.32,56.88,lift_bank,AP-7,153,-58.31,-96.69,38.38,True,False,True,True
1851,STA-0199,staff_laptop,2026-09-01T13:36:53Z,13,39.54,21.48,ward_E,AP-5,48,-57.83,-92.51,34.68,False,False,False,True
1852,STA-0199,staff_laptop,2026-09-01T01:40:58Z,1,0.51,45.12,ward_A,AP-1,36,-51.93,-95.89,43.96,False,False,False,True
1853,STA-0199,staff_laptop,2026-09-01T07:55:48Z,7,38.3,22.8,ward_E,AP-5,48,-53.52,-99.05,45.53,False,False,False,True
1854,CLI-0200,clinical_device,2026-09-01T11:28:01Z,11,39.3,41.53,ward_B,AP-3,36,-53.55,-93.45,39.9,False,False,False,True
1855,CLI-0200,clinical_device,2026-09-01T04:33:48Z,4,5.2,51.47,ward_A,AP-1,36,-53.16,-92.65,39.49,False,False,False,True
1856,CLI-0200,clinical_device,2026-09-01T17:26:36Z,17,60.96,34.91,theatre_2,AP-8,153,-51.73,-94.97,43.24,False,False,False,True
1857,CLI-0200,clinical_device,2026-09-01T05:37:08Z,5,51.81,15.75,ward_F,AP-6,149,-37.33,-93.32,55.99,False,False,False,True
1858,CLI-0200,clinical_device,2026-09-01T03:51:03Z,3,34.81,32.31,ward_B,AP-2,40,-59.46,-95.34,35.88,False,False,False,True
