cell_x_m,cell_y_m,zone_id,zone_type,best_ap_id,best_rssi_dbm,noise_floor_dbm,snr_db,is_dead_zone,rssi_AP-1_dbm,rssi_AP-2_dbm,rssi_AP-3_dbm,rssi_AP-4_dbm,rssi_AP-5_dbm,rssi_AP-6_dbm,rssi_AP-7_dbm,rssi_AP-8_dbm
0,0,ward_D,ward,AP-4,-70.0,-95.33,25.33,False,-84.85,-86.85,-89.38,-70.0,-80.5,-88.89,-91.02,-90.6
1,0,ward_D,ward,AP-4,-69.6,-93.03,23.43,False,-84.28,-85.92,-86.7,-69.6,-79.67,-87.14,-93.6,-89.42
2,0,ward_D,ward,AP-4,-73.34,-94.44,21.1,False,-84.38,-86.47,-87.83,-73.34,-80.15,-84.44,-89.7,-90.24
3,0,ward_D,ward,AP-4,-68.84,-93.69,24.85,False,-83.92,-84.57,-90.98,-68.84,-82.18,-90.42,-92.54,-91.44
4,0,ward_D,ward,AP-4,-71.56,-94.04,22.48,False,-83.05,-88.46,-86.92,-71.56,-78.95,-85.52,-90.98,-87.81
5,0,ward_D,ward,AP-4,-70.42,-91.5,21.08,False,-83.64,-84.6,-87.53,-70.42,-79.82,-85.63,-90.09,-89.79
6,0,ward_D,ward,AP-4,-65.99,-97.13,31.14,False,-85.96,-87.99,-86.81,-65.99,-76.97,-82.76,-88.12,-89.31
7,0,ward_D,ward,AP-4,-68.5,-91.52,23.02,False,-85.36,-83.77,-91.1,-68.5,-77.07,-84.8,-89.41,-87.8
8,0,ward_D,ward,AP-4,-70.03,-96.09,26.06,False,-83.04,-86.79,-89.2,-70.03,-75.25,-85.04,-90.87,-87.3
9,0,ward_D,ward,AP-4,-69.37,-94.75,25.38,False,-84.86,-89.15,-90.11,-69.37,-75.89,-81.25,-90.65,-88.11
10,0,ward_D,ward,AP-4,-70.22,-92.07,21.85,False,-82.1,-83.58,-87.26,-70.22,-74.47,-82.6,-88.04,-88.52
11,0,ward_D,ward,AP-4,-69.27,-93.97,24.7,False,-84.99,-82.08,-87.45,-69.27,-78.08,-83.38,-87.53,-86.66
12,0,ward_D,ward,AP-4,-69.46,-95.64,26.18,False,-89.03,-83.75,-86.43,-69.46,-76.62,-82.8,-86.8,-90.23
13,0,ward_D,ward,AP-4,-68.37,-95.0,26.63,False,-81.57,-85.97,-88.14,-68.37,-77.37,-82.06,-92.55,-86.18
14,0,ward_D,ward,AP-4,-71.44,-93.51,22.07,False,-79.75,-84.43,-84.55,-71.44,-74.65,-81.55,-86.52,-91.14
15,0,ward_D,ward,AP-5,-62.96,-91.97,29.01,False,-83.16,-69.84,-73.72,-69.07,-62.96,-72.39,-77.5,-75.98
16,0,ward_D,ward,AP-5,-60.9,-96.68,35.78,False,-73.6,-72.19,-78.15,-70.34,-60.9,-67.93,-74.87,-75.51
17,0,ward_D,ward,AP-5,-58.65,-94.09,35.44,False,-71.5,-71.72,-73.9,-71.38,-58.65,-69.08,-76.24,-72.69
18,0,ward_D,ward,AP-5,-60.19,-93.21,33.02,False,-71.89,-68.38,-74.27,-71.02,-60.19,-65.96,-77.28,-74.02
19,0,ward_D,ward,AP-5,-61.12,-94.22,33.1,False,-73.53,-76.08,-74.03,-70.45,-61.12,-66.84,-76.19,-76.87
20,0,ward_E,ward,AP-5,-60.89,-94.4,33.51,False,-72.95,-75.53,-73.6,-71.49,-60.89,-67.2,-76.3,-75.85
21,0,ward_E,ward,AP-5,-54.38,-95.15,40.77,False,-70.59,-73.93,-73.62,-71.9,-54.38,-71.61,-75.77,-75.12
22,0,ward_E,ward,AP-5,-57.73,-95.42,37.69,False,-68.88,-72.48,-69.78,-73.3,-57.73,-68.51,-78.42,-74.19
23,0,ward_E,ward,AP-5,-54.49,-96.3,41.81,False,-72.35,-76.62,-70.13,-61.25,-54.49,-69.17,-76.33,-67.8
24,0,ward_E,ward,AP-5,-54.97,-93.14,38.17,False,-75.82,-73.47,-73.08,-60.03,-54.97,-67.29,-80.0,-74.81
25,0,ward_E,ward,AP-5,-52.92,-96.26,43.34,False,-71.98,-76.26,-73.97,-59.12,-52.92,-65.26,-76.06,-76.22
26,0,ward_E,ward,AP-5,-59.14,-98.47,39.33,False,-72.9,-71.31,-72.63,-63.36,-59.14,-67.54,-78.87,-72.26
27,0,ward_E,ward,AP-5,-54.56,-92.71,38.15,False,-73.75,-71.4,-70.64,-62.75,-54.56,-66.37,-77.93,-74.7
28,0,ward_E,ward,AP-5,-55.12,-92.74,37.62,False,-71.18,-71.31,-66.91,-63.43,-55.12,-64.54,-76.77,-68.53
29,0,ward_E,ward,AP-5,-58.94,-95.15,36.21,False,-76.07,-73.07,-72.61,-62.26,-58.94,-69.23,-80.02,-73.1
30,0,ward_E,ward,AP-5,-55.54,-95.29,39.75,False,-72.67,-73.81,-75.81,-68.32,-55.54,-63.54,-74.1,-71.18
31,0,ward_E,ward,AP-5,-57.41,-95.54,38.13,False,-70.77,-72.55,-74.59,-65.76,-57.41,-68.16,-75.66,-72.06
32,0,ward_E,ward,AP-5,-57.38,-95.19,37.81,False,-75.0,-71.54,-69.74,-65.07,-57.38,-64.55,-76.0,-74.89
33,0,ward_E,ward,AP-5,-57.99,-94.37,36.38,False,-73.56,-68.61,-71.19,-63.5,-57.99,-61.55,-78.03,-71.54
34,0,ward_E,ward,AP-5,-55.73,-94.41,38.68,False,-75.32,-68.32,-71.86,-69.79,-55.73,-63.22,-75.64,-71.03
35,0,ward_E,ward,AP-5,-53.36,-97.87,44.51,False,-77.98,-74.66,-71.36,-63.78,-53.36,-58.31,-79.64,-70.22
36,0,ward_E,ward,AP-5,-56.27,-94.83,38.56,False,-70.79,-71.87,-75.11,-62.75,-56.27,-65.2,-74.83,-73.02
37,0,ward_E,ward,AP-5,-54.35,-96.03,41.68,False,-75.07,-69.67,-75.6,-66.52,-54.35,-62.57,-74.89,-70.95
38,0,ward_E,ward,AP-5,-56.85,-93.15,36.3,False,-72.96,-72.26,-74.57,-64.0,-56.85,-60.75,-76.48,-72.72
39,0,ward_E,ward,AP-6,-58.38,-93.99,35.61,False,-74.67,-71.59,-72.99,-66.65,-59.14,-58.38,-75.47,-69.29
40,0,ward_F,ward,AP-6,-57.67,-91.58,33.91,False,-74.74,-74.28,-74.44,-69.72,-61.37,-57.67,-75.1,-67.6
41,0,ward_F,ward,AP-6,-59.41,-96.15,36.74,False,-74.58,-75.72,-73.27,-68.74,-62.88,-59.41,-74.33,-71.46
42,0,ward_F,ward,AP-6,-56.52,-93.91,37.39,False,-76.28,-69.11,-72.78,-70.58,-61.16,-56.52,-76.18,-69.38
43,0,ward_F,ward,AP-6,-58.77,-95.0,36.23,False,-73.39,-69.96,-73.52,-66.99,-62.5,-58.77,-72.33,-68.51
44,0,ward_F,ward,AP-6,-57.06,-94.74,37.68,False,-77.4,-71.71,-73.64,-71.42,-62.72,-57.06,-78.87,-69.23
45,0,ward_F,ward,AP-6,-55.78,-95.95,40.17,False,-76.31,-70.84,-71.12,-71.1,-63.26,-55.78,-77.57,-70.43
46,0,ward_F,ward,AP-6,-57.47,-94.21,36.74,False,-75.14,-72.57,-72.24,-67.93,-61.95,-57.47,-76.87,-86.13
47,0,ward_F,ward,AP-6,-56.54,-94.02,37.48,False,-72.51,-74.58,-72.24,-70.61,-63.07,-56.54,-77.8,-85.74
48,0,ward_F,ward,AP-6,-52.48,-97.21,44.73,False,-73.28,-68.67,-72.92,-70.86,-63.34,-52.48,-77.75,-86.24
49,0,ward_F,ward,AP-6,-56.69,-96.65,39.96,False,-80.84,-77.31,-75.04,-68.94,-65.56,-56.69,-76.54,-85.81
50,0,ward_F,ward,AP-6,-53.35,-95.84,42.49,False,-73.17,-75.35,-73.8,-71.12,-64.23,-53.35,-73.9,-89.28
51,0,ward_F,ward,AP-6,-57.3,-92.71,35.41,False,-77.09,-72.02,-71.5,-71.88,-62.98,-57.3,-74.35,-111.33
52,0,ward_F,ward,AP-6,-55.68,-97.0,41.32,False,-76.28,-74.27,-74.37,-70.54,-66.33,-55.68,-77.81,-109.45
53,0,ward_F,ward,AP-6,-58.56,-97.96,39.4,False,-77.77,-71.56,-74.97,-72.33,-65.42,-58.56,-71.26,-108.39
54,0,ward_F,ward,AP-6,-55.45,-96.17,40.72,False,-79.25,-72.17,-74.92,-73.21,-65.72,-55.45,-74.34,-111.05
55,0,ward_F,ward,AP-6,-57.51,-93.81,36.3,False,-73.9,-74.9,-71.66,-73.71,-66.17,-57.51,-74.16,-113.13
56,0,ward_F,ward,AP-6,-56.95,-94.9,37.95,False,-73.79,-73.53,-70.91,-71.26,-64.92,-56.95,-91.36,-109.25
57,0,ward_F,ward,AP-6,-55.51,-95.0,39.49,False,-78.7,-74.09,-76.19,-73.19,-66.33,-55.51,-91.44,-109.01
58,0,ward_F,ward,AP-6,-58.85,-93.43,34.58,False,-78.94,-77.08,-74.4,-76.16,-66.26,-58.85,-115.56,-110.61
59,0,ward_F,ward,AP-6,-57.56,-95.74,38.18,False,-74.9,-75.67,-73.06,-74.72,-71.13,-57.56,-114.29,-110.67
60,0,icu,icu,AP-6,-81.62,-95.13,13.51,True,-99.98,-104.2,-97.21,-98.6,-94.38,-81.62,-114.7,-111.1
61,0,icu,icu,AP-6,-83.31,-92.03,8.72,True,-103.07,-100.65,-100.24,-96.36,-91.53,-83.31,-118.8,-106.34
62,0,icu,icu,AP-6,-85.48,-91.99,6.51,True,-102.05,-101.57,-99.42,-98.51,-95.75,-85.48,-114.41,-113.46
63,0,icu,icu,AP-6,-86.44,-92.3,5.86,True,-99.43,-102.36,-100.58,-100.13,-96.32,-86.44,-121.73,-110.86
64,0,icu,icu,AP-6,-82.54,-94.17,11.63,True,-104.93,-100.56,-100.81,-98.5,-95.03,-82.54,-116.15,-111.11
65,0,icu,icu,AP-6,-86.17,-92.39,6.22,True,-103.84,-102.82,-97.31,-100.34,-94.56,-86.17,-117.57,-109.5
66,0,icu,icu,AP-6,-87.1,-97.52,10.42,True,-105.17,-96.8,-98.48,-101.73,-90.34,-87.1,-113.81,-108.7
67,0,icu,icu,AP-6,-86.71,-96.2,9.49,True,-102.85,-101.46,-118.76,-103.95,-95.29,-86.71,-115.77,-110.96
68,0,icu,icu,AP-6,-90.15,-95.01,4.86,True,-105.19,-101.65,-118.24,-101.02,-95.84,-90.15,-117.02,-111.89
69,0,icu,icu,AP-6,-88.27,-94.76,6.49,True,-102.34,-100.32,-115.32,-104.11,-96.84,-88.27,-115.29,-113.6
70,0,icu,icu,AP-6,-87.93,-96.17,8.24,True,-101.07,-101.17,-116.55,-100.11,-95.87,-87.93,-116.44,-110.14
71,0,icu,icu,AP-6,-88.15,-96.41,8.26,True,-103.95,-98.44,-116.88,-101.54,-97.62,-88.15,-118.32,-108.68
72,0,icu,icu,AP-6,-90.98,-93.11,2.13,True,-105.85,-100.67,-116.31,-100.79,-94.78,-90.98,-115.75,-112.4
73,0,icu,icu,AP-6,-89.57,-97.04,7.47,True,-102.6,-100.14,-116.3,-103.15,-97.83,-89.57,-116.71,-110.41
74,0,icu,icu,AP-6,-89.58,-96.49,6.91,True,-103.63,-102.73,-118.96,-102.07,-101.15,-89.58,-115.0,-110.86
75,0,icu,icu,AP-6,-92.01,-94.47,2.46,True,-106.01,-101.79,-121.75,-101.58,-96.36,-92.01,-92.73,-110.5
76,0,icu,icu,AP-7,-74.43,-96.31,21.88,False,-102.06,-101.58,-118.4,-103.05,-97.57,-88.66,-74.43,-113.08
77,0,icu,icu,AP-7,-72.7,-97.62,24.92,False,-108.57,-101.09,-119.86,-104.77,-102.13,-94.39,-72.7,-113.73
78,0,icu,icu,AP-7,-74.14,-95.87,21.73,False,-104.14,-102.57,-116.39,-100.99,-98.44,-95.12,-74.14,-110.24
79,0,icu,icu,AP-7,-73.42,-93.98,20.56,False,-107.5,-99.82,-118.21,-103.47,-98.63,-90.83,-73.42,-112.05
0,1,ward_D,ward,AP-5,-72.6,-92.56,19.96,False,-80.01,-83.54,-87.69,-73.05,-72.6,-88.24,-92.34,-91.4
1,1,ward_D,ward,AP-4,-69.16,-94.97,25.81,False,-83.4,-89.04,-88.36,-69.16,-80.38,-88.04,-92.93,-90.72
2,1,ward_D,ward,AP-4,-73.18,-94.26,21.08,False,-85.23,-84.59,-90.66,-73.18,-80.85,-82.67,-92.5,-85.01
3,1,ward_D,ward,AP-4,-71.56,-95.16,23.6,False,-86.48,-87.61,-88.14,-71.56,-74.24,-87.1,-89.88,-86.61
4,1,ward_D,ward,AP-4,-66.97,-98.27,31.3,False,-86.1,-86.36,-87.76,-66.97,-78.49,-87.68,-91.03,-90.72
5,1,ward_D,ward,AP-4,-64.39,-93.41,29.02,False,-85.47,-88.56,-87.17,-64.39,-74.48,-85.77,-91.93,-87.83
6,1,ward_D,ward,AP-4,-68.11,-95.37,27.26,False,-84.88,-85.86,-83.8,-68.11,-78.76,-84.12,-89.72,-91.09
7,1,ward_D,ward,AP-4,-66.09,-95.84,29.75,False,-86.36,-86.02,-84.32,-66.09,-77.55,-85.97,-91.38,-86.78
8,1,ward_D,ward,AP-4,-63.85,-95.26,31.41,False,-81.11,-88.1,-88.51,-63.85,-80.94,-81.46,-94.33,-88.89
9,1,ward_D,ward,AP-4,-68.32,-95.6,27.28,False,-82.35,-91.55,-91.63,-68.32,-76.4,-85.35,-90.95,-90.92
10,1,ward_D,ward,AP-4,-64.27,-95.08,30.81,False,-85.69,-84.65,-86.5,-64.27,-77.33,-83.92,-90.29,-88.96
11,1,ward_D,ward,AP-4,-69.1,-94.59,25.49,False,-87.12,-84.29,-89.35,-69.1,-78.72,-80.67,-90.54,-85.9
12,1,ward_D,ward,AP-4,-68.87,-95.49,26.62,False,-87.42,-87.1,-85.87,-68.87,-77.24,-83.06,-90.49,-90.05
13,1,ward_D,ward,AP-4,-69.2,-97.38,28.18,False,-84.98,-90.02,-86.24,-69.2,-71.95,-84.7,-93.17,-85.48
14,1,ward_D,ward,AP-4,-71.2,-90.45,19.25,False,-85.32,-83.56,-87.77,-71.2,-73.67,-82.49,-87.32,-86.5
15,1,ward_D,ward,AP-5,-59.88,-98.04,38.16,False,-87.37,-72.71,-77.11,-65.97,-59.88,-68.28,-79.32,-76.99
16,1,ward_D,ward,AP-5,-59.49,-94.71,35.22,False,-68.69,-71.57,-75.36,-66.85,-59.49,-67.52,-80.89,-76.74
17,1,ward_D,ward,AP-5,-56.04,-93.85,37.81,False,-71.44,-70.59,-76.73,-68.95,-56.04,-67.75,-75.78,-75.17
18,1,ward_D,ward,AP-5,-58.72,-96.01,37.29,False,-68.59,-72.22,-72.13,-71.47,-58.72,-66.99,-78.9,-72.75
19,1,ward_D,ward,AP-5,-57.48,-95.86,38.38,False,-73.86,-72.37,-70.58,-69.64,-57.48,-69.92,-77.12,-77.11
20,1,ward_E,ward,AP-5,-59.2,-93.05,33.85,False,-70.63,-72.38,-71.41,-71.21,-59.2,-65.55,-78.44,-77.61
21,1,ward_E,ward,AP-5,-54.76,-96.58,41.82,False,-71.54,-76.58,-74.1,-72.16,-54.76,-69.2,-78.19,-76.2
22,1,ward_E,ward,AP-5,-60.71,-96.84,36.13,False,-73.83,-75.07,-76.13,-75.12,-60.71,-70.49,-77.94,-75.56
23,1,ward_E,ward,AP-5,-54.02,-95.98,41.96,False,-71.55,-72.24,-74.8,-61.38,-54.02,-66.51,-75.83,-79.17
24,1,ward_E,ward,AP-5,-55.68,-95.39,39.71,False,-76.92,-72.96,-73.07,-62.34,-55.68,-68.65,-75.5,-76.91
25,1,ward_E,ward,AP-5,-57.11,-95.55,38.44,False,-71.82,-71.0,-73.95,-57.65,-57.11,-67.1,-82.05,-70.07
26,1,ward_E,ward,AP-5,-58.76,-93.43,34.67,False,-75.1,-69.4,-71.11,-61.83,-58.76,-64.95,-77.65,-75.75
27,1,ward_E,ward,AP-5,-54.92,-94.47,39.55,False,-77.11,-70.89,-72.55,-58.46,-54.92,-69.48,-77.96,-73.08
28,1,ward_E,ward,AP-5,-52.25,-92.43,40.18,False,-70.98,-75.93,-74.01,-61.12,-52.25,-61.2,-76.95,-70.81
29,1,ward_E,ward,AP-5,-58.08,-95.87,37.79,False,-70.64,-70.55,-71.59,-65.12,-58.08,-62.51,-76.74,-72.86
30,1,ward_E,ward,AP-5,-54.65,-92.19,37.54,False,-73.92,-71.53,-75.18,-63.88,-54.65,-64.17,-77.42,-71.02
31,1,ward_E,ward,AP-5,-56.71,-94.29,37.58,False,-74.45,-69.53,-71.26,-69.78,-56.71,-64.81,-74.25,-72.01
32,1,ward_E,ward,AP-5,-55.68,-93.64,37.96,False,-72.08,-73.81,-74.43,-67.37,-55.68,-63.29,-75.35,-73.64
33,1,ward_E,ward,AP-5,-54.23,-92.42,38.19,False,-71.63,-68.93,-71.42,-64.99,-54.23,-61.34,-76.88,-69.4
34,1,ward_E,ward,AP-5,-55.9,-92.36,36.46,False,-69.63,-71.98,-72.1,-64.95,-55.9,-60.81,-75.71,-72.16
35,1,ward_E,ward,AP-5,-55.7,-96.71,41.01,False,-73.37,-71.94,-70.9,-65.9,-55.7,-61.65,-77.79,-71.62
36,1,ward_E,ward,AP-5,-56.16,-96.65,40.49,False,-73.4,-74.47,-70.75,-65.1,-56.16,-61.19,-74.41,-75.28
37,1,ward_E,ward,AP-5,-56.94,-95.31,38.37,False,-74.24,-71.46,-72.66,-69.0,-56.94,-61.36,-77.27,-70.48
38,1,ward_E,ward,AP-5,-59.41,-96.62,37.21,False,-71.67,-70.86,-70.96,-66.73,-59.41,-61.78,-77.97,-65.17
39,1,ward_E,ward,AP-6,-61.35,-96.03,34.68,False,-74.61,-72.97,-72.93,-68.91,-61.99,-61.35,-77.7,-70.98
40,1,ward_F,ward,AP-6,-58.35,-95.61,37.26,False,-75.69,-71.87,-73.47,-66.24,-59.57,-58.35,-77.46,-69.2
41,1,ward_F,ward,AP-6,-55.56,-96.77,41.21,False,-73.63,-71.7,-72.59,-68.02,-60.12,-55.56,-72.84,-69.34
42,1,ward_F,ward,AP-6,-55.37,-95.71,40.34,False,-76.78,-73.76,-72.68,-67.91,-61.7,-55.37,-74.61,-74.12
43,1,ward_F,ward,AP-6,-57.99,-93.18,35.19,False,-79.88,-74.01,-73.25,-70.36,-61.1,-57.99,-75.7,-66.89
44,1,ward_F,ward,AP-5,-57.94,-95.22,37.28,False,-77.13,-70.07,-75.35,-71.1,-57.94,-61.2,-73.27,-72.2
45,1,ward_F,ward,AP-6,-56.78,-94.86,38.08,False,-75.34,-69.27,-73.7,-69.92,-60.27,-56.78,-75.97,-69.61
46,1,ward_F,ward,AP-6,-56.26,-96.2,39.94,False,-73.34,-74.64,-72.94,-69.45,-62.38,-56.26,-74.28,-88.68
47,1,ward_F,ward,AP-6,-55.01,-93.26,38.25,False,-74.37,-75.03,-69.69,-69.97,-65.11,-55.01,-73.82,-85.57
48,1,ward_F,ward,AP-6,-54.77,-96.11,41.34,False,-76.12,-74.35,-73.22,-72.66,-64.55,-54.77,-74.04,-87.89
49,1,ward_F,ward,AP-6,-57.33,-94.94,37.61,False,-74.83,-74.04,-74.08,-71.3,-64.07,-57.33,-72.34,-85.03
50,1,ward_F,ward,AP-6,-54.98,-95.51,40.53,False,-75.4,-72.08,-72.06,-69.5,-60.7,-54.98,-73.04,-84.8
51,1,ward_F,ward,AP-6,-54.81,-96.42,41.61,False,-78.05,-71.43,-75.14,-67.98,-62.73,-54.81,-73.75,-107.87
52,1,ward_F,ward,AP-6,-55.06,-97.09,42.03,False,-78.25,-74.55,-72.53,-73.85,-64.62,-55.06,-75.41,-107.99
53,1,ward_F,ward,AP-6,-57.64,-94.21,36.57,False,-78.63,-72.71,-72.44,-71.27,-66.6,-57.64,-75.01,-112.41
54,1,ward_F,ward,AP-6,-54.32,-95.39,41.07,False,-77.17,-72.06,-70.87,-70.28,-63.98,-54.32,-72.12,-111.92
55,1,ward_F,ward,AP-6,-58.98,-95.78,36.8,False,-80.01,-73.11,-73.42,-71.82,-65.14,-58.98,-75.63,-111.44
56,1,ward_F,ward,AP-6,-55.29,-97.13,41.84,False,-76.15,-76.13,-72.01,-76.25,-70.91,-55.29,-94.16,-111.73
57,1,ward_F,ward,AP-6,-57.73,-94.38,36.65,False,-79.44,-74.74,-72.97,-71.16,-66.09,-57.73,-89.99,-108.25
58,1,ward_F,ward,AP-6,-55.87,-96.67,40.8,False,-77.58,-72.03,-68.66,-72.04,-63.83,-55.87,-114.77,-112.55
59,1,ward_F,ward,AP-6,-57.19,-93.46,36.27,False,-77.0,-77.53,-73.43,-71.87,-69.07,-57.19,-119.13,-111.26
60,1,icu,icu,AP-6,-81.17,-94.98,13.81,True,-101.62,-98.74,-93.89,-96.24,-94.86,-81.17,-117.63,-110.22
61,1,icu,icu,AP-6,-84.77,-93.28,8.51,True,-100.03,-101.71,-96.46,-98.02,-91.84,-84.77,-114.36,-111.53
62,1,icu,icu,AP-6,-86.38,-92.46,6.08,True,-101.61,-102.38,-96.62,-98.94,-94.51,-86.38,-116.83,-112.93
63,1,icu,icu,AP-6,-82.42,-93.73,11.31,True,-104.7,-101.03,-95.22,-98.35,-92.7,-82.42,-116.95,-112.08
64,1,icu,icu,AP-6,-88.74,-95.72,6.98,True,-100.99,-100.5,-100.11,-97.26,-93.31,-88.74,-114.76,-112.84
65,1,icu,icu,AP-6,-85.94,-95.56,9.62,True,-104.96,-101.25,-99.33,-101.17,-93.34,-85.94,-115.05,-107.75
66,1,icu,icu,AP-6,-85.01,-93.68,8.67,True,-102.69,-99.04,-94.34,-98.36,-92.34,-85.01,-114.19,-113.5
67,1,icu,icu,AP-6,-85.88,-95.84,9.96,True,-102.56,-100.14,-116.9,-101.22,-94.57,-85.88,-119.3,-109.5
68,1,icu,icu,AP-6,-87.49,-96.26,8.77,True,-105.02,-99.6,-116.59,-101.89,-97.24,-87.49,-116.34,-112.14
69,1,icu,icu,AP-6,-83.09,-94.71,11.62,True,-103.62,-99.71,-118.14,-99.79,-97.64,-83.09,-118.21,-111.57
70,1,icu,icu,AP-6,-90.05,-93.66,3.61,True,-105.19,-99.0,-112.54,-101.74,-95.93,-90.05,-116.35,-107.18
71,1,icu,icu,AP-6,-89.34,-95.47,6.13,True,-105.32,-97.7,-113.92,-100.19,-97.88,-89.34,-117.96,-109.17
72,1,icu,icu,AP-6,-89.55,-94.57,5.02,True,-108.12,-99.08,-115.97,-99.2,-97.11,-89.55,-114.16,-109.41
73,1,icu,icu,AP-6,-92.44,-94.06,1.62,True,-97.35,-101.41,-116.13,-98.08,-98.71,-92.44,-119.29,-109.2
74,1,icu,icu,AP-6,-90.72,-94.04,3.32,True,-102.42,-103.92,-114.57,-99.33,-97.56,-90.72,-115.11,-109.64
75,1,icu,icu,AP-7,-90.91,-93.71,2.8,True,-106.21,-101.7,-119.12,-100.65,-96.56,-91.4,-90.91,-113.6
76,1,icu,icu,AP-7,-73.5,-96.87,23.37,False,-105.1,-101.23,-114.59,-103.61,-95.48,-91.35,-73.5,-109.5
77,1,icu,icu,AP-7,-73.72,-95.29,21.57,False,-103.1,-101.5,-114.87,-102.7,-98.85,-91.25,-73.72,-113.09
78,1,icu,icu,AP-7,-73.67,-94.67,21.0,False,-101.88,-101.95,-118.8,-101.01,-102.07,-96.61,-73.67,-110.53
79,1,icu,icu,AP-7,-73.2,-95.78,22.58,False,-106.33,-102.2,-119.99,-102.18,-101.83,-93.04,-73.2,-114.55
0,2,ward_D,ward,AP-4,-69.51,-96.21,26.7,False,-82.46,-83.03,-91.92,-69.51,-82.45,-88.48,-88.32,-88.6
1,2,ward_D,ward,AP-4,-65.09,-95.31,30.22,False,-83.54,-84.71,-88.41,-65.09,-78.4,-91.54,-91.97,-91.25
2,2,ward_D,ward,AP-4,-66.26,-93.1,26.84,False,-83.9,-87.17,-90.81,-66.26,-78.04,-86.65,-89.91,-88.27
3,2,ward_D,ward,AP-4,-66.09,-95.33,29.24,False,-85.99,-84.18,-89.71,-66.09,-79.22,-89.61,-91.07,-93.03
4,2,ward_D,ward,AP-4,-70.08,-95.71,25.63,False,-83.95,-86.41,-91.33,-70.08,-80.13,-85.31,-88.44,-87.88
5,2,ward_D,ward,AP-4,-67.69,-95.01,27.32,False,-81.25,-88.22,-86.84,-67.69,-77.55,-83.29,-92.26,-87.53
6,2,ward_D,ward,AP-4,-65.59,-93.72,28.13,False,-78.95,-85.97,-85.53,-65.59,-79.95,-81.58,-92.9,-93.43
7,2,ward_D,ward,AP-4,-63.34,-95.84,32.5,False,-81.61,-85.14,-88.45,-63.34,-75.74,-85.35,-89.19,-91.28
8,2,ward_D,ward,AP-4,-63.77,-95.0,31.23,False,-85.83,-89.53,-90.14,-63.77,-78.9,-84.87,-92.85,-86.9
9,2,ward_D,ward,AP-4,-67.99,-93.33,25.34,False,-82.74,-85.23,-89.99,-67.99,-74.57,-83.6,-88.85,-94.78
10,2,ward_D,ward,AP-4,-65.92,-93.07,27.15,False,-84.7,-80.56,-88.53,-65.92,-74.44,-84.96,-88.53,-89.58
11,2,ward_D,ward,AP-4,-66.46,-96.9,30.44,False,-82.13,-83.81,-88.81,-66.46,-74.67,-86.98,-91.26,-86.23
12,2,ward_D,ward,AP-4,-68.51,-93.12,24.61,False,-81.17,-85.95,-86.58,-68.51,-73.79,-81.7,-87.75,-85.23
13,2,ward_D,ward,AP-4,-69.11,-95.01,25.9,False,-83.33,-87.05,-84.44,-69.11,-75.12,-80.84,-89.01,-84.57
14,2,ward_D,ward,AP-4,-67.58,-96.72,29.14,False,-87.15,-85.06,-86.6,-67.58,-70.87,-82.5,-92.65,-86.64
15,2,ward_D,ward,AP-5,-56.41,-94.74,38.33,False,-80.4,-71.87,-77.61,-65.18,-56.41,-73.7,-75.84,-74.43
16,2,ward_D,ward,AP-5,-63.28,-95.01,31.73,False,-71.15,-71.35,-76.06,-65.03,-63.28,-65.45,-74.47,-77.58
17,2,ward_D,ward,AP-5,-57.66,-95.31,37.65,False,-69.04,-73.23,-74.86,-69.21,-57.66,-70.25,-77.41,-73.94
18,2,ward_D,ward,AP-5,-62.84,-96.24,33.4,False,-73.66,-74.86,-77.43,-71.35,-62.84,-70.14,-76.67,-74.73
19,2,ward_D,ward,AP-5,-57.37,-91.36,33.99,False,-74.01,-74.09,-77.04,-72.06,-57.37,-71.15,-77.11,-75.88
20,2,ward_E,ward,AP-5,-57.56,-94.42,36.86,False,-75.63,-71.65,-74.8,-59.74,-57.56,-67.67,-79.15,-73.6
21,2,ward_E,ward,AP-4,-59.19,-93.6,34.41,False,-69.48,-73.2,-71.06,-59.19,-61.54,-66.56,-77.05,-76.02
22,2,ward_E,ward,AP-5,-55.63,-94.97,39.34,False,-73.12,-69.89,-74.03,-57.9,-55.63,-66.28,-78.83,-72.22
23,2,ward_E,ward,AP-5,-57.22,-95.16,37.94,False,-68.24,-70.92,-72.24,-61.53,-57.22,-66.65,-78.98,-76.21
24,2,ward_E,ward,AP-5,-54.49,-98.1,43.61,False,-72.48,-71.43,-71.38,-61.38,-54.49,-66.73,-76.9,-73.15
25,2,ward_E,ward,AP-5,-56.22,-97.52,41.3,False,-72.28,-73.07,-75.35,-64.92,-56.22,-69.78,-74.65,-73.94
26,2,ward_E,ward,AP-5,-55.62,-95.84,40.22,False,-73.85,-70.26,-74.56,-62.26,-55.62,-65.86,-79.66,-73.35
27,2,ward_E,ward,AP-5,-54.82,-95.94,41.12,False,-66.69,-72.17,-74.16,-60.26,-54.82,-64.65,-77.88,-69.95
28,2,ward_E,ward,AP-5,-53.04,-96.42,43.38,False,-71.95,-69.46,-73.74,-62.76,-53.04,-63.34,-78.19,-72.49
29,2,ward_E,ward,AP-5,-48.83,-92.59,43.76,False,-74.29,-73.02,-70.59,-60.08,-48.83,-64.36,-77.57,-74.58
30,2,ward_E,ward,AP-5,-56.01,-94.3,38.29,False,-75.98,-72.35,-74.04,-60.26,-56.01,-61.56,-73.14,-72.77
31,2,ward_E,ward,AP-5,-53.21,-96.12,42.91,False,-76.09,-71.9,-73.23,-69.4,-53.21,-62.56,-79.03,-75.05
32,2,ward_E,ward,AP-5,-53.6,-94.31,40.71,False,-74.19,-72.34,-74.61,-66.72,-53.6,-63.71,-75.74,-72.47
33,2,ward_E,ward,AP-5,-52.01,-96.46,44.45,False,-73.55,-70.02,-72.39,-63.38,-52.01,-65.16,-73.56,-68.23
34,2,ward_E,ward,AP-5,-56.22,-93.46,37.24,False,-73.43,-72.48,-71.62,-64.56,-56.22,-59.07,-77.0,-71.86
35,2,ward_E,ward,AP-5,-58.5,-95.63,37.13,False,-69.58,-72.82,-70.85,-65.58,-58.5,-63.06,-77.58,-72.37
36,2,ward_E,ward,AP-5,-56.34,-95.57,39.23,False,-73.56,-69.28,-71.48,-61.13,-56.34,-59.0,-74.23,-68.14
37,2,ward_E,ward,AP-5,-55.4,-95.34,39.94,False,-72.05,-68.62,-73.69,-66.99,-55.4,-60.87,-76.7,-67.27
38,2,ward_E,ward,AP-5,-57.4,-96.0,38.6,False,-70.4,-72.94,-72.59,-65.64,-57.4,-61.2,-76.27,-70.17
39,2,ward_E,ward,AP-5,-58.61,-92.77,34.16,False,-73.82,-76.49,-73.22,-67.97,-58.61,-60.79,-76.49,-70.36
40,2,ward_F,ward,AP-5,-58.38,-98.28,39.9,False,-76.92,-72.59,-70.08,-67.31,-58.38,-59.1,-74.59,-70.48
41,2,ward_F,ward,AP-6,-55.98,-93.05,37.07,False,-75.69,-76.0,-69.4,-66.69,-60.38,-55.98,-69.62,-71.31
42,2,ward_F,ward,AP-5,-60.19,-94.31,34.12,False,-73.67,-72.65,-74.14,-69.8,-60.19,-61.62,-73.35,-70.49
43,2,ward_F,ward,AP-6,-51.69,-96.38,44.69,False,-75.37,-66.25,-75.19,-70.9,-58.59,-51.69,-76.3,-65.98
44,2,ward_F,ward,AP-6,-49.98,-92.29,42.31,False,-72.08,-72.18,-67.37,-65.8,-61.87,-49.98,-76.46,-70.05
45,2,ward_F,ward,AP-6,-56.83,-92.74,35.91,False,-76.28,-73.7,-71.54,-68.79,-60.37,-56.83,-73.73,-67.94
46,2,ward_F,ward,AP-6,-58.23,-93.09,34.86,False,-74.29,-75.01,-71.71,-71.25,-59.06,-58.23,-72.91,-89.14
47,2,ward_F,ward,AP-6,-54.6,-98.72,44.12,False,-73.54,-72.16,-70.74,-70.99,-60.89,-54.6,-72.48,-86.69
48,2,ward_F,ward,AP-6,-54.89,-96.47,41.58,False,-76.25,-69.66,-68.82,-70.41,-63.01,-54.89,-72.59,-85.44
49,2,ward_F,ward,AP-6,-52.59,-95.7,43.11,False,-74.04,-70.34,-73.63,-71.29,-62.34,-52.59,-74.61,-87.47
50,2,ward_F,ward,AP-6,-52.71,-95.54,42.83,False,-74.74,-72.05,-71.76,-73.93,-65.94,-52.71,-76.14,-85.77
51,2,ward_F,ward,AP-6,-56.99,-94.09,37.1,False,-76.85,-72.96,-68.37,-70.91,-64.84,-56.99,-72.6,-108.76
52,2,ward_F,ward,AP-6,-52.78,-94.45,41.67,False,-73.46,-72.18,-74.34,-71.86,-63.66,-52.78,-74.54,-110.98
53,2,ward_F,ward,AP-6,-56.71,-94.41,37.7,False,-73.39,-71.24,-70.45,-71.24,-67.21,-56.71,-73.67,-108.6
54,2,ward_F,ward,AP-6,-57.51,-90.57,33.06,False,-74.95,-76.37,-74.69,-70.06,-65.67,-57.51,-71.66,-110.01
55,2,ward_F,ward,AP-6,-58.21,-99.13,40.92,False,-73.71,-72.79,-72.1,-72.1,-66.23,-58.21,-71.51,-109.82
56,2,ward_F,ward,AP-6,-59.03,-95.98,36.95,False,-77.63,-75.27,-69.87,-72.91,-63.46,-59.03,-93.46,-108.1
57,2,ward_F,ward,AP-6,-59.58,-94.88,35.3,False,-78.61,-74.79,-73.4,-71.99,-64.6,-59.58,-91.85,-110.07
58,2,ward_F,ward,AP-6,-57.73,-95.57,37.84,False,-74.97,-73.63,-73.08,-75.54,-70.88,-57.73,-116.19,-108.13
59,2,ward_F,ward,AP-6,-57.17,-94.9,37.73,False,-72.13,-74.15,-72.94,-72.79,-69.55,-57.17,-120.31,-108.52
60,2,icu,icu,AP-6,-82.2,-94.39,12.19,True,-101.5,-98.82,-99.58,-100.59,-89.85,-82.2,-117.34,-108.93
61,2,icu,icu,AP-6,-84.0,-96.29,12.29,True,-98.15,-97.04,-96.28,-99.92,-89.77,-84.0,-117.86,-112.13
62,2,icu,icu,AP-6,-82.74,-92.6,9.86,True,-102.92,-97.87,-95.35,-96.95,-93.38,-82.74,-111.58,-107.8
63,2,icu,icu,AP-6,-82.21,-96.28,14.07,True,-105.36,-101.02,-98.75,-104.83,-93.88,-82.21,-117.15,-109.18
64,2,icu,icu,AP-6,-84.93,-93.86,8.93,True,-103.46,-99.1,-99.72,-97.34,-98.2,-84.93,-117.05,-106.55
65,2,icu,icu,AP-6,-86.09,-97.7,11.61,True,-106.78,-104.65,-99.42,-100.91,-95.07,-86.09,-114.71,-112.24
66,2,icu,icu,AP-6,-83.73,-94.04,10.31,True,-102.24,-100.67,-97.71,-101.4,-95.35,-83.73,-119.3,-111.95
67,2,icu,icu,AP-6,-89.74,-94.66,4.92,True,-99.75,-100.5,-118.12,-104.33,-94.8,-89.74,-111.71,-104.82
68,2,icu,icu,AP-6,-85.04,-97.46,12.42,True,-102.05,-100.46,-113.41,-100.54,-95.49,-85.04,-114.81,-105.27
69,2,icu,icu,AP-6,-90.61,-92.54,1.93,True,-104.26,-102.17,-114.12,-101.72,-94.71,-90.61,-116.27,-104.98
70,2,icu,icu,AP-6,-87.44,-95.24,7.8,True,-107.04,-99.78,-114.25,-101.92,-98.41,-87.44,-115.89,-108.52
71,2,icu,icu,AP-6,-92.0,-94.99,2.99,True,-98.76,-102.48,-117.01,-100.1,-95.03,-92.0,-113.53,-112.61
72,2,icu,icu,AP-6,-91.51,-93.84,2.33,True,-104.17,-102.2,-113.86,-106.02,-98.23,-91.51,-114.4,-106.67
73,2,icu,icu,AP-6,-89.67,-97.97,8.3,True,-100.9,-105.38,-115.92,-104.28,-97.79,-89.67,-115.99,-107.12
74,2,icu,icu,AP-6,-87.49,-96.45,8.96,True,-105.49,-104.03,-119.64,-99.69,-96.94,-87.49,-113.85,-109.84
75,2,icu,icu,AP-6,-88.49,-94.86,6.37,True,-101.96,-102.6,-118.89,-104.18,-97.32,-88.49,-91.16,-107.65
76,2,icu,icu,AP-7,-72.51,-94.3,21.79,False,-104.93,-95.91,-112.97,-101.67,-99.48,-94.66,-72.51,-110.74
77,2,icu,icu,AP-7,-72.2,-93.92,21.72,False,-103.56,-100.62,-114.45,-101.62,-99.51,-93.38,-72.2,-112.52
78,2,icu,icu,AP-7,-73.37,-96.38,23.01,False,-102.91,-101.72,-118.43,-105.97,-100.56,-95.48,-73.37,-111.41
79,2,icu,icu,AP-7,-72.07,-96.19,24.12,False,-102.72,-101.52,-116.9,-101.48,-96.48,-95.82,-72.07,-114.3
0,3,ward_D,ward,AP-4,-69.22,-91.95,22.73,False,-81.74,-84.55,-87.47,-69.22,-77.04,-88.83,-92.03,-89.77
1,3,ward_D,ward,AP-4,-64.41,-96.3,31.89,False,-81.65,-83.72,-90.18,-64.41,-78.54,-87.52,-86.61,-92.56
2,3,ward_D,ward,AP-4,-67.69,-96.24,28.55,False,-84.12,-87.63,-87.46,-67.69,-78.87,-81.48,-94.44,-86.82
3,3,ward_D,ward,AP-4,-67.96,-93.9,25.94,False,-80.67,-81.72,-83.76,-67.96,-81.02,-84.36,-91.16,-92.91
4,3,ward_D,ward,AP-4,-67.5,-96.4,28.9,False,-85.4,-82.52,-86.29,-67.5,-78.21,-85.25,-91.84,-83.03
5,3,ward_D,ward,AP-4,-67.59,-97.26,29.67,False,-83.41,-83.29,-88.85,-67.59,-80.52,-82.12,-89.38,-88.12
6,3,ward_D,ward,AP-4,-68.55,-95.51,26.96,False,-82.48,-84.58,-88.61,-68.55,-77.54,-85.99,-90.52,-88.76
7,3,ward_D,ward,AP-4,-64.5,-94.77,30.27,False,-81.7,-85.16,-86.73,-64.5,-74.96,-85.91,-91.24,-86.88
8,3,ward_D,ward,AP-4,-63.23,-91.57,28.34,False,-81.19,-83.41,-88.53,-63.23,-77.02,-81.79,-86.72,-86.36
9,3,ward_D,ward,AP-4,-65.57,-94.38,28.81,False,-86.54,-85.88,-88.03,-65.57,-75.28,-84.16,-88.09,-86.41
10,3,ward_D,ward,AP-4,-63.99,-94.0,30.01,False,-85.45,-83.58,-86.01,-63.99,-75.47,-80.34,-91.27,-88.93
11,3,ward_D,ward,AP-4,-67.4,-97.72,30.32,False,-82.37,-82.86,-87.78,-67.4,-77.49,-83.71,-88.46,-86.44
12,3,ward_D,ward,AP-4,-60.61,-95.6,34.99,False,-82.38,-84.63,-89.15,-60.61,-73.96,-80.89,-84.78,-89.01
13,3,ward_D,ward,AP-4,-65.25,-93.73,28.48,False,-80.48,-86.97,-86.77,-65.25,-71.99,-81.43,-91.61,-85.72
14,3,ward_D,ward,AP-4,-68.09,-95.59,27.5,False,-85.59,-85.63,-87.83,-68.09,-71.24,-82.57,-90.21,-89.55
15,3,ward_D,ward,AP-5,-59.51,-97.0,37.49,False,-80.55,-70.66,-77.87,-68.31,-59.51,-70.6,-78.64,-77.01
16,3,ward_D,ward,AP-5,-62.1,-97.55,35.45,False,-71.36,-72.83,-72.21,-67.07,-62.1,-67.88,-74.71,-76.58
17,3,ward_D,ward,AP-5,-60.21,-96.17,35.96,False,-72.55,-74.69,-71.07,-70.35,-60.21,-65.99,-75.53,-75.94
18,3,ward_D,ward,AP-5,-61.61,-93.84,32.23,False,-72.01,-72.39,-71.22,-68.55,-61.61,-66.61,-75.07,-75.18
19,3,ward_D,ward,AP-5,-59.52,-96.98,37.46,False,-71.6,-74.25,-74.24,-71.2,-59.52,-70.11,-76.35,-74.16
20,3,ward_E,ward,AP-4,-57.44,-94.18,36.74,False,-73.61,-71.77,-73.01,-57.44,-62.0,-65.29,-73.34,-71.17
21,3,ward_E,ward,AP-5,-56.67,-93.85,37.18,False,-70.49,-73.01,-73.42,-60.52,-56.67,-70.35,-75.58,-74.85
22,3,ward_E,ward,AP-5,-56.77,-94.59,37.82,False,-71.54,-72.57,-71.98,-61.26,-56.77,-68.17,-75.14,-74.09
23,3,ward_E,ward,AP-5,-53.55,-94.85,41.3,False,-70.94,-76.29,-75.39,-59.32,-53.55,-65.55,-73.87,-74.18
24,3,ward_E,ward,AP-5,-55.31,-94.36,39.05,False,-73.07,-72.42,-75.06,-61.26,-55.31,-67.59,-76.31,-77.17
25,3,ward_E,ward,AP-5,-52.37,-95.37,43.0,False,-71.81,-70.62,-74.2,-61.8,-52.37,-66.17,-72.27,-76.14
26,3,ward_E,ward,AP-5,-52.23,-95.61,43.38,False,-74.51,-73.06,-74.73,-62.33,-52.23,-67.71,-74.89,-76.0
27,3,ward_E,ward,AP-5,-52.19,-95.11,42.92,False,-69.71,-70.54,-72.48,-60.67,-52.19,-63.72,-73.18,-74.99
28,3,ward_E,ward,AP-5,-53.99,-95.82,41.83,False,-71.18,-69.94,-71.79,-59.87,-53.99,-67.21,-73.31,-72.7
29,3,ward_E,ward,AP-5,-52.15,-98.54,46.39,False,-72.49,-72.3,-70.77,-61.23,-52.15,-62.95,-75.67,-70.43
30,3,ward_E,ward,AP-5,-51.46,-94.91,43.45,False,-75.01,-71.51,-73.5,-65.43,-51.46,-65.49,-75.17,-72.02
31,3,ward_E,ward,AP-5,-50.85,-95.23,44.38,False,-74.45,-71.82,-70.11,-62.94,-50.85,-63.18,-78.89,-72.99
32,3,ward_E,ward,AP-5,-52.73,-94.3,41.57,False,-70.3,-69.17,-71.61,-66.22,-52.73,-63.01,-75.84,-74.3
33,3,ward_E,ward,AP-5,-46.05,-96.47,50.42,False,-73.08,-69.85,-75.28,-67.23,-46.05,-63.69,-74.66,-70.74
34,3,ward_E,ward,AP-5,-55.38,-94.59,39.21,False,-69.69,-71.62,-71.96,-61.79,-55.38,-62.34,-75.8,-74.14
35,3,ward_E,ward,AP-5,-53.66,-92.91,39.25,False,-72.33,-71.15,-70.85,-64.13,-53.66,-61.26,-72.55,-72.56
36,3,ward_E,ward,AP-5,-55.32,-90.91,35.59,False,-73.79,-70.02,-68.42,-70.82,-55.32,-60.98,-71.46,-71.76
37,3,ward_E,ward,AP-5,-56.7,-97.25,40.55,False,-76.59,-70.9,-72.76,-65.69,-56.7,-60.45,-78.41,-70.51
38,3,ward_E,ward,AP-6,-58.07,-96.21,38.14,False,-76.29,-71.47,-72.15,-65.04,-58.94,-58.07,-74.0,-71.1
39,3,ward_E,ward,AP-6,-54.8,-97.42,42.62,False,-73.96,-69.94,-72.58,-65.79,-57.46,-54.8,-74.48,-70.62
40,3,ward_F,ward,AP-6,-57.89,-95.33,37.44,False,-76.79,-71.0,-72.22,-67.3,-58.96,-57.89,-75.67,-69.46
41,3,ward_F,ward,AP-6,-58.6,-94.79,36.19,False,-70.35,-73.21,-69.47,-70.34,-59.18,-58.6,-71.79,-68.95
42,3,ward_F,ward,AP-6,-56.21,-95.3,39.09,False,-73.74,-74.08,-68.84,-65.81,-58.98,-56.21,-72.91,-69.95
43,3,ward_F,ward,AP-6,-56.43,-92.66,36.23,False,-75.34,-72.68,-72.55,-67.47,-60.21,-56.43,-75.36,-72.37
44,3,ward_F,ward,AP-6,-52.03,-95.79,43.76,False,-73.48,-70.34,-72.61,-66.36,-59.88,-52.03,-74.03,-69.24
45,3,ward_F,ward,AP-6,-51.9,-94.63,42.73,False,-74.48,-71.71,-68.53,-66.52,-60.6,-51.9,-79.34,-69.87
46,3,ward_F,ward,AP-6,-49.99,-94.98,44.99,False,-73.01,-71.41,-71.6,-70.85,-62.97,-49.99,-71.57,-84.1
47,3,ward_F,ward,AP-6,-54.6,-97.08,42.48,False,-75.99,-71.24,-71.51,-70.49,-61.98,-54.6,-75.46,-86.99
48,3,ward_F,ward,AP-6,-52.51,-97.88,45.37,False,-73.87,-70.78,-72.98,-74.2,-61.7,-52.51,-73.59,-88.96
49,3,ward_F,ward,AP-6,-55.33,-96.63,41.3,False,-71.79,-73.0,-70.43,-70.99,-62.19,-55.33,-74.44,-88.8
50,3,ward_F,ward,AP-6,-52.96,-91.98,39.02,False,-76.77,-76.29,-72.35,-72.56,-65.9,-52.96,-73.49,-87.56
51,3,ward_F,ward,AP-6,-54.81,-95.62,40.81,False,-74.06,-70.54,-72.09,-69.64,-62.5,-54.81,-74.75,-104.86
52,3,ward_F,ward,AP-6,-50.72,-94.96,44.24,False,-74.67,-73.33,-69.78,-73.69,-66.52,-50.72,-72.92,-115.46
53,3,ward_F,ward,AP-6,-52.76,-96.28,43.52,False,-76.15,-71.6,-70.82,-71.29,-64.8,-52.76,-75.55,-111.96
54,3,ward_F,ward,AP-6,-54.87,-94.21,39.34,False,-78.62,-71.57,-69.33,-71.02,-66.63,-54.87,-74.06,-107.93
55,3,ward_F,ward,AP-6,-54.64,-97.3,42.66,False,-72.6,-75.21,-71.97,-75.03,-68.7,-54.64,-73.79,-111.02
56,3,ward_F,ward,AP-6,-54.14,-95.04,40.9,False,-75.83,-73.97,-69.72,-71.66,-68.91,-54.14,-92.27,-106.77
57,3,ward_F,ward,AP-6,-59.03,-95.89,36.86,False,-77.37,-74.35,-74.6,-70.47,-62.46,-59.03,-91.52,-109.92
58,3,ward_F,ward,AP-6,-56.72,-92.82,36.1,False,-74.08,-71.17,-72.14,-69.12,-67.03,-56.72,-115.41,-111.06
59,3,ward_F,ward,AP-6,-59.5,-94.15,34.65,False,-75.42,-74.51,-72.07,-75.32,-66.96,-59.5,-115.93,-110.49
60,3,icu,icu,AP-6,-82.62,-96.45,13.83,True,-99.71,-97.36,-97.01,-100.16,-93.46,-82.62,-114.92,-110.49
61,3,icu,icu,AP-6,-80.44,-94.36,13.92,True,-101.59,-96.36,-93.09,-97.39,-95.21,-80.44,-117.56,-110.8
62,3,icu,icu,AP-6,-82.22,-93.58,11.36,True,-104.84,-97.61,-97.01,-98.41,-95.23,-82.22,-114.82,-109.92
63,3,icu,icu,AP-6,-83.55,-95.06,11.51,True,-107.54,-98.63,-97.2,-101.02,-93.58,-83.55,-117.3,-109.37
64,3,icu,icu,AP-6,-84.57,-93.92,9.35,True,-101.58,-97.04,-98.0,-97.02,-96.88,-84.57,-119.25,-108.95
65,3,icu,icu,AP-6,-85.58,-97.6,12.02,True,-98.46,-99.54,-98.66,-97.82,-94.52,-85.58,-113.97,-106.88
66,3,icu,icu,AP-6,-87.29,-95.53,8.24,True,-102.54,-99.81,-99.39,-103.33,-95.06,-87.29,-117.25,-109.33
67,3,icu,icu,AP-6,-85.0,-96.38,11.38,True,-102.75,-96.77,-115.41,-96.53,-92.75,-85.0,-117.26,-109.65
68,3,icu,icu,AP-6,-88.2,-93.93,5.73,True,-102.09,-100.2,-114.57,-99.9,-95.21,-88.2,-117.76,-109.97
69,3,icu,icu,AP-6,-88.18,-94.41,6.23,True,-103.38,-100.33,-113.83,-99.73,-98.79,-88.18,-117.57,-109.24
70,3,icu,icu,AP-6,-86.61,-94.0,7.39,True,-102.17,-97.03,-116.67,-101.49,-94.99,-86.61,-117.9,-107.82
71,3,icu,icu,AP-6,-90.49,-95.41,4.92,True,-103.63,-101.06,-114.32,-100.25,-95.62,-90.49,-119.31,-109.45
72,3,icu,icu,AP-6,-87.62,-94.62,7.0,True,-102.55,-102.17,-114.64,-100.47,-98.18,-87.62,-116.58,-110.74
73,3,icu,icu,AP-6,-93.48,-94.82,1.34,True,-103.63,-102.6,-114.78,-101.5,-98.49,-93.48,-115.08,-109.26
74,3,icu,icu,AP-6,-88.4,-95.15,6.75,True,-100.98,-105.92,-113.61,-98.94,-99.21,-88.4,-117.6,-111.65
75,3,icu,icu,AP-6,-87.87,-96.18,8.31,True,-100.21,-100.36,-116.17,-100.09,-98.75,-87.87,-87.88,-108.84
76,3,icu,icu,AP-7,-70.09,-94.51,24.42,False,-101.85,-100.63,-115.12,-99.77,-96.89,-93.09,-70.09,-109.28
77,3,icu,icu,AP-7,-74.15,-93.52,19.37,False,-102.89,-100.74,-115.04,-101.82,-98.37,-92.8,-74.15,-110.57
78,3,icu,icu,AP-7,-75.97,-94.14,18.17,True,-104.93,-101.73,-116.87,-101.33,-96.97,-88.15,-75.97,-110.61
79,3,icu,icu,AP-7,-72.82,-95.02,22.2,False,-107.75,-98.17,-117.03,-104.16,-96.57,-96.88,-72.82,-112.31
0,4,ward_D,ward,AP-4,-64.81,-94.37,29.56,False,-82.74,-84.16,-87.85,-64.81,-79.63,-86.39,-88.88,-89.93
1,4,ward_D,ward,AP-4,-69.11,-93.27,24.16,False,-91.3,-84.7,-88.68,-69.11,-80.69,-83.66,-95.29,-83.35
2,4,ward_D,ward,AP-4,-69.27,-94.2,24.93,False,-82.62,-81.66,-87.84,-69.27,-76.92,-88.49,-89.88,-87.09
3,4,ward_D,ward,AP-4,-68.21,-90.87,22.66,False,-86.21,-84.92,-88.48,-68.21,-83.19,-87.34,-91.96,-87.07
4,4,ward_D,ward,AP-4,-63.82,-91.65,27.83,False,-81.55,-86.77,-88.93,-63.82,-76.92,-83.94,-90.36,-86.75
5,4,ward_D,ward,AP-4,-66.2,-94.73,28.53,False,-83.21,-84.74,-86.94,-66.2,-82.1,-83.47,-92.17,-86.35
6,4,ward_D,ward,AP-4,-67.89,-93.98,26.09,False,-80.2,-86.64,-85.53,-67.89,-75.39,-84.67,-88.7,-89.53
7,4,ward_D,ward,AP-4,-60.71,-91.49,30.78,False,-82.16,-84.03,-86.76,-60.71,-77.92,-81.12,-91.16,-86.23
8,4,ward_D,ward,AP-4,-65.02,-93.31,28.29,False,-84.75,-88.99,-87.17,-65.02,-77.38,-84.31,-91.39,-85.61
9,4,ward_D,ward,AP-4,-68.35,-97.03,28.68,False,-80.82,-79.93,-88.89,-68.35,-71.78,-82.86,-90.3,-91.9
10,4,ward_D,ward,AP-4,-65.15,-93.46,28.31,False,-81.75,-84.72,-91.51,-65.15,-73.21,-80.52,-89.64,-82.45
11,4,ward_D,ward,AP-4,-66.04,-94.44,28.4,False,-79.52,-81.65,-85.39,-66.04,-77.98,-84.26,-89.42,-87.93
12,4,ward_D,ward,AP-4,-63.62,-96.36,32.74,False,-83.19,-83.25,-84.93,-63.62,-74.8,-87.72,-88.06,-89.3
13,4,ward_D,ward,AP-4,-62.16,-93.7,31.54,False,-81.43,-82.27,-85.4,-62.16,-75.84,-82.63,-90.77,-84.11
14,4,ward_D,ward,AP-4,-64.86,-94.47,29.61,False,-83.68,-82.32,-85.86,-64.86,-72.12,-80.15,-89.83,-89.89
15,4,ward_D,ward,AP-5,-60.38,-95.56,35.18,False,-71.76,-74.19,-76.0,-65.77,-60.38,-68.4,-77.84,-74.3
16,4,ward_D,ward,AP-5,-60.35,-94.96,34.61,False,-70.17,-71.0,-73.18,-63.11,-60.35,-72.37,-77.43,-73.39
17,4,ward_D,ward,AP-5,-57.57,-96.73,39.16,False,-70.68,-75.17,-75.84,-65.65,-57.57,-70.35,-76.41,-76.24
18,4,ward_D,ward,AP-5,-55.08,-97.2,42.12,False,-71.22,-71.2,-73.24,-66.02,-55.08,-66.59,-77.74,-72.74
19,4,ward_D,ward,AP-5,-53.9,-93.33,39.43,False,-71.22,-69.45,-72.53,-54.58,-53.9,-69.61,-75.29,-74.61
20,4,ward_E,ward,AP-4,-55.73,-93.03,37.3,False,-71.25,-69.92,-70.65,-55.73,-57.41,-68.49,-78.14,-72.15
21,4,ward_E,ward,AP-4,-56.85,-94.51,37.66,False,-72.05,-75.04,-74.87,-56.85,-58.13,-71.29,-77.51,-78.1
22,4,ward_E,ward,AP-5,-59.78,-95.55,35.77,False,-72.44,-71.24,-70.87,-60.25,-59.78,-67.03,-75.55,-76.68
23,4,ward_E,ward,AP-4,-53.8,-92.93,39.13,False,-72.41,-71.26,-74.56,-53.8,-55.25,-66.2,-77.32,-78.9
24,4,ward_E,ward,AP-5,-54.2,-96.15,41.95,False,-78.12,-68.55,-75.84,-62.51,-54.2,-61.76,-75.58,-73.79
25,4,ward_E,ward,AP-5,-52.21,-95.22,43.01,False,-70.6,-71.97,-71.63,-64.36,-52.21,-65.08,-78.81,-75.26
26,4,ward_E,ward,AP-5,-48.39,-95.42,47.03,False,-72.97,-70.61,-75.8,-62.82,-48.39,-66.95,-76.81,-73.33
27,4,ward_E,ward,AP-5,-50.52,-94.17,43.65,False,-69.69,-72.31,-71.09,-63.36,-50.52,-65.23,-76.18,-72.94
28,4,ward_E,ward,AP-5,-52.36,-94.76,42.4,False,-74.6,-73.09,-68.6,-61.21,-52.36,-63.04,-75.82,-77.05
29,4,ward_E,ward,AP-5,-49.08,-95.59,46.51,False,-72.56,-70.44,-74.1,-63.22,-49.08,-64.13,-76.43,-71.6
30,4,ward_E,ward,AP-5,-53.76,-93.89,40.13,False,-70.3,-71.49,-71.71,-64.72,-53.76,-61.87,-74.92,-70.83
31,4,ward_E,ward,AP-5,-53.53,-95.03,41.5,False,-75.49,-70.9,-76.33,-62.79,-53.53,-61.84,-73.86,-72.96
32,4,ward_E,ward,AP-5,-49.74,-92.96,43.22,False,-70.23,-74.46,-70.92,-64.09,-49.74,-65.53,-75.18,-69.45
33,4,ward_E,ward,AP-5,-52.16,-93.55,41.39,False,-74.34,-71.73,-68.42,-67.64,-52.16,-61.29,-74.71,-73.3
34,4,ward_E,ward,AP-5,-50.43,-95.32,44.89,False,-71.15,-67.56,-73.59,-66.23,-50.43,-57.42,-74.96,-74.26
35,4,ward_E,ward,AP-5,-54.13,-93.47,39.34,False,-71.13,-69.87,-69.68,-61.86,-54.13,-62.24,-77.22,-71.22
36,4,ward_E,ward,AP-5,-51.53,-95.04,43.51,False,-69.74,-70.83,-71.78,-66.41,-51.53,-61.31,-74.9,-70.9
37,4,ward_E,ward,AP-5,-56.36,-93.32,36.96,False,-69.71,-73.1,-66.81,-67.88,-56.36,-60.44,-73.27,-70.54
38,4,ward_E,ward,AP-5,-58.42,-96.24,37.82,False,-75.11,-74.71,-72.38,-66.42,-58.42,-58.65,-73.38,-71.89
39,4,ward_E,ward,AP-5,-53.91,-92.64,38.73,False,-75.79,-71.71,-70.65,-61.88,-53.91,-60.24,-77.41,-70.27
40,4,ward_F,ward,AP-5,-54.06,-96.21,42.15,False,-72.43,-72.54,-69.49,-65.0,-54.06,-59.12,-73.35,-72.38
41,4,ward_F,ward,AP-5,-57.74,-94.48,36.74,False,-76.44,-72.08,-74.3,-66.58,-57.74,-57.97,-73.14,-66.52
42,4,ward_F,ward,AP-6,-56.24,-97.9,41.66,False,-75.2,-72.2,-71.57,-69.9,-61.86,-56.24,-71.52,-71.0
43,4,ward_F,ward,AP-6,-53.65,-97.38,43.73,False,-74.35,-69.51,-74.76,-68.46,-58.3,-53.65,-72.78,-67.9
44,4,ward_F,ward,AP-6,-51.37,-95.57,44.2,False,-73.09,-69.05,-71.71,-68.45,-61.82,-51.37,-75.03,-65.58
45,4,ward_F,ward,AP-6,-57.43,-93.64,36.21,False,-73.11,-72.97,-67.47,-73.47,-59.69,-57.43,-76.1,-64.87
46,4,ward_F,ward,AP-6,-51.31,-96.64,45.33,False,-78.63,-72.01,-72.43,-68.71,-57.35,-51.31,-72.72,-67.41
47,4,ward_F,ward,AP-6,-51.65,-95.69,44.04,False,-73.36,-70.26,-72.39,-71.45,-58.75,-51.65,-75.77,-69.05
48,4,ward_F,ward,AP-6,-48.67,-93.24,44.57,False,-75.04,-72.35,-71.65,-67.13,-60.56,-48.67,-76.79,-67.76
49,4,ward_F,ward,AP-6,-50.06,-94.82,44.76,False,-73.6,-73.68,-72.65,-68.86,-63.2,-50.06,-73.0,-68.0
50,4,ward_F,ward,AP-6,-52.35,-93.98,41.63,False,-76.86,-69.03,-70.04,-68.28,-64.37,-52.35,-73.87,-69.27
51,4,ward_F,ward,AP-6,-52.18,-95.78,43.6,False,-73.93,-73.58,-71.78,-70.61,-65.33,-52.18,-70.03,-111.84
52,4,ward_F,ward,AP-6,-50.63,-95.89,45.26,False,-70.49,-76.93,-73.52,-68.05,-65.14,-50.63,-68.84,-111.58
53,4,ward_F,ward,AP-6,-51.13,-95.34,44.21,False,-74.83,-72.95,-72.22,-72.19,-67.46,-51.13,-71.33,-110.28
54,4,ward_F,ward,AP-6,-52.72,-95.58,42.86,False,-74.7,-74.01,-71.81,-72.33,-62.32,-52.72,-73.16,-110.1
55,4,ward_F,ward,AP-6,-54.22,-92.9,38.68,False,-77.87,-74.9,-69.51,-73.6,-65.53,-54.22,-75.53,-110.53
56,4,ward_F,ward,AP-6,-54.8,-94.46,39.66,False,-76.92,-74.55,-72.12,-73.39,-65.69,-54.8,-73.01,-110.42
57,4,ward_F,ward,AP-6,-53.79,-94.59,40.8,False,-75.62,-72.9,-70.05,-73.17,-64.14,-53.79,-69.79,-109.45
58,4,ward_F,ward,AP-6,-55.43,-95.42,39.99,False,-77.75,-73.43,-69.73,-73.95,-63.99,-55.43,-112.55,-111.25
59,4,ward_F,ward,AP-6,-56.29,-95.09,38.8,False,-77.52,-71.58,-70.14,-73.62,-68.28,-56.29,-114.23,-107.35
60,4,icu,icu,AP-6,-78.51,-92.91,14.4,True,-102.57,-98.54,-96.23,-98.2,-93.66,-78.51,-116.9,-105.89
61,4,icu,icu,AP-6,-84.06,-97.13,13.07,True,-99.93,-95.14,-95.45,-99.57,-94.18,-84.06,-113.93,-111.78
62,4,icu,icu,AP-6,-83.81,-94.33,10.52,True,-98.9,-97.0,-95.81,-97.32,-91.94,-83.81,-118.52,-106.17
63,4,icu,icu,AP-6,-83.02,-93.99,10.97,True,-104.86,-98.89,-97.66,-99.63,-94.5,-83.02,-115.98,-110.99
64,4,icu,icu,AP-6,-84.41,-94.22,9.81,True,-101.28,-102.17,-95.99,-97.84,-94.49,-84.41,-117.08,-112.13
65,4,icu,icu,AP-6,-85.56,-97.17,11.61,True,-102.57,-98.61,-97.37,-100.36,-94.2,-85.56,-113.81,-109.46
66,4,icu,icu,AP-6,-87.64,-93.18,5.54,True,-102.25,-102.22,-102.07,-102.25,-95.73,-87.64,-118.61,-109.05
67,4,icu,icu,AP-6,-85.29,-95.04,9.75,True,-101.02,-99.74,-113.26,-101.14,-96.93,-85.29,-117.71,-107.94
68,4,icu,icu,AP-6,-87.8,-94.53,6.73,True,-103.54,-100.82,-112.93,-103.65,-94.94,-87.8,-117.03,-108.56
69,4,icu,icu,AP-6,-91.25,-94.05,2.8,True,-103.08,-99.57,-112.49,-101.88,-94.94,-91.25,-114.65,-112.41
70,4,icu,icu,AP-6,-87.07,-93.28,6.21,True,-104.05,-99.88,-118.35,-100.83,-94.43,-87.07,-115.62,-108.75
71,4,icu,icu,AP-6,-91.15,-94.62,3.47,True,-101.76,-101.6,-116.71,-102.43,-96.44,-91.15,-119.92,-109.26
72,4,icu,icu,AP-6,-88.83,-94.94,6.11,True,-103.0,-98.33,-118.26,-102.29,-99.53,-88.83,-115.85,-109.88
73,4,icu,icu,AP-6,-92.89,-94.75,1.86,True,-104.92,-102.69,-112.64,-99.84,-97.29,-92.89,-116.1,-107.88
74,4,icu,icu,AP-6,-91.09,-97.52,6.43,True,-101.62,-98.34,-116.1,-102.58,-98.18,-91.09,-113.91,-110.0
75,4,icu,icu,AP-7,-75.04,-96.63,21.59,True,-102.85,-101.14,-116.99,-105.76,-95.12,-89.32,-75.04,-108.98
76,4,icu,icu,AP-7,-69.31,-96.78,27.47,False,-106.63,-105.29,-114.63,-100.26,-98.34,-91.27,-69.31,-110.95
77,4,icu,icu,AP-7,-71.45,-96.83,25.38,False,-103.79,-100.14,-116.92,-105.05,-99.51,-90.2,-71.45,-112.94
78,4,icu,icu,AP-7,-67.77,-95.77,28.0,False,-106.15,-101.44,-112.05,-102.94,-98.1,-93.57,-67.77,-110.98
79,4,icu,icu,AP-7,-76.79,-98.41,21.62,True,-103.99,-104.18,-114.99,-102.57,-100.15,-93.56,-76.79,-111.07
0,5,ward_D,ward,AP-4,-69.57,-93.28,23.71,False,-84.11,-86.54,-89.74,-69.57,-81.35,-83.2,-88.37,-90.08
1,5,ward_D,ward,AP-4,-66.18,-96.35,30.17,False,-83.75,-86.01,-90.07,-66.18,-78.03,-88.01,-90.8,-90.61
2,5,ward_D,ward,AP-4,-62.94,-95.48,32.54,False,-83.13,-89.1,-89.13,-62.94,-78.0,-87.45,-89.89,-89.24
3,5,ward_D,ward,AP-4,-66.2,-92.59,26.39,False,-84.19,-85.12,-89.3,-66.2,-76.97,-83.3,-93.46,-90.19
4,5,ward_D,ward,AP-4,-62.57,-94.8,32.23,False,-79.38,-84.24,-84.74,-62.57,-78.29,-88.67,-90.86,-91.65
5,5,ward_D,ward,AP-4,-66.49,-95.2,28.71,False,-79.44,-84.34,-89.38,-66.49,-81.51,-88.23,-87.36,-87.2
6,5,ward_D,ward,AP-4,-60.58,-95.61,35.03,False,-83.2,-84.81,-87.68,-60.58,-76.34,-88.11,-88.36,-92.6
7,5,ward_D,ward,AP-4,-65.42,-92.96,27.54,False,-85.64,-84.49,-90.02,-65.42,-78.74,-82.25,-90.72,-87.23
8,5,ward_D,ward,AP-4,-62.29,-95.04,32.75,False,-82.38,-83.3,-89.29,-62.29,-78.45,-82.49,-88.41,-86.46
9,5,ward_D,ward,AP-4,-60.76,-96.47,35.71,False,-81.05,-84.61,-88.33,-60.76,-74.19,-78.9,-88.63,-90.42
10,5,ward_D,ward,AP-4,-58.92,-96.55,37.63,False,-85.44,-84.04,-89.25,-58.92,-75.69,-81.74,-89.65,-87.35
11,5,ward_D,ward,AP-4,-61.52,-92.54,31.02,False,-82.91,-84.93,-87.1,-61.52,-73.2,-83.65,-88.18,-87.19
12,5,ward_D,ward,AP-4,-67.16,-96.58,29.42,False,-89.48,-85.24,-84.23,-67.16,-71.01,-82.25,-93.78,-86.22
13,5,ward_D,ward,AP-4,-64.59,-95.31,30.72,False,-84.7,-80.92,-87.37,-64.59,-69.37,-80.24,-90.23,-89.06
14,5,ward_D,ward,AP-4,-60.81,-98.64,37.83,False,-79.74,-85.7,-88.99,-60.81,-73.32,-81.58,-88.38,-88.07
15,5,ward_D,ward,AP-5,-60.17,-97.97,37.8,False,-71.36,-69.15,-69.95,-64.38,-60.17,-66.72,-76.1,-74.51
16,5,ward_D,ward,AP-5,-56.01,-95.02,39.01,False,-71.81,-71.11,-77.17,-65.72,-56.01,-69.63,-80.03,-78.68
17,5,ward_D,ward,AP-5,-58.37,-95.49,37.12,False,-72.18,-73.18,-73.54,-65.29,-58.37,-68.06,-79.48,-75.99
18,5,ward_D,ward,AP-5,-55.0,-96.85,41.85,False,-71.18,-69.38,-75.3,-68.28,-55.0,-68.09,-79.68,-75.14
19,5,ward_D,ward,AP-4,-51.46,-94.39,42.93,False,-73.41,-73.95,-75.29,-51.46,-55.18,-65.28,-74.58,-74.58
20,5,ward_E,ward,AP-4,-54.6,-94.45,39.85,False,-71.0,-73.34,-75.88,-54.6,-58.84,-67.26,-75.31,-72.6
21,5,ward_E,ward,AP-4,-59.16,-92.38,33.22,False,-73.68,-70.06,-73.68,-59.16,-59.55,-66.37,-79.59,-77.32
22,5,ward_E,ward,AP-5,-56.76,-95.03,38.27,False,-73.76,-71.92,-73.12,-57.84,-56.76,-68.29,-74.74,-74.25
23,5,ward_E,ward,AP-5,-55.76,-95.85,40.09,False,-75.77,-72.17,-71.4,-60.18,-55.76,-65.7,-75.02,-72.82
24,5,ward_E,ward,AP-5,-47.13,-95.14,48.01,False,-70.04,-67.71,-70.64,-62.55,-47.13,-68.68,-78.53,-72.67
25,5,ward_E,ward,AP-5,-52.0,-93.77,41.77,False,-70.91,-68.31,-70.98,-61.89,-52.0,-63.56,-73.84,-70.81
26,5,ward_E,ward,AP-5,-52.27,-95.64,43.37,False,-70.32,-71.92,-75.34,-59.91,-52.27,-62.63,-77.55,-73.6
27,5,ward_E,ward,AP-5,-47.44,-93.18,45.74,False,-69.91,-69.37,-72.53,-60.8,-47.44,-68.17,-74.18,-70.46
28,5,ward_E,ward,AP-5,-51.3,-94.48,43.18,False,-70.35,-72.4,-73.52,-60.66,-51.3,-64.55,-78.55,-74.78
29,5,ward_E,ward,AP-5,-50.29,-95.02,44.73,False,-72.93,-72.36,-72.69,-61.96,-50.29,-63.3,-75.23,-72.68
30,5,ward_E,ward,AP-5,-52.02,-94.77,42.75,False,-73.97,-71.84,-75.87,-65.44,-52.02,-63.91,-73.02,-71.97
31,5,ward_E,ward,AP-5,-51.41,-93.93,42.52,False,-74.2,-70.27,-68.68,-63.82,-51.41,-64.89,-74.62,-73.6
32,5,ward_E,ward,AP-5,-48.91,-92.91,44.0,False,-74.47,-74.16,-71.0,-66.74,-48.91,-59.91,-76.2,-71.07
33,5,ward_E,ward,AP-5,-50.47,-94.45,43.98,False,-73.5,-67.67,-72.5,-66.52,-50.47,-60.93,-72.62,-69.48
34,5,ward_E,ward,AP-5,-53.52,-96.05,42.53,False,-71.39,-70.54,-70.16,-66.16,-53.52,-60.34,-69.38,-69.41
35,5,ward_E,ward,AP-5,-53.5,-96.18,42.68,False,-70.05,-74.66,-72.14,-64.79,-53.5,-61.3,-74.97,-71.87
36,5,ward_E,ward,AP-5,-50.98,-96.71,45.73,False,-75.15,-74.09,-73.47,-66.23,-50.98,-60.75,-76.93,-67.33
37,5,ward_E,ward,AP-5,-52.93,-94.06,41.13,False,-72.93,-72.89,-72.89,-65.68,-52.93,-56.18,-73.04,-70.0
38,5,ward_E,ward,AP-5,-53.53,-94.78,41.25,False,-75.32,-68.65,-70.3,-65.89,-53.53,-60.94,-76.53,-69.8
39,5,ward_E,ward,AP-5,-54.88,-94.52,39.64,False,-72.26,-70.92,-71.65,-64.76,-54.88,-55.71,-71.75,-67.29
40,5,ward_F,ward,AP-6,-57.91,-95.64,37.73,False,-72.1,-70.67,-69.06,-63.1,-58.49,-57.91,-70.85,-69.21
41,5,ward_F,ward,AP-6,-53.77,-96.58,42.81,False,-75.09,-69.41,-70.02,-64.02,-57.39,-53.77,-70.6,-72.2
42,5,ward_F,ward,AP-6,-56.53,-94.81,38.28,False,-73.3,-72.51,-71.92,-69.73,-58.27,-56.53,-76.35,-68.32
43,5,ward_F,ward,AP-6,-54.85,-94.03,39.18,False,-72.04,-70.4,-70.17,-67.26,-60.55,-54.85,-73.13,-66.98
44,5,ward_F,ward,AP-6,-51.45,-93.5,42.05,False,-74.57,-71.91,-70.47,-71.43,-57.73,-51.45,-71.71,-66.62
45,5,ward_F,ward,AP-6,-49.78,-92.32,42.54,False,-78.06,-71.19,-73.79,-71.36,-60.37,-49.78,-72.8,-67.91
46,5,ward_F,ward,AP-6,-54.44,-96.08,41.64,False,-73.96,-73.64,-73.69,-71.53,-60.54,-54.44,-72.49,-67.51
47,5,ward_F,ward,AP-6,-49.49,-96.91,47.42,False,-74.39,-70.81,-72.14,-68.64,-62.82,-49.49,-70.35,-67.25
48,5,ward_F,ward,AP-6,-48.38,-95.07,46.69,False,-74.57,-71.8,-72.57,-72.94,-62.75,-48.38,-71.54,-65.26
49,5,ward_F,ward,AP-6,-49.7,-96.68,46.98,False,-70.97,-73.77,-69.96,-71.21,-59.58,-49.7,-75.14,-66.95
50,5,ward_F,ward,AP-6,-47.05,-96.34,49.29,False,-76.8,-70.34,-70.88,-69.31,-64.86,-47.05,-73.34,-71.12
51,5,ward_F,ward,AP-6,-51.24,-95.72,44.48,False,-78.0,-75.24,-69.82,-70.58,-62.46,-51.24,-71.85,-87.93
52,5,ward_F,ward,AP-6,-49.51,-94.02,44.51,False,-75.67,-73.58,-70.65,-71.64,-63.21,-49.51,-70.92,-85.74
53,5,ward_F,ward,AP-6,-52.5,-96.97,44.47,False,-74.95,-72.09,-70.6,-76.19,-60.81,-52.5,-74.35,-85.22
54,5,ward_F,ward,AP-6,-48.57,-93.02,44.45,False,-72.17,-73.95,-72.27,-73.81,-64.25,-48.57,-72.14,-110.93
55,5,ward_F,ward,AP-6,-52.15,-90.75,38.6,False,-75.24,-74.29,-71.08,-72.15,-65.11,-52.15,-72.57,-105.47
56,5,ward_F,ward,AP-6,-53.35,-95.61,42.26,False,-75.61,-74.81,-73.07,-71.05,-69.27,-53.35,-71.77,-108.66
57,5,ward_F,ward,AP-6,-54.89,-95.84,40.95,False,-72.44,-71.53,-71.96,-71.37,-66.82,-54.89,-73.32,-106.5
58,5,ward_F,ward,AP-6,-50.06,-93.04,42.98,False,-76.4,-71.22,-70.47,-72.7,-68.2,-50.06,-113.82,-113.45
59,5,ward_F,ward,AP-6,-55.15,-95.4,40.25,False,-78.98,-76.15,-72.53,-70.91,-67.82,-55.15,-118.75,-106.43
60,5,icu,icu,AP-6,-80.24,-94.84,14.6,True,-104.14,-97.9,-95.23,-98.5,-90.08,-80.24,-112.37,-108.57
61,5,icu,icu,AP-6,-82.2,-97.47,15.27,True,-99.98,-96.38,-96.95,-95.13,-92.81,-82.2,-114.46,-110.07
62,5,icu,icu,AP-6,-83.95,-93.51,9.56,True,-97.74,-96.72,-98.21,-98.86,-92.16,-83.95,-112.45,-109.26
63,5,icu,icu,AP-6,-83.27,-95.59,12.32,True,-103.26,-97.98,-93.35,-98.42,-94.74,-83.27,-113.85,-109.06
64,5,icu,icu,AP-6,-86.66,-97.08,10.42,True,-98.62,-96.35,-97.87,-102.22,-96.68,-86.66,-115.85,-108.31
65,5,icu,icu,AP-6,-90.87,-95.61,4.74,True,-101.98,-105.1,-114.36,-96.59,-96.88,-90.87,-114.94,-106.73
66,5,icu,icu,AP-6,-85.42,-95.36,9.94,True,-101.98,-96.86,-111.36,-98.83,-97.25,-85.42,-117.27,-108.15
67,5,icu,icu,AP-6,-85.01,-95.65,10.64,True,-103.72,-96.53,-115.3,-103.2,-94.34,-85.01,-115.17,-109.68
68,5,icu,icu,AP-6,-86.49,-94.43,7.94,True,-103.9,-100.76,-116.36,-100.89,-98.13,-86.49,-116.85,-106.41
69,5,icu,icu,AP-6,-85.78,-94.32,8.54,True,-99.85,-102.63,-112.25,-100.88,-94.48,-85.78,-113.37,-108.09
70,5,icu,icu,AP-6,-84.1,-94.21,10.11,True,-103.19,-98.6,-116.98,-100.04,-92.94,-84.1,-113.18,-105.35
71,5,icu,icu,AP-6,-88.27,-95.74,7.47,True,-101.04,-96.31,-115.43,-104.22,-96.65,-88.27,-116.99,-110.76
72,5,icu,icu,AP-6,-88.74,-96.23,7.49,True,-105.74,-98.53,-112.03,-99.89,-99.39,-88.74,-117.09,-107.9
73,5,icu,icu,AP-6,-86.19,-93.14,6.95,True,-101.45,-117.1,-116.22,-100.43,-96.75,-86.19,-119.22,-107.75
74,5,icu,icu,AP-6,-92.17,-95.9,3.73,True,-104.29,-119.66,-115.35,-103.46,-98.22,-92.17,-115.81,-112.9
75,5,icu,icu,AP-7,-70.1,-96.27,26.17,False,-102.58,-119.57,-116.67,-100.01,-94.26,-92.06,-70.1,-112.36
76,5,icu,icu,AP-7,-73.54,-97.81,24.27,False,-102.76,-118.45,-115.74,-100.26,-98.08,-89.5,-73.54,-110.28
77,5,icu,icu,AP-7,-72.23,-97.19,24.96,False,-102.61,-120.85,-114.1,-100.16,-98.38,-91.28,-72.23,-109.61
78,5,icu,icu,AP-7,-70.86,-93.51,22.65,False,-101.2,-120.4,-115.2,-101.77,-97.6,-91.43,-70.86,-86.12
79,5,icu,icu,AP-7,-76.2,-93.95,17.75,True,-103.9,-119.33,-117.24,-102.62,-97.27,-94.61,-76.2,-85.13
0,6,ward_D,ward,AP-4,-65.04,-99.03,33.99,False,-83.51,-82.61,-85.85,-65.04,-76.67,-85.11,-90.03,-91.05
1,6,ward_D,ward,AP-4,-71.9,-96.22,24.32,False,-82.03,-86.75,-88.69,-71.9,-77.39,-85.8,-92.22,-91.83
2,6,ward_D,ward,AP-4,-66.4,-96.34,29.94,False,-84.47,-87.0,-90.96,-66.4,-79.45,-83.43,-94.41,-90.24
3,6,ward_D,ward,AP-4,-61.31,-94.96,33.65,False,-82.04,-85.01,-86.29,-61.31,-78.35,-83.84,-92.28,-89.44
4,6,ward_D,ward,AP-4,-63.94,-96.08,32.14,False,-78.39,-87.04,-88.1,-63.94,-79.42,-83.93,-90.62,-88.78
5,6,ward_D,ward,AP-4,-61.28,-93.43,32.15,False,-81.16,-86.48,-88.42,-61.28,-74.67,-85.88,-89.27,-89.01
6,6,ward_D,ward,AP-4,-63.95,-97.51,33.56,False,-82.37,-81.09,-84.46,-63.95,-77.65,-85.61,-90.55,-92.3
7,6,ward_D,ward,AP-4,-62.93,-94.73,31.8,False,-80.53,-83.66,-85.86,-62.93,-78.61,-84.22,-87.49,-88.34
8,6,ward_D,ward,AP-4,-59.55,-93.98,34.43,False,-80.19,-83.45,-86.85,-59.55,-76.38,-80.41,-90.33,-89.76
9,6,ward_D,ward,AP-4,-57.78,-92.47,34.69,False,-80.64,-85.02,-85.61,-57.78,-82.18,-86.72,-89.18,-90.0
10,6,ward_D,ward,AP-4,-60.53,-94.64,34.11,False,-81.88,-84.15,-86.78,-60.53,-76.22,-82.73,-87.85,-91.05
11,6,ward_D,ward,AP-4,-59.65,-94.37,34.72,False,-83.43,-83.65,-88.25,-59.65,-76.51,-82.71,-90.24,-91.1
12,6,ward_D,ward,AP-4,-59.89,-93.32,33.43,False,-88.17,-84.45,-89.57,-59.89,-74.44,-80.73,-89.99,-88.01
13,6,ward_D,ward,AP-4,-59.8,-93.62,33.82,False,-83.49,-83.65,-83.58,-59.8,-69.18,-81.13,-90.51,-85.25
14,6,ward_D,ward,AP-4,-61.01,-97.0,35.99,False,-83.14,-82.39,-86.44,-61.01,-72.43,-81.98,-85.93,-86.29
15,6,ward_D,ward,AP-5,-59.08,-95.04,35.96,False,-70.21,-71.97,-73.5,-62.49,-59.08,-72.79,-80.31,-72.21
16,6,ward_D,ward,AP-5,-58.07,-94.89,36.82,False,-68.0,-70.21,-75.03,-67.36,-58.07,-68.01,-73.53,-75.22
17,6,ward_D,ward,AP-5,-60.09,-94.85,34.76,False,-74.34,-72.38,-73.32,-65.69,-60.09,-65.86,-73.69,-76.75
18,6,ward_D,ward,AP-4,-52.78,-93.36,40.58,False,-71.64,-68.11,-73.18,-52.78,-59.42,-65.68,-77.36,-70.69
19,6,ward_D,ward,AP-5,-55.22,-96.12,40.9,False,-72.15,-69.94,-73.02,-55.38,-55.22,-68.01,-76.57,-75.47
20,6,ward_E,ward,AP-5,-55.62,-96.39,40.77,False,-70.76,-70.56,-71.2,-58.56,-55.62,-64.39,-77.84,-76.09
21,6,ward_E,ward,AP-5,-56.08,-95.08,39.0,False,-69.41,-73.38,-73.17,-58.06,-56.08,-67.79,-77.1,-74.53
22,6,ward_E,ward,AP-5,-54.89,-96.0,41.11,False,-70.54,-71.69,-72.12,-58.51,-54.89,-66.69,-79.64,-75.22
23,6,ward_E,ward,AP-5,-50.96,-93.31,42.35,False,-73.22,-71.19,-74.38,-60.17,-50.96,-62.19,-74.08,-72.77
24,6,ward_E,ward,AP-5,-56.39,-95.72,39.33,False,-70.64,-71.19,-72.54,-59.77,-56.39,-67.6,-77.59,-72.18
25,6,ward_E,ward,AP-5,-50.25,-93.62,43.37,False,-74.97,-70.69,-72.05,-58.27,-50.25,-60.68,-77.53,-70.29
26,6,ward_E,ward,AP-5,-50.89,-93.31,42.42,False,-72.75,-70.85,-73.97,-60.74,-50.89,-65.88,-75.67,-74.78
27,6,ward_E,ward,AP-5,-52.69,-94.21,41.52,False,-69.83,-71.96,-70.62,-63.25,-52.69,-63.88,-74.43,-73.96
28,6,ward_E,ward,AP-5,-50.87,-94.86,43.99,False,-67.78,-64.52,-73.95,-61.11,-50.87,-58.34,-76.26,-70.53
29,6,ward_E,ward,AP-5,-48.47,-91.17,42.7,False,-73.94,-70.95,-74.78,-63.64,-48.47,-63.03,-79.79,-72.16
30,6,ward_E,ward,AP-5,-49.76,-95.33,45.57,False,-73.85,-69.88,-72.8,-68.58,-49.76,-64.3,-73.42,-71.86
31,6,ward_E,ward,AP-5,-50.69,-96.19,45.5,False,-70.73,-70.27,-72.15,-62.14,-50.69,-62.77,-72.47,-75.84
32,6,ward_E,ward,AP-5,-50.18,-93.73,43.55,False,-71.9,-70.09,-72.38,-63.14,-50.18,-59.81,-74.45,-67.69
33,6,ward_E,ward,AP-5,-52.62,-96.83,44.21,False,-71.24,-67.73,-73.19,-65.09,-52.62,-59.4,-71.4,-72.05
34,6,ward_E,ward,AP-5,-50.72,-96.6,45.88,False,-70.23,-72.07,-72.48,-61.91,-50.72,-60.87,-71.35,-69.66
35,6,ward_E,ward,AP-5,-52.02,-94.81,42.79,False,-69.61,-74.11,-69.35,-64.48,-52.02,-61.37,-76.67,-67.13
36,6,ward_E,ward,AP-5,-50.59,-95.17,44.58,False,-74.03,-69.52,-68.86,-65.28,-50.59,-57.19,-74.2,-69.71
37,6,ward_E,ward,AP-5,-53.03,-94.54,41.51,False,-74.89,-73.26,-70.27,-67.77,-53.03,-58.84,-72.25,-69.54
38,6,ward_E,ward,AP-5,-57.43,-96.62,39.19,False,-73.63,-71.06,-71.76,-66.27,-57.43,-57.59,-73.33,-69.06
39,6,ward_E,ward,AP-6,-56.7,-96.31,39.61,False,-74.05,-71.61,-72.07,-69.62,-57.11,-56.7,-73.17,-69.3
40,6,ward_F,ward,AP-6,-54.41,-96.5,42.09,False,-72.59,-71.31,-71.91,-69.43,-56.87,-54.41,-74.18,-69.59
41,6,ward_F,ward,AP-6,-51.39,-93.62,42.23,False,-67.93,-75.52,-74.9,-69.01,-56.32,-51.39,-72.67,-68.49
42,6,ward_F,ward,AP-5,-53.21,-92.7,39.49,False,-73.47,-74.99,-70.27,-67.9,-53.21,-55.42,-71.06,-71.56
43,6,ward_F,ward,AP-6,-54.3,-95.17,40.87,False,-73.55,-69.5,-69.31,-67.34,-58.15,-54.3,-73.78,-70.12
44,6,ward_F,ward,AP-6,-51.68,-94.41,42.73,False,-77.18,-70.92,-68.72,-66.64,-56.47,-51.68,-73.66,-68.84
45,6,ward_F,ward,AP-6,-48.99,-92.09,43.1,False,-72.69,-70.69,-73.32,-66.63,-58.86,-48.99,-73.14,-68.6
46,6,ward_F,ward,AP-6,-51.17,-93.94,42.77,False,-76.42,-74.85,-66.6,-69.24,-61.35,-51.17,-77.15,-64.1
47,6,ward_F,ward,AP-6,-53.53,-94.85,41.32,False,-73.41,-69.94,-72.39,-69.13,-58.97,-53.53,-71.84,-66.09
48,6,ward_F,ward,AP-6,-46.88,-93.25,46.37,False,-76.36,-72.03,-71.46,-69.64,-62.83,-46.88,-73.97,-68.38
49,6,ward_F,ward,AP-6,-47.74,-95.41,47.67,False,-75.07,-70.76,-73.13,-67.63,-65.27,-47.74,-73.29,-68.62
50,6,ward_F,ward,AP-6,-44.34,-94.84,50.5,False,-72.43,-68.47,-71.0,-71.69,-66.69,-44.34,-74.88,-68.68
51,6,ward_F,ward,AP-6,-49.25,-93.57,44.32,False,-73.59,-69.03,-66.18,-69.76,-64.44,-49.25,-73.02,-83.02
52,6,ward_F,ward,AP-6,-48.57,-92.86,44.29,False,-73.98,-76.0,-71.68,-68.64,-65.07,-48.57,-67.13,-84.55
53,6,ward_F,ward,AP-6,-47.84,-96.66,48.82,False,-71.69,-70.83,-71.43,-76.39,-66.23,-47.84,-71.32,-81.85
54,6,ward_F,ward,AP-6,-48.37,-95.39,47.02,False,-75.12,-76.58,-72.36,-71.05,-69.36,-48.37,-68.77,-111.85
55,6,ward_F,ward,AP-6,-51.25,-93.92,42.67,False,-72.24,-71.62,-69.83,-72.16,-68.21,-51.25,-69.79,-108.61
56,6,ward_F,ward,AP-6,-52.02,-93.96,41.94,False,-76.55,-74.51,-71.53,-74.75,-68.64,-52.02,-72.76,-110.48
57,6,ward_F,ward,AP-6,-51.41,-93.72,42.31,False,-77.85,-72.06,-69.73,-69.56,-65.67,-51.41,-72.1,-111.24
58,6,ward_F,ward,AP-6,-54.34,-96.09,41.75,False,-72.78,-73.31,-66.59,-71.3,-62.77,-54.34,-116.96,-108.15
59,6,ward_F,ward,AP-6,-55.99,-97.01,41.02,False,-75.89,-73.69,-70.52,-73.58,-69.13,-55.99,-112.61,-108.25
60,6,icu,icu,AP-6,-79.73,-96.49,16.76,True,-105.47,-99.0,-95.36,-101.0,-96.15,-79.73,-108.72,-106.25
61,6,icu,icu,AP-6,-80.14,-94.24,14.1,True,-101.83,-98.74,-98.54,-101.68,-93.25,-80.14,-114.57,-109.25
62,6,icu,icu,AP-6,-81.74,-97.29,15.55,True,-100.7,-100.62,-98.51,-97.82,-91.06,-81.74,-112.69,-104.86
63,6,icu,icu,AP-6,-81.98,-94.71,12.73,True,-100.93,-96.18,-93.9,-96.48,-94.87,-81.98,-113.47,-108.92
64,6,icu,icu,AP-6,-81.03,-95.15,14.12,True,-104.7,-100.66,-95.61,-97.46,-94.05,-81.03,-112.03,-109.63
65,6,icu,icu,AP-6,-87.45,-95.27,7.82,True,-103.19,-97.47,-112.93,-101.37,-92.54,-87.45,-112.64,-112.51
66,6,icu,icu,AP-6,-86.67,-93.98,7.31,True,-103.75,-97.92,-113.97,-104.38,-97.41,-86.67,-112.63,-104.36
67,6,icu,icu,AP-6,-86.85,-94.26,7.41,True,-99.63,-100.94,-113.75,-99.96,-97.21,-86.85,-115.71,-106.72
68,6,icu,icu,AP-6,-86.83,-96.45,9.62,True,-103.72,-100.65,-118.5,-99.41,-95.57,-86.83,-113.92,-108.66
69,6,icu,icu,AP-6,-90.02,-95.99,5.97,True,-103.97,-100.43,-114.39,-101.84,-96.55,-90.02,-115.84,-111.21
70,6,icu,icu,AP-6,-90.29,-94.58,4.29,True,-101.83,-99.56,-115.26,-101.28,-94.17,-90.29,-114.16,-109.22
71,6,icu,icu,AP-6,-89.44,-95.91,6.47,True,-103.36,-101.14,-114.45,-102.32,-98.69,-89.44,-117.58,-107.59
72,6,icu,icu,AP-6,-87.18,-96.7,9.52,True,-105.72,-99.48,-114.41,-101.59,-97.14,-87.18,-115.65,-107.48
73,6,icu,icu,AP-6,-91.91,-96.95,5.04,True,-102.22,-118.65,-114.31,-101.96,-98.34,-91.91,-115.56,-109.04
74,6,icu,icu,AP-6,-89.68,-95.48,5.8,True,-100.97,-116.47,-119.55,-105.88,-100.15,-89.68,-109.83,-110.63
75,6,icu,icu,AP-7,-70.37,-95.26,24.89,False,-100.94,-119.67,-113.39,-99.92,-97.43,-88.7,-70.37,-111.23
76,6,icu,icu,AP-7,-69.53,-92.85,23.32,False,-105.01,-118.77,-118.19,-103.97,-97.53,-90.93,-69.53,-108.18
77,6,icu,icu,AP-7,-73.42,-94.93,21.51,False,-101.26,-116.71,-122.98,-103.7,-96.97,-94.0,-73.42,-107.45
78,6,icu,icu,AP-7,-73.15,-95.33,22.18,False,-104.72,-115.67,-116.9,-100.11,-98.25,-91.57,-73.15,-85.66
79,6,icu,icu,AP-7,-76.44,-97.07,20.63,True,-106.88,-118.07,-115.98,-103.39,-96.81,-94.27,-76.44,-83.35
0,7,ward_D,ward,AP-4,-68.89,-94.36,25.47,False,-85.41,-84.83,-86.39,-68.89,-81.29,-82.6,-93.9,-87.93
1,7,ward_D,ward,AP-4,-67.67,-95.91,28.24,False,-84.0,-85.28,-89.89,-67.67,-79.41,-86.78,-94.24,-88.03
2,7,ward_D,ward,AP-4,-64.15,-97.48,33.33,False,-80.88,-85.16,-82.39,-64.15,-81.38,-87.86,-92.61,-90.15
3,7,ward_D,ward,AP-4,-64.35,-93.36,29.01,False,-84.67,-84.67,-90.98,-64.35,-77.8,-86.88,-89.48,-88.95
4,7,ward_D,ward,AP-4,-62.05,-93.3,31.25,False,-81.03,-84.97,-88.01,-62.05,-77.06,-87.99,-88.7,-90.07
5,7,ward_D,ward,AP-4,-58.88,-92.62,33.74,False,-81.96,-85.7,-87.54,-58.88,-78.86,-87.76,-90.93,-86.26
6,7,ward_D,ward,AP-4,-61.51,-91.52,30.01,False,-80.21,-88.49,-87.86,-61.51,-77.24,-86.26,-90.84,-90.97
7,7,ward_D,ward,AP-4,-57.5,-96.09,38.59,False,-82.13,-85.15,-89.7,-57.5,-75.22,-81.47,-89.46,-89.36
8,7,ward_D,ward,AP-4,-59.56,-94.37,34.81,False,-83.76,-84.78,-85.7,-59.56,-75.3,-82.01,-90.93,-86.29
9,7,ward_D,ward,AP-4,-59.51,-94.25,34.74,False,-81.45,-83.89,-86.56,-59.51,-77.01,-82.73,-88.09,-88.52
10,7,ward_D,ward,AP-4,-56.78,-97.21,40.43,False,-82.68,-85.27,-86.72,-56.78,-76.15,-84.12,-90.74,-87.51
11,7,ward_D,ward,AP-4,-58.91,-96.99,38.08,False,-81.67,-83.05,-86.18,-58.91,-73.63,-84.83,-91.13,-86.09
12,7,ward_D,ward,AP-4,-61.33,-95.78,34.45,False,-83.52,-84.6,-85.13,-61.33,-74.76,-84.49,-86.16,-88.05
13,7,ward_D,ward,AP-4,-61.58,-94.77,33.19,False,-82.02,-81.59,-90.41,-61.58,-72.5,-83.26,-92.22,-88.73
14,7,ward_D,ward,AP-4,-63.52,-93.78,30.26,False,-81.63,-79.29,-89.39,-63.52,-74.68,-79.73,-90.99,-90.15
15,7,ward_D,ward,AP-5,-57.76,-95.48,37.72,False,-71.8,-68.86,-73.52,-63.09,-57.76,-67.7,-74.05,-75.74
16,7,ward_D,ward,AP-4,-52.67,-96.79,44.12,False,-67.42,-68.76,-73.27,-52.67,-60.9,-71.85,-78.9,-75.13
17,7,ward_D,ward,AP-4,-53.51,-96.57,43.06,False,-68.97,-76.04,-75.23,-53.51,-56.79,-67.59,-79.24,-74.06
18,7,ward_D,ward,AP-4,-50.33,-96.4,46.07,False,-69.89,-73.23,-73.22,-50.33,-53.09,-66.1,-78.7,-75.35
19,7,ward_D,ward,AP-5,-51.81,-97.37,45.56,False,-71.77,-74.2,-74.58,-52.1,-51.81,-67.02,-76.09,-72.76
20,7,ward_E,ward,AP-5,-53.63,-94.15,40.52,False,-72.31,-69.01,-73.62,-56.07,-53.63,-71.32,-74.02,-75.52
21,7,ward_E,ward,AP-5,-52.66,-93.22,40.56,False,-70.7,-69.09,-71.02,-58.3,-52.66,-66.09,-73.36,-74.74
22,7,ward_E,ward,AP-5,-51.44,-93.48,42.04,False,-69.33,-71.36,-70.85,-57.91,-51.44,-66.89,-75.86,-73.33
23,7,ward_E,ward,AP-5,-50.3,-96.28,45.98,False,-71.06,-69.25,-71.5,-59.73,-50.3,-63.32,-74.91,-72.43
24,7,ward_E,ward,AP-5,-52.35,-97.12,44.77,False,-68.41,-73.43,-72.26,-55.7,-52.35,-64.74,-77.24,-71.71
25,7,ward_E,ward,AP-5,-46.75,-95.04,48.29,False,-71.92,-71.59,-72.2,-62.95,-46.75,-64.74,-76.63,-69.82
26,7,ward_E,ward,AP-5,-50.69,-95.97,45.28,False,-70.69,-69.7,-69.07,-59.95,-50.69,-64.7,-74.67,-72.63
27,7,ward_E,ward,AP-5,-48.71,-95.53,46.82,False,-72.94,-73.65,-71.15,-62.61,-48.71,-63.37,-73.21,-74.42
28,7,ward_E,ward,AP-5,-45.61,-96.37,50.76,False,-72.23,-69.22,-74.05,-63.18,-45.61,-65.08,-77.28,-72.13
29,7,ward_E,ward,AP-5,-46.73,-93.11,46.38,False,-72.12,-67.65,-72.19,-62.47,-46.73,-66.38,-74.73,-69.84
30,7,ward_E,ward,AP-5,-41.85,-95.2,53.35,False,-65.99,-70.8,-71.3,-64.98,-41.85,-60.79,-73.02,-70.44
31,7,ward_E,ward,AP-5,-47.44,-96.66,49.22,False,-76.91,-67.72,-70.23,-62.82,-47.44,-60.46,-74.21,-70.99
32,7,ward_E,ward,AP-5,-42.98,-92.79,49.81,False,-74.21,-70.41,-71.66,-65.95,-42.98,-62.46,-74.8,-70.63
33,7,ward_E,ward,AP-5,-46.57,-95.17,48.6,False,-73.66,-70.62,-73.87,-62.29,-46.57,-60.62,-73.96,-67.27
34,7,ward_E,ward,AP-5,-47.6,-94.84,47.24,False,-73.42,-71.44,-69.14,-63.71,-47.6,-61.56,-73.3,-69.45
35,7,ward_E,ward,AP-5,-50.39,-92.68,42.29,False,-72.66,-69.37,-70.29,-66.32,-50.39,-62.98,-73.07,-70.62
36,7,ward_E,ward,AP-5,-50.01,-99.77,49.76,False,-76.12,-70.02,-69.8,-67.22,-50.01,-58.23,-73.07,-70.62
37,7,ward_E,ward,AP-5,-51.1,-93.22,42.12,False,-72.54,-70.23,-72.35,-68.91,-51.1,-57.22,-70.84,-71.51
38,7,ward_E,ward,AP-6,-54.03,-96.71,42.68,False,-72.82,-71.47,-69.79,-64.94,-54.32,-54.03,-73.83,-72.1
39,7,ward_E,ward,AP-6,-54.32,-98.45,44.13,False,-70.86,-71.65,-70.52,-66.89,-54.56,-54.32,-74.7,-71.59
40,7,ward_F,ward,AP-5,-53.29,-95.6,42.31,False,-73.4,-71.15,-68.14,-68.91,-53.29,-55.91,-70.17,-71.06
41,7,ward_F,ward,AP-5,-54.1,-95.52,41.42,False,-71.96,-68.33,-68.86,-70.56,-54.1,-54.35,-76.74,-69.97
42,7,ward_F,ward,AP-6,-56.61,-93.71,37.1,False,-75.07,-68.18,-69.4,-65.99,-58.93,-56.61,-72.46,-68.52
43,7,ward_F,ward,AP-6,-48.19,-97.37,49.18,False,-72.31,-70.57,-68.81,-68.48,-57.6,-48.19,-70.67,-70.43
44,7,ward_F,ward,AP-6,-51.8,-98.59,46.79,False,-71.07,-71.86,-70.63,-69.97,-58.15,-51.8,-75.51,-71.63
45,7,ward_F,ward,AP-6,-47.14,-95.56,48.42,False,-76.06,-68.64,-72.19,-69.38,-57.31,-47.14,-74.13,-66.37
46,7,ward_F,ward,AP-6,-47.89,-95.26,47.37,False,-77.98,-69.29,-70.06,-71.43,-59.85,-47.89,-72.57,-69.47
47,7,ward_F,ward,AP-6,-44.95,-93.43,48.48,False,-73.66,-69.81,-70.68,-72.17,-60.09,-44.95,-73.99,-66.26
48,7,ward_F,ward,AP-6,-48.11,-96.03,47.92,False,-72.31,-68.75,-69.66,-67.5,-58.87,-48.11,-72.08,-66.54
49,7,ward_F,ward,AP-6,-43.09,-92.68,49.59,False,-75.25,-75.59,-68.8,-68.93,-59.89,-43.09,-73.81,-67.08
50,7,ward_F,ward,AP-6,-45.43,-94.59,49.16,False,-72.59,-73.18,-74.93,-71.39,-64.91,-45.43,-70.56,-69.4
51,7,ward_F,ward,AP-6,-50.05,-93.24,43.19,False,-77.34,-66.87,-70.11,-70.28,-65.42,-50.05,-74.33,-86.18
52,7,ward_F,ward,AP-6,-47.55,-94.78,47.23,False,-77.36,-70.32,-69.39,-71.74,-68.85,-47.55,-70.39,-82.95
53,7,ward_F,ward,AP-6,-48.84,-96.04,47.2,False,-78.1,-71.86,-69.74,-72.77,-63.52,-48.84,-76.26,-85.08
54,7,ward_F,ward,AP-6,-45.57,-93.27,47.7,False,-72.95,-70.82,-70.38,-73.17,-63.77,-45.57,-74.11,-109.85
55,7,ward_F,ward,AP-6,-49.22,-94.09,44.87,False,-74.58,-73.28,-68.01,-71.24,-67.25,-49.22,-72.12,-105.05
56,7,ward_F,ward,AP-6,-50.2,-98.0,47.8,False,-74.73,-72.28,-69.32,-75.39,-68.73,-50.2,-71.24,-108.97
57,7,ward_F,ward,AP-6,-51.62,-95.76,44.14,False,-78.03,-71.62,-70.16,-74.15,-68.12,-51.62,-72.28,-108.29
58,7,ward_F,ward,AP-6,-52.94,-93.62,40.68,False,-75.71,-72.28,-71.73,-69.79,-67.87,-52.94,-118.03,-109.8
59,7,ward_F,ward,AP-6,-52.19,-96.2,44.01,False,-74.72,-72.57,-71.89,-72.66,-69.09,-52.19,-120.13,-108.42
60,7,icu,icu,AP-6,-83.61,-94.4,10.79,True,-98.73,-98.55,-93.15,-95.72,-91.6,-83.61,-116.34,-108.51
61,7,icu,icu,AP-6,-80.77,-93.29,12.52,True,-100.72,-100.97,-94.13,-100.88,-93.6,-80.77,-115.06,-104.25
62,7,icu,icu,AP-6,-82.12,-93.82,11.7,True,-104.27,-100.72,-93.49,-98.86,-92.01,-82.12,-112.31,-105.75
63,7,icu,icu,AP-6,-84.56,-93.14,8.58,True,-103.13,-97.42,-99.11,-99.79,-94.91,-84.56,-116.62,-111.23
64,7,icu,icu,AP-6,-84.66,-93.9,9.24,True,-102.36,-99.14,-94.98,-97.41,-91.32,-84.66,-114.35,-108.96
65,7,icu,icu,AP-6,-84.38,-92.47,8.09,True,-102.04,-97.13,-112.44,-98.2,-93.26,-84.38,-117.21,-106.46
66,7,icu,icu,AP-6,-90.09,-95.21,5.12,True,-103.1,-100.46,-112.97,-96.63,-96.75,-90.09,-115.95,-106.91
67,7,icu,icu,AP-6,-84.79,-94.34,9.55,True,-102.9,-100.27,-115.62,-101.84,-94.28,-84.79,-117.89,-103.96
68,7,icu,icu,AP-6,-83.75,-95.46,11.71,True,-101.42,-99.99,-113.93,-102.65,-92.15,-83.75,-115.21,-109.79
69,7,icu,icu,AP-6,-84.52,-96.06,11.54,True,-101.49,-100.38,-116.16,-100.29,-97.38,-84.52,-112.86,-105.88
70,7,icu,icu,AP-6,-84.15,-93.43,9.28,True,-102.4,-97.53,-118.89,-100.4,-93.12,-84.15,-116.67,-106.74
71,7,icu,icu,AP-6,-88.59,-92.78,4.19,True,-100.55,-103.59,-118.85,-100.7,-95.23,-88.59,-115.45,-104.83
72,7,icu,icu,AP-6,-91.01,-93.08,2.07,True,-104.29,-99.75,-117.28,-97.73,-99.32,-91.01,-116.61,-109.61
73,7,icu,icu,AP-6,-86.71,-96.04,9.33,True,-98.6,-117.7,-115.78,-99.96,-98.61,-86.71,-114.95,-106.81
74,7,icu,icu,AP-6,-91.9,-95.14,3.24,True,-103.8,-121.62,-115.22,-99.81,-100.78,-91.9,-115.88,-108.42
75,7,icu,icu,AP-7,-71.46,-94.65,23.19,False,-103.62,-117.97,-115.47,-105.14,-96.72,-87.95,-71.46,-111.52
76,7,icu,icu,AP-7,-71.02,-95.61,24.59,False,-102.72,-120.68,-115.4,-99.41,-94.37,-90.57,-71.02,-108.49
77,7,icu,icu,AP-7,-74.69,-94.75,20.06,False,-101.04,-116.93,-114.46,-103.2,-94.93,-89.18,-74.69,-106.18
78,7,icu,icu,AP-7,-74.83,-92.13,17.3,False,-103.39,-123.05,-118.78,-100.34,-99.65,-90.07,-74.83,-86.52
79,7,icu,icu,AP-7,-73.08,-97.54,24.46,False,-102.26,-119.42,-115.56,-103.92,-97.66,-89.75,-73.08,-82.82
0,8,ward_D,ward,AP-4,-55.55,-96.38,40.83,False,-66.71,-70.95,-76.27,-55.55,-64.62,-74.6,-78.25,-78.2
1,8,ward_D,ward,AP-4,-54.49,-95.13,40.64,False,-68.16,-73.63,-75.12,-54.49,-67.31,-73.69,-80.17,-75.93
2,8,ward_D,ward,AP-4,-53.61,-95.71,42.1,False,-68.44,-71.15,-73.45,-53.61,-65.3,-73.45,-78.77,-78.66
3,8,ward_D,ward,AP-4,-49.66,-93.36,43.7,False,-68.84,-73.17,-77.19,-49.66,-65.48,-75.28,-78.39,-74.8
4,8,ward_D,ward,AP-4,-47.32,-92.1,44.78,False,-71.12,-74.55,-76.3,-47.32,-64.25,-77.17,-76.75,-81.32
5,8,ward_D,ward,AP-4,-47.24,-92.71,45.47,False,-68.31,-72.96,-75.2,-47.24,-66.26,-71.39,-78.59,-77.21
6,8,ward_D,ward,AP-4,-47.42,-95.93,48.51,False,-74.04,-71.93,-78.03,-47.42,-66.21,-66.95,-79.22,-76.81
7,8,ward_D,ward,AP-4,-41.81,-96.22,54.41,False,-68.15,-72.9,-76.4,-41.81,-62.73,-71.23,-73.23,-77.62
8,8,ward_D,ward,AP-4,-41.81,-93.21,51.4,False,-71.49,-69.32,-76.16,-41.81,-65.02,-75.11,-79.52,-75.6
9,8,ward_D,ward,AP-4,-48.49,-93.68,45.19,False,-67.29,-70.85,-73.39,-48.49,-62.69,-71.12,-78.4,-77.32
10,8,ward_D,ward,AP-4,-44.43,-94.37,49.94,False,-67.61,-67.52,-74.99,-44.43,-58.88,-71.54,-78.68,-78.58
11,8,ward_D,ward,AP-4,-42.12,-94.72,52.6,False,-68.68,-69.62,-73.99,-42.12,-60.94,-69.56,-75.15,-73.91
12,8,ward_D,ward,AP-4,-44.49,-93.99,49.5,False,-70.98,-69.57,-75.42,-44.49,-62.85,-66.01,-79.31,-74.09
13,8,ward_D,ward,AP-4,-45.94,-94.8,48.86,False,-68.18,-71.13,-73.94,-45.94,-66.2,-71.49,-74.49,-76.86
14,8,ward_D,ward,AP-4,-47.56,-95.37,47.81,False,-64.68,-72.87,-74.95,-47.56,-64.06,-71.37,-79.94,-73.94
15,8,ward_D,ward,AP-4,-49.28,-94.72,45.44,False,-74.26,-69.19,-71.83,-49.28,-57.43,-68.12,-78.77,-74.27
16,8,ward_D,ward,AP-4,-45.39,-95.3,49.91,False,-71.72,-72.76,-72.8,-45.39,-58.62,-68.52,-78.91,-75.15
17,8,ward_D,ward,AP-4,-52.49,-94.35,41.86,False,-70.86,-71.91,-73.54,-52.49,-55.24,-64.49,-78.18,-75.15
18,8,ward_D,ward,AP-4,-51.45,-95.23,43.78,False,-69.0,-72.02,-74.43,-51.45,-60.11,-63.79,-75.91,-74.82
19,8,ward_D,ward,AP-5,-52.38,-95.5,43.12,False,-72.39,-66.8,-73.29,-54.66,-52.38,-65.77,-76.76,-73.13
20,8,ward_E,ward,AP-5,-50.93,-94.98,44.05,False,-71.04,-70.76,-72.37,-52.69,-50.93,-71.79,-71.58,-71.74
21,8,ward_E,ward,AP-5,-52.49,-94.27,41.78,False,-71.26,-73.97,-70.41,-58.08,-52.49,-67.87,-79.33,-72.74
22,8,ward_E,ward,AP-5,-51.76,-94.9,43.14,False,-72.37,-68.45,-69.03,-55.86,-51.76,-68.09,-78.01,-74.17
23,8,ward_E,ward,AP-5,-53.31,-94.13,40.82,False,-70.57,-70.5,-67.5,-56.58,-53.31,-68.59,-79.27,-75.15
24,8,ward_E,ward,AP-5,-49.26,-97.77,48.51,False,-71.27,-71.43,-71.15,-57.45,-49.26,-65.77,-75.72,-75.54
25,8,ward_E,ward,AP-5,-49.51,-95.74,46.23,False,-72.43,-71.58,-73.81,-59.67,-49.51,-67.88,-75.71,-72.0
26,8,ward_E,ward,AP-5,-46.22,-95.77,49.55,False,-69.29,-69.33,-71.25,-60.81,-46.22,-63.43,-79.21,-70.31
27,8,ward_E,ward,AP-5,-45.85,-96.88,51.03,False,-69.75,-74.54,-72.74,-64.16,-45.85,-63.93,-74.4,-72.17
28,8,ward_E,ward,AP-5,-45.4,-94.89,49.49,False,-68.58,-72.6,-72.4,-62.97,-45.4,-66.57,-72.9,-70.48
29,8,ward_E,ward,AP-5,-43.03,-94.12,51.09,False,-71.6,-71.81,-71.81,-63.86,-43.03,-62.43,-75.42,-70.93
30,8,ward_E,ward,AP-5,-45.27,-93.74,48.47,False,-69.84,-65.94,-74.3,-65.11,-45.27,-63.04,-77.97,-72.55
31,8,ward_E,ward,AP-5,-44.26,-97.87,53.61,False,-70.13,-66.61,-69.6,-61.19,-44.26,-62.76,-72.88,-69.52
32,8,ward_E,ward,AP-5,-40.58,-94.33,53.75,False,-74.51,-71.86,-72.9,-61.13,-40.58,-60.76,-73.81,-67.1
33,8,ward_E,ward,AP-5,-44.1,-97.49,53.39,False,-70.76,-69.18,-70.3,-61.59,-44.1,-60.59,-75.14,-70.21
34,8,ward_E,ward,AP-5,-46.11,-96.24,50.13,False,-71.1,-69.71,-70.29,-67.11,-46.11,-59.7,-74.23,-69.74
35,8,ward_E,ward,AP-5,-44.42,-93.43,49.01,False,-75.09,-69.09,-75.22,-64.09,-44.42,-58.59,-72.37,-66.96
36,8,ward_E,ward,AP-5,-53.23,-93.4,40.17,False,-67.78,-71.79,-71.39,-64.77,-53.23,-58.56,-73.8,-67.36
37,8,ward_E,ward,AP-5,-49.84,-95.11,45.27,False,-70.95,-68.71,-70.47,-65.61,-49.84,-55.7,-75.24,-68.79
38,8,ward_E,ward,AP-5,-54.44,-95.9,41.46,False,-72.11,-67.86,-71.0,-68.47,-54.44,-57.98,-72.45,-69.75
39,8,ward_E,ward,AP-5,-50.03,-93.08,43.05,False,-71.26,-69.92,-69.0,-62.66,-50.03,-55.2,-72.86,-66.93
40,8,ward_F,ward,AP-5,-53.66,-93.39,39.73,False,-73.68,-72.77,-68.59,-67.0,-53.66,-53.8,-74.8,-69.9
41,8,ward_F,ward,AP-6,-50.32,-94.66,44.34,False,-73.45,-71.97,-70.79,-67.04,-56.91,-50.32,-71.65,-71.59
42,8,ward_F,ward,AP-6,-51.51,-96.63,45.12,False,-70.15,-63.9,-71.11,-68.17,-59.55,-51.51,-72.19,-67.77
43,8,ward_F,ward,AP-6,-49.56,-97.58,48.02,False,-71.89,-66.94,-67.39,-67.86,-57.82,-49.56,-73.31,-73.12
44,8,ward_F,ward,AP-6,-52.58,-95.94,43.36,False,-70.87,-68.04,-70.3,-70.54,-59.15,-52.58,-73.41,-64.29
45,8,ward_F,ward,AP-6,-49.18,-94.28,45.1,False,-75.36,-73.5,-69.59,-71.19,-58.03,-49.18,-69.42,-66.32
46,8,ward_F,ward,AP-6,-46.81,-96.67,49.86,False,-76.75,-70.88,-69.35,-68.94,-59.35,-46.81,-75.01,-72.04
47,8,ward_F,ward,AP-6,-45.52,-95.97,50.45,False,-72.08,-69.45,-67.64,-69.3,-60.31,-45.52,-75.98,-66.6
48,8,ward_F,ward,AP-6,-46.14,-98.02,51.88,False,-75.49,-73.16,-70.04,-68.45,-59.82,-46.14,-71.97,-66.83
49,8,ward_F,ward,AP-6,-40.71,-95.98,55.27,False,-72.55,-72.61,-68.73,-72.18,-60.49,-40.71,-71.83,-65.33
50,8,ward_F,ward,AP-6,-42.76,-95.77,53.01,False,-75.23,-73.69,-67.78,-68.52,-63.61,-42.76,-73.59,-68.77
51,8,ward_F,ward,AP-6,-48.52,-95.94,47.42,False,-77.15,-75.47,-69.3,-73.19,-63.3,-48.52,-71.98,-85.27
52,8,ward_F,ward,AP-6,-45.78,-93.94,48.16,False,-73.18,-71.97,-69.31,-71.38,-62.8,-45.78,-72.09,-84.1
53,8,ward_F,ward,AP-6,-46.35,-96.61,50.26,False,-76.24,-70.37,-68.87,-72.93,-62.84,-46.35,-73.27,-84.99
54,8,ward_F,ward,AP-6,-46.83,-97.94,51.11,False,-74.63,-72.42,-70.57,-70.34,-63.03,-46.83,-75.78,-107.18
55,8,ward_F,ward,AP-6,-49.99,-96.2,46.21,False,-77.19,-72.5,-66.93,-77.28,-68.34,-49.99,-70.45,-111.19
56,8,ward_F,ward,AP-6,-51.82,-96.62,44.8,False,-73.14,-70.57,-71.26,-70.55,-65.57,-51.82,-73.19,-108.96
57,8,ward_F,ward,AP-6,-51.51,-95.04,43.53,False,-74.81,-70.46,-72.98,-71.51,-68.28,-51.51,-71.1,-105.48
58,8,ward_F,ward,AP-6,-51.61,-96.02,44.41,False,-75.39,-69.38,-66.94,-70.99,-65.12,-51.61,-86.37,-105.85
59,8,ward_F,ward,AP-6,-56.07,-93.55,37.48,False,-75.84,-71.98,-73.02,-74.5,-63.62,-56.07,-113.58,-106.53
60,8,icu,icu,AP-6,-79.52,-94.11,14.59,True,-102.76,-99.51,-95.21,-99.85,-89.35,-79.52,-112.85,-109.0
61,8,icu,icu,AP-6,-83.47,-94.22,10.75,True,-96.38,-98.23,-97.65,-96.55,-93.79,-83.47,-116.77,-109.24
62,8,icu,icu,AP-6,-79.37,-96.18,16.81,True,-103.22,-100.02,-96.24,-98.21,-91.44,-79.37,-115.15,-104.73
63,8,icu,icu,AP-6,-83.66,-95.91,12.25,True,-98.25,-97.21,-95.07,-102.47,-91.64,-83.66,-115.68,-108.32
64,8,icu,icu,AP-6,-82.98,-94.14,11.16,True,-100.84,-97.76,-95.6,-95.77,-96.44,-82.98,-117.1,-105.49
65,8,icu,icu,AP-6,-82.57,-95.39,12.82,True,-101.71,-97.76,-112.65,-98.77,-97.06,-82.57,-110.94,-104.33
66,8,icu,icu,AP-6,-88.25,-95.36,7.11,True,-98.2,-98.44,-111.59,-98.59,-91.74,-88.25,-116.02,-105.52
67,8,icu,icu,AP-6,-86.21,-95.39,9.18,True,-103.01,-96.1,-115.18,-99.56,-94.21,-86.21,-119.06,-110.3
68,8,icu,icu,AP-6,-85.4,-96.29,10.89,True,-98.03,-100.71,-114.23,-96.23,-95.2,-85.4,-113.82,-108.29
69,8,icu,icu,AP-6,-84.65,-94.57,9.92,True,-103.58,-99.45,-115.78,-101.58,-95.07,-84.65,-109.74,-108.1
70,8,icu,icu,AP-6,-85.73,-92.44,6.71,True,-104.69,-100.83,-117.89,-97.34,-96.75,-85.73,-116.59,-111.45
71,8,icu,icu,AP-6,-85.55,-96.85,11.3,True,-106.1,-101.83,-112.18,-100.82,-96.57,-85.55,-115.08,-105.27
72,8,icu,icu,AP-6,-89.32,-94.71,5.39,True,-100.16,-101.04,-114.37,-102.63,-98.11,-89.32,-112.72,-107.49
73,8,icu,icu,AP-6,-93.61,-94.35,0.74,True,-104.11,-115.44,-117.81,-104.74,-93.94,-93.61,-111.16,-107.18
74,8,icu,icu,AP-7,-87.17,-95.33,8.16,True,-102.66,-119.56,-113.99,-97.5,-94.61,-91.22,-87.17,-109.67
75,8,icu,icu,AP-7,-69.71,-98.01,28.3,False,-103.16,-115.92,-117.95,-99.66,-98.14,-93.55,-69.71,-108.34
76,8,icu,icu,AP-7,-70.5,-95.34,24.84,False,-101.99,-121.94,-116.08,-104.2,-99.2,-88.56,-70.5,-110.73
77,8,icu,icu,AP-7,-70.31,-95.94,25.63,False,-103.59,-116.02,-114.56,-104.55,-100.42,-89.86,-70.31,-109.13
78,8,icu,icu,AP-7,-70.17,-94.65,24.48,False,-102.85,-118.31,-120.9,-102.85,-96.45,-94.59,-70.17,-85.65
79,8,icu,icu,AP-7,-75.16,-93.53,18.37,True,-105.7,-122.28,-115.36,-102.69,-95.3,-90.38,-75.16,-82.73
0,9,ward_D,ward,AP-4,-55.92,-97.29,41.37,False,-68.31,-69.04,-72.18,-55.92,-66.62,-68.77,-76.35,-78.85
1,9,ward_D,ward,AP-4,-53.71,-94.35,40.64,False,-73.04,-71.28,-76.14,-53.71,-68.15,-75.05,-77.54,-77.4
2,9,ward_D,ward,AP-4,-49.92,-93.26,43.34,False,-73.12,-68.85,-73.41,-49.92,-70.7,-71.3,-81.51,-76.32
3,9,ward_D,ward,AP-4,-50.34,-96.59,46.25,False,-67.64,-70.82,-71.9,-50.34,-67.75,-73.88,-78.47,-75.32
4,9,ward_D,ward,AP-4,-50.99,-97.42,46.43,False,-68.09,-72.16,-76.36,-50.99,-66.62,-71.95,-78.76,-75.32
5,9,ward_D,ward,AP-4,-47.7,-97.14,49.44,False,-72.61,-74.02,-73.06,-47.7,-65.13,-71.11,-76.92,-77.72
6,9,ward_D,ward,AP-4,-47.08,-90.74,43.66,False,-70.35,-74.85,-75.25,-47.08,-64.14,-71.63,-78.83,-75.2
7,9,ward_D,ward,AP-4,-46.26,-95.87,49.61,False,-73.29,-66.78,-76.89,-46.26,-66.13,-70.28,-77.53,-77.53
8,9,ward_D,ward,AP-4,-42.09,-94.43,52.34,False,-71.09,-70.3,-72.27,-42.09,-65.04,-72.21,-82.43,-76.21
9,9,ward_D,ward,AP-4,-39.35,-97.05,57.7,False,-70.3,-72.35,-72.37,-39.35,-62.35,-70.16,-77.39,-73.29
10,9,ward_D,ward,AP-4,-35.33,-93.98,58.65,False,-69.62,-75.76,-75.29,-35.33,-65.11,-73.08,-77.69,-74.0
11,9,ward_D,ward,AP-4,-37.7,-94.72,57.02,False,-70.65,-67.65,-74.39,-37.7,-58.75,-72.53,-80.39,-74.47
12,9,ward_D,ward,AP-4,-38.45,-96.46,58.01,False,-69.51,-70.38,-74.31,-38.45,-67.31,-67.71,-76.74,-75.6
13,9,ward_D,ward,AP-4,-41.28,-95.7,54.42,False,-67.13,-73.1,-73.72,-41.28,-63.93,-69.3,-76.49,-74.29
14,9,ward_D,ward,AP-4,-41.38,-96.41,55.03,False,-68.46,-68.57,-74.37,-41.38,-62.18,-70.96,-74.56,-75.38
15,9,ward_D,ward,AP-4,-49.27,-96.36,47.09,False,-70.57,-67.5,-72.01,-49.27,-62.89,-66.27,-76.33,-75.59
16,9,ward_D,ward,AP-4,-50.11,-93.06,42.95,False,-73.87,-73.05,-72.83,-50.11,-55.05,-67.07,-77.86,-76.39
17,9,ward_D,ward,AP-4,-53.4,-98.75,45.35,False,-70.53,-65.01,-73.07,-53.4,-61.57,-70.02,-73.64,-74.82
18,9,ward_D,ward,AP-4,-51.2,-96.11,44.91,False,-71.1,-70.78,-70.36,-51.2,-56.87,-67.57,-71.94,-72.0
19,9,ward_D,ward,AP-4,-52.76,-96.21,43.45,False,-68.56,-67.83,-68.27,-52.76,-56.22,-67.08,-77.19,-73.6
20,9,ward_E,ward,AP-4,-52.91,-93.49,40.58,False,-69.96,-72.92,-71.07,-52.91,-57.81,-65.91,-77.21,-70.86
21,9,ward_E,ward,AP-5,-53.07,-93.83,40.76,False,-67.92,-68.74,-74.68,-59.73,-53.07,-69.54,-75.56,-76.44
22,9,ward_E,ward,AP-5,-50.3,-95.34,45.04,False,-69.16,-72.41,-74.36,-55.72,-50.3,-66.11,-77.18,-72.92
23,9,ward_E,ward,AP-5,-50.92,-94.88,43.96,False,-71.37,-72.6,-72.19,-59.12,-50.92,-70.16,-73.98,-74.14
24,9,ward_E,ward,AP-5,-49.3,-93.77,44.47,False,-67.41,-66.62,-70.78,-60.39,-49.3,-65.08,-74.96,-72.51
25,9,ward_E,ward,AP-5,-48.06,-95.02,46.96,False,-69.21,-67.23,-70.3,-60.54,-48.06,-65.23,-74.53,-73.54
26,9,ward_E,ward,AP-5,-42.01,-97.15,55.14,False,-71.32,-70.7,-70.97,-58.09,-42.01,-62.67,-75.99,-69.77
27,9,ward_E,ward,AP-5,-44.39,-97.04,52.65,False,-69.95,-70.72,-72.74,-56.66,-44.39,-63.72,-73.87,-72.13
28,9,ward_E,ward,AP-5,-40.66,-92.35,51.69,False,-70.26,-70.26,-71.7,-61.34,-40.66,-62.86,-77.94,-71.39
29,9,ward_E,ward,AP-5,-43.64,-96.4,52.76,False,-74.87,-71.41,-72.72,-65.91,-43.64,-65.04,-72.46,-72.32
30,9,ward_E,ward,AP-5,-34.06,-96.29,62.23,False,-71.53,-68.58,-70.22,-62.46,-34.06,-62.01,-73.75,-72.4
31,9,ward_E,ward,AP-5,-41.24,-94.95,53.71,False,-73.67,-72.14,-69.95,-62.8,-41.24,-62.64,-72.35,-71.5
32,9,ward_E,ward,AP-5,-45.48,-97.58,52.1,False,-70.91,-68.58,-72.43,-68.61,-45.48,-60.59,-75.47,-71.51
33,9,ward_E,ward,AP-5,-45.86,-97.01,51.15,False,-73.24,-69.36,-70.7,-66.37,-45.86,-56.76,-74.67,-70.78
34,9,ward_E,ward,AP-5,-47.86,-97.37,49.51,False,-73.35,-70.19,-72.95,-64.54,-47.86,-61.39,-75.63,-73.62
35,9,ward_E,ward,AP-5,-46.76,-94.71,47.95,False,-71.71,-71.73,-70.9,-65.5,-46.76,-57.52,-75.18,-72.34
36,9,ward_E,ward,AP-5,-49.43,-94.38,44.95,False,-70.4,-70.41,-70.54,-66.07,-49.43,-57.07,-74.55,-68.56
37,9,ward_E,ward,AP-5,-53.11,-98.69,45.58,False,-67.97,-71.22,-68.0,-64.53,-53.11,-56.35,-72.38,-70.71
38,9,ward_E,ward,AP-5,-50.88,-95.01,44.13,False,-70.94,-72.44,-70.54,-70.12,-50.88,-60.24,-74.64,-70.34
39,9,ward_E,ward,AP-5,-53.91,-94.03,40.12,False,-75.56,-69.01,-69.13,-67.72,-53.91,-61.08,-70.12,-69.39
40,9,ward_F,ward,AP-6,-51.35,-93.53,42.18,False,-72.4,-69.9,-68.63,-68.68,-52.47,-51.35,-72.79,-68.97
41,9,ward_F,ward,AP-5,-54.05,-94.11,40.06,False,-72.1,-70.85,-70.61,-67.54,-54.05,-54.35,-71.48,-64.44
42,9,ward_F,ward,AP-6,-54.8,-97.78,42.98,False,-73.22,-69.06,-70.73,-70.42,-58.08,-54.8,-71.01,-69.04
43,9,ward_F,ward,AP-6,-47.14,-94.82,47.68,False,-72.24,-69.58,-69.17,-71.23,-59.72,-47.14,-74.01,-66.88
44,9,ward_F,ward,AP-6,-47.04,-93.24,46.2,False,-76.2,-73.36,-68.73,-69.53,-58.91,-47.04,-75.92,-67.63
45,9,ward_F,ward,AP-6,-50.38,-92.27,41.89,False,-71.92,-71.08,-68.73,-68.01,-60.9,-50.38,-70.82,-67.11
46,9,ward_F,ward,AP-6,-47.44,-94.97,47.53,False,-75.06,-68.66,-67.97,-68.61,-59.85,-47.44,-73.02,-67.91
47,9,ward_F,ward,AP-6,-47.33,-96.37,49.04,False,-76.03,-70.29,-66.03,-71.68,-59.56,-47.33,-71.32,-66.11
48,9,ward_F,ward,AP-6,-41.87,-94.73,52.86,False,-73.01,-70.7,-65.96,-70.02,-60.5,-41.87,-74.45,-61.15
49,9,ward_F,ward,AP-6,-37.34,-97.15,59.81,False,-73.66,-70.88,-72.49,-73.29,-65.28,-37.34,-71.1,-66.74
50,9,ward_F,ward,AP-6,-39.9,-93.79,53.89,False,-76.11,-71.4,-72.02,-69.13,-64.15,-39.9,-72.2,-70.16
51,9,ward_F,ward,AP-6,-39.28,-97.12,57.84,False,-74.53,-75.77,-70.34,-71.84,-65.19,-39.28,-69.49,-82.81
52,9,ward_F,ward,AP-6,-39.97,-95.38,55.41,False,-76.13,-75.44,-69.17,-73.46,-63.13,-39.97,-70.05,-82.82
53,9,ward_F,ward,AP-6,-45.85,-95.88,50.03,False,-78.19,-67.27,-65.18,-71.93,-63.35,-45.85,-72.5,-82.92
54,9,ward_F,ward,AP-6,-48.73,-93.65,44.92,False,-71.6,-71.17,-70.87,-72.84,-64.23,-48.73,-70.67,-107.8
55,9,ward_F,ward,AP-6,-46.23,-96.64,50.41,False,-74.57,-73.26,-71.01,-69.52,-64.35,-46.23,-70.37,-107.66
56,9,ward_F,ward,AP-6,-50.86,-95.72,44.86,False,-71.84,-72.49,-67.15,-72.74,-63.46,-50.86,-74.12,-107.8
57,9,ward_F,ward,AP-6,-52.16,-93.25,41.09,False,-74.28,-71.58,-72.87,-74.31,-68.93,-52.16,-71.61,-108.27
58,9,ward_F,ward,AP-6,-52.79,-96.61,43.82,False,-74.93,-74.13,-67.27,-71.26,-66.18,-52.79,-85.49,-105.23
59,9,ward_F,ward,AP-6,-54.57,-94.99,40.42,False,-75.61,-74.26,-68.13,-75.38,-68.27,-54.57,-113.35,-108.74
60,9,icu,icu,AP-6,-80.5,-93.39,12.89,True,-105.39,-96.06,-100.38,-98.22,-91.9,-80.5,-112.07,-104.22
61,9,icu,icu,AP-6,-80.68,-92.3,11.62,True,-98.98,-97.27,-95.86,-98.29,-90.59,-80.68,-119.03,-109.69
62,9,icu,icu,AP-6,-81.28,-95.57,14.29,True,-103.05,-99.32,-93.31,-97.25,-92.06,-81.28,-118.44,-101.78
63,9,icu,icu,AP-6,-79.18,-92.29,13.11,True,-99.39,-97.98,-96.37,-99.81,-93.89,-79.18,-116.76,-105.33
64,9,icu,icu,AP-6,-82.05,-94.67,12.62,True,-102.74,-98.36,-97.76,-96.21,-96.18,-82.05,-118.08,-107.78
65,9,icu,icu,AP-6,-86.27,-94.05,7.78,True,-104.1,-99.11,-116.21,-99.55,-96.62,-86.27,-113.61,-109.82
66,9,icu,icu,AP-6,-82.91,-93.11,10.2,True,-103.66,-95.58,-114.7,-101.71,-94.38,-82.91,-119.01,-107.28
67,9,icu,icu,AP-6,-84.72,-95.29,10.57,True,-104.26,-101.38,-116.96,-100.85,-97.44,-84.72,-117.15,-106.97
68,9,icu,icu,AP-6,-85.45,-94.39,8.94,True,-103.55,-99.58,-115.84,-102.15,-92.79,-85.45,-113.31,-103.95
69,9,icu,icu,AP-6,-86.84,-96.05,9.21,True,-103.1,-98.12,-114.54,-97.09,-95.15,-86.84,-111.04,-104.47
70,9,icu,icu,AP-6,-87.87,-94.17,6.3,True,-101.68,-102.0,-114.69,-100.43,-95.59,-87.87,-116.11,-105.42
71,9,icu,icu,AP-6,-87.18,-94.31,7.13,True,-104.13,-99.66,-113.35,-100.0,-95.46,-87.18,-113.02,-104.89
72,9,icu,icu,AP-6,-88.56,-96.13,7.57,True,-103.95,-99.11,-115.82,-102.35,-95.78,-88.56,-115.62,-105.36
73,9,icu,icu,AP-6,-89.17,-94.89,5.72,True,-102.16,-120.61,-111.99,-100.4,-95.82,-89.17,-116.97,-109.98
74,9,icu,icu,AP-6,-88.45,-94.1,5.65,True,-103.97,-117.46,-112.72,-100.73,-98.94,-88.45,-90.58,-106.02
75,9,icu,icu,AP-7,-73.09,-94.65,21.56,False,-104.41,-115.36,-115.63,-101.7,-94.75,-89.83,-73.09,-107.72
76,9,icu,icu,AP-7,-73.53,-93.6,20.07,False,-104.4,-119.46,-113.21,-102.33,-94.09,-91.0,-73.53,-107.73
77,9,icu,icu,AP-7,-71.57,-95.7,24.13,False,-104.81,-116.37,-115.26,-101.33,-99.27,-91.07,-71.57,-105.38
78,9,icu,icu,AP-7,-72.25,-95.13,22.88,False,-106.92,-120.97,-116.79,-101.03,-99.87,-93.53,-72.25,-82.76
79,9,icu,icu,AP-7,-72.28,-94.15,21.87,False,-106.5,-119.56,-113.69,-101.69,-97.56,-93.51,-72.28,-85.47
0,10,ward_D,ward,AP-4,-55.89,-93.64,37.75,False,-68.0,-73.03,-76.73,-55.89,-67.6,-70.23,-80.27,-77.02
1,10,ward_D,ward,AP-4,-49.94,-94.53,44.59,False,-69.8,-75.01,-75.14,-49.94,-66.65,-73.39,-78.8,-81.55
2,10,ward_D,ward,AP-4,-53.54,-94.67,41.13,False,-70.49,-74.05,-73.18,-53.54,-66.34,-75.54,-77.89,-79.93
3,10,ward_D,ward,AP-4,-51.0,-94.27,43.27,False,-69.22,-70.58,-78.08,-51.0,-67.74,-71.37,-81.88,-77.73
4,10,ward_D,ward,AP-4,-48.29,-95.66,47.37,False,-69.04,-74.96,-73.09,-48.29,-63.64,-73.39,-78.21,-76.37
5,10,ward_D,ward,AP-4,-47.74,-94.94,47.2,False,-64.91,-72.26,-74.47,-47.74,-66.27,-72.57,-79.57,-78.49
6,10,ward_D,ward,AP-4,-45.51,-96.59,51.08,False,-70.12,-67.3,-75.34,-45.51,-63.43,-68.51,-81.21,-73.95
7,10,ward_D,ward,AP-4,-44.35,-94.6,50.25,False,-70.24,-74.18,-75.75,-44.35,-65.37,-72.4,-78.16,-75.72
8,10,ward_D,ward,AP-4,-36.21,-95.65,59.44,False,-69.39,-68.64,-74.3,-36.21,-63.35,-72.72,-80.44,-81.62
9,10,ward_D,ward,AP-4,-40.28,-93.87,53.59,False,-71.53,-71.13,-71.9,-40.28,-61.71,-74.18,-81.29,-71.37
10,10,ward_D,ward,AP-4,-31.42,-94.81,63.39,False,-75.16,-68.25,-74.75,-31.42,-64.32,-70.46,-77.2,-79.8
11,10,ward_D,ward,AP-4,-34.45,-94.61,60.16,False,-67.62,-72.7,-73.07,-34.45,-61.81,-68.28,-76.01,-72.24
12,10,ward_D,ward,AP-4,-37.94,-97.7,59.76,False,-67.15,-70.93,-72.59,-37.94,-60.32,-68.75,-77.78,-75.91
13,10,ward_D,ward,AP-4,-42.34,-94.58,52.24,False,-68.8,-72.85,-75.32,-42.34,-59.21,-68.76,-76.07,-75.43
14,10,ward_D,ward,AP-4,-45.39,-94.54,49.15,False,-71.08,-67.29,-70.36,-45.39,-62.27,-71.89,-78.71,-76.73
15,10,ward_D,ward,AP-4,-46.03,-94.55,48.52,False,-68.97,-68.54,-73.07,-46.03,-59.62,-66.11,-73.48,-76.24
16,10,ward_D,ward,AP-4,-50.71,-94.79,44.08,False,-69.91,-70.64,-74.38,-50.71,-58.74,-67.0,-73.81,-72.56
17,10,ward_D,ward,AP-4,-52.77,-92.01,39.24,False,-66.76,-70.16,-73.33,-52.77,-54.94,-66.49,-78.31,-76.76
18,10,ward_D,ward,AP-4,-50.48,-94.32,43.84,False,-69.07,-72.04,-73.52,-50.48,-54.21,-66.53,-73.04,-72.57
19,10,ward_D,ward,AP-5,-53.81,-95.51,41.7,False,-67.15,-70.79,-73.9,-55.82,-53.81,-69.17,-75.6,-73.6
20,10,ward_E,ward,AP-4,-55.06,-95.5,40.44,False,-70.5,-67.71,-69.32,-55.06,-55.78,-63.51,-75.78,-74.7
21,10,ward_E,ward,AP-5,-54.55,-97.55,43.0,False,-68.08,-69.78,-72.2,-57.91,-54.55,-64.73,-74.97,-71.35
22,10,ward_E,ward,AP-5,-51.23,-92.98,41.75,False,-71.05,-68.9,-70.88,-52.2,-51.23,-68.31,-77.18,-75.82
23,10,ward_E,ward,AP-5,-50.76,-94.25,43.49,False,-70.31,-70.73,-69.76,-54.62,-50.76,-67.13,-74.93,-76.29
24,10,ward_E,ward,AP-5,-48.06,-93.71,45.65,False,-68.76,-69.02,-70.46,-58.16,-48.06,-62.86,-75.13,-69.42
25,10,ward_E,ward,AP-5,-40.9,-94.86,53.96,False,-70.77,-69.42,-73.07,-56.58,-40.9,-65.67,-74.61,-71.46
26,10,ward_E,ward,AP-5,-43.72,-93.2,49.48,False,-70.7,-68.02,-74.48,-61.54,-43.72,-64.53,-74.65,-71.02
27,10,ward_E,ward,AP-5,-41.2,-94.7,53.5,False,-72.6,-70.62,-69.25,-60.33,-41.2,-61.73,-78.57,-68.97
28,10,ward_E,ward,AP-5,-39.13,-91.16,52.03,False,-73.19,-66.81,-67.64,-58.19,-39.13,-62.22,-73.67,-74.44
29,10,ward_E,ward,AP-5,-36.27,-95.94,59.67,False,-72.77,-65.09,-71.14,-61.32,-36.27,-60.26,-71.02,-71.08
30,10,ward_E,ward,AP-5,-34.39,-97.58,63.19,False,-72.33,-67.87,-75.38,-65.68,-34.39,-61.85,-75.41,-72.05
31,10,ward_E,ward,AP-5,-39.66,-95.68,56.02,False,-71.86,-69.53,-70.2,-61.91,-39.66,-58.72,-78.52,-69.9
32,10,ward_E,ward,AP-5,-41.95,-96.68,54.73,False,-69.27,-68.13,-71.02,-64.24,-41.95,-61.38,-75.6,-72.55
33,10,ward_E,ward,AP-5,-44.56,-93.03,48.47,False,-71.38,-70.1,-68.76,-65.24,-44.56,-62.1,-73.94,-74.06
34,10,ward_E,ward,AP-5,-42.88,-98.16,55.28,False,-72.03,-69.57,-70.11,-63.34,-42.88,-61.31,-75.29,-66.19
35,10,ward_E,ward,AP-5,-45.83,-95.84,50.01,False,-73.75,-71.11,-68.44,-64.6,-45.83,-60.77,-73.06,-71.79
36,10,ward_E,ward,AP-5,-47.82,-94.78,46.96,False,-73.41,-70.84,-72.12,-65.22,-47.82,-59.84,-74.48,-68.73
37,10,ward_E,ward,AP-5,-52.12,-95.3,43.18,False,-69.19,-69.98,-69.36,-64.77,-52.12,-59.49,-76.16,-68.48
38,10,ward_E,ward,AP-5,-52.45,-95.36,42.91,False,-71.72,-69.28,-69.48,-65.27,-52.45,-54.87,-72.05,-71.79
39,10,ward_E,ward,AP-6,-55.11,-92.35,37.24,False,-69.3,-62.42,-69.88,-66.91,-56.27,-55.11,-73.26,-69.85
40,10,ward_F,ward,AP-5,-55.48,-94.11,38.63,False,-72.14,-71.68,-71.88,-65.9,-55.48,-56.09,-76.35,-68.69
41,10,ward_F,ward,AP-6,-52.24,-96.64,44.4,False,-71.11,-69.31,-66.31,-70.14,-54.95,-52.24,-76.12,-68.51
42,10,ward_F,ward,AP-6,-52.93,-96.39,43.46,False,-72.46,-71.56,-68.22,-64.98,-56.8,-52.93,-75.14,-67.04
43,10,ward_F,ward,AP-6,-49.2,-93.89,44.69,False,-71.22,-66.68,-65.99,-64.88,-57.09,-49.2,-74.15,-70.19
44,10,ward_F,ward,AP-6,-47.9,-93.72,45.82,False,-76.11,-68.13,-71.12,-69.3,-54.72,-47.9,-71.42,-67.77
45,10,ward_F,ward,AP-6,-45.11,-93.82,48.71,False,-73.95,-72.1,-71.32,-72.36,-61.54,-45.11,-72.49,-68.84
46,10,ward_F,ward,AP-6,-44.74,-92.75,48.01,False,-73.24,-69.48,-71.28,-70.5,-59.09,-44.74,-70.18,-65.08
47,10,ward_F,ward,AP-6,-41.88,-95.48,53.6,False,-73.16,-71.78,-69.17,-65.25,-58.34,-41.88,-70.65,-66.73
48,10,ward_F,ward,AP-6,-38.0,-95.56,57.56,False,-71.69,-69.79,-67.36,-66.73,-62.19,-38.0,-70.05,-64.43
49,10,ward_F,ward,AP-6,-38.63,-94.68,56.05,False,-74.02,-66.93,-70.33,-69.62,-60.86,-38.63,-70.55,-68.4
50,10,ward_F,ward,AP-6,-34.17,-97.2,63.03,False,-71.82,-71.92,-72.25,-70.9,-62.51,-34.17,-71.29,-64.85
51,10,ward_F,ward,AP-6,-38.67,-91.99,53.32,False,-72.32,-75.42,-69.93,-69.54,-64.58,-38.67,-73.14,-66.1
52,10,ward_F,ward,AP-6,-41.0,-93.03,52.03,False,-77.63,-70.4,-69.63,-73.08,-66.38,-41.0,-70.85,-63.48
53,10,ward_F,ward,AP-6,-45.36,-91.97,46.61,False,-76.72,-75.64,-68.11,-70.68,-61.78,-45.36,-68.45,-64.29
54,10,ward_F,ward,AP-6,-47.23,-93.1,45.87,False,-75.4,-68.77,-70.45,-67.71,-65.69,-47.23,-70.88,-79.99
55,10,ward_F,ward,AP-6,-47.46,-93.22,45.76,False,-75.27,-70.92,-69.36,-69.59,-63.07,-47.46,-69.34,-82.06
56,10,ward_F,ward,AP-6,-46.16,-94.26,48.1,False,-76.07,-71.7,-70.53,-75.68,-68.06,-46.16,-69.97,-108.35
57,10,ward_F,ward,AP-6,-47.83,-91.33,43.5,False,-75.41,-70.51,-70.34,-72.83,-68.39,-47.83,-70.09,-106.29
58,10,ward_F,ward,AP-6,-51.53,-95.47,43.94,False,-73.29,-69.36,-68.86,-74.09,-65.62,-51.53,-71.75,-103.93
59,10,ward_F,ward,AP-6,-52.88,-95.93,43.05,False,-75.3,-72.13,-72.6,-72.24,-65.41,-52.88,-113.5,-106.74
60,10,icu,icu,AP-6,-83.39,-94.86,11.47,True,-102.23,-101.16,-93.61,-101.21,-93.26,-83.39,-115.3,-104.84
61,10,icu,icu,AP-6,-80.27,-92.87,12.6,True,-101.08,-97.26,-98.17,-97.05,-93.6,-80.27,-113.06,-111.09
62,10,icu,icu,AP-6,-83.77,-94.23,10.46,True,-101.98,-96.79,-95.58,-100.27,-90.51,-83.77,-113.31,-106.71
63,10,icu,icu,AP-6,-81.65,-95.28,13.63,True,-99.66,-96.69,-111.88,-100.47,-94.01,-81.65,-111.46,-104.6
64,10,icu,icu,AP-6,-81.38,-94.14,12.76,True,-101.2,-96.42,-112.18,-97.7,-94.68,-81.38,-114.57,-105.28
65,10,icu,icu,AP-6,-88.66,-93.89,5.23,True,-104.44,-98.94,-112.69,-99.39,-92.57,-88.66,-117.17,-103.43
66,10,icu,icu,AP-6,-88.1,-92.73,4.63,True,-98.04,-98.83,-110.97,-95.48,-99.15,-88.1,-114.83,-108.25
67,10,icu,icu,AP-6,-84.15,-93.23,9.08,True,-102.62,-100.18,-111.03,-98.85,-96.07,-84.15,-115.68,-106.82
68,10,icu,icu,AP-6,-89.32,-93.97,4.65,True,-103.93,-117.95,-114.56,-101.49,-100.32,-89.32,-113.55,-102.72
69,10,icu,icu,AP-6,-88.03,-94.17,6.14,True,-103.43,-117.38,-117.14,-101.08,-96.03,-88.03,-112.68,-104.76
70,10,icu,icu,AP-6,-89.25,-94.88,5.63,True,-98.14,-116.22,-117.87,-103.57,-95.97,-89.25,-114.4,-102.82
71,10,icu,icu,AP-6,-87.03,-93.13,6.1,True,-105.12,-114.6,-114.49,-101.08,-95.73,-87.03,-115.4,-105.66
72,10,icu,icu,AP-6,-91.3,-95.15,3.85,True,-100.38,-119.27,-114.21,-98.12,-96.97,-91.3,-115.27,-104.74
73,10,icu,icu,AP-6,-88.3,-93.9,5.6,True,-120.92,-117.29,-114.95,-100.36,-94.08,-88.3,-112.97,-103.86
74,10,icu,icu,AP-7,-71.34,-94.49,23.15,False,-118.88,-122.02,-114.49,-100.75,-97.28,-91.37,-71.34,-107.79
75,10,icu,icu,AP-7,-71.94,-95.26,23.32,False,-119.93,-118.63,-112.59,-102.8,-98.48,-90.0,-71.94,-104.54
76,10,icu,icu,AP-7,-71.1,-97.16,26.06,False,-120.37,-116.44,-118.14,-102.04,-97.31,-94.33,-71.1,-82.15
77,10,icu,icu,AP-7,-72.81,-94.63,21.82,False,-118.92,-118.23,-119.56,-103.07,-98.46,-91.32,-72.81,-84.16
78,10,icu,icu,AP-8,-63.98,-97.41,33.43,False,-123.65,-116.72,-89.25,-101.82,-99.2,-91.31,-71.24,-63.98
79,10,icu,icu,AP-8,-66.24,-96.55,30.31,False,-121.87,-123.37,-90.15,-97.53,-100.26,-93.58,-69.79,-66.24
0,11,ward_D,ward,AP-4,-54.97,-92.95,37.98,False,-69.84,-72.06,-74.12,-54.97,-68.55,-74.08,-80.16,-76.81
1,11,ward_D,ward,AP-4,-53.94,-96.11,42.17,False,-70.94,-74.5,-75.83,-53.94,-69.79,-75.97,-82.32,-77.37
2,11,ward_D,ward,AP-4,-53.56,-95.48,41.92,False,-65.61,-71.22,-77.57,-53.56,-67.44,-75.78,-78.63,-74.87
3,11,ward_D,ward,AP-4,-49.59,-95.75,46.16,False,-70.5,-75.78,-78.31,-49.59,-66.33,-72.42,-81.18,-75.14
4,11,ward_D,ward,AP-4,-48.08,-92.85,44.77,False,-72.73,-73.88,-76.47,-48.08,-68.94,-70.79,-78.22,-75.02
5,11,ward_D,ward,AP-4,-49.26,-96.96,47.7,False,-69.58,-72.76,-73.86,-49.26,-62.98,-72.39,-78.91,-78.8
6,11,ward_D,ward,AP-4,-47.82,-94.43,46.61,False,-69.56,-70.4,-74.88,-47.82,-66.01,-70.97,-74.24,-76.65
7,11,ward_D,ward,AP-4,-41.81,-95.96,54.15,False,-68.9,-71.96,-76.97,-41.81,-66.8,-70.79,-76.07,-76.54
8,11,ward_D,ward,AP-4,-34.65,-95.19,60.54,False,-66.86,-66.55,-77.99,-34.65,-63.31,-70.79,-76.24,-72.9
9,11,ward_D,ward,AP-4,-33.05,-94.16,61.11,False,-64.56,-73.19,-72.8,-33.05,-65.85,-70.3,-76.04,-76.94
10,11,ward_D,ward,AP-4,-25.57,-98.86,73.29,False,-70.31,-68.45,-77.1,-25.57,-61.85,-70.42,-77.33,-75.83
11,11,ward_D,ward,AP-4,-27.48,-95.7,68.22,False,-71.8,-68.52,-72.58,-27.48,-61.68,-67.16,-77.46,-73.33
12,11,ward_D,ward,AP-4,-32.72,-95.37,62.65,False,-69.98,-68.55,-76.68,-32.72,-57.46,-70.23,-74.28,-76.27
13,11,ward_D,ward,AP-4,-38.19,-95.53,57.34,False,-68.43,-71.32,-72.2,-38.19,-59.15,-70.92,-79.94,-74.16
14,11,ward_D,ward,AP-4,-40.16,-96.53,56.37,False,-72.18,-72.49,-74.0,-40.16,-58.96,-71.32,-78.9,-76.78
15,11,ward_D,ward,AP-4,-42.26,-94.23,51.97,False,-68.67,-67.72,-67.84,-42.26,-59.9,-67.34,-76.39,-71.1
16,11,ward_D,ward,AP-4,-49.19,-90.99,41.8,False,-70.04,-67.88,-74.66,-49.19,-58.73,-69.4,-80.6,-72.34
17,11,ward_D,ward,AP-4,-49.93,-95.25,45.32,False,-71.59,-66.98,-76.29,-49.93,-58.87,-68.13,-75.24,-76.74
18,11,ward_D,ward,AP-4,-48.79,-94.2,45.41,False,-67.71,-71.43,-70.24,-48.79,-57.19,-65.29,-80.02,-75.17
19,11,ward_D,ward,AP-4,-52.69,-94.15,41.46,False,-67.38,-67.26,-70.58,-52.69,-53.81,-67.68,-78.92,-71.91
20,11,ward_E,ward,AP-5,-53.9,-94.39,40.49,False,-69.62,-70.52,-68.47,-55.9,-53.9,-68.75,-75.94,-71.22
21,11,ward_E,ward,AP-5,-53.63,-96.06,42.43,False,-70.08,-67.65,-70.32,-55.32,-53.63,-68.38,-79.46,-70.16
22,11,ward_E,ward,AP-5,-51.53,-93.31,41.78,False,-71.89,-70.89,-74.29,-54.02,-51.53,-68.46,-77.13,-75.04
23,11,ward_E,ward,AP-5,-49.31,-95.74,46.43,False,-72.55,-68.95,-70.86,-56.47,-49.31,-66.34,-80.06,-72.83
24,11,ward_E,ward,AP-5,-47.22,-93.69,46.47,False,-72.45,-66.15,-69.15,-58.85,-47.22,-65.6,-78.99,-73.42
25,11,ward_E,ward,AP-5,-48.11,-93.86,45.75,False,-70.16,-70.99,-69.23,-58.24,-48.11,-66.27,-75.9,-74.29
26,11,ward_E,ward,AP-5,-45.41,-96.37,50.96,False,-71.16,-68.67,-67.75,-61.06,-45.41,-64.63,-75.8,-72.74
27,11,ward_E,ward,AP-5,-34.3,-96.65,62.35,False,-73.32,-69.7,-73.74,-62.66,-34.3,-59.27,-69.99,-72.44
28,11,ward_E,ward,AP-5,-33.98,-95.3,61.32,False,-69.25,-70.94,-71.54,-63.01,-33.98,-63.79,-73.94,-72.78
29,11,ward_E,ward,AP-5,-31.13,-95.22,64.09,False,-74.14,-69.07,-71.45,-60.97,-31.13,-65.0,-74.28,-68.39
30,11,ward_E,ward,AP-5,-28.65,-96.2,67.55,False,-67.1,-73.86,-72.4,-62.96,-28.65,-67.9,-74.18,-73.04
31,11,ward_E,ward,AP-5,-31.77,-96.31,64.54,False,-71.11,-69.3,-71.76,-61.78,-31.77,-59.53,-71.67,-73.95
32,11,ward_E,ward,AP-5,-33.76,-94.5,60.74,False,-69.14,-71.43,-71.52,-63.26,-33.76,-58.8,-74.25,-69.43
33,11,ward_E,ward,AP-5,-42.57,-92.06,49.49,False,-67.9,-68.93,-70.49,-64.51,-42.57,-63.05,-79.19,-67.3
34,11,ward_E,ward,AP-5,-41.96,-96.18,54.22,False,-74.76,-67.25,-69.27,-65.04,-41.96,-59.92,-68.36,-68.15
35,11,ward_E,ward,AP-5,-45.49,-98.45,52.96,False,-73.66,-66.23,-70.47,-65.56,-45.49,-58.8,-71.19,-71.57
36,11,ward_E,ward,AP-5,-49.82,-95.34,45.52,False,-72.77,-70.64,-71.09,-68.93,-49.82,-61.01,-71.44,-71.57
37,11,ward_E,ward,AP-5,-48.61,-94.72,46.11,False,-68.96,-69.79,-68.94,-64.05,-48.61,-58.37,-75.29,-66.52
38,11,ward_E,ward,AP-5,-50.39,-95.62,45.23,False,-73.44,-69.89,-69.68,-70.06,-50.39,-54.15,-74.37,-70.48
39,11,ward_E,ward,AP-5,-54.0,-95.64,41.64,False,-72.58,-65.24,-67.77,-66.58,-54.0,-55.03,-73.28,-70.83
40,11,ward_F,ward,AP-5,-54.84,-91.87,37.03,False,-71.48,-71.51,-72.0,-67.66,-54.84,-57.48,-70.39,-65.85
41,11,ward_F,ward,AP-6,-52.45,-94.26,41.81,False,-73.45,-68.32,-66.82,-66.66,-52.89,-52.45,-73.6,-66.96
42,11,ward_F,ward,AP-6,-51.66,-98.2,46.54,False,-71.36,-67.39,-68.87,-68.56,-53.88,-51.66,-74.12,-65.69
43,11,ward_F,ward,AP-6,-49.16,-94.33,45.17,False,-70.66,-68.0,-69.11,-66.22,-58.01,-49.16,-75.22,-69.74
44,11,ward_F,ward,AP-6,-48.26,-94.92,46.66,False,-73.9,-72.1,-67.19,-69.03,-59.44,-48.26,-69.2,-64.8
45,11,ward_F,ward,AP-6,-45.39,-93.49,48.1,False,-71.97,-71.1,-65.39,-66.6,-59.65,-45.39,-70.23,-64.71
46,11,ward_F,ward,AP-6,-42.72,-95.63,52.91,False,-72.06,-69.39,-72.13,-66.63,-60.39,-42.72,-72.0,-64.21
47,11,ward_F,ward,AP-6,-39.3,-97.32,58.02,False,-75.94,-67.28,-67.51,-66.8,-60.54,-39.3,-70.02,-68.04
48,11,ward_F,ward,AP-6,-35.58,-94.49,58.91,False,-75.44,-71.64,-65.32,-65.08,-61.56,-35.58,-72.34,-66.17
49,11,ward_F,ward,AP-6,-30.99,-95.79,64.8,False,-73.29,-71.22,-69.09,-71.74,-63.27,-30.99,-70.2,-64.39
50,11,ward_F,ward,AP-6,-23.18,-95.97,72.79,False,-72.2,-70.55,-66.95,-71.22,-58.82,-23.18,-70.02,-62.16
51,11,ward_F,ward,AP-6,-32.79,-95.56,62.77,False,-70.84,-73.27,-68.71,-72.37,-66.83,-32.79,-72.24,-63.76
52,11,ward_F,ward,AP-6,-36.26,-95.78,59.52,False,-72.62,-71.64,-70.73,-68.72,-61.17,-36.26,-74.49,-66.6
53,11,ward_F,ward,AP-6,-42.34,-94.21,51.87,False,-74.52,-68.75,-68.76,-71.14,-63.26,-42.34,-68.92,-61.08
54,11,ward_F,ward,AP-6,-44.43,-96.2,51.77,False,-71.75,-71.82,-68.93,-69.26,-64.98,-44.43,-67.51,-82.13
55,11,ward_F,ward,AP-6,-47.13,-95.5,48.37,False,-75.04,-75.77,-66.9,-69.58,-67.62,-47.13,-67.28,-79.61
56,11,ward_F,ward,AP-6,-48.34,-96.65,48.31,False,-75.52,-70.86,-66.21,-70.99,-64.48,-48.34,-67.83,-105.11
57,11,ward_F,ward,AP-6,-50.04,-95.5,45.46,False,-76.14,-68.23,-72.75,-74.92,-64.97,-50.04,-73.11,-113.02
58,11,ward_F,ward,AP-6,-53.12,-95.0,41.88,False,-73.17,-74.01,-71.48,-71.51,-63.7,-53.12,-71.48,-108.81
59,11,ward_F,ward,AP-6,-55.47,-97.42,41.95,False,-77.19,-72.52,-74.17,-71.47,-70.62,-55.47,-114.2,-109.6
60,11,icu,icu,AP-6,-77.3,-96.3,19.0,True,-102.75,-101.04,-95.78,-98.76,-88.94,-77.3,-118.59,-105.79
61,11,icu,icu,AP-6,-83.5,-94.15,10.65,True,-100.12,-98.23,-93.77,-97.49,-93.52,-83.5,-114.46,-103.95
62,11,icu,icu,AP-6,-79.57,-94.82,15.25,True,-101.57,-96.38,-94.77,-101.62,-92.78,-79.57,-110.97,-106.22
63,11,icu,icu,AP-6,-83.54,-94.88,11.34,True,-101.83,-100.6,-112.05,-101.13,-93.37,-83.54,-114.75,-105.06
64,11,icu,icu,AP-6,-83.06,-93.76,10.7,True,-100.53,-98.89,-113.38,-98.76,-94.71,-83.06,-114.7,-104.96
65,11,icu,icu,AP-6,-84.58,-92.5,7.92,True,-100.05,-96.62,-110.52,-99.41,-92.23,-84.58,-111.52,-103.29
66,11,icu,icu,AP-6,-83.02,-94.69,11.67,True,-100.17,-97.08,-112.44,-100.94,-95.85,-83.02,-116.09,-101.66
67,11,icu,icu,AP-6,-84.74,-94.71,9.97,True,-100.77,-96.67,-112.72,-100.31,-99.19,-84.74,-112.41,-107.74
68,11,icu,icu,AP-6,-87.87,-98.4,10.53,True,-102.36,-114.71,-116.77,-101.47,-95.61,-87.87,-113.17,-108.97
69,11,icu,icu,AP-6,-85.65,-95.0,9.35,True,-102.36,-115.87,-115.17,-99.83,-94.93,-85.65,-113.41,-108.35
70,11,icu,icu,AP-6,-89.55,-94.92,5.37,True,-102.21,-114.14,-116.66,-96.19,-96.01,-89.55,-114.16,-102.81
71,11,icu,icu,AP-6,-83.79,-92.22,8.43,True,-104.12,-115.94,-111.87,-100.96,-92.73,-83.79,-118.47,-105.13
72,11,icu,icu,AP-6,-88.6,-95.72,7.12,True,-101.77,-114.53,-112.84,-104.06,-97.7,-88.6,-111.0,-105.49
73,11,icu,icu,AP-6,-91.6,-94.74,3.14,True,-121.99,-117.29,-113.74,-96.77,-97.0,-91.6,-112.49,-105.01
74,11,icu,icu,AP-7,-73.65,-95.4,21.75,False,-122.49,-116.9,-115.29,-102.63,-98.18,-87.68,-73.65,-105.95
75,11,icu,icu,AP-7,-70.67,-94.2,23.53,False,-119.72,-118.37,-112.66,-103.27,-96.41,-89.58,-70.67,-102.89
76,11,icu,icu,AP-7,-72.03,-94.8,22.77,False,-120.82,-115.99,-113.89,-102.43,-95.6,-86.14,-72.03,-79.98
77,11,icu,icu,AP-7,-68.34,-95.26,26.92,False,-121.31,-122.13,-116.11,-103.72,-94.93,-93.3,-68.34,-83.44
78,11,icu,icu,AP-8,-62.0,-93.14,31.14,False,-122.45,-119.64,-93.13,-99.51,-95.81,-89.1,-69.15,-62.0
79,11,icu,icu,AP-8,-65.05,-99.48,34.43,False,-123.32,-117.55,-87.28,-101.76,-98.66,-93.69,-71.7,-65.05
0,12,ward_D,ward,AP-4,-53.62,-91.6,37.98,False,-68.08,-69.11,-74.49,-53.62,-68.79,-74.03,-75.86,-80.1
1,12,ward_D,ward,AP-4,-53.59,-95.74,42.15,False,-71.94,-70.25,-76.92,-53.59,-71.23,-71.41,-77.67,-75.04
2,12,ward_D,ward,AP-4,-52.26,-95.09,42.83,False,-66.17,-71.42,-75.75,-52.26,-64.02,-72.33,-77.54,-79.97
3,12,ward_D,ward,AP-4,-48.46,-96.49,48.03,False,-70.78,-73.23,-78.94,-48.46,-66.27,-72.79,-80.22,-76.47
4,12,ward_D,ward,AP-4,-46.58,-95.48,48.9,False,-68.87,-70.17,-74.31,-46.58,-66.95,-76.42,-77.55,-78.79
5,12,ward_D,ward,AP-4,-46.21,-94.58,48.37,False,-70.99,-71.72,-73.55,-46.21,-67.57,-71.98,-77.42,-76.43
6,12,ward_D,ward,AP-4,-43.54,-95.08,51.54,False,-66.11,-67.75,-73.28,-43.54,-63.9,-74.77,-77.8,-72.57
7,12,ward_D,ward,AP-4,-39.91,-96.51,56.6,False,-68.57,-72.47,-72.3,-39.91,-63.5,-72.41,-80.1,-76.46
8,12,ward_D,ward,AP-4,-33.11,-93.17,60.06,False,-69.87,-71.88,-70.91,-33.11,-62.94,-72.69,-76.31,-76.18
9,12,ward_D,ward,AP-4,-25.8,-97.49,71.69,False,-68.94,-67.13,-74.64,-25.8,-63.93,-71.19,-79.34,-78.02
10,12,ward_D,ward,AP-4,-18.84,-94.39,75.55,False,-70.18,-72.29,-73.42,-18.84,-62.72,-68.22,-76.04,-78.65
11,12,ward_D,ward,AP-4,-25.25,-95.74,70.49,False,-67.3,-70.52,-75.71,-25.25,-62.3,-70.0,-75.92,-74.49
12,12,ward_D,ward,AP-4,-34.74,-94.47,59.73,False,-71.75,-69.89,-73.88,-34.74,-60.48,-69.14,-79.09,-73.44
13,12,ward_D,ward,AP-4,-38.44,-96.91,58.47,False,-68.22,-69.8,-69.07,-38.44,-60.6,-73.07,-77.32,-73.95
14,12,ward_D,ward,AP-4,-45.85,-93.68,47.83,False,-68.88,-69.5,-71.69,-45.85,-60.06,-70.03,-76.62,-73.88
15,12,ward_D,ward,AP-4,-44.64,-95.97,51.33,False,-66.44,-64.45,-72.64,-44.64,-59.16,-69.37,-78.29,-74.86
16,12,ward_D,ward,AP-4,-47.36,-95.54,48.18,False,-71.25,-69.19,-74.02,-47.36,-58.64,-67.85,-73.44,-73.24
17,12,ward_D,ward,AP-4,-50.34,-95.17,44.83,False,-69.5,-68.95,-73.54,-50.34,-54.88,-67.93,-77.11,-73.7
18,12,ward_D,ward,AP-4,-52.45,-94.3,41.85,False,-69.86,-68.75,-73.33,-52.45,-54.77,-69.48,-73.23,-76.33
19,12,ward_D,ward,AP-4,-50.89,-96.56,45.67,False,-68.14,-68.43,-71.75,-50.89,-55.65,-68.49,-76.52,-69.65
20,12,ward_E,ward,AP-4,-51.77,-95.88,44.11,False,-66.87,-70.69,-71.09,-51.77,-56.42,-69.11,-73.96,-71.0
21,12,ward_E,ward,AP-4,-52.59,-95.58,42.99,False,-65.64,-69.48,-71.21,-52.59,-54.18,-63.6,-77.04,-73.36
22,12,ward_E,ward,AP-5,-52.12,-95.55,43.43,False,-64.6,-68.78,-70.06,-53.85,-52.12,-64.7,-76.01,-76.39
23,12,ward_E,ward,AP-5,-48.79,-94.13,45.34,False,-69.27,-73.24,-73.99,-57.32,-48.79,-64.79,-75.27,-74.01
24,12,ward_E,ward,AP-5,-49.57,-96.53,46.96,False,-72.23,-67.28,-74.48,-56.24,-49.57,-62.48,-75.92,-73.69
25,12,ward_E,ward,AP-5,-47.33,-96.08,48.75,False,-68.49,-71.05,-71.77,-58.06,-47.33,-66.95,-75.93,-74.92
26,12,ward_E,ward,AP-5,-42.47,-94.54,52.07,False,-69.82,-71.7,-71.07,-59.54,-42.47,-64.64,-79.44,-73.76
27,12,ward_E,ward,AP-5,-42.09,-98.19,56.1,False,-70.26,-70.82,-67.75,-57.96,-42.09,-64.42,-73.52,-68.47
28,12,ward_E,ward,AP-5,-31.09,-91.17,60.08,False,-68.81,-69.3,-70.42,-61.73,-31.09,-59.67,-74.98,-73.31
29,12,ward_E,ward,AP-5,-26.65,-94.73,68.08,False,-69.39,-70.66,-68.32,-62.19,-26.65,-60.89,-77.72,-69.31
30,12,ward_E,ward,AP-5,-16.8,-95.4,78.6,False,-69.7,-68.12,-73.73,-63.95,-16.8,-61.38,-74.24,-74.23
31,12,ward_E,ward,AP-5,-29.0,-95.26,66.26,False,-72.17,-70.04,-69.28,-62.4,-29.0,-62.05,-72.81,-70.27
32,12,ward_E,ward,AP-5,-36.15,-93.45,57.3,False,-70.72,-70.89,-66.31,-63.31,-36.15,-64.82,-77.34,-71.62
33,12,ward_E,ward,AP-5,-34.86,-94.27,59.41,False,-72.05,-69.08,-71.96,-61.13,-34.86,-65.9,-74.37,-69.11
34,12,ward_E,ward,AP-5,-46.41,-95.83,49.42,False,-72.11,-69.54,-68.44,-61.6,-46.41,-61.09,-72.56,-71.85
35,12,ward_E,ward,AP-5,-48.27,-94.04,45.77,False,-68.61,-68.08,-70.7,-64.17,-48.27,-58.58,-72.41,-67.1
36,12,ward_E,ward,AP-5,-45.29,-97.03,51.74,False,-71.16,-69.09,-70.01,-63.15,-45.29,-56.99,-73.09,-70.93
37,12,ward_E,ward,AP-5,-50.02,-94.63,44.61,False,-72.52,-67.21,-69.06,-63.51,-50.02,-60.42,-74.38,-67.24
38,12,ward_E,ward,AP-5,-52.32,-92.7,40.38,False,-71.55,-68.94,-70.26,-65.22,-52.32,-55.41,-72.81,-71.82
39,12,ward_E,ward,AP-5,-53.62,-95.77,42.15,False,-72.49,-67.26,-67.96,-66.98,-53.62,-54.74,-73.77,-69.97
40,12,ward_F,ward,AP-6,-53.02,-92.96,39.94,False,-75.51,-71.05,-69.32,-66.23,-58.03,-53.02,-69.9,-66.22
41,12,ward_F,ward,AP-5,-50.77,-97.82,47.05,False,-74.76,-71.08,-71.76,-65.01,-50.77,-55.91,-72.73,-70.34
42,12,ward_F,ward,AP-6,-52.94,-95.78,42.84,False,-74.43,-66.31,-69.85,-66.52,-54.88,-52.94,-69.59,-69.53
43,12,ward_F,ward,AP-6,-53.26,-92.63,39.37,False,-71.82,-69.98,-69.27,-66.88,-54.87,-53.26,-72.05,-64.49
44,12,ward_F,ward,AP-6,-46.8,-95.27,48.47,False,-77.94,-71.04,-68.53,-69.7,-56.63,-46.8,-70.88,-67.16
45,12,ward_F,ward,AP-6,-47.07,-96.52,49.45,False,-71.21,-68.58,-67.97,-69.0,-60.44,-47.07,-71.58,-64.28
46,12,ward_F,ward,AP-6,-44.41,-94.01,49.6,False,-72.61,-68.99,-69.1,-69.79,-58.41,-44.41,-68.92,-69.51
47,12,ward_F,ward,AP-6,-40.9,-96.6,55.7,False,-72.06,-67.16,-72.63,-72.01,-58.27,-40.9,-71.63,-63.53
48,12,ward_F,ward,AP-6,-34.64,-94.17,59.53,False,-75.72,-72.06,-68.6,-71.71,-61.02,-34.64,-70.44,-66.66
49,12,ward_F,ward,AP-6,-28.78,-95.98,67.2,False,-72.12,-68.46,-67.63,-71.39,-61.58,-28.78,-70.71,-63.19
50,12,ward_F,ward,AP-6,-18.88,-93.27,74.39,False,-71.21,-68.73,-64.57,-73.08,-62.26,-18.88,-72.04,-63.13
51,12,ward_F,ward,AP-6,-24.72,-96.02,71.3,False,-74.23,-71.24,-70.68,-71.24,-62.45,-24.72,-69.22,-65.45
52,12,ward_F,ward,AP-6,-32.79,-92.5,59.71,False,-71.69,-70.2,-71.95,-68.22,-64.93,-32.79,-71.64,-63.89
53,12,ward_F,ward,AP-6,-37.49,-92.74,55.25,False,-78.17,-71.55,-70.0,-72.27,-64.74,-37.49,-70.03,-64.62
54,12,ward_F,ward,AP-6,-43.61,-94.98,51.37,False,-73.03,-72.84,-69.34,-73.35,-64.2,-43.61,-69.3,-82.42
55,12,ward_F,ward,AP-6,-43.91,-93.18,49.27,False,-76.08,-72.47,-66.94,-75.29,-64.65,-43.91,-68.09,-82.94
56,12,ward_F,ward,AP-6,-46.37,-91.47,45.1,False,-75.28,-71.25,-68.14,-75.18,-62.98,-46.37,-71.94,-106.94
57,12,ward_F,ward,AP-6,-50.73,-95.55,44.82,False,-75.64,-71.76,-72.03,-73.26,-65.01,-50.73,-70.25,-104.84
58,12,ward_F,ward,AP-6,-50.11,-94.33,44.22,False,-73.4,-72.18,-69.02,-73.08,-70.1,-50.11,-68.94,-103.67
59,12,ward_F,ward,AP-6,-51.72,-91.98,40.26,False,-75.75,-70.89,-63.48,-75.51,-65.72,-51.72,-111.73,-107.84
60,12,icu,icu,AP-6,-78.55,-95.68,17.13,True,-98.17,-97.62,-90.38,-98.22,-88.1,-78.55,-117.39,-104.82
61,12,icu,icu,AP-6,-83.51,-94.39,10.88,True,-103.67,-99.32,-93.58,-100.29,-90.73,-83.51,-113.81,-103.64
62,12,icu,icu,AP-6,-78.58,-95.43,16.85,True,-102.21,-96.99,-96.32,-100.43,-95.97,-78.58,-114.09,-106.41
63,12,icu,icu,AP-6,-79.87,-96.03,16.16,True,-98.53,-94.2,-114.16,-95.64,-93.6,-79.87,-111.49,-105.83
64,12,icu,icu,AP-6,-82.16,-95.94,13.78,True,-104.75,-97.82,-111.68,-99.89,-96.34,-82.16,-111.61,-103.86
65,12,icu,icu,AP-6,-80.19,-95.8,15.61,True,-100.9,-99.96,-112.09,-98.95,-92.09,-80.19,-109.53,-102.38
66,12,icu,icu,AP-6,-83.69,-95.26,11.57,True,-100.41,-101.08,-112.8,-100.18,-95.56,-83.69,-114.08,-100.1
67,12,icu,icu,AP-6,-85.74,-93.81,8.07,True,-98.1,-97.87,-114.92,-99.92,-90.6,-85.74,-113.04,-103.04
68,12,icu,icu,AP-6,-87.72,-94.24,6.52,True,-100.55,-120.01,-114.54,-101.42,-89.13,-87.72,-112.95,-98.82
69,12,icu,icu,AP-6,-90.39,-92.12,1.73,True,-99.53,-115.11,-116.41,-101.49,-96.02,-90.39,-117.41,-102.3
70,12,icu,icu,AP-6,-87.48,-95.81,8.33,True,-104.51,-117.23,-110.49,-98.66,-98.66,-87.48,-112.46,-108.18
71,12,icu,icu,AP-6,-90.6,-95.2,4.6,True,-103.64,-121.78,-115.16,-100.72,-95.29,-90.6,-112.24,-104.97
72,12,icu,icu,AP-6,-89.62,-95.7,6.08,True,-103.87,-121.7,-112.01,-100.23,-96.48,-89.62,-116.07,-103.96
73,12,icu,icu,AP-6,-88.45,-97.18,8.73,True,-119.68,-116.19,-114.91,-102.82,-97.05,-88.45,-116.87,-104.61
74,12,icu,icu,AP-7,-73.08,-94.04,20.96,False,-121.72,-113.09,-116.07,-103.6,-97.82,-90.07,-73.08,-104.54
75,12,icu,icu,AP-7,-72.24,-94.98,22.74,False,-120.12,-117.19,-114.8,-103.63,-97.2,-89.07,-72.24,-105.9
76,12,icu,icu,AP-7,-67.57,-94.91,27.34,False,-116.76,-115.8,-111.73,-100.52,-98.77,-89.37,-67.57,-82.74
77,12,icu,icu,AP-7,-71.66,-94.79,23.13,False,-121.17,-117.11,-112.28,-102.51,-98.11,-84.76,-71.66,-83.8
78,12,icu,icu,AP-8,-63.02,-93.27,30.25,False,-122.7,-118.75,-90.03,-106.85,-97.88,-91.04,-68.42,-63.02
79,12,icu,icu,AP-8,-63.93,-93.29,29.36,False,-118.44,-117.53,-89.05,-103.13,-97.06,-92.59,-75.58,-63.93
0,13,ward_D,ward,AP-4,-54.57,-94.68,40.11,False,-66.92,-72.49,-77.22,-54.57,-67.42,-75.89,-80.6,-77.48
1,13,ward_D,ward,AP-4,-53.16,-92.53,39.37,False,-67.43,-73.38,-79.32,-53.16,-64.97,-76.26,-80.16,-78.49
2,13,ward_D,ward,AP-4,-52.77,-96.75,43.98,False,-66.28,-72.24,-73.73,-52.77,-66.58,-76.74,-80.26,-78.88
3,13,ward_D,ward,AP-4,-48.65,-95.65,47.0,False,-67.3,-73.38,-73.1,-48.65,-65.59,-70.46,-77.66,-78.21
4,13,ward_D,ward,AP-4,-48.34,-95.36,47.02,False,-67.0,-73.76,-73.12,-48.34,-64.37,-72.3,-79.58,-73.43
5,13,ward_D,ward,AP-4,-45.6,-93.52,47.92,False,-67.66,-72.09,-76.37,-45.6,-66.14,-72.4,-77.6,-77.49
6,13,ward_D,ward,AP-4,-43.95,-97.42,53.47,False,-67.02,-74.95,-76.41,-43.95,-66.6,-73.46,-76.44,-75.26
7,13,ward_D,ward,AP-4,-38.34,-94.1,55.76,False,-70.78,-70.15,-75.0,-38.34,-65.43,-71.65,-79.33,-76.61
8,13,ward_D,ward,AP-4,-35.89,-96.09,60.2,False,-67.38,-72.7,-72.13,-35.89,-62.71,-70.57,-78.34,-74.12
9,13,ward_D,ward,AP-4,-25.8,-93.17,67.37,False,-68.89,-72.74,-77.12,-25.8,-63.35,-71.96,-73.53,-79.15
10,13,ward_D,ward,AP-4,-26.58,-94.96,68.38,False,-67.63,-70.41,-74.31,-26.58,-59.45,-68.81,-77.4,-77.04
11,13,ward_D,ward,AP-4,-31.72,-98.19,66.47,False,-70.15,-71.59,-74.26,-31.72,-63.1,-71.26,-79.06,-72.23
12,13,ward_D,ward,AP-4,-36.09,-95.61,59.52,False,-66.75,-68.46,-73.83,-36.09,-60.87,-70.13,-75.43,-73.98
13,13,ward_D,ward,AP-4,-38.41,-96.21,57.8,False,-70.15,-69.01,-72.14,-38.41,-61.56,-64.94,-80.14,-71.17
14,13,ward_D,ward,AP-4,-40.1,-95.11,55.01,False,-68.43,-65.98,-69.37,-40.1,-58.13,-68.75,-79.3,-77.03
15,13,ward_D,ward,AP-4,-43.0,-95.33,52.33,False,-67.06,-67.89,-71.21,-43.0,-56.1,-69.14,-80.54,-72.41
16,13,ward_D,ward,AP-4,-48.39,-94.82,46.43,False,-69.3,-68.85,-75.31,-48.39,-61.0,-73.51,-77.62,-71.3
17,13,ward_D,ward,AP-4,-53.56,-94.42,40.86,False,-66.86,-69.29,-71.73,-53.56,-58.67,-70.26,-78.8,-73.78
18,13,ward_D,ward,AP-4,-51.25,-96.55,45.3,False,-67.8,-69.05,-70.95,-51.25,-55.7,-69.3,-74.81,-72.94
19,13,ward_D,ward,AP-5,-53.15,-95.54,42.39,False,-69.91,-66.67,-74.77,-53.61,-53.15,-66.4,-73.78,-72.34
20,13,ward_E,ward,AP-5,-53.8,-96.06,42.26,False,-72.25,-64.58,-70.34,-55.81,-53.8,-68.61,-75.78,-72.14
21,13,ward_E,ward,AP-4,-52.83,-94.67,41.84,False,-65.02,-69.26,-72.68,-52.83,-55.09,-66.68,-71.18,-72.89
22,13,ward_E,ward,AP-5,-49.52,-95.5,45.98,False,-70.08,-70.36,-72.03,-51.69,-49.52,-65.44,-73.87,-70.93
23,13,ward_E,ward,AP-5,-52.37,-93.84,41.47,False,-69.09,-68.54,-70.49,-59.14,-52.37,-67.54,-74.31,-74.8
24,13,ward_E,ward,AP-5,-51.0,-93.85,42.85,False,-71.48,-68.76,-73.97,-56.88,-51.0,-69.63,-74.8,-71.7
25,13,ward_E,ward,AP-5,-43.04,-93.55,50.51,False,-68.98,-67.43,-70.65,-58.53,-43.04,-65.56,-76.71,-69.48
26,13,ward_E,ward,AP-5,-44.15,-93.53,49.38,False,-68.33,-69.3,-69.87,-56.34,-44.15,-63.29,-77.27,-73.7
27,13,ward_E,ward,AP-5,-35.88,-94.59,58.71,False,-68.31,-68.87,-72.82,-61.94,-35.88,-63.99,-72.7,-70.42
28,13,ward_E,ward,AP-5,-36.4,-96.26,59.86,False,-68.9,-68.8,-68.22,-60.96,-36.4,-62.5,-74.34,-70.53
29,13,ward_E,ward,AP-5,-31.35,-96.76,65.41,False,-73.5,-72.52,-73.24,-63.81,-31.35,-63.0,-73.14,-69.97
30,13,ward_E,ward,AP-5,-25.44,-97.34,71.9,False,-66.34,-68.35,-71.32,-62.61,-25.44,-61.72,-75.04,-67.71
31,13,ward_E,ward,AP-5,-30.03,-98.06,68.03,False,-69.35,-66.59,-70.06,-64.91,-30.03,-59.94,-73.62,-71.55
32,13,ward_E,ward,AP-5,-33.45,-92.07,58.62,False,-69.87,-72.04,-67.6,-65.13,-33.45,-59.17,-73.67,-70.62
33,13,ward_E,ward,AP-5,-39.96,-93.09,53.13,False,-71.18,-68.77,-70.57,-65.62,-39.96,-60.76,-78.82,-72.03
34,13,ward_E,ward,AP-5,-41.05,-93.23,52.18,False,-69.12,-63.55,-72.82,-68.61,-41.05,-61.82,-71.52,-70.93
35,13,ward_E,ward,AP-5,-47.08,-94.6,47.52,False,-71.65,-68.56,-66.33,-63.61,-47.08,-64.48,-69.95,-69.55
36,13,ward_E,ward,AP-5,-52.98,-93.27,40.29,False,-73.03,-68.56,-70.81,-66.99,-52.98,-56.64,-72.53,-70.62
37,13,ward_E,ward,AP-5,-45.54,-93.83,48.29,False,-71.84,-69.29,-71.11,-63.01,-45.54,-59.31,-74.87,-69.27
38,13,ward_E,ward,AP-5,-51.91,-95.03,43.12,False,-71.47,-68.83,-67.35,-66.09,-51.91,-56.6,-73.37,-66.42
39,13,ward_E,ward,AP-5,-48.9,-94.47,45.57,False,-71.83,-68.6,-66.95,-67.76,-48.9,-56.92,-75.43,-67.61
40,13,ward_F,ward,AP-5,-52.81,-94.19,41.38,False,-72.82,-62.11,-67.82,-64.84,-52.81,-53.36,-74.17,-67.45
41,13,ward_F,ward,AP-6,-53.33,-95.88,42.55,False,-74.78,-73.42,-66.14,-66.47,-54.29,-53.33,-70.54,-70.21
42,13,ward_F,ward,AP-6,-49.45,-96.93,47.48,False,-73.49,-66.56,-69.03,-69.35,-54.57,-49.45,-72.29,-66.29
43,13,ward_F,ward,AP-6,-48.37,-91.77,43.4,False,-73.67,-70.91,-68.96,-66.98,-58.71,-48.37,-70.22,-68.57
44,13,ward_F,ward,AP-6,-47.68,-97.21,49.53,False,-73.24,-71.37,-70.21,-67.95,-58.5,-47.68,-76.42,-68.23
45,13,ward_F,ward,AP-6,-44.04,-95.5,51.46,False,-71.31,-70.6,-69.39,-69.11,-56.54,-44.04,-69.79,-67.59
46,13,ward_F,ward,AP-6,-47.02,-92.34,45.32,False,-73.03,-71.48,-68.4,-69.44,-58.28,-47.02,-72.1,-65.55
47,13,ward_F,ward,AP-6,-41.76,-94.08,52.32,False,-72.02,-70.7,-69.63,-68.54,-59.5,-41.76,-71.1,-62.31
48,13,ward_F,ward,AP-6,-33.18,-96.32,63.14,False,-74.97,-72.71,-66.87,-69.77,-59.12,-33.18,-72.6,-64.96
49,13,ward_F,ward,AP-6,-33.23,-94.99,61.76,False,-77.15,-70.5,-66.49,-70.31,-61.82,-33.23,-70.77,-64.63
50,13,ward_F,ward,AP-6,-25.36,-93.9,68.54,False,-74.65,-70.75,-67.01,-70.07,-66.15,-25.36,-71.57,-64.05
51,13,ward_F,ward,AP-6,-28.88,-96.61,67.73,False,-72.62,-66.62,-68.53,-69.77,-65.12,-28.88,-73.54,-62.18
52,13,ward_F,ward,AP-6,-36.79,-96.23,59.44,False,-76.8,-69.3,-66.68,-68.04,-64.25,-36.79,-70.83,-66.09
53,13,ward_F,ward,AP-6,-42.38,-94.03,51.65,False,-74.15,-73.16,-72.57,-74.69,-63.99,-42.38,-68.64,-61.61
54,13,ward_F,ward,AP-6,-43.09,-95.32,52.23,False,-75.0,-70.62,-70.7,-71.31,-62.94,-43.09,-73.09,-84.23
55,13,ward_F,ward,AP-6,-46.74,-92.7,45.96,False,-75.16,-66.74,-71.1,-75.41,-64.49,-46.74,-64.83,-83.02
56,13,ward_F,ward,AP-6,-46.81,-96.26,49.45,False,-76.79,-71.24,-68.87,-74.46,-62.91,-46.81,-72.22,-102.68
57,13,ward_F,ward,AP-6,-53.27,-96.15,42.88,False,-72.43,-71.02,-69.98,-72.67,-67.76,-53.27,-67.49,-106.12
58,13,ward_F,ward,AP-6,-53.77,-93.67,39.9,False,-78.18,-71.06,-72.56,-75.16,-66.12,-53.77,-68.95,-103.36
59,13,ward_F,ward,AP-6,-52.29,-92.83,40.54,False,-75.98,-73.27,-69.96,-69.55,-65.84,-52.29,-87.34,-100.72
60,13,icu,icu,AP-6,-80.5,-93.03,12.53,True,-103.98,-96.46,-90.08,-98.98,-92.51,-80.5,-112.05,-104.87
61,13,icu,icu,AP-6,-79.74,-97.04,17.3,True,-102.91,-97.79,-93.45,-99.55,-93.38,-79.74,-113.64,-103.71
62,13,icu,icu,AP-6,-77.07,-95.03,17.96,True,-98.53,-101.16,-95.26,-96.24,-97.44,-77.07,-114.15,-104.36
63,13,icu,icu,AP-6,-81.73,-96.04,14.31,True,-99.0,-97.83,-110.75,-97.34,-90.38,-81.73,-114.15,-106.07
64,13,icu,icu,AP-6,-81.52,-94.04,12.52,True,-101.98,-98.89,-110.63,-103.42,-95.17,-81.52,-113.65,-103.74
65,13,icu,icu,AP-6,-85.99,-93.33,7.34,True,-98.51,-95.48,-113.85,-103.49,-94.13,-85.99,-113.86,-105.11
66,13,icu,icu,AP-6,-84.18,-95.22,11.04,True,-102.66,-98.49,-110.55,-99.07,-95.11,-84.18,-109.81,-101.79
67,13,icu,icu,AP-6,-81.24,-92.66,11.42,True,-100.85,-97.95,-109.94,-100.84,-93.65,-81.24,-114.54,-103.48
68,13,icu,icu,AP-6,-87.93,-95.41,7.48,True,-98.28,-114.79,-112.02,-100.51,-98.7,-87.93,-110.76,-104.49
69,13,icu,icu,AP-6,-86.84,-94.01,7.17,True,-101.73,-116.97,-113.88,-104.96,-94.72,-86.84,-112.44,-104.44
70,13,icu,icu,AP-6,-91.94,-94.95,3.01,True,-104.01,-113.91,-111.52,-98.84,-96.3,-91.94,-115.09,-107.27
71,13,icu,icu,AP-6,-82.52,-95.63,13.11,True,-101.67,-112.93,-114.69,-101.96,-99.4,-82.52,-111.76,-101.37
72,13,icu,icu,AP-6,-88.0,-95.93,7.93,True,-103.23,-117.75,-118.07,-102.71,-96.51,-88.0,-110.73,-103.62
73,13,icu,icu,AP-6,-85.88,-96.72,10.84,True,-122.48,-118.68,-109.98,-100.95,-96.79,-85.88,-86.93,-103.45
74,13,icu,icu,AP-7,-70.88,-95.73,24.85,False,-118.98,-119.91,-114.03,-104.08,-93.77,-88.54,-70.88,-106.64
75,13,icu,icu,AP-7,-68.23,-94.61,26.38,False,-120.58,-121.7,-112.4,-99.84,-97.48,-89.39,-68.23,-103.58
76,13,icu,icu,AP-7,-69.97,-95.52,25.55,False,-122.43,-118.7,-114.27,-106.12,-96.84,-93.1,-69.97,-80.26
77,13,icu,icu,AP-7,-68.04,-93.75,25.71,False,-124.95,-117.19,-113.91,-101.86,-97.26,-92.78,-68.04,-80.5
78,13,icu,icu,AP-8,-62.79,-97.07,34.28,False,-123.3,-119.7,-71.01,-101.73,-98.06,-89.0,-73.76,-62.79
79,13,icu,icu,AP-8,-64.79,-95.2,30.41,False,-118.18,-117.88,-68.66,-99.22,-99.56,-92.71,-67.79,-64.79
0,14,ward_D,ward,AP-4,-52.79,-92.33,39.54,False,-69.1,-74.0,-71.48,-52.79,-68.14,-76.24,-78.76,-75.95
1,14,ward_D,ward,AP-4,-52.52,-95.32,42.8,False,-64.09,-71.16,-72.08,-52.52,-65.08,-72.87,-79.38,-74.03
2,14,ward_D,ward,AP-4,-50.09,-93.95,43.86,False,-69.42,-73.14,-73.4,-50.09,-64.95,-72.72,-81.02,-74.43
3,14,ward_D,ward,AP-4,-48.84,-93.54,44.7,False,-67.22,-72.97,-76.48,-48.84,-67.59,-71.5,-77.71,-75.89
4,14,ward_D,ward,AP-4,-48.89,-92.71,43.82,False,-66.35,-70.43,-76.6,-48.89,-62.93,-72.1,-74.39,-79.37
5,14,ward_D,ward,AP-4,-48.49,-97.43,48.94,False,-69.9,-73.61,-76.45,-48.49,-62.0,-74.22,-76.94,-76.8
6,14,ward_D,ward,AP-4,-42.13,-96.75,54.62,False,-66.94,-70.25,-76.89,-42.13,-66.4,-75.57,-75.57,-77.03
7,14,ward_D,ward,AP-4,-44.01,-94.74,50.73,False,-68.94,-71.59,-74.4,-44.01,-61.91,-70.78,-77.97,-72.43
8,14,ward_D,ward,AP-4,-36.12,-96.41,60.29,False,-66.96,-70.47,-74.07,-36.12,-64.66,-69.74,-78.75,-77.06
9,14,ward_D,ward,AP-4,-33.92,-93.49,59.57,False,-70.68,-69.02,-76.43,-33.92,-61.23,-71.83,-75.77,-74.64
10,14,ward_D,ward,AP-4,-34.89,-95.34,60.45,False,-69.82,-69.03,-71.46,-34.89,-61.69,-72.02,-72.62,-73.7
11,14,ward_D,ward,AP-4,-34.31,-93.48,59.17,False,-65.04,-69.96,-72.84,-34.31,-58.77,-71.2,-72.9,-73.24
12,14,ward_D,ward,AP-4,-38.32,-92.7,54.38,False,-66.09,-67.29,-72.38,-38.32,-58.25,-69.5,-75.04,-77.02
13,14,ward_D,ward,AP-4,-41.66,-93.1,51.44,False,-66.97,-66.4,-71.94,-41.66,-58.97,-71.62,-80.12,-76.71
14,14,ward_D,ward,AP-4,-43.18,-94.31,51.13,False,-69.34,-70.27,-71.01,-43.18,-61.26,-69.68,-77.29,-72.86
15,14,ward_D,ward,AP-4,-45.35,-93.81,48.46,False,-69.76,-71.58,-75.91,-45.35,-57.63,-68.8,-78.0,-76.8
16,14,ward_D,ward,AP-4,-49.23,-97.11,47.88,False,-73.26,-67.88,-73.39,-49.23,-53.76,-67.6,-75.7,-74.38
17,14,ward_D,ward,AP-4,-52.76,-95.34,42.58,False,-70.34,-72.2,-72.58,-52.76,-57.45,-69.3,-74.77,-73.67
18,14,ward_D,ward,AP-4,-51.65,-96.69,45.04,False,-68.42,-70.52,-71.34,-51.65,-52.22,-65.96,-75.39,-71.36
19,14,ward_D,ward,AP-4,-51.58,-95.25,43.67,False,-69.37,-71.29,-70.35,-51.58,-57.34,-65.62,-74.89,-75.6
20,14,ward_E,ward,AP-4,-52.78,-95.01,42.23,False,-68.8,-64.56,-72.16,-52.78,-54.07,-63.95,-76.87,-71.55
21,14,ward_E,ward,AP-4,-53.95,-96.12,42.17,False,-69.45,-68.05,-68.32,-53.95,-54.29,-68.37,-73.37,-70.49
22,14,ward_E,ward,AP-5,-51.15,-96.66,45.51,False,-70.31,-69.47,-73.63,-55.1,-51.15,-67.45,-78.48,-73.56
23,14,ward_E,ward,AP-5,-48.43,-95.21,46.78,False,-67.27,-67.04,-69.98,-57.71,-48.43,-64.27,-73.92,-69.9
24,14,ward_E,ward,AP-5,-47.4,-92.76,45.36,False,-71.18,-70.51,-67.67,-60.6,-47.4,-65.54,-74.99,-69.72
25,14,ward_E,ward,AP-5,-45.17,-97.49,52.32,False,-70.42,-67.52,-70.41,-61.8,-45.17,-64.1,-74.68,-69.0
26,14,ward_E,ward,AP-5,-44.43,-96.74,52.31,False,-67.63,-68.9,-72.68,-58.32,-44.43,-65.65,-71.03,-74.31
27,14,ward_E,ward,AP-5,-43.44,-94.12,50.68,False,-70.84,-67.19,-70.43,-60.65,-43.44,-66.1,-73.63,-75.08
28,14,ward_E,ward,AP-5,-38.18,-93.4,55.22,False,-70.06,-65.55,-69.37,-60.25,-38.18,-68.05,-73.34,-71.53
29,14,ward_E,ward,AP-5,-34.29,-95.23,60.94,False,-71.31,-69.72,-67.92,-63.41,-34.29,-65.72,-74.08,-70.08
30,14,ward_E,ward,AP-5,-37.79,-95.39,57.6,False,-70.39,-65.99,-73.78,-64.14,-37.79,-64.32,-75.35,-69.87
31,14,ward_E,ward,AP-5,-41.76,-95.94,54.18,False,-68.89,-65.46,-66.8,-63.64,-41.76,-61.26,-71.25,-72.83
32,14,ward_E,ward,AP-5,-42.48,-92.5,50.02,False,-68.89,-66.8,-68.33,-62.53,-42.48,-59.64,-74.5,-65.74
33,14,ward_E,ward,AP-5,-40.52,-94.45,53.93,False,-70.64,-65.16,-70.69,-63.29,-40.52,-58.74,-76.11,-65.53
34,14,ward_E,ward,AP-5,-43.97,-97.2,53.23,False,-68.18,-68.46,-69.1,-64.89,-43.97,-60.19,-71.71,-64.92
35,14,ward_E,ward,AP-5,-45.53,-94.45,48.92,False,-72.19,-71.63,-69.51,-65.43,-45.53,-60.06,-76.64,-71.17
36,14,ward_E,ward,AP-5,-47.02,-95.19,48.17,False,-71.3,-63.98,-65.63,-65.78,-47.02,-56.95,-69.64,-67.17
37,14,ward_E,ward,AP-5,-51.87,-91.87,40.0,False,-72.93,-69.65,-68.79,-67.73,-51.87,-56.78,-75.68,-70.34
38,14,ward_E,ward,AP-5,-50.04,-95.13,45.09,False,-75.61,-66.24,-68.11,-68.21,-50.04,-58.83,-72.05,-68.59
39,14,ward_E,ward,AP-5,-54.04,-97.25,43.21,False,-71.75,-66.96,-66.99,-64.15,-54.04,-55.45,-71.13,-66.62
40,14,ward_F,ward,AP-5,-52.14,-95.96,43.82,False,-72.03,-67.04,-64.85,-70.82,-52.14,-56.82,-71.36,-67.54
41,14,ward_F,ward,AP-5,-53.39,-94.78,41.39,False,-72.44,-67.55,-66.36,-67.92,-53.39,-55.45,-73.38,-70.12
42,14,ward_F,ward,AP-6,-51.3,-95.67,44.37,False,-71.43,-67.06,-67.94,-66.5,-59.92,-51.3,-73.26,-65.68
43,14,ward_F,ward,AP-6,-48.38,-95.63,47.25,False,-72.24,-65.58,-65.36,-68.47,-58.96,-48.38,-71.98,-67.03
44,14,ward_F,ward,AP-6,-51.72,-96.54,44.82,False,-74.25,-68.48,-65.62,-66.86,-59.16,-51.72,-75.08,-65.78
45,14,ward_F,ward,AP-6,-46.31,-96.16,49.85,False,-72.59,-68.86,-66.24,-73.43,-59.21,-46.31,-72.03,-65.57
46,14,ward_F,ward,AP-6,-45.02,-94.46,49.44,False,-73.75,-67.36,-69.72,-68.86,-58.44,-45.02,-71.44,-67.22
47,14,ward_F,ward,AP-6,-45.01,-95.88,50.87,False,-74.68,-71.54,-66.39,-69.23,-59.34,-45.01,-74.49,-66.4
48,14,ward_F,ward,AP-6,-36.94,-97.07,60.13,False,-73.63,-69.75,-68.39,-73.78,-58.57,-36.94,-68.01,-66.46
49,14,ward_F,ward,AP-6,-39.63,-92.33,52.7,False,-74.46,-71.56,-67.97,-70.17,-60.74,-39.63,-71.66,-63.82
50,14,ward_F,ward,AP-6,-34.61,-93.79,59.18,False,-72.18,-70.81,-67.04,-67.68,-61.96,-34.61,-65.94,-63.31
51,14,ward_F,ward,AP-6,-35.55,-94.24,58.69,False,-72.68,-71.2,-67.63,-71.61,-61.69,-35.55,-72.02,-63.67
52,14,ward_F,ward,AP-6,-37.79,-94.88,57.09,False,-73.45,-73.07,-65.53,-69.03,-63.72,-37.79,-67.55,-61.72
53,14,ward_F,ward,AP-6,-41.89,-93.08,51.19,False,-76.33,-66.65,-67.45,-72.64,-64.86,-41.89,-73.83,-61.84
54,14,ward_F,ward,AP-6,-42.86,-96.22,53.36,False,-75.12,-68.96,-68.27,-72.04,-64.87,-42.86,-70.46,-59.5
55,14,ward_F,ward,AP-6,-44.39,-94.72,50.33,False,-74.33,-66.43,-65.01,-74.41,-66.02,-44.39,-71.45,-62.04
56,14,ward_F,ward,AP-6,-47.51,-94.84,47.33,False,-76.81,-70.94,-69.71,-70.74,-64.53,-47.51,-68.02,-80.01
57,14,ward_F,ward,AP-6,-49.23,-92.38,43.15,False,-73.08,-73.82,-69.15,-74.61,-62.93,-49.23,-70.06,-77.42
58,14,ward_F,ward,AP-6,-51.1,-94.88,43.78,False,-76.69,-71.27,-66.38,-70.92,-69.69,-51.1,-71.18,-104.64
59,14,ward_F,ward,AP-6,-54.86,-94.92,40.06,False,-76.87,-72.24,-66.55,-72.29,-65.53,-54.86,-88.6,-100.7
60,14,icu,icu,AP-6,-80.66,-92.03,11.37,True,-100.42,-100.31,-95.0,-99.05,-93.38,-80.66,-113.34,-105.82
61,14,icu,icu,AP-6,-80.28,-95.9,15.62,True,-105.57,-96.13,-93.0,-99.41,-94.61,-80.28,-113.86,-103.28
62,14,icu,icu,AP-6,-78.2,-96.45,18.25,True,-105.82,-95.11,-109.55,-98.53,-91.42,-78.2,-115.95,-102.8
63,14,icu,icu,AP-6,-83.39,-95.96,12.57,True,-101.64,-97.96,-109.68,-100.51,-89.18,-83.39,-114.78,-104.35
64,14,icu,icu,AP-6,-85.27,-98.42,13.15,True,-101.87,-116.43,-113.2,-99.69,-96.27,-85.27,-114.08,-102.97
65,14,icu,icu,AP-6,-87.73,-94.9,7.17,True,-100.3,-112.87,-113.43,-99.07,-95.1,-87.73,-113.13,-100.65
66,14,icu,icu,AP-6,-81.94,-93.44,11.5,True,-119.12,-115.33,-110.46,-100.19,-93.4,-81.94,-114.3,-103.12
67,14,icu,icu,AP-6,-88.68,-92.25,3.57,True,-118.88,-115.09,-110.79,-101.49,-95.43,-88.68,-115.88,-103.29
68,14,icu,icu,AP-6,-85.33,-94.24,8.91,True,-118.09,-118.27,-113.46,-97.73,-96.49,-85.33,-115.41,-103.54
69,14,icu,icu,AP-6,-86.08,-96.34,10.26,True,-119.51,-116.7,-114.29,-100.65,-94.62,-86.08,-115.14,-102.72
70,14,icu,icu,AP-6,-89.62,-94.06,4.44,True,-119.84,-119.35,-113.47,-97.2,-93.8,-89.62,-113.83,-102.86
71,14,icu,icu,AP-6,-86.81,-95.3,8.49,True,-126.25,-113.86,-111.08,-100.25,-95.2,-86.81,-113.92,-102.74
72,14,icu,icu,AP-6,-88.62,-96.28,7.66,True,-122.67,-117.23,-114.13,-102.7,-97.44,-88.62,-114.53,-104.21
73,14,icu,icu,AP-6,-86.42,-95.95,9.53,True,-119.18,-118.18,-111.15,-105.44,-97.52,-86.42,-91.96,-100.19
74,14,icu,icu,AP-7,-71.85,-95.2,23.35,False,-121.75,-121.16,-115.75,-102.42,-96.27,-92.62,-71.85,-104.81
75,14,icu,icu,AP-7,-67.43,-95.05,27.62,False,-120.62,-119.12,-87.11,-103.3,-100.11,-89.58,-67.43,-74.63
76,14,icu,icu,AP-8,-61.64,-93.81,32.17,False,-122.07,-116.97,-88.98,-102.23,-99.83,-89.76,-68.28,-61.64
77,14,icu,icu,AP-8,-59.08,-94.37,35.29,False,-120.22,-93.1,-84.66,-102.52,-98.13,-91.45,-67.84,-59.08
78,14,icu,icu,AP-8,-62.46,-96.7,34.24,False,-121.49,-90.37,-67.7,-102.97,-95.07,-95.0,-67.37,-62.46
79,14,icu,icu,AP-8,-60.91,-92.99,32.08,False,-96.45,-91.0,-73.92,-102.28,-98.84,-87.79,-69.54,-60.91
0,15,ward_D,ward,AP-4,-52.63,-99.13,46.5,False,-67.25,-72.32,-78.8,-52.63,-64.73,-72.59,-77.6,-76.89
1,15,ward_D,ward,AP-4,-49.55,-98.15,48.6,False,-69.43,-70.4,-72.65,-49.55,-66.59,-72.32,-79.71,-78.16
2,15,ward_D,ward,AP-4,-52.55,-94.2,41.65,False,-71.86,-73.64,-79.79,-52.55,-69.7,-70.9,-78.5,-77.52
3,15,ward_D,ward,AP-4,-52.17,-92.8,40.63,False,-69.76,-71.06,-75.71,-52.17,-65.57,-72.07,-75.75,-75.15
4,15,ward_D,ward,AP-4,-47.29,-95.73,48.44,False,-67.49,-70.88,-74.97,-47.29,-67.09,-70.39,-78.7,-78.95
5,15,ward_D,ward,AP-4,-46.37,-96.02,49.65,False,-67.28,-67.82,-72.76,-46.37,-62.75,-68.96,-78.43,-75.99
6,15,ward_D,ward,AP-4,-47.04,-94.97,47.93,False,-68.03,-69.76,-74.56,-47.04,-63.22,-74.47,-76.49,-76.89
7,15,ward_D,ward,AP-4,-43.07,-92.12,49.05,False,-68.47,-67.19,-73.1,-43.07,-63.22,-72.32,-76.08,-74.37
8,15,ward_D,ward,AP-4,-43.06,-97.01,53.95,False,-66.63,-68.46,-74.44,-43.06,-66.3,-71.29,-78.91,-73.42
9,15,ward_D,ward,AP-4,-38.98,-96.32,57.34,False,-66.47,-69.49,-74.22,-38.98,-64.83,-72.51,-77.41,-76.1
10,15,ward_D,ward,AP-4,-36.35,-94.83,58.48,False,-66.01,-72.88,-72.73,-36.35,-66.31,-70.96,-76.69,-76.19
11,15,ward_D,ward,AP-4,-37.78,-95.75,57.97,False,-68.87,-69.88,-73.25,-37.78,-59.99,-70.14,-75.77,-76.8
12,15,ward_D,ward,AP-4,-40.92,-96.1,55.18,False,-69.28,-67.36,-70.12,-40.92,-64.07,-73.18,-74.53,-74.83
13,15,ward_D,ward,AP-4,-44.33,-96.54,52.21,False,-64.91,-65.46,-70.36,-44.33,-58.51,-69.77,-76.07,-73.92
14,15,ward_D,ward,AP-4,-43.31,-96.24,52.93,False,-69.34,-69.84,-75.82,-43.31,-59.94,-67.67,-77.88,-71.95
15,15,ward_D,ward,AP-4,-45.49,-95.43,49.94,False,-62.45,-66.26,-74.93,-45.49,-60.54,-72.29,-74.49,-72.36
16,15,ward_D,ward,AP-4,-51.08,-94.99,43.91,False,-65.22,-68.11,-68.68,-51.08,-53.67,-69.94,-74.27,-68.99
17,15,ward_D,ward,AP-4,-48.98,-94.77,45.79,False,-68.72,-70.92,-67.76,-48.98,-57.8,-68.19,-79.39,-75.01
18,15,ward_D,ward,AP-4,-53.2,-94.92,41.72,False,-66.63,-68.24,-70.7,-53.2,-55.28,-67.47,-75.4,-72.79
19,15,ward_D,ward,AP-4,-55.16,-98.14,42.98,False,-64.83,-67.01,-73.35,-55.16,-55.31,-70.79,-74.92,-74.79
20,15,ward_E,ward,AP-5,-53.64,-94.53,40.89,False,-69.83,-71.27,-72.48,-57.77,-53.64,-66.81,-75.23,-74.22
21,15,ward_E,ward,AP-5,-52.43,-96.99,44.56,False,-72.33,-66.49,-74.28,-57.36,-52.43,-64.91,-74.14,-73.07
22,15,ward_E,ward,AP-5,-54.06,-93.14,39.08,False,-67.76,-65.06,-70.93,-58.47,-54.06,-63.42,-77.54,-74.8
23,15,ward_E,ward,AP-5,-48.59,-94.45,45.86,False,-69.86,-66.83,-69.96,-56.97,-48.59,-67.69,-72.34,-73.88
24,15,ward_E,ward,AP-5,-50.18,-95.61,45.43,False,-71.35,-65.15,-65.82,-57.25,-50.18,-65.11,-76.2,-75.61
25,15,ward_E,ward,AP-5,-50.16,-95.67,45.51,False,-68.51,-67.87,-71.4,-56.81,-50.16,-63.46,-74.33,-73.66
26,15,ward_E,ward,AP-5,-45.32,-97.15,51.83,False,-71.08,-66.8,-68.38,-60.41,-45.32,-66.4,-74.45,-68.81
27,15,ward_E,ward,AP-5,-43.25,-99.11,55.86,False,-71.22,-69.24,-69.56,-62.4,-43.25,-66.07,-74.54,-70.12
28,15,ward_E,ward,AP-5,-44.0,-94.07,50.07,False,-71.14,-67.76,-70.48,-62.31,-44.0,-59.7,-75.07,-71.81
29,15,ward_E,ward,AP-5,-38.98,-96.47,57.49,False,-72.37,-67.95,-69.59,-62.14,-38.98,-65.03,-73.65,-68.48
30,15,ward_E,ward,AP-5,-40.55,-95.96,55.41,False,-69.6,-65.52,-70.63,-59.0,-40.55,-62.88,-73.84,-70.23
31,15,ward_E,ward,AP-5,-39.23,-93.65,54.42,False,-67.23,-68.9,-70.45,-59.93,-39.23,-61.93,-72.59,-67.57
32,15,ward_E,ward,AP-5,-42.13,-95.2,53.07,False,-71.38,-68.94,-70.03,-58.4,-42.13,-62.68,-71.52,-73.32
33,15,ward_E,ward,AP-5,-42.75,-95.99,53.24,False,-72.57,-68.17,-68.83,-65.0,-42.75,-57.8,-73.49,-68.19
34,15,ward_E,ward,AP-5,-45.93,-96.78,50.85,False,-69.54,-67.55,-65.87,-66.18,-45.93,-59.71,-71.44,-69.8
35,15,ward_E,ward,AP-5,-46.55,-95.26,48.71,False,-73.94,-66.4,-70.52,-64.24,-46.55,-59.27,-71.04,-72.93
36,15,ward_E,ward,AP-5,-48.98,-95.38,46.4,False,-70.6,-64.0,-70.13,-64.07,-48.98,-60.48,-72.63,-72.17
37,15,ward_E,ward,AP-5,-52.1,-94.59,42.49,False,-68.0,-71.13,-71.07,-66.83,-52.1,-57.81,-72.18,-69.27
38,15,ward_E,ward,AP-5,-52.0,-95.56,43.56,False,-71.44,-65.07,-66.51,-66.83,-52.0,-56.19,-72.55,-67.39
39,15,ward_E,ward,AP-5,-54.68,-94.89,40.21,False,-68.28,-66.62,-70.46,-68.17,-54.68,-59.11,-69.09,-65.87
40,15,ward_F,ward,AP-6,-51.5,-92.13,40.63,False,-72.79,-66.2,-71.18,-66.62,-53.75,-51.5,-72.6,-68.71
41,15,ward_F,ward,AP-6,-51.81,-94.09,42.28,False,-70.97,-65.34,-68.43,-69.5,-56.27,-51.81,-66.13,-68.12
42,15,ward_F,ward,AP-6,-50.45,-91.0,40.55,False,-73.15,-65.49,-65.0,-67.66,-55.63,-50.45,-77.57,-63.87
43,15,ward_F,ward,AP-6,-48.82,-95.55,46.73,False,-71.37,-70.56,-68.47,-68.12,-53.0,-48.82,-69.38,-65.73
44,15,ward_F,ward,AP-6,-46.21,-97.1,50.89,False,-71.13,-62.43,-68.71,-69.45,-56.47,-46.21,-71.44,-67.9
45,15,ward_F,ward,AP-6,-44.15,-95.63,51.48,False,-70.75,-71.05,-66.18,-70.06,-57.43,-44.15,-68.52,-62.23
46,15,ward_F,ward,AP-6,-45.48,-94.17,48.69,False,-73.79,-66.6,-70.53,-67.12,-62.14,-45.48,-69.93,-67.06
47,15,ward_F,ward,AP-6,-41.51,-93.54,52.03,False,-73.54,-69.62,-65.0,-71.05,-58.69,-41.51,-66.93,-66.89
48,15,ward_F,ward,AP-6,-39.45,-95.41,55.96,False,-71.13,-69.54,-69.18,-72.35,-59.5,-39.45,-67.93,-64.35
49,15,ward_F,ward,AP-6,-38.36,-98.11,59.75,False,-78.15,-70.08,-65.99,-72.61,-62.89,-38.36,-69.46,-64.12
50,15,ward_F,ward,AP-6,-37.71,-91.88,54.17,False,-74.99,-71.66,-64.79,-73.82,-61.53,-37.71,-69.49,-64.41
51,15,ward_F,ward,AP-6,-41.43,-97.74,56.31,False,-75.48,-70.5,-65.85,-70.1,-63.96,-41.43,-69.88,-67.95
52,15,ward_F,ward,AP-6,-42.67,-98.74,56.07,False,-72.38,-75.1,-68.34,-71.46,-65.1,-42.67,-69.08,-63.29
53,15,ward_F,ward,AP-6,-39.57,-94.33,54.76,False,-72.92,-69.64,-67.38,-73.53,-67.81,-39.57,-70.11,-60.44
54,15,ward_F,ward,AP-6,-47.52,-95.19,47.67,False,-74.52,-67.18,-64.94,-69.64,-66.21,-47.52,-67.62,-61.58
55,15,ward_F,ward,AP-6,-47.92,-96.28,48.36,False,-76.15,-73.53,-65.29,-72.07,-67.1,-47.92,-72.13,-62.77
56,15,ward_F,ward,AP-6,-50.1,-96.77,46.67,False,-73.89,-69.96,-67.87,-68.84,-65.66,-50.1,-68.68,-77.34
57,15,ward_F,ward,AP-6,-46.84,-94.94,48.1,False,-71.14,-70.56,-68.98,-70.47,-64.49,-46.84,-67.68,-80.28
58,15,ward_F,ward,AP-6,-54.53,-94.26,39.73,False,-75.16,-69.48,-71.07,-71.88,-67.38,-54.53,-72.33,-105.32
59,15,ward_F,ward,AP-6,-52.23,-96.27,44.04,False,-73.92,-71.0,-65.97,-74.41,-65.73,-52.23,-69.85,-104.62
60,15,icu,icu,AP-6,-78.18,-93.98,15.8,True,-101.97,-95.94,-93.1,-101.65,-91.39,-78.18,-114.52,-100.92
61,15,icu,icu,AP-6,-80.76,-93.84,13.08,True,-100.36,-97.62,-90.6,-99.0,-89.6,-80.76,-119.0,-104.86
62,15,icu,icu,AP-6,-79.78,-94.11,14.33,True,-99.89,-95.35,-109.06,-95.8,-93.94,-79.78,-110.76,-104.05
63,15,icu,icu,AP-6,-83.43,-93.8,10.37,True,-98.82,-95.23,-107.58,-94.45,-93.11,-83.43,-110.82,-101.89
64,15,icu,icu,AP-6,-82.23,-93.52,11.29,True,-100.5,-118.84,-112.64,-101.02,-98.18,-82.23,-109.05,-104.14
65,15,icu,icu,AP-6,-84.88,-94.51,9.63,True,-104.18,-116.99,-111.91,-98.86,-91.43,-84.88,-111.67,-102.29
66,15,icu,icu,AP-6,-85.03,-95.09,10.06,True,-121.8,-116.58,-112.08,-104.0,-93.93,-85.03,-113.59,-102.52
67,15,icu,icu,AP-6,-86.17,-96.2,10.03,True,-116.35,-117.03,-114.73,-100.07,-91.87,-86.17,-112.06,-103.9
68,15,icu,icu,AP-6,-87.68,-96.7,9.02,True,-118.71,-115.45,-111.86,-101.01,-93.26,-87.68,-110.9,-101.48
69,15,icu,icu,AP-6,-87.82,-94.58,6.76,True,-121.31,-118.77,-111.84,-100.24,-97.28,-87.82,-113.24,-101.53
70,15,icu,icu,AP-6,-88.66,-93.03,4.37,True,-119.31,-114.19,-112.07,-98.53,-98.27,-88.66,-111.67,-103.07
71,15,icu,icu,AP-6,-84.77,-96.04,11.27,True,-122.55,-115.51,-109.36,-102.64,-97.62,-84.77,-112.33,-104.42
72,15,icu,icu,AP-6,-84.85,-96.19,11.34,True,-119.39,-114.81,-117.85,-101.62,-97.69,-84.85,-112.38,-101.21
73,15,icu,icu,AP-7,-64.54,-94.84,30.3,False,-121.25,-122.24,-111.13,-99.2,-97.52,-91.49,-64.54,-104.28
74,15,icu,icu,AP-7,-70.76,-94.54,23.78,False,-118.81,-116.47,-114.88,-97.28,-99.7,-88.72,-70.76,-103.74
75,15,icu,icu,AP-7,-68.58,-96.24,27.66,False,-124.25,-116.96,-86.25,-102.8,-95.07,-88.86,-68.58,-80.79
76,15,icu,icu,AP-8,-56.96,-92.83,35.87,False,-120.41,-116.73,-88.38,-105.43,-95.92,-92.88,-66.93,-56.96
77,15,icu,icu,AP-8,-61.9,-94.21,32.31,False,-121.56,-92.04,-92.32,-102.69,-93.21,-95.01,-69.1,-61.9
78,15,icu,icu,AP-8,-60.23,-98.25,38.02,False,-122.31,-91.44,-71.21,-104.49,-99.86,-90.66,-72.83,-60.23
79,15,icu,icu,AP-8,-61.5,-92.7,31.2,False,-93.54,-95.43,-68.47,-99.11,-98.86,-88.89,-69.62,-61.5
0,16,ward_D,ward,AP-4,-51.7,-97.95,46.25,False,-68.15,-69.49,-76.86,-51.7,-68.62,-71.31,-77.92,-75.87
1,16,ward_D,ward,AP-4,-54.84,-95.08,40.24,False,-67.56,-69.97,-74.2,-54.84,-65.01,-73.75,-80.43,-76.41
2,16,ward_D,ward,AP-4,-53.87,-95.77,41.9,False,-69.02,-73.5,-73.0,-53.87,-67.14,-70.41,-78.72,-76.18
3,16,ward_D,ward,AP-4,-50.54,-96.53,45.99,False,-68.51,-73.82,-71.44,-50.54,-65.5,-72.84,-79.69,-76.33
4,16,ward_D,ward,AP-4,-48.73,-95.12,46.39,False,-66.52,-69.58,-74.98,-48.73,-64.46,-71.79,-80.81,-77.97
5,16,ward_D,ward,AP-4,-48.45,-92.29,43.84,False,-64.65,-70.41,-73.98,-48.45,-66.02,-71.61,-80.69,-77.81
6,16,ward_D,ward,AP-4,-47.9,-95.33,47.43,False,-65.24,-71.32,-73.23,-47.9,-66.97,-71.61,-78.96,-73.48
7,16,ward_D,ward,AP-4,-44.04,-94.45,50.41,False,-68.46,-69.9,-74.43,-44.04,-62.89,-73.6,-75.91,-73.55
8,16,ward_D,ward,AP-4,-43.98,-96.96,52.98,False,-64.91,-70.94,-71.67,-43.98,-61.44,-71.01,-76.1,-79.07
9,16,ward_D,ward,AP-4,-48.17,-97.77,49.6,False,-66.8,-71.65,-76.04,-48.17,-65.38,-70.72,-79.41,-74.34
10,16,ward_D,ward,AP-4,-46.85,-97.95,51.1,False,-63.07,-66.92,-78.26,-46.85,-62.61,-74.31,-78.3,-74.62
11,16,ward_D,ward,AP-4,-40.62,-97.6,56.98,False,-65.69,-69.3,-76.1,-40.62,-60.77,-71.9,-74.61,-76.4
12,16,ward_D,ward,AP-4,-44.3,-95.06,50.76,False,-67.34,-68.74,-73.21,-44.3,-61.24,-70.62,-76.19,-72.8
13,16,ward_D,ward,AP-4,-48.41,-92.55,44.14,False,-65.57,-69.53,-74.38,-48.41,-59.98,-69.63,-78.95,-77.19
14,16,ward_D,ward,AP-4,-48.4,-94.66,46.26,False,-66.27,-69.39,-72.4,-48.4,-59.87,-69.21,-79.29,-76.76
15,16,ward_D,ward,AP-4,-49.14,-94.45,45.31,False,-69.55,-66.66,-72.89,-49.14,-58.0,-68.86,-74.38,-75.65
16,16,ward_D,ward,AP-4,-49.15,-97.32,48.17,False,-65.89,-68.75,-72.85,-49.15,-56.82,-70.22,-74.88,-75.68
17,16,ward_D,ward,AP-4,-53.27,-95.61,42.34,False,-66.13,-68.16,-73.93,-53.27,-57.06,-68.05,-73.81,-73.43
18,16,ward_D,ward,AP-4,-53.63,-95.0,41.37,False,-65.37,-63.95,-71.93,-53.63,-56.8,-69.23,-78.25,-73.36
19,16,ward_D,ward,AP-4,-53.21,-94.95,41.74,False,-69.23,-65.64,-66.15,-53.21,-57.69,-67.87,-74.38,-73.55
20,16,ward_E,ward,AP-5,-51.29,-96.89,45.6,False,-66.94,-69.52,-70.18,-56.34,-51.29,-68.72,-78.74,-71.51
21,16,ward_E,ward,AP-5,-52.35,-96.06,43.71,False,-60.08,-65.01,-69.69,-57.63,-52.35,-65.51,-75.5,-73.89
22,16,ward_E,ward,AP-5,-50.9,-94.03,43.13,False,-66.93,-66.2,-71.89,-57.25,-50.9,-64.07,-74.79,-73.29
23,16,ward_E,ward,AP-5,-50.76,-95.53,44.77,False,-71.84,-68.29,-72.36,-58.73,-50.76,-63.99,-70.52,-69.12
24,16,ward_E,ward,AP-5,-48.78,-94.01,45.23,False,-67.73,-68.36,-69.82,-59.21,-48.78,-63.74,-75.46,-69.44
25,16,ward_E,ward,AP-5,-44.91,-95.24,50.33,False,-69.22,-68.62,-67.15,-61.38,-44.91,-61.31,-73.45,-71.28
26,16,ward_E,ward,AP-5,-42.8,-93.7,50.9,False,-70.48,-65.16,-71.26,-60.25,-42.8,-64.39,-69.15,-68.28
27,16,ward_E,ward,AP-5,-45.8,-93.44,47.64,False,-67.25,-63.07,-70.3,-61.81,-45.8,-66.56,-75.69,-72.11
28,16,ward_E,ward,AP-5,-46.59,-94.41,47.82,False,-68.05,-67.56,-70.75,-63.01,-46.59,-65.84,-77.08,-70.52
29,16,ward_E,ward,AP-5,-43.71,-93.22,49.51,False,-70.16,-66.73,-68.45,-60.71,-43.71,-62.44,-73.17,-74.14
30,16,ward_E,ward,AP-5,-45.4,-97.75,52.35,False,-68.16,-66.05,-68.12,-59.96,-45.4,-57.89,-74.62,-72.52
31,16,ward_E,ward,AP-5,-41.82,-94.3,52.48,False,-71.42,-66.87,-70.16,-65.81,-41.82,-66.15,-75.49,-65.87
32,16,ward_E,ward,AP-5,-43.87,-95.86,51.99,False,-70.16,-66.54,-68.5,-62.56,-43.87,-61.01,-72.75,-70.95
33,16,ward_E,ward,AP-5,-48.22,-92.96,44.74,False,-67.55,-68.82,-68.54,-66.83,-48.22,-62.7,-73.92,-68.89
34,16,ward_E,ward,AP-5,-45.44,-94.39,48.95,False,-71.06,-67.33,-69.17,-61.43,-45.44,-60.9,-71.52,-70.15
35,16,ward_E,ward,AP-5,-50.15,-93.39,43.24,False,-72.47,-69.92,-69.26,-66.18,-50.15,-60.04,-72.63,-70.77
36,16,ward_E,ward,AP-5,-48.07,-95.56,47.49,False,-69.5,-67.41,-67.88,-63.55,-48.07,-56.92,-73.51,-64.64
37,16,ward_E,ward,AP-5,-53.12,-95.01,41.89,False,-68.72,-66.44,-68.12,-64.6,-53.12,-61.53,-69.33,-66.88
38,16,ward_E,ward,AP-5,-54.27,-97.66,43.39,False,-70.17,-68.57,-64.65,-66.28,-54.27,-54.68,-69.71,-64.62
39,16,ward_E,ward,AP-5,-54.6,-93.16,38.56,False,-71.7,-68.43,-66.64,-64.71,-54.6,-56.54,-71.18,-66.07
40,16,ward_F,ward,AP-5,-52.32,-91.46,39.14,False,-74.19,-70.21,-67.6,-68.59,-52.32,-55.86,-70.64,-68.4
41,16,ward_F,ward,AP-6,-54.85,-95.02,40.17,False,-72.8,-68.98,-63.37,-63.67,-56.63,-54.85,-71.27,-66.73
42,16,ward_F,ward,AP-6,-55.92,-93.27,37.35,False,-71.79,-65.34,-69.08,-64.02,-60.67,-55.92,-69.4,-65.66
43,16,ward_F,ward,AP-6,-50.71,-94.38,43.67,False,-69.06,-67.71,-70.88,-67.17,-58.17,-50.71,-73.96,-67.04
44,16,ward_F,ward,AP-6,-50.64,-94.06,43.42,False,-71.8,-68.86,-65.62,-69.31,-57.75,-50.64,-71.3,-70.43
45,16,ward_F,ward,AP-6,-48.91,-96.22,47.31,False,-70.63,-69.96,-70.09,-68.3,-59.26,-48.91,-69.96,-66.8
46,16,ward_F,ward,AP-6,-46.84,-95.65,48.81,False,-73.5,-69.97,-64.71,-67.3,-60.8,-46.84,-66.31,-65.41
47,16,ward_F,ward,AP-6,-48.14,-96.61,48.47,False,-71.46,-66.77,-67.14,-69.2,-61.38,-48.14,-69.96,-62.24
48,16,ward_F,ward,AP-6,-44.23,-93.49,49.26,False,-72.07,-72.15,-66.81,-69.36,-58.7,-44.23,-71.91,-65.11
49,16,ward_F,ward,AP-6,-42.13,-96.19,54.06,False,-75.37,-66.43,-71.33,-73.11,-60.7,-42.13,-71.43,-63.84
50,16,ward_F,ward,AP-6,-42.93,-94.92,51.99,False,-73.43,-66.91,-70.26,-69.06,-61.82,-42.93,-67.16,-61.0
51,16,ward_F,ward,AP-6,-43.87,-96.24,52.37,False,-71.27,-71.98,-68.54,-68.43,-61.1,-43.87,-72.42,-61.71
52,16,ward_F,ward,AP-6,-46.1,-93.11,47.01,False,-78.32,-70.23,-68.96,-69.66,-66.76,-46.1,-67.3,-63.03
53,16,ward_F,ward,AP-6,-48.14,-92.84,44.7,False,-71.71,-71.81,-64.7,-70.05,-65.48,-48.14,-67.65,-63.87
54,16,ward_F,ward,AP-6,-49.65,-93.08,43.43,False,-72.63,-72.19,-71.74,-72.72,-63.7,-49.65,-69.06,-64.35
55,16,ward_F,ward,AP-6,-47.52,-95.93,48.41,False,-73.97,-65.53,-66.37,-68.65,-62.66,-47.52,-72.53,-60.1
56,16,ward_F,ward,AP-6,-49.8,-95.22,45.42,False,-73.81,-72.18,-65.69,-72.83,-66.33,-49.8,-75.29,-76.98
57,16,ward_F,ward,AP-6,-52.87,-97.65,44.78,False,-71.22,-69.86,-63.95,-74.53,-66.71,-52.87,-68.2,-76.63
58,16,ward_F,ward,AP-6,-53.85,-95.38,41.53,False,-73.83,-72.34,-69.82,-75.29,-65.88,-53.85,-68.75,-78.6
59,16,ward_F,ward,AP-6,-54.08,-92.81,38.73,False,-77.94,-72.04,-65.32,-72.58,-65.23,-54.08,-65.99,-104.57
60,16,icu,icu,AP-6,-78.18,-97.34,19.16,True,-97.65,-98.39,-90.9,-99.04,-90.43,-78.18,-109.44,-103.78
61,16,icu,icu,AP-6,-78.62,-96.07,17.45,True,-101.74,-98.52,-93.22,-99.27,-94.09,-78.62,-110.54,-100.34
62,16,icu,icu,AP-6,-82.28,-94.05,11.77,True,-100.94,-93.61,-112.86,-99.48,-92.39,-82.28,-108.41,-102.55
63,16,icu,icu,AP-6,-80.28,-96.04,15.76,True,-101.94,-97.73,-111.39,-97.13,-93.59,-80.28,-111.27,-102.14
64,16,icu,icu,AP-6,-80.69,-94.99,14.3,True,-104.81,-115.05,-109.71,-99.68,-93.51,-80.69,-111.81,-100.88
65,16,icu,icu,AP-6,-86.2,-96.62,10.42,True,-100.79,-118.3,-113.84,-101.92,-93.0,-86.2,-112.72,-99.58
66,16,icu,icu,AP-6,-90.52,-97.21,6.69,True,-122.29,-118.6,-108.26,-100.39,-96.15,-90.52,-111.35,-102.55
67,16,icu,icu,AP-6,-83.13,-95.1,11.97,True,-116.42,-114.18,-112.4,-103.31,-91.02,-83.13,-108.9,-99.6
68,16,icu,icu,AP-6,-86.53,-96.9,10.37,True,-120.73,-116.25,-108.43,-100.8,-97.55,-86.53,-113.29,-97.85
69,16,icu,icu,AP-6,-89.6,-94.32,4.72,True,-121.82,-116.79,-114.92,-106.06,-97.53,-89.6,-111.34,-98.72
70,16,icu,icu,AP-6,-88.59,-94.43,5.84,True,-122.18,-116.37,-111.12,-101.15,-98.28,-88.59,-110.22,-100.89
71,16,icu,icu,AP-6,-85.17,-96.7,11.53,True,-121.04,-116.91,-113.16,-101.5,-98.74,-85.17,-113.04,-102.33
72,16,icu,icu,AP-6,-88.03,-97.77,9.74,True,-121.73,-121.39,-111.3,-101.31,-98.86,-88.03,-112.86,-103.69
73,16,icu,icu,AP-7,-68.9,-96.5,27.6,False,-122.27,-115.94,-113.26,-104.32,-97.51,-89.38,-68.9,-104.86
74,16,icu,icu,AP-7,-69.35,-97.03,27.68,False,-121.32,-116.4,-110.37,-101.97,-100.23,-90.39,-69.35,-79.29
75,16,icu,icu,AP-7,-68.68,-95.65,26.97,False,-122.85,-116.84,-87.16,-103.15,-99.2,-89.64,-68.68,-75.71
76,16,icu,icu,AP-8,-59.52,-95.82,36.3,False,-119.12,-118.19,-91.1,-100.25,-96.4,-89.34,-67.82,-59.52
77,16,icu,icu,AP-8,-62.78,-92.88,30.1,False,-125.12,-94.04,-88.72,-103.3,-97.01,-88.37,-69.72,-62.78
78,16,icu,icu,AP-8,-56.93,-95.14,38.21,False,-121.71,-93.01,-75.39,-105.82,-96.3,-90.92,-67.05,-56.93
79,16,icu,icu,AP-8,-60.8,-93.06,32.26,False,-96.49,-93.49,-70.83,-100.36,-99.79,-88.87,-73.55,-60.8
0,17,ward_D,ward,AP-4,-51.98,-95.84,43.86,False,-66.65,-69.87,-77.49,-51.98,-65.2,-75.02,-82.05,-79.05
1,17,ward_D,ward,AP-4,-54.13,-95.93,41.8,False,-71.06,-70.43,-74.0,-54.13,-67.56,-70.96,-77.54,-72.39
2,17,ward_D,ward,AP-4,-51.48,-99.11,47.63,False,-66.37,-72.33,-75.31,-51.48,-65.67,-70.93,-76.09,-78.17
3,17,ward_D,ward,AP-4,-49.88,-93.73,43.85,False,-71.04,-66.37,-76.92,-49.88,-67.36,-74.54,-76.43,-74.72
4,17,ward_D,ward,AP-4,-47.29,-92.59,45.3,False,-67.78,-68.66,-74.21,-47.29,-65.05,-70.72,-80.49,-72.96
5,17,ward_D,ward,AP-4,-49.28,-93.34,44.06,False,-68.43,-67.42,-75.95,-49.28,-66.13,-75.27,-77.9,-77.29
6,17,ward_D,ward,AP-4,-47.01,-93.51,46.5,False,-68.82,-70.97,-76.04,-47.01,-64.35,-70.4,-78.63,-75.62
7,17,ward_D,ward,AP-4,-46.49,-90.61,44.12,False,-67.29,-70.4,-73.54,-46.49,-64.25,-74.34,-78.25,-78.0
8,17,ward_D,ward,AP-4,-48.78,-93.48,44.7,False,-66.08,-72.83,-74.44,-48.78,-59.19,-70.26,-78.0,-73.16
9,17,ward_D,ward,AP-4,-46.4,-95.11,48.71,False,-67.97,-71.29,-76.0,-46.4,-63.47,-71.65,-75.68,-74.81
10,17,ward_D,ward,AP-4,-47.98,-92.01,44.03,False,-64.64,-72.63,-73.44,-47.98,-61.94,-69.2,-78.12,-79.42
11,17,ward_D,ward,AP-4,-44.58,-94.67,50.09,False,-63.66,-66.34,-75.03,-44.58,-61.59,-69.86,-73.82,-70.54
12,17,ward_D,ward,AP-4,-46.54,-92.2,45.66,False,-65.7,-65.66,-72.68,-46.54,-61.36,-66.66,-73.6,-79.86
13,17,ward_D,ward,AP-4,-46.36,-96.06,49.7,False,-66.87,-71.05,-69.89,-46.36,-60.63,-69.93,-73.28,-73.07
14,17,ward_D,ward,AP-4,-49.52,-96.34,46.82,False,-70.23,-69.93,-73.38,-49.52,-57.9,-71.93,-76.52,-71.36
15,17,ward_D,ward,AP-4,-48.82,-93.59,44.77,False,-65.65,-68.79,-67.99,-48.82,-61.66,-71.61,-77.57,-76.62
16,17,ward_D,ward,AP-4,-48.17,-96.68,48.51,False,-69.57,-66.93,-71.53,-48.17,-55.57,-66.13,-77.02,-73.86
17,17,ward_D,ward,AP-4,-50.32,-95.31,44.99,False,-62.63,-67.81,-68.77,-50.32,-58.86,-70.23,-75.95,-74.59
18,17,ward_D,ward,AP-4,-56.53,-95.71,39.18,False,-64.25,-64.99,-67.93,-56.53,-59.38,-69.06,-70.82,-68.77
19,17,ward_D,ward,AP-4,-52.98,-96.07,43.09,False,-66.91,-66.87,-67.61,-52.98,-53.17,-67.38,-76.63,-74.85
20,17,ward_E,ward,AP-4,-54.15,-98.32,44.17,False,-65.55,-65.12,-66.64,-54.15,-55.2,-68.79,-74.63,-71.31
21,17,ward_E,ward,AP-4,-54.64,-94.45,39.81,False,-69.41,-69.76,-66.81,-54.64,-55.21,-66.23,-72.15,-73.65
22,17,ward_E,ward,AP-5,-54.45,-94.95,40.5,False,-67.71,-66.28,-70.18,-55.97,-54.45,-68.49,-74.19,-73.05
23,17,ward_E,ward,AP-5,-52.3,-95.45,43.15,False,-65.23,-67.91,-70.89,-57.34,-52.3,-67.08,-76.42,-74.96
24,17,ward_E,ward,AP-5,-49.81,-94.0,44.19,False,-65.62,-62.7,-71.04,-57.99,-49.81,-64.93,-76.24,-70.24
25,17,ward_E,ward,AP-5,-51.62,-96.88,45.26,False,-71.19,-65.65,-69.09,-61.33,-51.62,-62.77,-72.88,-67.73
26,17,ward_E,ward,AP-5,-48.6,-93.35,44.75,False,-69.22,-67.91,-71.48,-61.72,-48.6,-67.91,-75.39,-72.64
27,17,ward_E,ward,AP-5,-47.85,-91.51,43.66,False,-68.57,-65.56,-70.19,-62.78,-47.85,-62.63,-71.57,-68.78
28,17,ward_E,ward,AP-5,-46.07,-96.04,49.97,False,-64.47,-66.55,-69.7,-61.28,-46.07,-64.92,-76.68,-70.1
29,17,ward_E,ward,AP-5,-41.98,-96.62,54.64,False,-69.17,-69.64,-67.01,-65.07,-41.98,-65.17,-72.46,-70.82
30,17,ward_E,ward,AP-5,-45.78,-93.96,48.18,False,-70.46,-65.27,-69.93,-60.98,-45.78,-64.12,-73.0,-69.03
31,17,ward_E,ward,AP-5,-47.27,-95.82,48.55,False,-65.39,-68.01,-71.14,-61.29,-47.27,-62.01,-75.12,-70.86
32,17,ward_E,ward,AP-5,-44.74,-94.61,49.87,False,-68.82,-65.79,-69.58,-65.25,-44.74,-64.57,-73.36,-70.14
33,17,ward_E,ward,AP-5,-47.56,-93.54,45.98,False,-67.16,-65.48,-66.77,-65.64,-47.56,-63.82,-71.63,-71.61
34,17,ward_E,ward,AP-5,-51.41,-97.96,46.55,False,-70.33,-63.35,-69.29,-65.34,-51.41,-58.24,-71.86,-67.1
35,17,ward_E,ward,AP-5,-45.51,-96.58,51.07,False,-69.27,-63.53,-64.65,-67.24,-45.51,-62.03,-74.46,-66.59
36,17,ward_E,ward,AP-5,-47.27,-94.75,47.48,False,-70.09,-67.6,-63.88,-65.6,-47.27,-57.53,-73.83,-64.41
37,17,ward_E,ward,AP-5,-48.82,-94.64,45.82,False,-69.4,-65.99,-63.96,-69.12,-48.82,-61.26,-73.86,-71.12
38,17,ward_E,ward,AP-5,-52.07,-93.96,41.89,False,-70.94,-66.08,-71.5,-68.32,-52.07,-55.48,-74.51,-68.25
39,17,ward_E,ward,AP-6,-53.36,-93.7,40.34,False,-68.81,-72.72,-66.29,-68.7,-58.36,-53.36,-72.06,-66.01
40,17,ward_F,ward,AP-6,-54.98,-93.2,38.22,False,-71.11,-68.31,-68.66,-66.18,-55.14,-54.98,-72.83,-70.37
41,17,ward_F,ward,AP-5,-57.18,-95.24,38.06,False,-72.48,-65.61,-63.24,-63.14,-57.18,-58.14,-72.95,-62.42
42,17,ward_F,ward,AP-6,-48.19,-93.72,45.53,False,-70.6,-67.07,-67.6,-66.37,-53.46,-48.19,-70.32,-69.07
43,17,ward_F,ward,AP-6,-52.04,-95.99,43.95,False,-72.22,-68.86,-71.6,-66.28,-56.65,-52.04,-71.25,-64.18
44,17,ward_F,ward,AP-6,-51.54,-93.95,42.41,False,-70.11,-64.45,-66.19,-67.48,-63.21,-51.54,-75.07,-65.1
45,17,ward_F,ward,AP-6,-49.77,-94.84,45.07,False,-71.75,-68.79,-64.64,-69.86,-59.32,-49.77,-73.94,-65.76
46,17,ward_F,ward,AP-6,-48.95,-95.3,46.35,False,-73.44,-68.55,-63.85,-70.05,-60.3,-48.95,-73.57,-61.6
47,17,ward_F,ward,AP-6,-45.3,-94.24,48.94,False,-72.27,-69.86,-69.29,-71.85,-57.84,-45.3,-73.02,-65.65
48,17,ward_F,ward,AP-6,-42.05,-95.66,53.61,False,-69.87,-69.72,-68.72,-71.07,-62.04,-42.05,-69.35,-64.09
49,17,ward_F,ward,AP-6,-45.17,-94.38,49.21,False,-74.57,-69.78,-66.56,-69.28,-65.55,-45.17,-69.44,-64.04
50,17,ward_F,ward,AP-6,-45.24,-93.83,48.59,False,-72.16,-72.3,-66.32,-71.14,-59.16,-45.24,-67.88,-64.8
51,17,ward_F,ward,AP-6,-44.99,-95.96,50.97,False,-71.13,-67.68,-68.11,-68.77,-65.85,-44.99,-69.01,-62.7
52,17,ward_F,ward,AP-6,-46.37,-93.84,47.47,False,-73.69,-70.25,-62.41,-68.84,-60.33,-46.37,-69.44,-61.21
53,17,ward_F,ward,AP-6,-48.43,-92.81,44.38,False,-73.02,-71.87,-66.99,-69.87,-58.77,-48.43,-70.16,-62.1
54,17,ward_F,ward,AP-6,-47.37,-92.71,45.34,False,-73.59,-70.38,-66.53,-71.87,-64.29,-47.37,-67.71,-58.95
55,17,ward_F,ward,AP-6,-48.58,-96.51,47.93,False,-74.79,-70.3,-67.45,-71.67,-63.73,-48.58,-69.2,-62.22
56,17,ward_F,ward,AP-6,-53.88,-93.88,40.0,False,-76.36,-71.7,-67.24,-70.55,-64.35,-53.88,-71.9,-60.55
57,17,ward_F,ward,AP-6,-52.45,-95.56,43.11,False,-74.95,-70.48,-67.6,-71.17,-65.56,-52.45,-71.7,-59.21
58,17,ward_F,ward,AP-6,-51.87,-95.95,44.08,False,-74.55,-73.88,-63.68,-72.87,-64.43,-51.87,-67.21,-78.07
59,17,ward_F,ward,AP-6,-54.45,-95.0,40.55,False,-77.76,-69.5,-66.47,-72.2,-68.96,-54.45,-71.05,-105.11
60,17,icu,icu,AP-6,-97.84,-92.43,-5.41,True,-121.12,-107.25,-109.25,-114.14,-108.71,-97.84,-113.87,-100.86
61,17,icu,icu,AP-6,-97.19,-94.84,-2.35,True,-120.18,-112.17,-110.76,-115.08,-112.19,-97.19,-109.04,-101.4
62,17,icu,icu,AP-6,-99.97,-94.06,-5.91,True,-117.46,-113.24,-107.7,-117.27,-111.54,-99.97,-110.83,-103.57
63,17,icu,icu,AP-6,-101.23,-94.2,-7.03,True,-116.38,-114.43,-109.87,-118.2,-110.92,-101.23,-111.19,-101.81
64,17,icu,icu,AP-8,-100.7,-94.48,-6.22,True,-116.51,-115.71,-110.53,-115.25,-112.34,-103.9,-110.4,-100.7
65,17,icu,icu,AP-8,-96.82,-95.94,-0.88,True,-119.25,-114.5,-111.21,-118.77,-110.3,-102.91,-110.08,-96.82
66,17,icu,icu,AP-8,-99.73,-94.16,-5.57,True,-119.56,-115.27,-111.64,-116.88,-114.74,-105.48,-112.42,-99.73
67,17,icu,icu,AP-8,-102.17,-94.49,-7.68,True,-118.28,-116.22,-114.99,-116.93,-114.45,-103.23,-111.64,-102.17
68,17,icu,icu,AP-6,-100.47,-96.85,-3.62,True,-119.18,-114.13,-111.18,-114.37,-115.02,-100.47,-108.06,-100.92
69,17,icu,icu,AP-8,-100.13,-93.01,-7.12,True,-120.69,-116.7,-110.65,-117.38,-112.37,-108.77,-115.49,-100.13
70,17,icu,icu,AP-8,-98.84,-95.44,-3.4,True,-119.66,-112.57,-114.25,-118.65,-111.56,-105.49,-108.84,-98.84
71,17,icu,icu,AP-8,-100.4,-97.62,-2.78,True,-120.71,-119.18,-112.06,-115.11,-117.42,-106.56,-109.46,-100.4
72,17,icu,icu,AP-6,-86.04,-95.84,9.8,True,-120.48,-115.57,-112.02,-101.78,-96.46,-86.04,-88.44,-98.04
73,17,icu,icu,AP-7,-69.61,-97.99,28.38,False,-120.33,-117.12,-110.9,-98.69,-97.05,-93.02,-69.61,-104.78
74,17,icu,icu,AP-7,-69.56,-97.45,27.89,False,-121.45,-117.65,-113.19,-104.83,-95.86,-86.51,-69.56,-73.66
75,17,icu,icu,AP-8,-57.58,-94.2,36.62,False,-119.06,-115.71,-69.96,-101.5,-96.99,-92.32,-71.7,-57.58
76,17,icu,icu,AP-8,-58.99,-95.38,36.39,False,-119.98,-118.06,-72.07,-103.77,-100.41,-92.69,-67.79,-58.99
77,17,icu,icu,AP-8,-62.27,-95.47,33.2,False,-118.0,-75.79,-70.15,-98.69,-94.25,-88.4,-66.31,-62.27
78,17,icu,icu,AP-8,-57.55,-93.81,36.26,False,-122.52,-71.91,-73.39,-103.19,-99.34,-93.29,-71.01,-57.55
79,17,icu,icu,AP-8,-60.69,-94.78,34.09,False,-78.04,-77.4,-71.97,-102.0,-98.82,-92.32,-70.42,-60.69
0,18,ward_D,ward,AP-4,-56.39,-94.99,38.6,False,-65.43,-68.96,-73.74,-56.39,-67.42,-78.99,-79.3,-75.37
1,18,ward_D,ward,AP-4,-56.2,-96.5,40.3,False,-69.03,-73.06,-75.6,-56.2,-68.74,-71.3,-74.98,-76.09
2,18,ward_D,ward,AP-4,-52.5,-94.93,42.43,False,-63.27,-67.58,-74.83,-52.5,-68.34,-75.16,-74.27,-75.52
3,18,ward_D,ward,AP-4,-50.67,-97.23,46.56,False,-65.87,-69.99,-73.1,-50.67,-63.04,-74.66,-77.76,-76.47
4,18,ward_D,ward,AP-4,-51.84,-94.49,42.65,False,-62.97,-69.64,-77.31,-51.84,-66.74,-75.03,-75.02,-75.72
5,18,ward_D,ward,AP-4,-52.64,-93.19,40.55,False,-63.71,-66.71,-74.0,-52.64,-66.4,-71.41,-78.16,-75.62
6,18,ward_D,ward,AP-4,-47.5,-95.68,48.18,False,-63.34,-71.28,-74.44,-47.5,-66.17,-72.19,-76.47,-73.4
7,18,ward_D,ward,AP-4,-49.23,-95.11,45.88,False,-64.6,-69.44,-72.73,-49.23,-64.04,-74.15,-78.89,-77.84
8,18,ward_D,ward,AP-4,-51.51,-93.88,42.37,False,-65.86,-68.62,-72.42,-51.51,-63.06,-72.5,-79.97,-77.03
9,18,ward_D,ward,AP-4,-48.36,-95.76,47.4,False,-68.66,-66.14,-75.74,-48.36,-62.97,-73.08,-78.65,-74.27
10,18,ward_D,ward,AP-4,-46.53,-96.44,49.91,False,-67.78,-68.84,-72.86,-46.53,-64.12,-68.94,-77.25,-78.34
11,18,ward_D,ward,AP-4,-50.61,-95.23,44.62,False,-65.55,-68.39,-77.41,-50.61,-62.03,-69.84,-79.33,-74.25
12,18,ward_D,ward,AP-4,-48.28,-95.51,47.23,False,-66.05,-68.26,-72.07,-48.28,-60.17,-70.25,-74.15,-74.78
13,18,ward_D,ward,AP-4,-52.36,-92.85,40.49,False,-71.19,-66.52,-71.39,-52.36,-65.37,-70.15,-78.08,-75.11
14,18,ward_D,ward,AP-4,-49.25,-93.45,44.2,False,-66.35,-67.38,-71.46,-49.25,-64.97,-68.48,-71.57,-74.81
15,18,ward_D,ward,AP-4,-47.59,-96.63,49.04,False,-64.31,-64.3,-73.1,-47.59,-62.98,-68.94,-74.94,-74.47
16,18,ward_D,ward,AP-4,-51.56,-96.17,44.61,False,-64.02,-69.52,-71.9,-51.56,-59.76,-69.33,-76.14,-75.19
17,18,ward_D,ward,AP-4,-54.2,-98.16,43.96,False,-65.28,-65.25,-71.12,-54.2,-58.08,-64.44,-75.11,-76.46
18,18,ward_D,ward,AP-4,-55.3,-96.01,40.71,False,-64.33,-69.36,-71.65,-55.3,-57.88,-65.37,-74.03,-73.72
19,18,ward_D,ward,AP-5,-58.25,-97.3,39.05,False,-70.09,-66.39,-71.19,-58.57,-58.25,-70.87,-76.24,-72.36
20,18,ward_E,ward,AP-5,-54.77,-95.28,40.51,False,-66.92,-68.48,-69.32,-54.84,-54.77,-69.84,-77.95,-69.86
21,18,ward_E,ward,AP-5,-53.48,-95.84,42.36,False,-69.46,-67.93,-68.14,-58.92,-53.48,-71.16,-70.63,-72.56
22,18,ward_E,ward,AP-5,-53.15,-93.08,39.93,False,-69.11,-70.28,-71.42,-59.38,-53.15,-66.98,-74.6,-71.34
23,18,ward_E,ward,AP-5,-56.8,-95.09,38.29,False,-68.64,-68.82,-69.51,-60.12,-56.8,-68.83,-70.67,-71.06
24,18,ward_E,ward,AP-5,-56.9,-97.22,40.32,False,-69.05,-63.98,-70.17,-63.0,-56.9,-68.37,-73.23,-75.51
25,18,ward_E,ward,AP-5,-51.63,-96.12,44.49,False,-65.44,-61.79,-73.98,-62.14,-51.63,-66.83,-74.73,-76.18
26,18,ward_E,ward,AP-5,-51.74,-97.75,46.01,False,-68.08,-69.22,-69.05,-62.75,-51.74,-61.61,-77.13,-68.0
27,18,ward_E,ward,AP-5,-47.3,-94.18,46.88,False,-68.62,-65.77,-67.55,-63.94,-47.3,-62.26,-71.89,-74.71
28,18,ward_E,ward,AP-5,-49.36,-93.94,44.58,False,-67.27,-66.88,-65.6,-61.75,-49.36,-64.03,-73.0,-70.18
29,18,ward_E,ward,AP-5,-48.17,-94.85,46.68,False,-68.96,-69.17,-66.86,-63.23,-48.17,-63.31,-73.69,-69.5
30,18,ward_E,ward,AP-5,-45.77,-95.41,49.64,False,-67.36,-62.88,-67.34,-62.27,-45.77,-63.57,-74.37,-68.61
31,18,ward_E,ward,AP-5,-46.78,-94.55,47.77,False,-70.53,-67.11,-67.62,-65.88,-46.78,-65.1,-72.53,-67.64
32,18,ward_E,ward,AP-5,-47.14,-95.79,48.65,False,-67.43,-65.75,-65.25,-63.4,-47.14,-63.27,-73.6,-69.8
33,18,ward_E,ward,AP-5,-49.1,-95.95,46.85,False,-71.95,-69.29,-63.8,-64.98,-49.1,-58.9,-71.97,-67.37
34,18,ward_E,ward,AP-5,-48.06,-94.61,46.55,False,-70.4,-66.42,-68.4,-68.12,-48.06,-61.53,-72.35,-70.41
35,18,ward_E,ward,AP-5,-52.08,-92.84,40.76,False,-69.88,-67.53,-64.47,-64.61,-52.08,-60.06,-71.99,-65.83
36,18,ward_E,ward,AP-5,-54.99,-95.27,40.28,False,-69.15,-70.95,-69.72,-65.11,-54.99,-58.39,-75.43,-65.3
37,18,ward_E,ward,AP-5,-52.75,-93.7,40.95,False,-70.79,-69.11,-68.91,-70.66,-52.75,-58.66,-70.62,-68.34
38,18,ward_E,ward,AP-5,-54.19,-92.86,38.67,False,-69.6,-65.83,-66.46,-67.91,-54.19,-57.53,-71.0,-71.1
39,18,ward_E,ward,AP-5,-52.37,-94.21,41.84,False,-72.65,-65.48,-66.65,-68.81,-52.37,-55.91,-72.58,-70.07
40,18,ward_F,ward,AP-5,-53.42,-95.1,41.68,False,-70.16,-67.33,-64.73,-65.06,-53.42,-56.69,-72.97,-66.05
41,18,ward_F,ward,AP-6,-56.53,-95.55,39.02,False,-71.56,-70.03,-67.18,-68.59,-57.43,-56.53,-70.75,-68.34
42,18,ward_F,ward,AP-6,-51.37,-94.35,42.98,False,-69.96,-66.53,-64.78,-68.93,-61.21,-51.37,-67.44,-68.24
43,18,ward_F,ward,AP-6,-54.08,-93.92,39.84,False,-70.79,-70.0,-67.72,-75.04,-56.11,-54.08,-69.54,-62.35
44,18,ward_F,ward,AP-6,-51.13,-92.54,41.41,False,-71.02,-65.61,-67.7,-69.58,-58.45,-51.13,-70.57,-65.44
45,18,ward_F,ward,AP-6,-50.18,-96.42,46.24,False,-70.76,-65.44,-64.34,-69.62,-59.95,-50.18,-71.04,-61.23
46,18,ward_F,ward,AP-6,-48.85,-94.72,45.87,False,-71.86,-69.11,-68.44,-69.36,-58.88,-48.85,-71.8,-66.13
47,18,ward_F,ward,AP-6,-55.02,-95.46,40.44,False,-73.55,-66.42,-64.42,-69.56,-61.72,-55.02,-70.46,-65.2
48,18,ward_F,ward,AP-6,-47.71,-94.93,47.22,False,-72.62,-72.12,-67.01,-69.27,-61.82,-47.71,-73.48,-61.68
49,18,ward_F,ward,AP-6,-45.71,-93.51,47.8,False,-73.37,-70.69,-70.14,-72.78,-60.63,-45.71,-72.1,-60.97
50,18,ward_F,ward,AP-6,-45.51,-95.34,49.83,False,-72.07,-72.77,-68.1,-73.64,-61.44,-45.51,-70.29,-59.06
51,18,ward_F,ward,AP-6,-49.15,-93.96,44.81,False,-73.12,-68.16,-65.72,-70.39,-64.18,-49.15,-70.82,-63.67
52,18,ward_F,ward,AP-6,-46.89,-97.29,50.4,False,-71.97,-73.34,-66.91,-69.22,-64.8,-46.89,-66.92,-62.18
53,18,ward_F,ward,AP-6,-50.51,-94.87,44.36,False,-71.08,-70.54,-68.99,-69.42,-65.77,-50.51,-71.27,-61.77
54,18,ward_F,ward,AP-6,-48.42,-96.3,47.88,False,-75.77,-69.48,-69.0,-72.41,-65.01,-48.42,-69.14,-58.77
55,18,ward_F,ward,AP-6,-52.27,-95.17,42.9,False,-74.29,-66.2,-68.7,-74.07,-66.21,-52.27,-65.3,-61.95
56,18,ward_F,ward,AP-6,-52.68,-95.55,42.87,False,-74.52,-67.95,-68.2,-75.52,-65.07,-52.68,-68.48,-61.06
57,18,ward_F,ward,AP-6,-51.5,-96.5,45.0,False,-76.28,-71.97,-66.92,-72.11,-68.87,-51.5,-65.74,-56.88
58,18,ward_F,ward,AP-6,-55.85,-95.25,39.4,False,-73.76,-67.1,-65.95,-74.26,-68.18,-55.85,-68.43,-74.13
59,18,ward_F,ward,AP-6,-51.35,-95.01,43.66,False,-72.35,-71.82,-66.96,-74.6,-68.12,-51.35,-69.17,-75.82
60,18,icu,icu,AP-8,-98.0,-94.85,-3.15,True,-116.36,-109.62,-107.86,-117.6,-107.93,-99.0,-111.77,-98.0
61,18,icu,icu,AP-8,-99.38,-93.71,-5.67,True,-117.68,-119.25,-107.51,-118.75,-112.24,-100.49,-110.61,-99.38
62,18,icu,icu,AP-6,-101.03,-95.39,-5.64,True,-118.27,-115.03,-109.23,-118.43,-112.84,-101.03,-110.25,-104.3
63,18,icu,icu,AP-8,-100.87,-94.54,-6.33,True,-119.91,-112.61,-111.96,-115.52,-111.58,-102.49,-112.31,-100.87
64,18,icu,icu,AP-8,-99.94,-94.49,-5.45,True,-120.76,-116.59,-110.77,-115.04,-111.43,-103.06,-112.79,-99.94
65,18,icu,icu,AP-8,-97.67,-95.16,-2.51,True,-115.47,-114.44,-111.89,-121.48,-115.71,-100.05,-109.35,-97.67
66,18,icu,icu,AP-8,-97.95,-94.13,-3.82,True,-120.09,-115.19,-110.09,-119.17,-113.89,-103.19,-110.47,-97.95
67,18,icu,icu,AP-8,-96.49,-93.83,-2.66,True,-118.45,-116.43,-108.63,-119.81,-114.21,-103.94,-110.23,-96.49
68,18,icu,icu,AP-8,-95.27,-97.64,2.37,True,-122.62,-114.54,-113.36,-116.59,-115.18,-103.06,-111.71,-95.27
69,18,icu,icu,AP-8,-101.74,-93.33,-8.41,True,-119.53,-117.65,-111.77,-121.39,-113.65,-103.92,-113.5,-101.74
70,18,icu,icu,AP-8,-98.99,-95.27,-3.72,True,-122.38,-117.96,-114.25,-116.38,-113.51,-104.26,-112.47,-98.99
71,18,icu,icu,AP-8,-103.6,-94.2,-9.4,True,-118.65,-118.15,-113.26,-114.4,-113.56,-106.36,-108.18,-103.6
72,18,icu,icu,AP-7,-85.04,-94.81,9.77,True,-96.63,-90.35,-88.86,-117.64,-115.26,-111.33,-85.04,-99.74
73,18,icu,icu,AP-7,-70.54,-97.7,27.16,False,-93.49,-89.46,-87.42,-117.5,-111.42,-109.17,-70.54,-74.55
74,18,icu,icu,AP-7,-68.71,-91.94,23.23,False,-93.66,-92.19,-87.54,-120.47,-114.35,-108.44,-68.71,-77.04
75,18,icu,icu,AP-8,-59.83,-93.32,33.49,False,-93.49,-93.73,-69.34,-118.77,-116.63,-89.22,-69.31,-59.83
76,18,icu,icu,AP-8,-59.85,-98.42,38.57,False,-95.77,-91.46,-67.29,-119.04,-114.58,-95.76,-67.53,-59.85
77,18,icu,icu,AP-8,-56.94,-93.35,36.41,False,-97.44,-73.37,-71.17,-119.69,-99.13,-91.52,-69.53,-56.94
78,18,icu,icu,AP-8,-61.03,-92.05,31.02,False,-95.73,-73.8,-73.79,-119.55,-98.34,-92.91,-67.56,-61.03
79,18,icu,icu,AP-8,-59.81,-94.74,34.93,False,-78.12,-74.67,-73.11,-100.16,-98.09,-91.17,-68.68,-59.81
0,19,ward_D,ward,AP-4,-58.66,-94.98,36.32,False,-63.76,-67.81,-73.69,-58.66,-67.94,-72.19,-77.7,-76.23
1,19,ward_D,ward,AP-4,-55.62,-96.35,40.73,False,-63.43,-70.49,-75.56,-55.62,-67.22,-76.9,-77.11,-77.79
2,19,ward_D,ward,AP-4,-55.52,-95.01,39.49,False,-68.11,-70.8,-79.67,-55.52,-65.12,-73.83,-80.34,-78.69
3,19,ward_D,ward,AP-4,-56.21,-95.84,39.63,False,-69.36,-72.07,-74.72,-56.21,-66.5,-72.47,-78.96,-78.09
4,19,ward_D,ward,AP-4,-51.98,-96.97,44.99,False,-66.73,-67.21,-75.88,-51.98,-67.24,-71.44,-77.41,-76.01
5,19,ward_D,ward,AP-4,-51.31,-94.73,43.42,False,-64.7,-67.17,-70.82,-51.31,-68.8,-73.42,-78.73,-76.15
6,19,ward_D,ward,AP-4,-51.17,-91.54,40.37,False,-65.43,-67.22,-76.05,-51.17,-69.16,-71.25,-79.23,-75.49
7,19,ward_D,ward,AP-4,-50.85,-96.31,45.46,False,-64.14,-65.5,-76.34,-50.85,-64.01,-73.81,-76.62,-76.99
8,19,ward_D,ward,AP-4,-50.3,-93.82,43.52,False,-67.16,-69.97,-75.67,-50.3,-60.47,-73.22,-78.73,-75.33
9,19,ward_D,ward,AP-4,-47.85,-93.21,45.36,False,-61.37,-65.52,-67.82,-47.85,-61.14,-71.37,-76.28,-74.89
10,19,ward_D,ward,AP-4,-51.76,-93.85,42.09,False,-63.59,-68.12,-72.31,-51.76,-64.29,-72.15,-74.26,-74.4
11,19,ward_D,ward,AP-4,-46.38,-93.38,47.0,False,-64.1,-71.59,-72.5,-46.38,-61.78,-71.07,-78.95,-70.16
12,19,ward_D,ward,AP-4,-51.94,-93.77,41.83,False,-63.86,-68.78,-73.69,-51.94,-62.25,-71.97,-73.44,-71.27
13,19,ward_D,ward,AP-4,-52.28,-93.61,41.33,False,-64.59,-68.22,-71.97,-52.28,-56.7,-69.22,-73.61,-77.77
14,19,ward_D,ward,AP-4,-46.91,-95.55,48.64,False,-64.28,-65.5,-72.25,-46.91,-60.02,-69.78,-74.88,-75.51
15,19,ward_D,ward,AP-4,-50.07,-96.23,46.16,False,-65.74,-72.87,-70.77,-50.07,-61.17,-67.51,-74.63,-71.83
16,19,ward_D,ward,AP-4,-53.42,-95.93,42.51,False,-62.05,-67.65,-70.17,-53.42,-63.34,-70.62,-74.82,-75.49
17,19,ward_D,ward,AP-4,-56.42,-92.25,35.83,False,-68.13,-68.83,-74.74,-56.42,-60.34,-67.57,-78.61,-73.5
18,19,ward_D,ward,AP-5,-51.91,-94.63,42.72,False,-67.61,-66.13,-69.63,-55.35,-51.91,-69.46,-72.63,-72.52
19,19,ward_D,ward,AP-4,-54.79,-94.44,39.65,False,-67.75,-65.46,-73.25,-54.79,-58.37,-65.89,-75.6,-72.6
20,19,ward_E,ward,AP-5,-56.81,-94.5,37.69,False,-68.27,-66.94,-70.84,-58.49,-56.81,-66.94,-73.62,-70.92
21,19,ward_E,ward,AP-5,-54.13,-94.32,40.19,False,-66.92,-67.93,-66.65,-60.58,-54.13,-65.99,-72.77,-68.0
22,19,ward_E,ward,AP-5,-52.15,-95.47,43.32,False,-65.69,-65.16,-68.59,-59.58,-52.15,-67.56,-77.67,-70.18
23,19,ward_E,ward,AP-5,-52.14,-95.19,43.05,False,-64.28,-65.42,-69.03,-59.62,-52.14,-65.74,-73.85,-72.03
24,19,ward_E,ward,AP-5,-51.96,-94.65,42.69,False,-69.4,-66.5,-65.38,-56.52,-51.96,-68.72,-73.95,-71.84
25,19,ward_E,ward,AP-5,-55.59,-94.2,38.61,False,-66.38,-63.92,-69.77,-61.58,-55.59,-67.21,-71.85,-67.47
26,19,ward_E,ward,AP-5,-54.15,-98.68,44.53,False,-67.82,-65.25,-74.52,-63.72,-54.15,-67.57,-73.26,-70.14
27,19,ward_E,ward,AP-5,-52.29,-94.19,41.9,False,-63.74,-63.59,-67.44,-63.21,-52.29,-63.84,-74.93,-68.49
28,19,ward_E,ward,AP-5,-52.52,-96.18,43.66,False,-68.16,-62.77,-69.16,-62.84,-52.52,-66.05,-69.48,-69.92
29,19,ward_E,ward,AP-5,-49.86,-96.03,46.17,False,-70.85,-64.91,-70.4,-64.22,-49.86,-64.2,-75.07,-69.89
30,19,ward_E,ward,AP-5,-48.95,-94.47,45.52,False,-66.71,-65.76,-69.11,-61.8,-48.95,-62.18,-70.59,-68.82
31,19,ward_E,ward,AP-5,-48.24,-96.57,48.33,False,-68.01,-66.69,-67.84,-60.57,-48.24,-63.56,-75.17,-70.2
32,19,ward_E,ward,AP-5,-54.13,-94.14,40.01,False,-66.82,-63.63,-65.61,-65.05,-54.13,-64.45,-71.97,-67.27
33,19,ward_E,ward,AP-5,-49.9,-94.97,45.07,False,-68.87,-65.41,-67.07,-60.81,-49.9,-61.4,-71.06,-72.07
34,19,ward_E,ward,AP-5,-53.78,-93.33,39.55,False,-71.86,-63.85,-68.03,-64.17,-53.78,-56.14,-73.68,-67.99
35,19,ward_E,ward,AP-5,-57.01,-95.06,38.05,False,-70.89,-65.9,-67.58,-64.55,-57.01,-62.1,-70.79,-67.33
36,19,ward_E,ward,AP-5,-50.32,-96.6,46.28,False,-68.71,-66.9,-71.13,-69.07,-50.32,-61.18,-74.74,-66.41
37,19,ward_E,ward,AP-5,-53.82,-93.69,39.87,False,-72.37,-65.42,-68.79,-64.16,-53.82,-57.66,-73.67,-67.31
38,19,ward_E,ward,AP-5,-49.83,-98.37,48.54,False,-72.05,-68.89,-69.23,-66.95,-49.83,-62.04,-73.46,-69.16
39,19,ward_E,ward,AP-5,-58.04,-94.63,36.59,False,-68.57,-65.6,-68.69,-67.76,-58.04,-60.46,-71.98,-65.26
40,19,ward_F,ward,AP-5,-53.09,-94.84,41.75,False,-73.09,-64.89,-65.85,-69.85,-53.09,-59.59,-68.63,-68.01
41,19,ward_F,ward,AP-6,-54.17,-95.65,41.48,False,-69.25,-68.44,-67.47,-68.94,-54.44,-54.17,-70.44,-64.93
42,19,ward_F,ward,AP-6,-54.09,-94.61,40.52,False,-71.44,-64.32,-61.38,-67.17,-59.89,-54.09,-75.16,-63.64
43,19,ward_F,ward,AP-6,-50.45,-95.99,45.54,False,-72.95,-65.96,-68.34,-70.81,-57.54,-50.45,-71.45,-66.45
44,19,ward_F,ward,AP-6,-54.39,-93.08,38.69,False,-72.18,-67.53,-64.53,-69.21,-60.3,-54.39,-69.13,-63.95
45,19,ward_F,ward,AP-6,-49.62,-95.1,45.48,False,-72.06,-68.54,-63.61,-68.52,-57.21,-49.62,-68.65,-64.09
46,19,ward_F,ward,AP-6,-53.19,-94.65,41.46,False,-69.83,-65.13,-65.89,-66.86,-61.74,-53.19,-68.73,-64.77
47,19,ward_F,ward,AP-6,-45.49,-97.1,51.61,False,-71.55,-66.2,-66.39,-72.54,-62.05,-45.49,-67.29,-60.8
48,19,ward_F,ward,AP-6,-51.89,-93.15,41.26,False,-71.07,-67.95,-65.0,-73.92,-57.11,-51.89,-67.85,-61.62
49,19,ward_F,ward,AP-6,-49.91,-96.36,46.45,False,-70.41,-67.79,-67.81,-68.58,-60.5,-49.91,-68.52,-62.11
50,19,ward_F,ward,AP-6,-51.12,-94.11,42.99,False,-73.97,-67.59,-62.57,-72.11,-60.75,-51.12,-65.83,-62.7
51,19,ward_F,ward,AP-6,-46.4,-93.9,47.5,False,-73.25,-69.98,-63.57,-71.8,-64.86,-46.4,-69.2,-62.61
52,19,ward_F,ward,AP-6,-51.4,-94.63,43.23,False,-75.98,-66.73,-63.73,-70.14,-63.63,-51.4,-67.82,-58.34
53,19,ward_F,ward,AP-6,-48.67,-96.47,47.8,False,-76.89,-63.36,-63.11,-71.45,-61.75,-48.67,-69.94,-60.19
54,19,ward_F,ward,AP-6,-51.32,-95.92,44.6,False,-74.65,-70.39,-63.62,-71.58,-63.25,-51.32,-63.94,-60.27
55,19,ward_F,ward,AP-6,-50.67,-95.28,44.61,False,-75.69,-66.82,-70.33,-71.87,-66.22,-50.67,-70.7,-60.28
56,19,ward_F,ward,AP-6,-50.63,-95.53,44.9,False,-72.69,-68.05,-62.7,-72.75,-67.54,-50.63,-64.62,-58.03
57,19,ward_F,ward,AP-6,-55.46,-94.12,38.66,False,-72.84,-69.32,-67.52,-72.51,-66.97,-55.46,-63.33,-57.25
58,19,ward_F,ward,AP-6,-53.61,-95.1,41.49,False,-75.46,-69.49,-67.25,-71.44,-64.67,-53.61,-66.6,-56.94
59,19,ward_F,ward,AP-6,-53.1,-96.14,43.04,False,-74.41,-68.74,-66.5,-74.39,-71.19,-53.1,-69.18,-74.08
60,19,icu,icu,AP-6,-98.14,-95.48,-2.66,True,-116.71,-112.86,-111.54,-113.05,-110.09,-98.14,-110.51,-101.1
61,19,icu,icu,AP-8,-99.89,-96.17,-3.72,True,-114.41,-116.35,-110.37,-114.59,-113.87,-102.71,-111.69,-99.89
62,19,icu,icu,AP-8,-97.49,-95.06,-2.43,True,-119.97,-114.75,-107.13,-119.18,-107.07,-99.84,-113.41,-97.49
63,19,icu,icu,AP-8,-100.18,-93.56,-6.62,True,-117.92,-110.0,-107.91,-118.17,-112.27,-103.95,-110.47,-100.18
64,19,icu,icu,AP-8,-100.42,-93.58,-6.84,True,-118.99,-112.0,-113.44,-118.92,-111.06,-101.83,-112.31,-100.42
65,19,icu,icu,AP-6,-99.26,-95.28,-3.98,True,-121.03,-113.49,-110.2,-118.12,-113.63,-99.26,-111.8,-104.22
66,19,icu,icu,AP-8,-98.34,-94.46,-3.88,True,-116.68,-115.03,-111.07,-114.5,-112.57,-105.03,-111.41,-98.34
67,19,icu,icu,AP-8,-98.54,-93.9,-4.64,True,-116.42,-114.46,-108.47,-119.37,-111.41,-108.08,-113.12,-98.54
68,19,icu,icu,AP-8,-97.61,-95.01,-2.6,True,-118.83,-116.36,-113.52,-117.05,-118.94,-104.9,-111.84,-97.61
69,19,icu,icu,AP-8,-95.27,-95.03,-0.24,True,-118.59,-114.62,-108.58,-116.47,-111.68,-105.17,-110.37,-95.27
70,19,icu,icu,AP-8,-101.49,-94.88,-6.61,True,-120.17,-118.99,-110.48,-117.81,-111.49,-106.77,-112.68,-101.49
71,19,icu,icu,AP-8,-100.22,-93.63,-6.59,True,-120.28,-115.13,-110.81,-117.07,-111.78,-105.75,-114.82,-100.22
72,19,icu,icu,AP-7,-70.4,-93.61,23.21,False,-96.78,-93.95,-88.14,-118.78,-115.5,-108.18,-70.4,-71.5
73,19,icu,icu,AP-7,-67.56,-97.79,30.23,False,-97.61,-96.48,-86.8,-120.84,-114.29,-108.72,-67.56,-74.46
74,19,icu,icu,AP-8,-54.65,-97.51,42.86,False,-95.51,-94.25,-87.07,-118.7,-115.53,-106.53,-66.61,-54.65
75,19,icu,icu,AP-8,-55.51,-98.27,42.76,False,-95.08,-90.0,-68.7,-120.28,-114.07,-107.37,-64.42,-55.51
76,19,icu,icu,AP-8,-54.91,-97.04,42.13,False,-96.09,-89.95,-70.8,-119.59,-115.12,-111.85,-72.73,-54.91
77,19,icu,icu,AP-8,-61.07,-95.13,34.06,False,-96.88,-73.45,-68.8,-121.23,-114.82,-106.22,-66.14,-61.07
78,19,icu,icu,AP-8,-54.88,-92.32,37.44,False,-96.71,-74.21,-69.36,-120.61,-114.96,-92.77,-68.41,-54.88
79,19,icu,icu,AP-8,-58.73,-95.34,36.61,False,-79.92,-78.87,-72.56,-118.05,-117.75,-92.11,-68.75,-58.73
0,20,ward_D,ward,AP-4,-57.03,-95.02,37.99,False,-66.96,-72.91,-75.01,-57.03,-67.42,-72.81,-79.25,-73.88
1,20,ward_D,ward,AP-4,-58.69,-93.56,34.87,False,-62.25,-72.72,-76.16,-58.69,-71.83,-75.19,-78.66,-78.92
2,20,ward_D,ward,AP-4,-56.94,-97.12,40.18,False,-64.35,-71.19,-73.34,-56.94,-66.84,-75.68,-79.88,-76.61
3,20,ward_D,ward,AP-4,-54.25,-95.01,40.76,False,-66.75,-66.43,-71.74,-54.25,-62.58,-72.4,-75.62,-75.74
4,20,ward_D,ward,AP-4,-53.59,-93.66,40.07,False,-67.76,-74.53,-75.12,-53.59,-66.25,-74.12,-76.18,-75.44
5,20,ward_D,ward,AP-4,-50.02,-95.43,45.41,False,-66.37,-66.47,-74.06,-50.02,-68.41,-68.68,-74.77,-76.81
6,20,ward_D,ward,AP-4,-57.34,-94.89,37.55,False,-65.28,-66.39,-73.8,-57.34,-65.14,-69.92,-77.33,-74.74
7,20,ward_D,ward,AP-4,-48.51,-95.03,46.52,False,-68.44,-66.78,-74.52,-48.51,-64.98,-71.23,-77.56,-77.18
8,20,ward_D,ward,AP-4,-56.04,-93.06,37.02,False,-65.18,-68.62,-74.82,-56.04,-64.27,-74.2,-75.12,-72.72
9,20,ward_D,ward,AP-4,-50.72,-95.88,45.16,False,-65.45,-69.02,-74.19,-50.72,-65.14,-70.16,-76.28,-74.71
10,20,ward_D,ward,AP-4,-50.4,-94.89,44.49,False,-65.32,-67.45,-75.48,-50.4,-60.16,-70.44,-76.77,-77.01
11,20,ward_D,ward,AP-4,-52.8,-94.65,41.85,False,-68.51,-66.81,-74.45,-52.8,-66.28,-69.73,-74.65,-74.65
12,20,ward_D,ward,AP-4,-51.23,-95.28,44.05,False,-63.42,-64.23,-73.14,-51.23,-61.79,-69.83,-77.96,-73.6
13,20,ward_D,ward,AP-4,-50.23,-95.47,45.24,False,-66.35,-68.15,-75.26,-50.23,-63.29,-67.99,-77.51,-71.89
14,20,ward_D,ward,AP-4,-54.99,-94.16,39.17,False,-66.33,-65.28,-70.67,-54.99,-61.79,-71.03,-76.94,-73.86
15,20,ward_D,ward,AP-4,-50.07,-92.52,42.45,False,-67.22,-68.09,-69.22,-50.07,-62.03,-68.85,-76.73,-74.99
16,20,ward_D,ward,AP-4,-55.73,-93.8,38.07,False,-66.31,-66.59,-74.6,-55.73,-59.32,-68.71,-75.62,-76.25
17,20,ward_D,ward,AP-4,-55.58,-96.89,41.31,False,-67.58,-68.86,-69.47,-55.58,-62.7,-67.65,-74.83,-71.01
18,20,ward_D,ward,AP-5,-56.21,-94.03,37.82,False,-65.68,-65.74,-69.44,-57.43,-56.21,-67.37,-72.95,-72.09
19,20,ward_D,ward,AP-4,-54.0,-97.25,43.25,False,-65.0,-69.78,-71.92,-54.0,-57.09,-67.55,-75.81,-72.3
20,20,ward_E,ward,AP-4,-56.24,-96.97,40.73,False,-65.07,-65.42,-72.5,-56.24,-57.53,-68.37,-74.55,-75.04
21,20,ward_E,ward,AP-5,-56.2,-95.35,39.15,False,-71.9,-66.13,-69.86,-57.25,-56.2,-67.6,-74.89,-72.38
22,20,ward_E,ward,AP-5,-54.35,-94.61,40.26,False,-67.86,-62.69,-69.12,-60.91,-54.35,-66.33,-73.45,-72.57
23,20,ward_E,ward,AP-5,-57.45,-92.93,35.48,False,-69.01,-68.01,-67.28,-59.15,-57.45,-67.72,-79.99,-73.19
24,20,ward_E,ward,AP-5,-52.62,-96.2,43.58,False,-66.12,-67.74,-69.99,-58.18,-52.62,-64.03,-72.16,-69.39
25,20,ward_E,ward,AP-5,-50.25,-94.61,44.36,False,-67.4,-68.75,-69.81,-58.25,-50.25,-66.39,-71.04,-69.6
26,20,ward_E,ward,AP-5,-51.07,-95.77,44.7,False,-65.14,-64.74,-66.43,-60.61,-51.07,-65.24,-73.5,-69.37
27,20,ward_E,ward,AP-5,-50.62,-93.93,43.31,False,-65.84,-67.65,-69.1,-63.78,-50.62,-64.7,-72.22,-71.09
28,20,ward_E,ward,AP-5,-51.21,-95.35,44.14,False,-68.94,-62.51,-71.09,-59.46,-51.21,-66.22,-70.1,-69.8
29,20,ward_E,ward,AP-5,-53.37,-94.78,41.41,False,-68.36,-64.59,-66.38,-61.2,-53.37,-66.42,-75.34,-67.53
30,20,ward_E,ward,AP-5,-49.81,-97.21,47.4,False,-71.23,-68.69,-66.99,-63.89,-49.81,-62.69,-71.78,-69.71
31,20,ward_E,ward,AP-5,-51.4,-95.73,44.33,False,-65.98,-63.32,-66.1,-64.02,-51.4,-63.87,-73.66,-68.91
32,20,ward_E,ward,AP-5,-54.08,-95.1,41.02,False,-66.38,-65.91,-65.48,-65.34,-54.08,-59.87,-73.08,-69.49
33,20,ward_E,ward,AP-5,-53.2,-97.13,43.93,False,-67.7,-62.38,-66.2,-66.03,-53.2,-60.41,-69.87,-70.6
34,20,ward_E,ward,AP-5,-53.02,-94.71,41.69,False,-70.08,-64.63,-67.11,-63.18,-53.02,-62.93,-72.34,-71.11
35,20,ward_E,ward,AP-5,-55.92,-94.1,38.18,False,-67.66,-65.21,-67.81,-63.11,-55.92,-61.9,-66.27,-69.78
36,20,ward_E,ward,AP-5,-55.16,-95.51,40.35,False,-69.57,-68.83,-66.39,-66.59,-55.16,-58.97,-72.37,-69.61
37,20,ward_E,ward,AP-5,-54.6,-93.78,39.18,False,-71.35,-61.32,-67.69,-65.74,-54.6,-60.6,-69.92,-67.92
38,20,ward_E,ward,AP-5,-55.03,-95.94,40.91,False,-73.33,-67.4,-70.85,-67.12,-55.03,-61.64,-72.87,-65.35
39,20,ward_E,ward,AP-5,-56.62,-95.38,38.76,False,-70.31,-64.08,-66.4,-65.17,-56.62,-57.37,-71.57,-67.05
40,20,ward_F,ward,AP-5,-55.8,-94.45,38.65,False,-70.81,-66.66,-65.13,-68.94,-55.8,-57.67,-70.57,-68.3
41,20,ward_F,ward,AP-6,-55.65,-93.86,38.21,False,-72.14,-67.45,-62.98,-69.25,-56.85,-55.65,-69.82,-63.78
42,20,ward_F,ward,AP-6,-56.31,-94.66,38.35,False,-74.17,-66.91,-65.13,-70.93,-59.48,-56.31,-72.7,-67.16
43,20,ward_F,ward,AP-6,-52.76,-95.91,43.15,False,-69.93,-68.04,-64.59,-68.22,-55.03,-52.76,-72.69,-60.85
44,20,ward_F,ward,AP-6,-52.55,-97.83,45.28,False,-73.3,-68.31,-65.37,-70.97,-61.5,-52.55,-72.0,-64.72
45,20,ward_F,ward,AP-6,-52.78,-93.38,40.6,False,-73.02,-66.76,-65.54,-68.05,-57.03,-52.78,-69.77,-61.52
46,20,ward_F,ward,AP-6,-50.68,-95.11,44.43,False,-71.15,-66.53,-69.0,-72.45,-60.98,-50.68,-72.64,-63.22
47,20,ward_F,ward,AP-6,-49.28,-93.6,44.32,False,-70.55,-66.43,-65.34,-70.49,-63.69,-49.28,-69.34,-62.84
48,20,ward_F,ward,AP-6,-51.19,-95.43,44.24,False,-72.12,-68.7,-63.55,-69.86,-61.3,-51.19,-72.6,-63.32
49,20,ward_F,ward,AP-6,-54.24,-94.5,40.26,False,-70.2,-67.59,-63.14,-74.56,-62.24,-54.24,-70.77,-63.26
50,20,ward_F,ward,AP-6,-50.29,-92.08,41.79,False,-73.65,-72.83,-66.98,-72.55,-61.35,-50.29,-69.92,-59.91
51,20,ward_F,ward,AP-6,-54.13,-96.86,42.73,False,-70.51,-69.7,-68.85,-72.02,-61.5,-54.13,-66.87,-59.79
52,20,ward_F,ward,AP-6,-50.24,-94.41,44.17,False,-72.96,-70.4,-67.16,-71.55,-67.57,-50.24,-65.59,-59.69
53,20,ward_F,ward,AP-6,-49.65,-93.57,43.92,False,-72.79,-68.78,-65.58,-70.66,-64.46,-49.65,-68.53,-59.42
54,20,ward_F,ward,AP-6,-50.81,-94.25,43.44,False,-73.05,-69.66,-64.95,-72.53,-64.01,-50.81,-69.66,-56.41
55,20,ward_F,ward,AP-6,-54.54,-95.76,41.22,False,-73.17,-68.5,-61.17,-74.73,-62.81,-54.54,-68.18,-60.87
56,20,ward_F,ward,AP-6,-57.95,-94.28,36.33,False,-72.9,-71.3,-69.46,-74.34,-70.31,-57.95,-67.17,-59.64
57,20,ward_F,ward,AP-6,-54.38,-92.02,37.64,False,-74.54,-70.67,-63.18,-71.39,-72.15,-54.38,-69.66,-57.27
58,20,ward_F,ward,AP-6,-52.68,-93.85,41.17,False,-71.73,-71.77,-67.73,-73.59,-66.3,-52.68,-68.53,-57.67
59,20,ward_F,ward,AP-6,-53.6,-94.51,40.91,False,-73.56,-70.44,-66.22,-72.42,-69.51,-53.6,-67.77,-54.89
60,20,theatre_2,theatre,AP-6,-71.36,-98.22,26.86,False,-97.09,-90.64,-84.51,-93.85,-85.88,-71.36,-87.79,-72.3
61,20,theatre_2,theatre,AP-8,-75.46,-96.97,21.51,True,-95.21,-91.24,-82.86,-90.5,-89.9,-77.8,-88.64,-75.46
62,20,theatre_2,theatre,AP-8,-70.11,-96.88,26.77,False,-93.37,-92.02,-84.11,-96.09,-84.44,-100.13,-83.3,-70.11
63,20,theatre_2,theatre,AP-8,-75.72,-96.12,20.4,True,-94.84,-90.28,-85.05,-93.93,-87.51,-101.54,-89.54,-75.72
64,20,theatre_2,theatre,AP-8,-68.78,-94.74,25.96,False,-90.59,-93.37,-84.04,-93.23,-110.26,-105.86,-84.78,-68.78
65,20,theatre_2,theatre,AP-8,-70.43,-93.23,22.8,False,-95.94,-94.4,-86.98,-90.21,-111.58,-100.9,-84.98,-70.43
66,20,theatre_2,theatre,AP-8,-74.43,-94.72,20.29,False,-96.04,-89.4,-82.98,-119.86,-112.21,-102.81,-91.33,-74.43
67,20,theatre_2,theatre,AP-8,-73.45,-96.61,23.16,False,-91.51,-91.53,-82.81,-115.84,-114.75,-102.7,-86.79,-73.45
68,20,theatre_2,theatre,AP-8,-77.06,-93.42,16.36,True,-90.72,-89.99,-85.7,-118.32,-114.62,-103.53,-88.29,-77.06
69,20,theatre_2,theatre,AP-8,-73.59,-95.23,21.64,False,-96.06,-91.07,-85.7,-117.5,-117.08,-108.6,-83.51,-73.59
70,20,theatre_2,theatre,AP-8,-73.53,-97.53,24.0,False,-95.21,-91.59,-88.61,-119.69,-115.66,-103.97,-84.21,-73.53
71,20,theatre_2,theatre,AP-8,-75.69,-92.09,16.4,True,-96.29,-87.99,-84.19,-116.55,-116.66,-106.21,-87.13,-75.69
72,20,corridor_v,corridor,AP-7,-69.98,-95.44,25.46,False,-77.93,-74.01,-71.31,-124.85,-116.33,-107.92,-69.98,-79.84
73,20,corridor_v,corridor,AP-8,-61.28,-95.18,33.9,False,-76.67,-74.57,-74.91,-121.35,-115.34,-107.61,-70.62,-61.28
74,20,corridor_v,corridor,AP-8,-58.42,-94.28,35.86,False,-79.43,-78.2,-71.18,-123.28,-116.53,-111.32,-70.5,-58.42
75,20,corridor_v,corridor,AP-8,-60.33,-95.49,35.16,False,-78.69,-75.67,-75.77,-118.7,-118.01,-112.03,-70.37,-60.33
76,20,corridor_v,corridor,AP-8,-61.45,-96.41,34.96,False,-81.97,-78.12,-72.75,-124.33,-120.1,-111.33,-71.89,-61.45
77,20,corridor_v,corridor,AP-8,-63.31,-94.95,31.64,False,-82.68,-78.71,-72.36,-124.03,-120.73,-112.54,-70.75,-63.31
78,20,corridor_v,corridor,AP-8,-64.05,-96.13,32.08,False,-82.01,-76.81,-73.7,-126.17,-118.3,-111.34,-69.31,-64.05
79,20,corridor_v,corridor,AP-8,-57.41,-96.98,39.57,False,-82.99,-79.02,-73.77,-122.0,-122.17,-111.25,-75.43,-57.41
0,21,ward_D,ward,AP-4,-56.17,-94.02,37.85,False,-69.86,-72.2,-71.64,-56.17,-63.21,-73.08,-78.71,-78.43
1,21,ward_D,ward,AP-4,-53.8,-91.81,38.01,False,-65.67,-70.93,-74.37,-53.8,-64.06,-76.4,-74.25,-75.55
2,21,ward_D,ward,AP-4,-57.23,-94.21,36.98,False,-67.09,-68.54,-72.41,-57.23,-65.24,-66.87,-75.17,-78.32
3,21,ward_D,ward,AP-4,-58.87,-94.62,35.75,False,-64.56,-70.62,-73.24,-58.87,-64.94,-71.28,-77.75,-78.95
4,21,ward_D,ward,AP-4,-52.91,-95.14,42.23,False,-63.07,-69.63,-73.2,-52.91,-64.34,-74.35,-78.31,-73.78
5,21,ward_D,ward,AP-4,-53.24,-94.49,41.25,False,-66.09,-69.64,-74.09,-53.24,-67.12,-68.95,-76.22,-77.59
6,21,ward_D,ward,AP-4,-57.23,-95.1,37.87,False,-62.72,-68.12,-75.14,-57.23,-67.41,-70.77,-73.14,-77.81
7,21,ward_D,ward,AP-4,-49.96,-96.23,46.27,False,-67.07,-73.01,-73.74,-49.96,-63.25,-74.61,-80.03,-73.6
8,21,ward_D,ward,AP-4,-50.72,-97.43,46.71,False,-64.23,-69.16,-72.31,-50.72,-63.3,-71.91,-79.83,-76.43
9,21,ward_D,ward,AP-4,-56.12,-97.04,40.92,False,-64.46,-69.23,-73.83,-56.12,-62.35,-69.67,-78.31,-72.52
10,21,ward_D,ward,AP-4,-52.26,-94.56,42.3,False,-63.29,-65.12,-72.91,-52.26,-63.09,-67.84,-75.96,-75.19
11,21,ward_D,ward,AP-4,-55.49,-92.97,37.48,False,-67.24,-67.99,-74.56,-55.49,-68.86,-73.82,-75.31,-78.73
12,21,ward_D,ward,AP-4,-54.1,-92.52,38.42,False,-64.49,-65.31,-72.04,-54.1,-61.98,-72.38,-73.53,-74.62
13,21,ward_D,ward,AP-4,-53.89,-95.22,41.33,False,-62.78,-65.91,-69.47,-53.89,-60.89,-67.23,-76.0,-74.62
14,21,ward_D,ward,AP-4,-54.97,-94.46,39.49,False,-67.85,-61.7,-68.98,-54.97,-62.31,-69.28,-73.07,-72.92
15,21,ward_D,ward,AP-4,-56.1,-96.39,40.29,False,-65.18,-68.24,-72.32,-56.1,-59.46,-70.07,-75.81,-76.88
16,21,ward_D,ward,AP-4,-55.98,-93.69,37.71,False,-65.24,-64.3,-72.6,-55.98,-60.52,-69.38,-73.01,-70.2
17,21,ward_D,ward,AP-4,-55.95,-96.33,40.38,False,-64.7,-63.52,-70.5,-55.95,-62.47,-74.18,-76.56,-76.01
18,21,ward_D,ward,AP-4,-53.22,-95.74,42.52,False,-66.93,-66.06,-68.0,-53.22,-60.62,-65.81,-77.76,-73.48
19,21,ward_D,ward,AP-5,-57.3,-94.49,37.19,False,-66.73,-68.18,-69.84,-60.43,-57.3,-65.6,-76.36,-74.77
20,21,ward_E,ward,AP-4,-56.43,-95.9,39.47,False,-63.77,-61.77,-71.97,-56.43,-56.45,-64.63,-74.83,-73.15
21,21,ward_E,ward,AP-4,-55.66,-95.3,39.64,False,-66.85,-64.45,-75.15,-55.66,-55.82,-65.18,-74.77,-74.44
22,21,ward_E,ward,AP-5,-56.47,-96.55,40.08,False,-64.34,-63.0,-67.8,-60.11,-56.47,-68.23,-73.3,-73.76
23,21,ward_E,ward,AP-5,-56.18,-97.42,41.24,False,-67.27,-65.13,-73.13,-62.51,-56.18,-63.83,-73.98,-73.44
24,21,ward_E,ward,AP-5,-52.67,-95.82,43.15,False,-68.5,-62.73,-67.16,-62.15,-52.67,-68.77,-76.29,-69.65
25,21,ward_E,ward,AP-5,-50.6,-95.95,45.35,False,-64.71,-61.98,-68.38,-58.66,-50.6,-64.38,-70.64,-70.47
26,21,ward_E,ward,AP-5,-51.41,-94.92,43.51,False,-65.86,-62.57,-70.78,-60.88,-51.41,-62.54,-74.39,-71.96
27,21,ward_E,ward,AP-5,-56.24,-95.69,39.45,False,-62.18,-66.05,-71.58,-59.92,-56.24,-64.29,-74.45,-68.5
28,21,ward_E,ward,AP-5,-53.2,-94.83,41.63,False,-65.21,-66.18,-66.71,-61.25,-53.2,-61.48,-71.89,-71.19
29,21,ward_E,ward,AP-5,-53.45,-95.35,41.9,False,-70.78,-63.5,-68.6,-61.15,-53.45,-62.82,-73.04,-68.9
30,21,ward_E,ward,AP-5,-49.52,-95.35,45.83,False,-68.46,-66.35,-70.2,-65.44,-49.52,-61.15,-71.72,-70.28
31,21,ward_E,ward,AP-5,-53.37,-94.87,41.5,False,-69.94,-61.79,-67.12,-68.99,-53.37,-60.58,-73.19,-67.85
32,21,ward_E,ward,AP-5,-52.02,-96.96,44.94,False,-71.34,-64.44,-66.69,-65.78,-52.02,-59.84,-70.0,-67.22
33,21,ward_E,ward,AP-5,-53.07,-96.9,43.83,False,-68.79,-63.84,-67.54,-67.26,-53.07,-59.61,-71.27,-69.68
34,21,ward_E,ward,AP-5,-54.42,-95.34,40.92,False,-68.91,-64.24,-66.14,-66.59,-54.42,-59.71,-73.47,-68.08
35,21,ward_E,ward,AP-5,-56.75,-95.17,38.42,False,-68.25,-65.14,-68.52,-63.08,-56.75,-64.6,-70.98,-69.69
36,21,ward_E,ward,AP-5,-55.32,-92.15,36.83,False,-72.84,-63.25,-61.54,-64.85,-55.32,-56.32,-72.29,-70.58
37,21,ward_E,ward,AP-5,-53.82,-93.61,39.79,False,-66.49,-64.98,-66.71,-68.04,-53.82,-63.18,-74.37,-65.56
38,21,ward_E,ward,AP-5,-57.82,-97.91,40.09,False,-70.54,-65.15,-66.1,-68.15,-57.82,-58.69,-68.29,-64.29
39,21,ward_E,ward,AP-5,-55.55,-94.77,39.22,False,-70.76,-66.12,-64.81,-66.32,-55.55,-56.93,-74.12,-67.32
40,21,ward_F,ward,AP-6,-56.92,-96.36,39.44,False,-71.9,-62.52,-69.14,-68.01,-59.64,-56.92,-70.88,-65.13
41,21,ward_F,ward,AP-6,-58.33,-95.59,37.26,False,-70.51,-67.5,-62.62,-69.44,-60.44,-58.33,-68.05,-62.38
42,21,ward_F,ward,AP-6,-52.59,-94.39,41.8,False,-72.13,-63.1,-66.21,-69.41,-55.44,-52.59,-65.67,-68.22
43,21,ward_F,ward,AP-6,-52.11,-94.22,42.11,False,-73.03,-66.72,-64.18,-66.48,-62.88,-52.11,-68.94,-65.98
44,21,ward_F,ward,AP-5,-57.2,-94.61,37.41,False,-72.19,-67.57,-63.97,-69.55,-57.2,-57.82,-68.02,-67.68
45,21,ward_F,ward,AP-6,-56.04,-94.37,38.33,False,-72.11,-64.81,-64.82,-68.28,-60.49,-56.04,-71.38,-63.65
46,21,ward_F,ward,AP-6,-57.17,-92.3,35.13,False,-73.07,-63.17,-66.73,-70.23,-66.95,-57.17,-71.64,-63.39
47,21,ward_F,ward,AP-6,-50.61,-94.86,44.25,False,-76.95,-66.72,-62.57,-71.64,-63.57,-50.61,-69.99,-62.88
48,21,ward_F,ward,AP-6,-51.99,-94.68,42.69,False,-73.86,-65.55,-64.75,-71.75,-63.41,-51.99,-66.55,-63.11
49,21,ward_F,ward,AP-6,-51.54,-92.75,41.21,False,-73.64,-71.13,-65.63,-70.95,-64.31,-51.54,-68.21,-59.55
50,21,ward_F,ward,AP-6,-52.65,-93.72,41.07,False,-71.0,-67.76,-63.0,-70.07,-62.66,-52.65,-68.49,-59.81
51,21,ward_F,ward,AP-6,-53.62,-94.28,40.66,False,-70.24,-68.51,-64.53,-70.27,-62.08,-53.62,-68.47,-64.16
52,21,ward_F,ward,AP-6,-50.86,-92.67,41.81,False,-71.3,-69.68,-66.09,-68.71,-66.34,-50.86,-70.14,-59.98
53,21,ward_F,ward,AP-6,-54.4,-96.12,41.72,False,-76.99,-69.85,-62.25,-75.43,-65.21,-54.4,-69.97,-57.5
54,21,ward_F,ward,AP-6,-53.42,-95.38,41.96,False,-73.84,-70.82,-66.0,-72.63,-66.37,-53.42,-68.6,-58.77
55,21,ward_F,ward,AP-6,-49.43,-95.6,46.17,False,-75.02,-68.34,-68.02,-69.9,-67.18,-49.43,-68.79,-56.67
56,21,ward_F,ward,AP-8,-58.49,-94.33,35.84,False,-72.77,-67.03,-67.52,-73.89,-66.52,-59.06,-64.49,-58.49
57,21,ward_F,ward,AP-6,-55.47,-96.92,41.45,False,-76.99,-72.06,-66.58,-72.8,-64.18,-55.47,-66.28,-58.69
58,21,ward_F,ward,AP-8,-55.09,-96.51,41.42,False,-74.32,-67.22,-64.2,-74.09,-68.71,-56.83,-69.39,-55.09
59,21,ward_F,ward,AP-6,-54.48,-93.85,39.37,False,-77.19,-69.06,-66.37,-72.91,-69.03,-54.48,-68.2,-55.68
60,21,theatre_2,theatre,AP-6,-73.61,-95.89,22.28,False,-91.52,-91.55,-86.06,-93.81,-84.94,-73.61,-83.38,-76.47
61,21,theatre_2,theatre,AP-6,-74.43,-95.3,20.87,False,-92.53,-88.24,-83.11,-90.56,-85.72,-74.43,-86.41,-74.65
62,21,theatre_2,theatre,AP-8,-72.55,-93.38,20.83,False,-91.44,-87.33,-82.57,-93.29,-88.83,-78.14,-83.76,-72.55
63,21,theatre_2,theatre,AP-8,-72.52,-95.27,22.75,False,-90.44,-89.06,-85.1,-91.89,-88.87,-101.54,-88.85,-72.52
64,21,theatre_2,theatre,AP-8,-71.27,-96.26,24.99,False,-92.42,-90.37,-86.98,-93.57,-83.41,-104.71,-87.31,-71.27
65,21,theatre_2,theatre,AP-8,-72.07,-96.14,24.07,False,-94.55,-88.75,-81.45,-93.41,-89.46,-105.05,-85.05,-72.07
66,21,theatre_2,theatre,AP-8,-69.03,-93.09,24.06,False,-90.41,-88.37,-84.83,-100.02,-87.77,-105.7,-85.22,-69.03
67,21,theatre_2,theatre,AP-8,-70.06,-94.12,24.06,False,-95.48,-88.47,-88.71,-94.15,-88.67,-101.46,-83.39,-70.06
68,21,theatre_2,theatre,AP-8,-74.17,-96.19,22.02,False,-94.91,-94.49,-85.05,-93.82,-111.99,-103.37,-84.36,-74.17
69,21,theatre_2,theatre,AP-8,-72.35,-95.64,23.29,False,-95.46,-88.8,-85.33,-96.59,-113.44,-106.14,-86.29,-72.35
70,21,theatre_2,theatre,AP-8,-72.02,-94.18,22.16,False,-92.6,-90.64,-87.18,-93.65,-114.87,-107.02,-83.94,-72.02
71,21,theatre_2,theatre,AP-8,-75.21,-94.54,19.33,True,-94.5,-90.14,-84.97,-91.85,-112.36,-107.71,-87.22,-75.21
72,21,corridor_v,corridor,AP-7,-69.26,-93.26,24.0,False,-78.08,-75.62,-71.38,-98.75,-116.43,-108.94,-69.26,-74.08
73,21,corridor_v,corridor,AP-8,-56.79,-93.02,36.23,False,-78.64,-79.78,-70.57,-125.49,-122.14,-110.47,-74.85,-56.79
74,21,corridor_v,corridor,AP-8,-60.26,-93.04,32.78,False,-81.09,-77.52,-73.81,-124.22,-119.84,-109.13,-71.51,-60.26
75,21,corridor_v,corridor,AP-8,-58.37,-97.2,38.83,False,-83.75,-77.05,-73.09,-123.34,-120.45,-110.39,-69.48,-58.37
76,21,corridor_v,corridor,AP-8,-58.51,-93.02,34.51,False,-82.15,-78.21,-72.58,-123.46,-121.99,-117.04,-69.62,-58.51
77,21,corridor_v,corridor,AP-8,-57.55,-94.0,36.45,False,-78.78,-80.26,-74.4,-127.39,-115.48,-113.29,-74.49,-57.55
78,21,corridor_v,corridor,AP-8,-63.46,-94.33,30.87,False,-83.75,-80.87,-72.33,-121.18,-120.5,-113.63,-71.68,-63.46
79,21,corridor_v,corridor,AP-8,-63.09,-94.05,30.96,False,-81.79,-77.1,-73.45,-124.59,-117.83,-114.58,-69.67,-63.09
0,22,ward_D,ward,AP-4,-57.39,-93.58,36.19,False,-63.93,-70.78,-70.02,-57.39,-65.33,-76.03,-71.94,-76.04
1,22,ward_D,ward,AP-4,-57.31,-94.1,36.79,False,-65.86,-70.66,-73.61,-57.31,-65.29,-71.04,-76.78,-73.88
2,22,ward_D,ward,AP-4,-57.31,-93.88,36.57,False,-62.73,-70.11,-74.04,-57.31,-67.09,-72.28,-78.19,-73.8
3,22,ward_D,ward,AP-4,-54.98,-96.19,41.21,False,-65.71,-69.65,-70.12,-54.98,-69.52,-73.96,-78.56,-76.86
4,22,ward_D,ward,AP-4,-58.76,-97.15,38.39,False,-64.51,-68.08,-77.15,-58.76,-68.38,-71.51,-74.84,-77.73
5,22,ward_D,ward,AP-4,-58.15,-94.58,36.43,False,-61.28,-69.11,-73.0,-58.15,-64.97,-70.63,-77.15,-77.17
6,22,ward_D,ward,AP-4,-52.52,-94.68,42.16,False,-64.23,-66.3,-70.48,-52.52,-65.61,-70.17,-75.01,-74.25
7,22,ward_D,ward,AP-4,-50.16,-94.11,43.95,False,-67.76,-68.88,-73.3,-50.16,-64.43,-71.37,-79.25,-74.05
8,22,ward_D,ward,AP-4,-52.17,-95.8,43.63,False,-64.08,-68.92,-71.76,-52.17,-67.03,-72.43,-75.49,-78.22
9,22,ward_D,ward,AP-4,-50.96,-94.57,43.61,False,-63.75,-64.66,-72.19,-50.96,-64.75,-72.77,-76.16,-73.14
10,22,ward_D,ward,AP-4,-53.17,-95.2,42.03,False,-64.06,-65.31,-72.47,-53.17,-59.9,-70.01,-77.87,-73.17
11,22,ward_D,ward,AP-4,-54.17,-95.36,41.19,False,-62.45,-66.88,-73.52,-54.17,-63.7,-72.08,-76.61,-77.24
12,22,ward_D,ward,AP-4,-53.56,-96.45,42.89,False,-65.45,-65.35,-73.49,-53.56,-61.77,-70.43,-74.6,-74.57
13,22,ward_D,ward,AP-4,-52.53,-94.43,41.9,False,-67.78,-66.14,-69.94,-52.53,-66.27,-71.74,-75.19,-76.24
14,22,ward_D,ward,AP-4,-56.13,-93.49,37.36,False,-63.93,-67.23,-73.74,-56.13,-60.19,-72.72,-76.08,-74.09
15,22,ward_D,ward,AP-4,-56.63,-94.38,37.75,False,-64.65,-67.8,-70.62,-56.63,-58.81,-69.58,-78.95,-71.41
16,22,ward_D,ward,AP-4,-55.45,-92.84,37.39,False,-65.02,-66.92,-71.16,-55.45,-62.07,-71.56,-79.79,-75.0
17,22,ward_D,ward,AP-4,-57.48,-95.01,37.53,False,-63.33,-65.61,-74.85,-57.48,-61.16,-67.52,-74.99,-72.73
18,22,ward_D,ward,AP-4,-58.5,-93.64,35.14,False,-64.68,-66.15,-72.47,-58.5,-58.81,-70.26,-73.04,-76.47
19,22,ward_D,ward,AP-4,-59.44,-97.52,38.08,False,-65.84,-70.11,-74.15,-59.44,-61.01,-67.49,-72.11,-74.42
20,22,ward_E,ward,AP-4,-56.21,-93.37,37.16,False,-67.04,-63.44,-70.69,-56.21,-58.87,-67.36,-74.11,-71.11
21,22,ward_E,ward,AP-5,-56.02,-95.46,39.44,False,-64.67,-65.12,-68.44,-57.99,-56.02,-66.27,-71.28,-69.55
22,22,ward_E,ward,AP-5,-57.31,-94.19,36.88,False,-67.76,-66.29,-64.02,-62.87,-57.31,-67.12,-75.12,-76.47
23,22,ward_E,ward,AP-5,-56.03,-95.23,39.2,False,-63.96,-61.72,-69.6,-57.78,-56.03,-70.52,-74.23,-73.11
24,22,ward_E,ward,AP-5,-52.3,-91.8,39.5,False,-65.45,-64.15,-67.5,-58.1,-52.3,-65.82,-74.29,-72.29
25,22,ward_E,ward,AP-5,-52.31,-96.76,44.45,False,-68.24,-61.03,-70.09,-60.86,-52.31,-66.01,-76.07,-74.8
26,22,ward_E,ward,AP-5,-49.81,-97.72,47.91,False,-66.1,-66.43,-68.0,-60.92,-49.81,-66.37,-73.56,-73.54
27,22,ward_E,ward,AP-5,-58.08,-95.79,37.71,False,-70.44,-62.07,-69.37,-60.68,-58.08,-60.65,-73.9,-69.44
28,22,ward_E,ward,AP-5,-55.7,-96.66,40.96,False,-64.84,-61.58,-71.99,-61.52,-55.7,-62.82,-70.52,-71.63
29,22,ward_E,ward,AP-5,-50.81,-94.73,43.92,False,-66.4,-64.4,-67.68,-61.56,-50.81,-64.28,-72.02,-72.4
30,22,ward_E,ward,AP-5,-51.66,-94.24,42.58,False,-64.33,-61.97,-66.46,-65.4,-51.66,-62.39,-70.01,-68.28
31,22,ward_E,ward,AP-5,-55.95,-95.49,39.54,False,-67.2,-61.8,-69.17,-67.23,-55.95,-64.97,-73.45,-68.58
32,22,ward_E,ward,AP-5,-52.51,-96.45,43.94,False,-68.36,-66.13,-64.22,-65.75,-52.51,-65.18,-71.44,-69.0
33,22,ward_E,ward,AP-5,-56.54,-96.27,39.73,False,-65.82,-64.4,-63.23,-64.64,-56.54,-62.61,-71.32,-66.53
34,22,ward_E,ward,AP-5,-56.56,-93.2,36.64,False,-67.86,-62.82,-64.1,-67.5,-56.56,-62.34,-72.26,-67.83
35,22,ward_E,ward,AP-5,-56.32,-96.04,39.72,False,-69.96,-62.53,-68.53,-66.82,-56.32,-63.8,-74.57,-65.35
36,22,ward_E,ward,AP-5,-56.1,-95.21,39.11,False,-69.68,-61.82,-67.15,-65.43,-56.1,-57.84,-68.98,-67.4
37,22,ward_E,ward,AP-5,-55.74,-97.8,42.06,False,-68.7,-62.09,-65.61,-65.95,-55.74,-58.13,-71.15,-67.14
38,22,ward_E,ward,AP-5,-60.14,-96.73,36.59,False,-71.72,-63.42,-63.9,-65.56,-60.14,-60.98,-70.28,-64.54
39,22,ward_E,ward,AP-5,-56.41,-96.63,40.22,False,-70.38,-68.08,-68.07,-66.6,-56.41,-64.86,-69.71,-66.53
40,22,ward_F,ward,AP-6,-56.87,-94.9,38.03,False,-72.02,-66.12,-65.68,-68.49,-58.62,-56.87,-69.0,-68.48
41,22,ward_F,ward,AP-6,-53.52,-95.7,42.18,False,-73.61,-67.46,-62.36,-71.32,-60.95,-53.52,-70.1,-65.92
42,22,ward_F,ward,AP-6,-57.06,-93.88,36.82,False,-69.93,-62.47,-63.36,-69.82,-58.81,-57.06,-69.92,-62.72
43,22,ward_F,ward,AP-5,-56.24,-94.39,38.15,False,-69.9,-65.59,-65.02,-66.83,-56.24,-56.71,-67.97,-64.17
44,22,ward_F,ward,AP-6,-55.38,-92.68,37.3,False,-69.72,-65.02,-63.22,-69.11,-60.69,-55.38,-71.27,-65.15
45,22,ward_F,ward,AP-6,-54.25,-95.6,41.35,False,-70.1,-70.65,-63.95,-69.74,-64.59,-54.25,-68.11,-67.07
46,22,ward_F,ward,AP-6,-56.54,-93.95,37.41,False,-73.35,-68.35,-61.18,-70.88,-60.21,-56.54,-69.86,-63.6
47,22,ward_F,ward,AP-6,-57.72,-97.6,39.88,False,-71.11,-73.27,-64.91,-69.43,-65.96,-57.72,-71.93,-66.17
48,22,ward_F,ward,AP-6,-48.78,-98.22,49.44,False,-74.77,-67.8,-67.66,-71.48,-62.73,-48.78,-70.81,-60.53
49,22,ward_F,ward,AP-6,-54.88,-92.97,38.09,False,-70.65,-68.54,-62.94,-70.24,-63.82,-54.88,-67.1,-62.79
50,22,ward_F,ward,AP-6,-52.88,-95.48,42.6,False,-70.46,-65.76,-64.63,-74.18,-60.92,-52.88,-70.09,-60.79
51,22,ward_F,ward,AP-6,-54.33,-96.62,42.29,False,-74.65,-68.43,-65.87,-70.76,-63.9,-54.33,-68.69,-59.2
52,22,ward_F,ward,AP-6,-52.55,-95.09,42.54,False,-72.54,-71.66,-63.69,-70.09,-67.37,-52.55,-66.16,-58.08
53,22,ward_F,ward,AP-6,-55.49,-93.61,38.12,False,-71.32,-66.16,-63.42,-69.48,-64.34,-55.49,-69.06,-57.51
54,22,ward_F,ward,AP-6,-52.05,-96.5,44.45,False,-74.56,-69.19,-64.81,-70.43,-68.43,-52.05,-66.8,-61.64
55,22,ward_F,ward,AP-6,-51.81,-93.54,41.73,False,-74.43,-69.49,-64.38,-72.18,-67.54,-51.81,-67.05,-58.5
56,22,ward_F,ward,AP-8,-55.35,-94.52,39.17,False,-76.1,-66.58,-66.77,-69.25,-69.59,-57.36,-67.86,-55.35
57,22,ward_F,ward,AP-8,-53.75,-96.84,43.09,False,-70.68,-69.21,-65.1,-70.38,-63.95,-58.85,-64.48,-53.75
58,22,ward_F,ward,AP-8,-53.11,-94.93,41.82,False,-73.53,-70.65,-67.51,-71.79,-65.34,-56.32,-68.36,-53.11
59,22,ward_F,ward,AP-8,-51.24,-95.61,44.37,False,-73.86,-70.91,-67.8,-72.87,-66.52,-56.83,-65.38,-51.24
60,22,theatre_2,theatre,AP-8,-55.28,-94.26,38.98,False,-78.43,-68.35,-65.94,-75.92,-70.74,-56.22,-68.28,-55.28
61,22,theatre_2,theatre,AP-8,-55.63,-95.38,39.75,False,-74.16,-70.64,-66.25,-77.75,-64.49,-63.81,-66.8,-55.63
62,22,theatre_2,theatre,AP-8,-52.83,-96.13,43.3,False,-75.65,-70.2,-65.2,-79.81,-66.43,-77.19,-68.62,-52.83
63,22,theatre_2,theatre,AP-8,-51.99,-95.24,43.25,False,-81.31,-68.08,-62.86,-73.22,-66.65,-75.97,-67.34,-51.99
64,22,theatre_2,theatre,AP-8,-52.37,-95.41,43.04,False,-74.8,-73.21,-63.98,-74.77,-87.46,-77.38,-66.23,-52.37
65,22,theatre_2,theatre,AP-8,-52.87,-93.35,40.48,False,-80.15,-69.08,-65.45,-74.46,-84.34,-105.57,-66.32,-52.87
66,22,theatre_2,theatre,AP-8,-50.11,-96.29,46.18,False,-78.4,-69.44,-64.08,-92.36,-85.2,-105.17,-67.56,-50.11
67,22,theatre_2,theatre,AP-8,-51.29,-98.67,47.38,False,-76.21,-70.05,-64.97,-93.31,-90.68,-103.87,-67.82,-51.29
68,22,theatre_2,theatre,AP-8,-50.68,-93.99,43.31,False,-73.37,-71.23,-68.55,-92.8,-90.58,-103.61,-67.12,-50.68
69,22,theatre_2,theatre,AP-8,-54.52,-96.62,42.1,False,-72.53,-68.67,-64.17,-91.95,-86.31,-109.51,-65.46,-54.52
70,22,theatre_2,theatre,AP-8,-55.99,-94.94,38.95,False,-73.6,-73.01,-70.2,-96.47,-87.36,-105.67,-66.12,-55.99
71,22,theatre_2,theatre,AP-8,-54.16,-94.37,40.21,False,-75.11,-74.88,-70.35,-94.63,-89.46,-105.53,-68.57,-54.16
72,22,corridor_v,corridor,AP-8,-57.21,-94.99,37.78,False,-78.55,-75.38,-71.71,-100.76,-89.44,-109.03,-71.24,-57.21
73,22,corridor_v,corridor,AP-8,-57.23,-96.74,39.51,False,-80.19,-77.97,-68.85,-95.44,-117.76,-110.58,-71.18,-57.23
74,22,corridor_v,corridor,AP-8,-60.7,-94.42,33.72,False,-79.24,-74.65,-71.13,-94.47,-118.38,-111.64,-67.4,-60.7
75,22,corridor_v,corridor,AP-8,-57.39,-96.15,38.76,False,-84.33,-80.24,-72.2,-100.32,-117.52,-112.87,-65.81,-57.39
76,22,corridor_v,corridor,AP-8,-60.42,-96.39,35.97,False,-80.59,-75.96,-67.87,-101.21,-119.32,-110.22,-69.55,-60.42
77,22,corridor_v,corridor,AP-8,-61.3,-97.32,36.02,False,-81.9,-75.05,-71.38,-98.27,-116.37,-113.09,-70.44,-61.3
78,22,corridor_v,corridor,AP-8,-60.79,-93.28,32.49,False,-80.73,-80.59,-72.6,-96.41,-118.36,-111.41,-73.43,-60.79
79,22,corridor_v,corridor,AP-8,-59.17,-96.5,37.33,False,-84.15,-77.12,-75.47,-101.65,-118.75,-114.74,-70.77,-59.17
0,23,ward_D,ward,AP-4,-56.38,-94.05,37.67,False,-58.85,-67.59,-75.66,-56.38,-66.57,-72.14,-78.2,-74.83
1,23,ward_D,ward,AP-4,-58.61,-93.82,35.21,False,-63.03,-68.85,-74.22,-58.61,-70.42,-73.63,-79.67,-76.84
2,23,ward_D,ward,AP-4,-59.87,-90.69,30.82,False,-61.21,-71.55,-75.81,-59.87,-66.61,-72.11,-78.4,-77.01
3,23,ward_D,ward,AP-4,-60.07,-95.19,35.12,False,-65.03,-70.42,-75.99,-60.07,-64.68,-70.7,-78.28,-74.04
4,23,ward_D,ward,AP-4,-58.86,-94.61,35.75,False,-64.64,-68.94,-77.8,-58.86,-66.1,-71.99,-77.08,-76.56
5,23,ward_D,ward,AP-4,-57.89,-95.11,37.22,False,-59.71,-65.56,-73.26,-57.89,-64.8,-69.32,-74.16,-78.87
6,23,ward_D,ward,AP-4,-58.06,-96.87,38.81,False,-64.98,-70.58,-72.62,-58.06,-66.01,-72.17,-75.44,-75.01
7,23,ward_D,ward,AP-4,-55.34,-95.49,40.15,False,-61.12,-69.13,-68.8,-55.34,-62.83,-69.49,-77.98,-76.18
8,23,ward_D,ward,AP-4,-55.11,-96.1,40.99,False,-64.24,-67.82,-74.98,-55.11,-64.9,-75.77,-77.38,-76.47
9,23,ward_D,ward,AP-4,-55.06,-94.7,39.64,False,-59.84,-70.71,-74.67,-55.06,-64.99,-70.47,-73.11,-71.46
10,23,ward_D,ward,AP-4,-52.46,-94.73,42.27,False,-64.61,-66.51,-74.96,-52.46,-59.39,-73.0,-78.02,-76.15
11,23,ward_D,ward,AP-4,-52.26,-94.82,42.56,False,-63.4,-67.76,-74.19,-52.26,-64.05,-71.77,-75.61,-71.93
12,23,ward_D,ward,AP-4,-54.89,-94.33,39.44,False,-62.16,-67.53,-71.23,-54.89,-59.65,-76.02,-75.59,-72.98
13,23,ward_D,ward,AP-4,-53.21,-95.04,41.83,False,-66.01,-64.19,-70.1,-53.21,-63.81,-70.09,-77.89,-74.71
14,23,ward_D,ward,AP-4,-54.82,-95.64,40.82,False,-63.28,-69.49,-73.77,-54.82,-62.35,-69.04,-78.01,-74.69
15,23,ward_D,ward,AP-4,-58.73,-95.57,36.84,False,-64.69,-68.63,-73.42,-58.73,-61.96,-72.05,-76.16,-74.57
16,23,ward_D,ward,AP-4,-59.42,-96.88,37.46,False,-66.98,-66.19,-73.2,-59.42,-60.55,-69.25,-74.42,-75.67
17,23,ward_D,ward,AP-4,-54.55,-92.71,38.16,False,-61.23,-69.25,-72.53,-54.55,-60.06,-65.78,-71.5,-70.65
18,23,ward_D,ward,AP-4,-60.01,-93.11,33.1,False,-64.16,-67.03,-68.83,-60.01,-63.24,-70.56,-74.59,-72.86
19,23,ward_D,ward,AP-4,-56.72,-94.67,37.95,False,-64.86,-60.13,-70.04,-56.72,-60.51,-67.96,-73.94,-74.69
20,23,ward_E,ward,AP-4,-58.26,-97.1,38.84,False,-66.69,-60.09,-72.1,-58.26,-59.61,-70.97,-73.25,-71.4
21,23,ward_E,ward,AP-4,-58.07,-96.95,38.88,False,-67.02,-62.05,-67.99,-58.07,-60.44,-68.26,-71.45,-76.38
22,23,ward_E,ward,AP-4,-56.2,-92.56,36.36,False,-66.3,-63.83,-66.39,-56.2,-59.06,-65.07,-77.41,-71.0
23,23,ward_E,ward,AP-5,-56.15,-93.33,37.18,False,-68.38,-64.45,-65.92,-60.56,-56.15,-66.17,-75.39,-72.5
24,23,ward_E,ward,AP-5,-56.1,-93.86,37.76,False,-64.74,-65.51,-68.69,-62.02,-56.1,-67.51,-72.46,-73.18
25,23,ward_E,ward,AP-5,-55.5,-93.03,37.53,False,-68.64,-60.64,-68.24,-59.67,-55.5,-62.38,-75.26,-75.45
26,23,ward_E,ward,AP-5,-57.12,-96.13,39.01,False,-67.48,-63.42,-65.79,-59.12,-57.12,-65.55,-71.79,-68.83
27,23,ward_E,ward,AP-5,-54.29,-92.91,38.62,False,-63.59,-63.63,-68.25,-60.5,-54.29,-61.89,-74.15,-69.47
28,23,ward_E,ward,AP-5,-58.92,-96.2,37.28,False,-66.99,-65.07,-66.41,-61.48,-58.92,-61.94,-69.53,-72.05
29,23,ward_E,ward,AP-5,-56.37,-96.83,40.46,False,-65.32,-61.84,-66.83,-66.4,-56.37,-63.64,-72.76,-74.95
30,23,ward_E,ward,AP-5,-54.79,-93.19,38.4,False,-70.19,-66.03,-66.5,-64.65,-54.79,-64.79,-71.95,-69.03
31,23,ward_E,ward,AP-5,-55.82,-94.88,39.06,False,-69.76,-63.06,-63.31,-64.3,-55.82,-64.75,-72.62,-68.7
32,23,ward_E,ward,AP-5,-55.46,-97.63,42.17,False,-69.35,-62.88,-61.69,-64.46,-55.46,-59.95,-70.98,-69.18
33,23,ward_E,ward,AP-5,-52.06,-94.6,42.54,False,-68.15,-65.33,-67.09,-66.33,-52.06,-60.92,-69.61,-71.39
34,23,ward_E,ward,AP-5,-56.12,-95.41,39.29,False,-71.92,-65.54,-67.05,-65.23,-56.12,-57.04,-71.19,-70.46
35,23,ward_E,ward,AP-5,-54.52,-93.4,38.88,False,-73.64,-63.23,-68.21,-64.77,-54.52,-60.29,-74.61,-64.3
36,23,ward_E,ward,AP-5,-58.25,-94.31,36.06,False,-69.0,-64.76,-65.66,-65.99,-58.25,-58.93,-72.03,-68.57
37,23,ward_E,ward,AP-3,-60.3,-95.76,35.46,False,-67.1,-65.69,-60.3,-66.31,-60.36,-62.71,-69.79,-66.18
38,23,ward_E,ward,AP-6,-57.42,-94.35,36.93,False,-68.63,-65.15,-67.15,-67.75,-58.08,-57.42,-68.44,-66.36
39,23,ward_E,ward,AP-2,-57.8,-95.26,37.46,False,-67.33,-57.8,-65.36,-64.16,-61.18,-61.87,-70.33,-64.74
40,23,ward_F,ward,AP-5,-57.6,-95.82,38.22,False,-69.33,-60.24,-63.87,-70.8,-57.6,-60.45,-69.64,-65.55
41,23,ward_F,ward,AP-5,-58.77,-93.86,35.09,False,-68.34,-66.44,-63.96,-66.66,-58.77,-59.61,-71.1,-66.9
42,23,ward_F,ward,AP-6,-58.18,-97.33,39.15,False,-70.13,-63.93,-63.11,-71.2,-61.65,-58.18,-69.5,-66.07
43,23,ward_F,ward,AP-6,-56.53,-93.47,36.94,False,-70.6,-65.75,-67.09,-72.53,-62.92,-56.53,-68.89,-61.84
44,23,ward_F,ward,AP-6,-55.25,-92.8,37.55,False,-70.15,-65.96,-63.61,-69.5,-61.79,-55.25,-66.32,-65.22
45,23,ward_F,ward,AP-6,-55.91,-95.96,40.05,False,-70.2,-65.67,-63.49,-70.18,-63.41,-55.91,-65.26,-60.82
46,23,ward_F,ward,AP-6,-54.28,-97.78,43.5,False,-70.4,-65.53,-62.93,-70.1,-60.63,-54.28,-70.1,-59.84
47,23,ward_F,ward,AP-6,-54.87,-94.33,39.46,False,-73.36,-65.32,-63.25,-73.58,-60.75,-54.87,-68.9,-61.49
48,23,ward_F,ward,AP-6,-57.85,-95.28,37.43,False,-72.21,-67.93,-59.85,-74.31,-64.77,-57.85,-68.46,-59.15
49,23,ward_F,ward,AP-6,-56.28,-94.57,38.29,False,-72.55,-67.97,-58.69,-74.39,-63.38,-56.28,-71.79,-63.85
50,23,ward_F,ward,AP-6,-54.88,-93.5,38.62,False,-69.6,-68.55,-65.18,-72.3,-62.59,-54.88,-67.88,-61.5
51,23,ward_F,ward,AP-6,-52.14,-95.06,42.92,False,-72.55,-64.81,-64.32,-68.18,-65.12,-52.14,-67.46,-60.24
52,23,ward_F,ward,AP-6,-55.46,-97.03,41.57,False,-75.63,-63.94,-62.09,-73.3,-68.02,-55.46,-67.46,-60.16
53,23,ward_F,ward,AP-8,-56.89,-95.35,38.46,False,-73.88,-63.85,-66.36,-70.29,-65.47,-58.73,-70.12,-56.89
54,23,ward_F,ward,AP-6,-54.39,-93.1,38.71,False,-73.26,-69.83,-65.58,-70.52,-64.64,-54.39,-66.52,-57.68
55,23,ward_F,ward,AP-6,-53.08,-94.32,41.24,False,-74.16,-71.15,-65.22,-74.32,-64.93,-53.08,-68.91,-54.86
56,23,ward_F,ward,AP-8,-53.4,-95.78,42.38,False,-74.26,-71.11,-61.04,-72.03,-66.48,-54.44,-67.16,-53.4
57,23,ward_F,ward,AP-6,-55.32,-94.89,39.57,False,-78.9,-70.52,-66.37,-73.76,-64.43,-55.32,-67.14,-55.55
58,23,ward_F,ward,AP-6,-56.48,-94.07,37.59,False,-76.16,-69.31,-63.65,-74.32,-68.03,-56.48,-69.09,-57.51
59,23,ward_F,ward,AP-8,-53.57,-94.51,40.94,False,-73.81,-70.81,-63.45,-72.58,-68.5,-56.3,-64.92,-53.57
60,23,theatre_2,theatre,AP-8,-53.59,-95.03,41.44,False,-72.75,-65.48,-65.04,-74.93,-67.69,-60.46,-65.88,-53.59
61,23,theatre_2,theatre,AP-8,-51.92,-96.86,44.94,False,-75.34,-66.1,-63.87,-76.72,-67.04,-59.48,-66.1,-51.92
62,23,theatre_2,theatre,AP-8,-50.48,-92.74,42.26,False,-72.98,-71.71,-65.1,-73.15,-68.1,-78.4,-67.29,-50.48
63,23,theatre_2,theatre,AP-8,-48.12,-95.05,46.93,False,-71.77,-71.33,-62.44,-70.14,-70.33,-81.68,-65.23,-48.12
64,23,theatre_2,theatre,AP-8,-51.28,-94.77,43.49,False,-73.24,-71.23,-63.16,-77.84,-85.18,-77.59,-67.84,-51.28
65,23,theatre_2,theatre,AP-8,-48.55,-93.88,45.33,False,-75.08,-69.82,-66.32,-76.92,-91.42,-103.31,-70.04,-48.55
66,23,theatre_2,theatre,AP-8,-49.63,-93.84,44.21,False,-76.6,-71.59,-68.32,-92.63,-85.44,-104.63,-63.89,-49.63
67,23,theatre_2,theatre,AP-8,-46.87,-93.44,46.57,False,-75.0,-70.07,-63.72,-94.57,-88.8,-110.12,-63.97,-46.87
68,23,theatre_2,theatre,AP-8,-51.84,-95.75,43.91,False,-76.36,-73.18,-69.32,-90.06,-88.16,-108.43,-63.39,-51.84
69,23,theatre_2,theatre,AP-8,-48.34,-94.02,45.68,False,-78.73,-75.36,-65.56,-95.15,-89.02,-108.29,-64.3,-48.34
70,23,theatre_2,theatre,AP-8,-51.57,-90.55,38.98,False,-77.82,-69.37,-68.06,-96.07,-89.53,-107.87,-66.76,-51.57
71,23,theatre_2,theatre,AP-8,-54.0,-95.43,41.43,False,-74.77,-73.46,-66.26,-97.71,-90.35,-108.58,-67.11,-54.0
72,23,corridor_v,corridor,AP-8,-55.33,-94.36,39.03,False,-78.29,-77.1,-74.5,-100.06,-92.58,-112.22,-67.56,-55.33
73,23,corridor_v,corridor,AP-8,-57.71,-96.23,38.52,False,-80.41,-77.71,-71.17,-98.13,-119.59,-108.79,-68.5,-57.71
74,23,corridor_v,corridor,AP-8,-54.5,-95.19,40.69,False,-83.59,-79.44,-70.96,-95.43,-117.83,-110.36,-69.86,-54.5
75,23,corridor_v,corridor,AP-8,-59.42,-93.43,34.01,False,-79.72,-74.72,-69.2,-99.5,-119.1,-116.43,-67.26,-59.42
76,23,corridor_v,corridor,AP-8,-57.95,-92.86,34.91,False,-81.16,-76.93,-69.98,-96.74,-118.68,-112.46,-69.59,-57.95
77,23,corridor_v,corridor,AP-8,-58.37,-95.79,37.42,False,-82.62,-77.23,-71.2,-99.42,-121.79,-112.3,-70.76,-58.37
78,23,corridor_v,corridor,AP-8,-59.82,-94.26,34.44,False,-81.72,-78.23,-72.35,-100.17,-118.25,-112.33,-68.63,-59.82
79,23,corridor_v,corridor,AP-8,-63.72,-92.45,28.73,False,-78.91,-77.05,-74.45,-98.92,-121.4,-112.68,-72.23,-63.72
0,24,ward_D,ward,AP-4,-58.84,-93.3,34.46,False,-62.2,-68.36,-74.02,-58.84,-67.06,-73.72,-79.49,-78.18
1,24,ward_D,ward,AP-4,-60.88,-96.85,35.97,False,-66.06,-69.6,-76.58,-60.88,-65.99,-72.91,-78.55,-76.81
2,24,ward_D,ward,AP-4,-54.6,-93.98,39.38,False,-61.26,-66.82,-74.45,-54.6,-67.71,-77.13,-75.67,-75.8
3,24,ward_D,ward,AP-4,-56.28,-95.51,39.23,False,-61.44,-68.51,-75.18,-56.28,-65.59,-75.09,-77.33,-78.21
4,24,ward_D,ward,AP-4,-58.77,-94.43,35.66,False,-61.4,-71.88,-71.83,-58.77,-66.69,-77.15,-79.46,-74.14
5,24,ward_D,ward,AP-4,-58.27,-92.81,34.54,False,-63.69,-70.36,-73.62,-58.27,-65.08,-73.47,-73.68,-76.11
6,24,ward_D,ward,AP-4,-57.22,-92.84,35.62,False,-65.2,-67.31,-70.23,-57.22,-67.01,-73.22,-76.49,-73.78
7,24,ward_D,ward,AP-4,-55.73,-94.16,38.43,False,-62.97,-69.37,-71.48,-55.73,-64.69,-69.43,-73.55,-74.39
8,24,ward_D,ward,AP-4,-55.79,-95.09,39.3,False,-62.21,-66.39,-73.71,-55.79,-64.28,-73.52,-78.21,-77.97
9,24,ward_D,ward,AP-4,-59.5,-95.32,35.82,False,-61.88,-68.89,-76.07,-59.5,-68.48,-73.92,-76.78,-70.33
10,24,ward_D,ward,AP-4,-56.68,-96.83,40.15,False,-65.43,-69.14,-71.29,-56.68,-64.17,-69.64,-75.75,-75.76
11,24,ward_D,ward,AP-4,-57.02,-95.24,38.22,False,-64.81,-66.75,-70.74,-57.02,-62.57,-67.62,-72.06,-69.94
12,24,ward_D,ward,AP-4,-55.85,-93.91,38.06,False,-61.79,-66.56,-72.29,-55.85,-64.76,-71.07,-75.84,-73.22
13,24,ward_D,ward,AP-4,-54.6,-93.3,38.7,False,-66.46,-66.02,-70.78,-54.6,-66.24,-72.5,-75.94,-76.57
14,24,ward_D,ward,AP-4,-61.25,-97.72,36.47,False,-64.75,-64.15,-71.96,-61.25,-63.86,-70.81,-76.45,-72.19
15,24,ward_D,ward,AP-4,-56.57,-94.15,37.58,False,-65.54,-65.04,-72.59,-56.57,-66.18,-73.08,-78.85,-74.82
16,24,ward_D,ward,AP-5,-58.98,-94.05,35.07,False,-65.03,-63.6,-69.58,-59.11,-58.98,-70.7,-80.13,-73.73
17,24,ward_D,ward,AP-4,-59.04,-96.51,37.47,False,-63.11,-65.13,-69.77,-59.04,-59.32,-73.52,-75.78,-77.48
18,24,ward_D,ward,AP-4,-57.63,-93.17,35.54,False,-59.71,-66.44,-70.6,-57.63,-62.25,-66.09,-76.07,-74.15
19,24,ward_D,ward,AP-5,-56.34,-95.1,38.76,False,-64.99,-67.55,-67.71,-57.28,-56.34,-68.44,-72.23,-71.82
20,24,ward_E,ward,AP-4,-59.53,-92.92,33.39,False,-66.39,-61.9,-68.2,-59.53,-62.89,-65.16,-75.78,-65.85
21,24,ward_E,ward,AP-4,-56.1,-93.82,37.72,False,-65.31,-65.33,-70.25,-56.1,-61.77,-67.2,-75.57,-73.08
22,24,ward_E,ward,AP-5,-58.25,-93.16,34.91,False,-64.85,-64.49,-70.5,-60.98,-58.25,-68.95,-70.89,-72.84
23,24,ward_E,ward,AP-4,-57.46,-94.01,36.55,False,-64.69,-64.04,-69.87,-57.46,-59.34,-66.18,-74.15,-70.44
24,24,ward_E,ward,AP-5,-56.5,-93.73,37.23,False,-66.08,-63.75,-67.17,-62.09,-56.5,-65.19,-71.81,-71.86
25,24,ward_E,ward,AP-5,-53.32,-94.47,41.15,False,-66.8,-60.37,-70.36,-62.15,-53.32,-68.15,-75.64,-69.03
26,24,ward_E,ward,AP-5,-54.41,-94.54,40.13,False,-66.53,-64.15,-70.28,-65.36,-54.41,-65.59,-71.8,-74.88
27,24,ward_E,ward,AP-5,-57.51,-94.85,37.34,False,-67.35,-65.19,-67.05,-64.68,-57.51,-66.15,-71.61,-71.62
28,24,ward_E,ward,AP-5,-57.49,-91.83,34.34,False,-63.91,-64.58,-64.26,-62.38,-57.49,-68.65,-70.74,-74.64
29,24,ward_E,ward,AP-5,-56.75,-95.74,38.99,False,-64.87,-64.96,-65.08,-64.16,-56.75,-63.59,-72.15,-69.27
30,24,ward_E,ward,AP-5,-55.24,-92.74,37.5,False,-65.73,-61.76,-68.18,-61.61,-55.24,-64.62,-70.44,-69.44
31,24,ward_E,ward,AP-5,-58.68,-95.13,36.45,False,-67.84,-59.82,-63.5,-64.52,-58.68,-64.42,-72.5,-65.02
32,24,ward_E,ward,AP-5,-54.4,-95.78,41.38,False,-67.08,-61.8,-67.69,-66.44,-54.4,-60.51,-70.23,-66.19
33,24,ward_E,ward,AP-5,-58.36,-92.46,34.1,False,-68.56,-63.71,-69.96,-65.18,-58.36,-63.89,-76.55,-71.23
34,24,ward_E,ward,AP-5,-59.03,-94.33,35.3,False,-68.83,-64.38,-65.67,-64.77,-59.03,-65.05,-74.11,-67.24
35,24,ward_E,ward,AP-5,-55.46,-97.28,41.82,False,-66.11,-63.42,-65.58,-67.87,-55.46,-63.39,-74.95,-66.25
36,24,ward_E,ward,AP-5,-55.34,-94.55,39.21,False,-68.43,-62.06,-67.37,-65.72,-55.34,-61.81,-70.21,-67.23
37,24,ward_E,ward,AP-5,-58.96,-96.17,37.21,False,-69.03,-62.59,-62.45,-66.91,-58.96,-62.09,-70.56,-65.99
38,24,ward_E,ward,AP-5,-61.46,-92.8,31.34,False,-67.32,-62.47,-64.21,-66.76,-61.46,-64.3,-68.87,-66.95
39,24,ward_E,ward,AP-5,-56.8,-94.06,37.26,False,-70.19,-64.88,-65.41,-64.54,-56.8,-61.83,-73.37,-69.23
40,24,ward_F,ward,AP-6,-56.41,-93.97,37.56,False,-70.07,-60.29,-63.83,-70.48,-60.91,-56.41,-68.88,-64.91
41,24,ward_F,ward,AP-5,-61.23,-96.25,35.02,False,-70.3,-64.89,-65.1,-64.3,-61.23,-61.74,-69.73,-65.42
42,24,ward_F,ward,AP-6,-59.71,-94.4,34.69,False,-68.46,-64.75,-59.88,-69.16,-63.32,-59.71,-70.89,-67.61
43,24,ward_F,ward,AP-5,-58.33,-92.87,34.54,False,-71.53,-63.01,-64.17,-71.91,-58.33,-62.63,-73.37,-63.8
44,24,ward_F,ward,AP-6,-57.08,-96.17,39.09,False,-69.62,-66.11,-60.66,-71.7,-64.97,-57.08,-66.24,-62.83
45,24,ward_F,ward,AP-6,-58.9,-97.87,38.97,False,-71.4,-66.45,-65.46,-68.73,-61.02,-58.9,-68.49,-60.44
46,24,ward_F,ward,AP-6,-58.03,-92.54,34.51,False,-70.93,-68.67,-63.37,-69.9,-63.16,-58.03,-69.95,-61.6
47,24,ward_F,ward,AP-6,-57.04,-97.63,40.59,False,-70.35,-66.81,-64.36,-69.43,-64.89,-57.04,-67.66,-62.79
48,24,ward_F,ward,AP-6,-57.5,-95.11,37.61,False,-70.15,-65.86,-66.31,-72.29,-60.65,-57.5,-69.41,-60.21
49,24,ward_F,ward,AP-6,-51.61,-93.7,42.09,False,-72.84,-70.73,-64.82,-72.24,-62.06,-51.61,-67.27,-58.46
50,24,ward_F,ward,AP-6,-55.2,-94.25,39.05,False,-73.47,-67.68,-64.09,-69.09,-65.08,-55.2,-67.62,-60.49
51,24,ward_F,ward,AP-6,-56.76,-95.65,38.89,False,-71.39,-68.29,-62.55,-68.86,-64.46,-56.76,-68.08,-59.93
52,24,ward_F,ward,AP-6,-54.3,-95.92,41.62,False,-74.47,-63.06,-66.06,-73.36,-69.53,-54.3,-69.17,-57.69
53,24,ward_F,ward,AP-8,-55.96,-94.02,38.06,False,-74.65,-70.02,-64.11,-71.92,-64.4,-58.86,-66.82,-55.96
54,24,ward_F,ward,AP-6,-55.94,-96.66,40.72,False,-73.11,-69.14,-64.95,-74.88,-61.0,-55.94,-68.5,-62.41
55,24,ward_F,ward,AP-8,-54.22,-96.36,42.14,False,-73.96,-70.16,-63.85,-70.16,-70.33,-54.34,-67.71,-54.22
56,24,ward_F,ward,AP-6,-56.42,-94.53,38.11,False,-74.04,-67.73,-60.6,-71.07,-67.39,-56.42,-63.58,-56.7
57,24,ward_F,ward,AP-6,-54.49,-96.71,42.22,False,-76.68,-68.5,-62.7,-72.21,-66.87,-54.49,-64.67,-54.58
58,24,ward_F,ward,AP-8,-54.07,-96.69,42.62,False,-78.67,-64.83,-65.86,-74.27,-65.51,-59.51,-66.17,-54.07
59,24,ward_F,ward,AP-8,-56.77,-96.88,40.11,False,-73.11,-70.85,-62.98,-74.74,-69.73,-61.03,-64.5,-56.77
60,24,theatre_2,theatre,AP-8,-51.15,-93.5,42.35,False,-73.89,-70.34,-63.45,-75.7,-70.0,-56.9,-62.05,-51.15
61,24,theatre_2,theatre,AP-8,-53.51,-95.83,42.32,False,-74.32,-71.9,-62.0,-74.66,-68.48,-60.28,-71.24,-53.51
62,24,theatre_2,theatre,AP-8,-51.34,-94.37,43.03,False,-72.85,-70.8,-62.53,-72.53,-69.56,-61.29,-66.21,-51.34
63,24,theatre_2,theatre,AP-8,-50.29,-94.47,44.18,False,-72.18,-73.22,-66.74,-73.77,-67.58,-78.29,-64.67,-50.29
64,24,theatre_2,theatre,AP-8,-49.36,-95.77,46.41,False,-77.16,-65.19,-63.57,-76.98,-67.17,-80.82,-68.05,-49.36
65,24,theatre_2,theatre,AP-8,-44.25,-96.98,52.73,False,-73.82,-69.25,-66.47,-76.54,-69.22,-80.67,-64.24,-44.25
66,24,theatre_2,theatre,AP-8,-44.97,-97.13,52.16,False,-75.78,-73.05,-65.82,-74.42,-68.0,-82.07,-69.23,-44.97
67,24,theatre_2,theatre,AP-8,-44.93,-97.09,52.16,False,-77.69,-71.44,-62.94,-74.4,-71.75,-107.26,-65.17,-44.93
68,24,theatre_2,theatre,AP-8,-47.88,-96.79,48.91,False,-76.32,-69.4,-67.66,-78.23,-89.83,-106.79,-63.93,-47.88
69,24,theatre_2,theatre,AP-8,-53.04,-95.42,42.38,False,-74.98,-76.71,-65.96,-72.84,-89.3,-110.18,-66.39,-53.04
70,24,theatre_2,theatre,AP-8,-47.78,-93.72,45.94,False,-76.66,-70.81,-66.73,-75.85,-87.31,-108.88,-63.63,-47.78
71,24,theatre_2,theatre,AP-8,-50.56,-96.41,45.85,False,-75.14,-70.84,-66.74,-74.25,-91.07,-106.73,-63.18,-50.56
72,24,corridor_v,corridor,AP-8,-51.74,-96.16,44.42,False,-83.07,-75.68,-69.82,-80.79,-93.17,-110.36,-69.14,-51.74
73,24,corridor_v,corridor,AP-8,-55.59,-94.36,38.77,False,-76.31,-74.74,-68.57,-101.59,-94.98,-109.34,-66.35,-55.59
74,24,corridor_v,corridor,AP-8,-56.71,-96.83,40.12,False,-78.39,-74.47,-74.93,-97.44,-92.14,-113.69,-70.09,-56.71
75,24,corridor_v,corridor,AP-8,-60.72,-97.29,36.57,False,-82.4,-74.11,-75.75,-100.58,-94.75,-110.7,-73.41,-60.72
76,24,corridor_v,corridor,AP-8,-57.26,-96.39,39.13,False,-81.33,-75.21,-72.16,-97.3,-95.22,-110.93,-68.1,-57.26
77,24,corridor_v,corridor,AP-8,-56.32,-92.77,36.45,False,-81.87,-76.07,-73.11,-97.44,-91.12,-111.46,-67.01,-56.32
78,24,corridor_v,corridor,AP-8,-57.63,-96.56,38.93,False,-80.8,-75.48,-71.47,-97.29,-95.03,-113.82,-69.44,-57.63
79,24,corridor_v,corridor,AP-8,-59.11,-99.33,40.22,False,-82.86,-79.04,-75.96,-102.29,-92.81,-113.63,-70.33,-59.11
0,25,corridor_h,corridor,AP-4,-63.99,-94.78,30.79,False,-68.3,-75.25,-75.84,-63.99,-72.05,-74.09,-80.32,-80.89
1,25,corridor_h,corridor,AP-4,-61.39,-92.27,30.88,False,-67.03,-73.59,-79.66,-61.39,-71.51,-77.67,-74.94,-81.64
2,25,corridor_h,corridor,AP-1,-64.63,-95.28,30.65,False,-64.63,-71.56,-76.43,-65.14,-69.54,-77.27,-80.0,-82.72
3,25,corridor_h,corridor,AP-4,-61.48,-91.43,29.95,False,-63.81,-70.37,-74.2,-61.48,-73.6,-76.55,-82.24,-75.72
4,25,corridor_h,corridor,AP-4,-59.84,-94.87,35.03,False,-66.61,-72.48,-76.29,-59.84,-74.91,-72.77,-79.85,-75.79
5,25,corridor_h,corridor,AP-4,-57.5,-94.05,36.55,False,-64.01,-71.19,-74.5,-57.5,-68.21,-77.11,-82.4,-84.06
6,25,corridor_h,corridor,AP-4,-58.21,-93.87,35.66,False,-61.34,-70.56,-75.07,-58.21,-71.63,-77.95,-82.07,-75.44
7,25,corridor_h,corridor,AP-4,-58.58,-97.74,39.16,False,-64.59,-70.97,-75.76,-58.58,-69.08,-75.24,-77.56,-78.7
8,25,corridor_h,corridor,AP-4,-55.12,-92.46,37.34,False,-64.84,-69.75,-76.59,-55.12,-68.04,-75.87,-82.14,-79.48
9,25,corridor_h,corridor,AP-4,-59.12,-92.71,33.59,False,-66.21,-68.55,-79.08,-59.12,-67.94,-76.13,-79.46,-76.86
10,25,corridor_h,corridor,AP-4,-58.08,-97.52,39.44,False,-66.1,-65.55,-72.07,-58.08,-68.08,-79.08,-79.84,-74.34
11,25,corridor_h,corridor,AP-4,-61.36,-93.37,32.01,False,-64.22,-65.61,-72.57,-61.36,-69.23,-75.07,-78.01,-75.48
12,25,corridor_h,corridor,AP-4,-59.84,-93.72,33.88,False,-68.29,-71.23,-74.39,-59.84,-67.96,-72.17,-83.6,-79.04
13,25,corridor_h,corridor,AP-4,-59.23,-96.88,37.65,False,-62.68,-69.81,-76.01,-59.23,-66.42,-72.27,-76.78,-76.9
14,25,corridor_h,corridor,AP-4,-61.61,-97.1,35.49,False,-66.01,-70.06,-74.34,-61.61,-65.48,-71.09,-79.13,-82.36
15,25,corridor_h,corridor,AP-4,-59.16,-94.46,35.3,False,-65.15,-71.18,-73.11,-59.16,-64.32,-72.56,-77.99,-74.92
16,25,corridor_h,corridor,AP-1,-65.0,-91.46,26.46,False,-65.0,-67.73,-75.72,-66.03,-67.85,-73.99,-78.43,-77.65
17,25,corridor_h,corridor,AP-4,-59.56,-95.83,36.27,False,-68.5,-63.79,-71.81,-59.56,-65.66,-73.72,-81.55,-74.29
18,25,corridor_h,corridor,AP-4,-62.53,-94.46,31.93,False,-67.58,-64.88,-74.4,-62.53,-65.07,-69.99,-78.38,-80.74
19,25,corridor_h,corridor,AP-4,-58.82,-94.72,35.9,False,-65.62,-64.77,-69.11,-58.82,-64.03,-71.77,-75.21,-76.04
20,25,corridor_h,corridor,AP-4,-61.61,-97.79,36.18,False,-65.75,-67.35,-71.74,-61.61,-63.74,-74.16,-77.82,-71.84
21,25,corridor_h,corridor,AP-4,-60.42,-93.44,33.02,False,-63.34,-63.45,-74.17,-60.42,-61.92,-69.21,-72.18,-76.25
22,25,corridor_h,corridor,AP-4,-63.45,-94.1,30.65,False,-66.69,-66.19,-74.5,-63.45,-64.12,-70.81,-77.88,-73.98
23,25,corridor_h,corridor,AP-5,-59.4,-95.69,36.29,False,-67.15,-64.0,-73.89,-65.62,-59.4,-71.89,-74.65,-74.15
24,25,corridor_h,corridor,AP-5,-62.92,-96.07,33.15,False,-68.58,-67.7,-74.54,-67.45,-62.92,-68.17,-75.42,-70.07
25,25,corridor_h,corridor,AP-5,-61.37,-94.33,32.96,False,-68.92,-65.27,-69.87,-62.92,-61.37,-69.15,-77.56,-75.19
26,25,corridor_h,corridor,AP-5,-59.6,-94.23,34.63,False,-71.86,-63.22,-71.31,-64.73,-59.6,-70.06,-77.67,-76.29
27,25,corridor_h,corridor,AP-4,-61.47,-93.93,32.46,False,-69.06,-65.33,-69.75,-61.47,-62.02,-68.47,-77.35,-72.8
28,25,corridor_h,corridor,AP-5,-62.66,-93.89,31.23,False,-68.73,-68.18,-71.92,-65.14,-62.66,-67.47,-74.55,-71.8
29,25,corridor_h,corridor,AP-5,-58.92,-95.2,36.28,False,-72.04,-67.58,-74.11,-64.97,-58.92,-68.55,-74.14,-76.02
30,25,corridor_h,corridor,AP-5,-61.3,-97.86,36.56,False,-70.38,-65.3,-69.26,-66.39,-61.3,-70.1,-73.69,-72.39
31,25,corridor_h,corridor,AP-5,-60.2,-97.3,37.1,False,-70.69,-65.36,-70.32,-67.41,-60.2,-66.32,-75.71,-70.77
32,25,corridor_h,corridor,AP-5,-60.15,-99.51,39.36,False,-71.34,-63.87,-71.04,-71.74,-60.15,-68.79,-73.03,-73.89
33,25,corridor_h,corridor,AP-5,-60.7,-94.54,33.84,False,-71.88,-65.23,-68.3,-68.56,-60.7,-67.07,-72.23,-70.08
34,25,corridor_h,corridor,AP-5,-59.64,-97.14,37.5,False,-71.19,-64.26,-68.19,-69.14,-59.64,-66.61,-70.24,-73.23
35,25,corridor_h,corridor,AP-5,-60.75,-92.03,31.28,False,-71.1,-69.15,-67.45,-72.91,-60.75,-62.15,-74.7,-71.69
36,25,corridor_h,corridor,AP-5,-59.5,-95.35,35.85,False,-71.48,-69.03,-66.04,-68.43,-59.5,-63.2,-72.56,-67.98
37,25,corridor_h,corridor,AP-5,-59.5,-96.19,36.69,False,-73.86,-65.28,-66.68,-69.58,-59.5,-62.41,-72.83,-71.92
38,25,corridor_h,corridor,AP-5,-59.24,-92.48,33.24,False,-71.8,-66.92,-67.52,-75.35,-59.24,-64.7,-70.62,-72.66
39,25,corridor_h,corridor,AP-5,-60.42,-95.63,35.21,False,-70.25,-69.74,-65.5,-73.32,-60.42,-61.32,-73.19,-69.47
40,25,corridor_h,corridor,AP-5,-58.6,-95.34,36.74,False,-71.04,-63.84,-64.53,-69.79,-58.6,-61.0,-73.06,-68.47
41,25,corridor_h,corridor,AP-6,-63.22,-93.15,29.93,False,-74.11,-66.52,-66.21,-68.72,-64.21,-63.22,-72.75,-71.4
42,25,corridor_h,corridor,AP-6,-59.04,-93.25,34.21,False,-70.46,-66.95,-66.56,-71.01,-63.32,-59.04,-71.88,-64.53
43,25,corridor_h,corridor,AP-6,-60.45,-94.37,33.92,False,-74.58,-66.21,-63.99,-72.02,-65.05,-60.45,-75.27,-65.11
44,25,corridor_h,corridor,AP-5,-60.8,-92.62,31.82,False,-75.94,-68.06,-64.09,-75.83,-60.8,-62.26,-70.53,-64.29
45,25,corridor_h,corridor,AP-6,-59.25,-93.63,34.38,False,-76.79,-72.15,-65.45,-75.07,-68.58,-59.25,-67.88,-68.78
46,25,corridor_h,corridor,AP-3,-61.44,-96.09,34.65,False,-77.26,-68.33,-61.44,-76.91,-62.56,-61.72,-71.0,-66.65
47,25,corridor_h,corridor,AP-6,-58.65,-95.97,37.32,False,-74.27,-73.46,-66.82,-69.61,-62.5,-58.65,-68.14,-64.44
48,25,corridor_h,corridor,AP-6,-59.82,-95.19,35.37,False,-74.55,-66.17,-63.05,-72.64,-71.68,-59.82,-71.39,-63.08
49,25,corridor_h,corridor,AP-6,-59.06,-95.5,36.44,False,-78.45,-67.1,-64.14,-75.28,-70.13,-59.06,-70.54,-61.24
50,25,corridor_h,corridor,AP-6,-57.47,-95.67,38.2,False,-77.68,-67.62,-67.5,-73.38,-69.12,-57.47,-65.88,-62.54
51,25,corridor_h,corridor,AP-6,-61.56,-94.1,32.54,False,-75.97,-70.74,-66.32,-74.63,-70.52,-61.56,-69.48,-63.82
52,25,corridor_h,corridor,AP-8,-61.57,-95.5,33.93,False,-76.98,-70.2,-63.03,-75.66,-66.47,-61.84,-71.32,-61.57
53,25,corridor_h,corridor,AP-8,-58.36,-95.44,37.08,False,-77.32,-73.26,-70.61,-75.05,-69.67,-61.22,-68.26,-58.36
54,25,corridor_h,corridor,AP-8,-56.74,-97.63,40.89,False,-77.42,-70.01,-63.48,-77.74,-67.59,-59.0,-68.48,-56.74
55,25,corridor_h,corridor,AP-8,-60.02,-94.57,34.55,False,-79.08,-70.21,-63.89,-78.49,-71.27,-60.48,-69.26,-60.02
56,25,corridor_h,corridor,AP-8,-56.03,-94.46,38.43,False,-74.39,-68.45,-64.01,-76.14,-73.24,-60.13,-71.16,-56.03
57,25,corridor_h,corridor,AP-8,-57.42,-92.88,35.46,False,-77.24,-74.34,-64.71,-79.18,-70.03,-63.6,-69.59,-57.42
58,25,corridor_h,corridor,AP-8,-55.43,-94.07,38.64,False,-77.52,-70.22,-67.9,-78.63,-71.32,-61.05,-72.15,-55.43
59,25,corridor_h,corridor,AP-8,-56.14,-93.82,37.68,False,-81.36,-70.69,-64.76,-77.67,-68.9,-60.23,-69.04,-56.14
60,25,theatre_2,theatre,AP-8,-47.73,-93.93,46.2,False,-74.11,-70.46,-66.3,-71.59,-69.92,-60.33,-66.89,-47.73
61,25,theatre_2,theatre,AP-8,-49.2,-94.29,45.09,False,-72.19,-68.44,-67.85,-74.74,-67.64,-57.44,-70.4,-49.2
62,25,theatre_2,theatre,AP-8,-46.33,-95.03,48.7,False,-76.81,-69.61,-64.95,-71.77,-65.5,-59.48,-64.21,-46.33
63,25,theatre_2,theatre,AP-8,-45.2,-94.56,49.36,False,-72.65,-70.39,-64.62,-72.74,-71.19,-60.29,-62.46,-45.2
64,25,theatre_2,theatre,AP-8,-47.4,-97.49,50.09,False,-76.51,-72.83,-64.61,-72.15,-73.43,-61.23,-65.2,-47.4
65,25,theatre_2,theatre,AP-8,-45.09,-92.8,47.71,False,-70.75,-70.84,-63.99,-71.63,-70.87,-79.78,-65.45,-45.09
66,25,theatre_2,theatre,AP-8,-45.85,-93.62,47.77,False,-76.29,-74.51,-67.62,-73.72,-68.46,-82.75,-65.35,-45.85
67,25,theatre_2,theatre,AP-8,-42.37,-98.79,56.42,False,-76.22,-72.13,-63.25,-75.31,-71.89,-108.54,-64.19,-42.37
68,25,theatre_2,theatre,AP-8,-44.92,-96.85,51.93,False,-78.4,-70.62,-68.3,-75.69,-70.96,-107.07,-63.5,-44.92
69,25,theatre_2,theatre,AP-8,-46.88,-91.66,44.78,False,-74.76,-70.99,-66.11,-75.85,-73.28,-106.34,-65.87,-46.88
70,25,theatre_2,theatre,AP-8,-52.85,-98.22,45.37,False,-78.13,-67.21,-64.8,-74.07,-69.23,-106.93,-67.8,-52.85
71,25,theatre_2,theatre,AP-8,-46.51,-92.79,46.28,False,-78.25,-71.63,-68.69,-76.42,-71.19,-105.79,-62.66,-46.51
72,25,corridor_v,corridor,AP-8,-53.23,-96.04,42.81,False,-82.03,-77.39,-71.9,-79.79,-76.39,-110.64,-67.11,-53.23
73,25,corridor_v,corridor,AP-8,-55.99,-94.82,38.83,False,-81.72,-75.65,-67.73,-81.39,-95.37,-109.33,-67.98,-55.99
74,25,corridor_v,corridor,AP-8,-53.1,-94.88,41.78,False,-83.71,-77.28,-72.06,-78.03,-95.26,-113.11,-65.49,-53.1
75,25,corridor_v,corridor,AP-8,-54.47,-92.56,38.09,False,-79.54,-72.99,-71.0,-79.01,-94.41,-112.66,-70.1,-54.47
76,25,corridor_v,corridor,AP-8,-57.75,-95.35,37.6,False,-80.59,-77.39,-71.57,-82.81,-97.0,-116.94,-68.2,-57.75
77,25,corridor_v,corridor,AP-8,-60.89,-95.42,34.53,False,-83.53,-74.69,-73.1,-82.5,-96.28,-111.38,-66.2,-60.89
78,25,corridor_v,corridor,AP-8,-60.26,-95.58,35.32,False,-81.45,-75.62,-73.37,-78.48,-96.03,-114.07,-70.74,-60.26
79,25,corridor_v,corridor,AP-8,-59.66,-94.72,35.06,False,-83.35,-78.09,-74.07,-85.95,-92.06,-114.94,-67.78,-59.66
0,26,corridor_h,corridor,AP-4,-63.55,-97.51,33.96,False,-66.27,-71.93,-77.46,-63.55,-71.89,-76.62,-83.0,-80.04
1,26,corridor_h,corridor,AP-4,-61.26,-95.73,34.47,False,-65.06,-73.39,-79.03,-61.26,-69.55,-80.44,-81.8,-80.5
2,26,corridor_h,corridor,AP-4,-60.88,-94.18,33.3,False,-64.86,-74.02,-78.41,-60.88,-69.95,-79.39,-80.51,-78.62
3,26,corridor_h,corridor,AP-4,-63.2,-93.68,30.48,False,-65.95,-72.7,-75.12,-63.2,-70.77,-75.7,-79.85,-76.94
4,26,corridor_h,corridor,AP-4,-64.99,-95.91,30.92,False,-65.52,-72.59,-79.65,-64.99,-67.99,-76.7,-78.45,-79.25
5,26,corridor_h,corridor,AP-4,-60.52,-96.42,35.9,False,-65.05,-70.24,-77.03,-60.52,-71.89,-76.45,-80.43,-78.57
6,26,corridor_h,corridor,AP-4,-58.9,-95.23,36.33,False,-64.91,-69.9,-75.49,-58.9,-69.9,-74.24,-82.72,-83.23
7,26,corridor_h,corridor,AP-4,-58.58,-94.83,36.25,False,-66.78,-69.4,-78.39,-58.58,-67.35,-74.0,-78.79,-80.78
8,26,corridor_h,corridor,AP-4,-62.65,-93.81,31.16,False,-62.82,-71.6,-76.09,-62.65,-69.33,-74.54,-78.94,-81.4
9,26,corridor_h,corridor,AP-4,-62.63,-93.3,30.67,False,-63.67,-69.04,-73.69,-62.63,-69.41,-72.93,-81.53,-83.52
10,26,corridor_h,corridor,AP-4,-61.97,-96.95,34.98,False,-65.83,-66.9,-78.52,-61.97,-67.97,-75.7,-82.01,-78.97
11,26,corridor_h,corridor,AP-4,-57.54,-95.39,37.85,False,-64.03,-70.29,-75.38,-57.54,-68.48,-72.89,-76.65,-80.21
12,26,corridor_h,corridor,AP-4,-59.03,-94.98,35.95,False,-68.71,-69.11,-74.02,-59.03,-67.51,-69.55,-78.85,-79.64
13,26,corridor_h,corridor,AP-4,-62.52,-97.82,35.3,False,-68.8,-69.72,-77.36,-62.52,-67.33,-77.69,-80.45,-75.86
14,26,corridor_h,corridor,AP-4,-58.9,-94.0,35.1,False,-66.12,-65.06,-75.68,-58.9,-62.71,-74.69,-78.36,-78.04
15,26,corridor_h,corridor,AP-1,-63.09,-96.14,33.05,False,-63.09,-70.3,-75.61,-64.45,-68.05,-71.11,-81.66,-76.53
16,26,corridor_h,corridor,AP-4,-62.67,-96.19,33.52,False,-67.73,-67.89,-71.86,-62.67,-64.58,-72.78,-79.54,-74.67
17,26,corridor_h,corridor,AP-1,-60.23,-96.3,36.07,False,-60.23,-63.59,-75.05,-60.93,-67.86,-71.98,-75.83,-75.02
18,26,corridor_h,corridor,AP-4,-60.6,-94.57,33.97,False,-67.29,-64.99,-70.31,-60.6,-64.84,-73.32,-81.21,-76.52
19,26,corridor_h,corridor,AP-4,-60.3,-95.99,35.69,False,-66.46,-64.92,-72.06,-60.3,-63.7,-73.49,-78.04,-73.92
20,26,corridor_h,corridor,AP-5,-60.47,-94.19,33.72,False,-65.61,-66.21,-71.68,-65.86,-60.47,-74.44,-80.9,-77.62
21,26,corridor_h,corridor,AP-5,-59.43,-92.4,32.97,False,-68.11,-67.36,-73.07,-61.11,-59.43,-68.85,-78.42,-74.99
22,26,corridor_h,corridor,AP-4,-61.76,-94.74,32.98,False,-63.35,-63.4,-72.78,-61.76,-62.19,-74.2,-80.22,-74.6
23,26,corridor_h,corridor,AP-4,-61.14,-95.11,33.97,False,-69.8,-64.16,-68.72,-61.14,-61.4,-69.4,-75.72,-75.29
24,26,corridor_h,corridor,AP-5,-62.48,-95.07,32.59,False,-64.78,-65.6,-67.73,-69.5,-62.48,-67.39,-76.92,-73.8
25,26,corridor_h,corridor,AP-2,-62.48,-94.65,32.17,False,-68.08,-62.48,-69.99,-63.69,-64.32,-67.74,-78.79,-72.71
26,26,corridor_h,corridor,AP-5,-59.21,-96.46,37.25,False,-66.61,-65.78,-70.86,-67.13,-59.21,-68.52,-77.19,-77.43
27,26,corridor_h,corridor,AP-5,-59.2,-95.43,36.23,False,-68.13,-68.13,-67.66,-63.57,-59.2,-71.59,-75.97,-75.02
28,26,corridor_h,corridor,AP-2,-61.64,-96.3,34.66,False,-68.38,-61.64,-70.68,-69.41,-65.73,-69.97,-71.76,-74.01
29,26,corridor_h,corridor,AP-5,-57.5,-93.27,35.77,False,-68.05,-62.26,-70.14,-67.1,-57.5,-65.67,-78.16,-72.95
30,26,corridor_h,corridor,AP-5,-60.86,-93.81,32.95,False,-68.48,-62.64,-68.54,-68.25,-60.86,-65.67,-75.32,-73.28
31,26,corridor_h,corridor,AP-5,-59.35,-96.46,37.11,False,-67.76,-64.21,-66.55,-71.83,-59.35,-69.18,-75.39,-72.19
32,26,corridor_h,corridor,AP-5,-61.6,-95.34,33.74,False,-65.45,-64.28,-69.19,-66.14,-61.6,-65.65,-71.72,-70.71
33,26,corridor_h,corridor,AP-2,-58.54,-95.61,37.07,False,-69.94,-58.54,-63.56,-73.62,-59.5,-67.16,-75.31,-75.23
34,26,corridor_h,corridor,AP-5,-60.34,-92.23,31.89,False,-68.76,-65.62,-68.37,-63.88,-60.34,-65.93,-75.26,-73.43
35,26,corridor_h,corridor,AP-5,-60.13,-93.72,33.59,False,-66.68,-63.67,-67.44,-71.53,-60.13,-63.16,-74.75,-68.56
36,26,corridor_h,corridor,AP-5,-64.44,-95.4,30.96,False,-72.2,-66.93,-69.75,-70.56,-64.44,-66.82,-71.17,-71.57
37,26,corridor_h,corridor,AP-6,-62.62,-95.12,32.5,False,-71.82,-66.72,-66.8,-70.3,-66.28,-62.62,-75.41,-70.03
38,26,corridor_h,corridor,AP-2,-63.3,-94.29,30.99,False,-70.77,-63.3,-66.39,-72.46,-63.87,-65.39,-73.2,-67.78
39,26,corridor_h,corridor,AP-6,-62.65,-94.91,32.26,False,-72.41,-66.67,-69.86,-70.95,-65.09,-62.65,-73.39,-71.26
40,26,corridor_h,corridor,AP-5,-57.43,-93.52,36.09,False,-72.17,-66.2,-62.39,-72.3,-57.43,-64.5,-71.63,-71.85
41,26,corridor_h,corridor,AP-6,-62.0,-95.08,33.08,False,-75.94,-65.68,-69.02,-70.26,-63.12,-62.0,-69.89,-68.81
42,26,corridor_h,corridor,AP-6,-62.54,-94.89,32.35,False,-75.62,-66.42,-68.51,-71.12,-62.57,-62.54,-71.7,-65.54
43,26,corridor_h,corridor,AP-6,-62.52,-95.29,32.77,False,-75.58,-66.42,-65.95,-73.17,-67.08,-62.52,-72.31,-65.78
44,26,corridor_h,corridor,AP-6,-60.69,-93.87,33.18,False,-71.83,-70.78,-63.7,-73.19,-64.14,-60.69,-71.47,-65.26
45,26,corridor_h,corridor,AP-6,-63.6,-93.69,30.09,False,-73.6,-68.18,-65.79,-70.37,-68.44,-63.6,-73.15,-67.25
46,26,corridor_h,corridor,AP-6,-63.72,-95.81,32.09,False,-70.9,-67.68,-64.0,-73.31,-66.93,-63.72,-69.98,-66.62
47,26,corridor_h,corridor,AP-6,-58.52,-95.46,36.94,False,-75.02,-70.58,-61.98,-72.36,-68.69,-58.52,-69.72,-65.3
48,26,corridor_h,corridor,AP-6,-59.92,-95.15,35.23,False,-75.57,-69.35,-64.4,-76.71,-69.32,-59.92,-70.5,-66.21
49,26,corridor_h,corridor,AP-6,-58.33,-94.2,35.87,False,-80.8,-67.12,-66.31,-74.15,-65.97,-58.33,-68.93,-63.58
50,26,corridor_h,corridor,AP-6,-58.33,-94.07,35.74,False,-75.75,-67.68,-62.12,-76.63,-67.14,-58.33,-66.86,-60.14
51,26,corridor_h,corridor,AP-6,-61.52,-93.63,32.11,False,-75.21,-71.12,-62.93,-75.61,-69.33,-61.52,-69.36,-64.19
52,26,corridor_h,corridor,AP-8,-56.66,-95.69,39.03,False,-73.64,-65.8,-64.1,-74.93,-71.35,-62.44,-68.93,-56.66
53,26,corridor_h,corridor,AP-6,-58.42,-95.23,36.81,False,-75.59,-71.41,-65.08,-73.08,-69.57,-58.42,-68.92,-60.38
54,26,corridor_h,corridor,AP-8,-58.38,-92.88,34.5,False,-75.17,-69.71,-66.42,-72.82,-68.85,-60.97,-71.52,-58.38
55,26,corridor_h,corridor,AP-8,-55.72,-94.54,38.82,False,-74.86,-68.75,-64.31,-75.66,-68.88,-63.04,-69.12,-55.72
56,26,corridor_h,corridor,AP-8,-52.81,-94.64,41.83,False,-74.7,-73.15,-66.24,-76.4,-66.41,-60.88,-70.25,-52.81
57,26,corridor_h,corridor,AP-8,-56.0,-94.97,38.97,False,-80.39,-69.61,-72.25,-75.77,-69.69,-59.98,-73.07,-56.0
58,26,corridor_h,corridor,AP-8,-51.14,-94.22,43.08,False,-77.43,-70.36,-60.18,-75.11,-69.31,-65.21,-69.01,-51.14
59,26,corridor_h,corridor,AP-8,-53.14,-95.83,42.69,False,-78.33,-70.4,-63.39,-75.37,-71.04,-62.03,-65.32,-53.14
60,26,theatre_2,theatre,AP-8,-52.17,-94.12,41.95,False,-74.88,-74.06,-63.6,-76.64,-69.8,-57.07,-64.32,-52.17
61,26,theatre_2,theatre,AP-8,-49.36,-94.89,45.53,False,-72.07,-69.35,-62.32,-75.41,-70.32,-57.24,-62.35,-49.36
62,26,theatre_2,theatre,AP-8,-48.25,-96.18,47.93,False,-78.4,-69.17,-63.91,-74.89,-68.13,-61.62,-61.24,-48.25
63,26,theatre_2,theatre,AP-8,-49.95,-95.78,45.83,False,-73.06,-69.82,-63.76,-72.61,-67.89,-58.02,-61.53,-49.95
64,26,theatre_2,theatre,AP-8,-45.73,-96.47,50.74,False,-72.15,-68.56,-66.39,-75.39,-69.74,-63.92,-66.61,-45.73
65,26,theatre_2,theatre,AP-8,-38.84,-95.02,56.18,False,-74.22,-74.48,-62.93,-72.12,-70.48,-79.16,-63.04,-38.84
66,26,theatre_2,theatre,AP-8,-47.41,-94.29,46.88,False,-77.18,-71.05,-65.46,-75.18,-70.42,-83.3,-67.64,-47.41
67,26,theatre_2,theatre,AP-8,-45.89,-93.61,47.72,False,-75.92,-69.69,-65.02,-74.9,-71.57,-82.13,-64.41,-45.89
68,26,theatre_2,theatre,AP-8,-45.23,-94.57,49.34,False,-75.56,-76.21,-65.12,-80.45,-70.17,-79.39,-64.8,-45.23
69,26,theatre_2,theatre,AP-8,-44.77,-94.11,49.34,False,-74.48,-71.52,-63.52,-77.48,-71.36,-81.89,-64.91,-44.77
70,26,theatre_2,theatre,AP-8,-46.57,-95.07,48.5,False,-74.34,-72.52,-66.51,-74.82,-71.6,-108.11,-63.69,-46.57
71,26,theatre_2,theatre,AP-8,-48.42,-94.48,46.06,False,-78.86,-71.27,-67.06,-71.98,-71.41,-106.87,-64.87,-48.42
72,26,corridor_v,corridor,AP-8,-50.75,-93.19,42.44,False,-77.93,-75.61,-69.87,-78.41,-75.82,-113.45,-67.72,-50.75
73,26,corridor_v,corridor,AP-8,-48.25,-94.46,46.21,False,-80.45,-79.27,-71.73,-79.26,-93.64,-109.26,-65.48,-48.25
74,26,corridor_v,corridor,AP-8,-54.36,-95.1,40.74,False,-79.55,-77.99,-70.5,-83.28,-93.44,-113.28,-72.73,-54.36
75,26,corridor_v,corridor,AP-8,-58.92,-95.63,36.71,False,-83.54,-80.02,-71.57,-81.14,-97.43,-114.16,-69.58,-58.92
76,26,corridor_v,corridor,AP-8,-56.75,-94.98,38.23,False,-82.95,-71.18,-66.66,-82.3,-92.75,-114.96,-69.96,-56.75
77,26,corridor_v,corridor,AP-8,-57.37,-94.54,37.17,False,-80.62,-73.89,-73.29,-78.67,-95.11,-114.08,-70.01,-57.37
78,26,corridor_v,corridor,AP-8,-61.21,-95.79,34.58,False,-78.93,-81.62,-71.08,-80.78,-93.65,-115.03,-70.17,-61.21
79,26,corridor_v,corridor,AP-8,-60.23,-92.09,31.86,False,-80.49,-80.97,-72.2,-79.73,-95.59,-112.94,-69.28,-60.23
0,27,corridor_h,corridor,AP-4,-62.34,-95.89,33.55,False,-63.5,-72.15,-78.4,-62.34,-72.17,-77.25,-83.4,-76.26
1,27,corridor_h,corridor,AP-4,-61.88,-94.71,32.83,False,-66.04,-74.69,-79.05,-61.88,-73.01,-76.87,-80.6,-79.36
2,27,corridor_h,corridor,AP-1,-62.47,-96.03,33.56,False,-62.47,-73.82,-76.12,-65.8,-71.89,-77.24,-85.45,-80.38
3,27,corridor_h,corridor,AP-4,-61.43,-95.34,33.91,False,-66.52,-74.12,-78.98,-61.43,-70.9,-75.92,-81.47,-82.29
4,27,corridor_h,corridor,AP-4,-61.26,-96.39,35.13,False,-62.91,-70.32,-77.28,-61.26,-69.68,-72.15,-81.44,-80.76
5,27,corridor_h,corridor,AP-1,-59.57,-98.64,39.07,False,-59.57,-69.49,-70.03,-60.29,-69.74,-75.78,-79.65,-78.89
6,27,corridor_h,corridor,AP-4,-62.63,-95.16,32.53,False,-65.65,-70.87,-79.19,-62.63,-66.93,-77.06,-78.99,-84.62
7,27,corridor_h,corridor,AP-4,-61.14,-94.46,33.32,False,-63.5,-72.08,-79.68,-61.14,-68.81,-76.93,-79.76,-77.14
8,27,corridor_h,corridor,AP-4,-62.29,-93.07,30.78,False,-62.88,-69.47,-78.03,-62.29,-69.21,-75.33,-80.38,-82.16
9,27,corridor_h,corridor,AP-1,-58.54,-95.97,37.43,False,-58.54,-66.96,-73.18,-59.41,-69.29,-75.79,-78.81,-79.56
10,27,corridor_h,corridor,AP-4,-61.23,-92.85,31.62,False,-65.53,-69.27,-77.36,-61.23,-67.9,-76.32,-77.77,-82.31
11,27,corridor_h,corridor,AP-4,-59.61,-93.36,33.75,False,-65.39,-69.74,-72.0,-59.61,-67.81,-74.12,-78.24,-83.72
12,27,corridor_h,corridor,AP-4,-61.78,-95.09,33.31,False,-62.71,-69.51,-74.49,-61.78,-68.37,-75.56,-76.69,-77.87
13,27,corridor_h,corridor,AP-4,-62.65,-94.18,31.53,False,-66.62,-66.89,-71.29,-62.65,-66.59,-73.77,-76.29,-79.78
14,27,corridor_h,corridor,AP-4,-62.94,-98.48,35.54,False,-64.98,-66.78,-70.99,-62.94,-66.22,-74.75,-83.4,-76.22
15,27,corridor_h,corridor,AP-1,-60.49,-94.49,34.0,False,-60.49,-70.94,-74.06,-62.52,-67.67,-75.24,-75.92,-78.16
16,27,corridor_h,corridor,AP-1,-60.4,-94.26,33.86,False,-60.4,-62.54,-70.85,-62.98,-71.88,-70.59,-76.9,-78.7
17,27,corridor_h,corridor,AP-4,-61.13,-94.69,33.56,False,-65.8,-67.99,-74.82,-61.13,-67.5,-75.28,-79.33,-77.06
18,27,corridor_h,corridor,AP-4,-63.04,-93.2,30.16,False,-63.86,-66.18,-75.28,-63.04,-66.17,-72.25,-76.87,-75.28
19,27,corridor_h,corridor,AP-5,-62.47,-94.59,32.12,False,-67.85,-66.31,-71.01,-66.13,-62.47,-72.92,-76.75,-75.51
20,27,corridor_h,corridor,AP-4,-60.38,-92.84,32.46,False,-64.85,-67.45,-72.35,-60.38,-64.82,-70.27,-78.41,-76.45
21,27,corridor_h,corridor,AP-4,-62.65,-94.96,32.31,False,-66.26,-65.36,-70.37,-62.65,-66.37,-68.86,-75.22,-76.92
22,27,corridor_h,corridor,AP-5,-63.61,-94.57,30.96,False,-68.37,-65.58,-71.79,-64.45,-63.61,-72.31,-76.39,-72.34
23,27,corridor_h,corridor,AP-2,-62.18,-96.09,33.91,False,-68.66,-62.18,-74.05,-65.31,-64.96,-71.28,-73.08,-81.15
24,27,corridor_h,corridor,AP-5,-59.67,-94.07,34.4,False,-70.04,-62.07,-67.13,-64.9,-59.67,-76.05,-75.89,-73.63
25,27,corridor_h,corridor,AP-5,-63.17,-94.25,31.08,False,-68.27,-65.02,-71.98,-65.36,-63.17,-69.27,-76.91,-75.8
26,27,corridor_h,corridor,AP-5,-62.63,-98.33,35.7,False,-67.52,-66.4,-65.46,-66.08,-62.63,-69.51,-76.41,-78.1
27,27,corridor_h,corridor,AP-5,-62.41,-97.31,34.9,False,-63.88,-63.61,-69.26,-66.94,-62.41,-72.68,-74.42,-76.91
28,27,corridor_h,corridor,AP-5,-60.26,-93.2,32.94,False,-67.33,-63.45,-70.36,-62.41,-60.26,-64.4,-76.39,-73.26
29,27,corridor_h,corridor,AP-5,-60.69,-93.7,33.01,False,-66.61,-63.7,-71.9,-70.34,-60.69,-71.33,-73.38,-70.84
30,27,corridor_h,corridor,AP-2,-60.67,-95.68,35.01,False,-72.37,-60.67,-68.56,-72.65,-62.38,-70.45,-74.89,-73.36
31,27,corridor_h,corridor,AP-5,-64.09,-94.96,30.87,False,-69.28,-65.97,-71.61,-70.77,-64.09,-68.4,-72.96,-71.34
32,27,corridor_h,corridor,AP-5,-61.49,-96.28,34.79,False,-69.01,-61.65,-67.74,-66.32,-61.49,-67.48,-72.12,-73.17
33,27,corridor_h,corridor,AP-5,-59.81,-94.28,34.47,False,-73.35,-63.98,-67.81,-67.68,-59.81,-66.44,-77.28,-76.32
34,27,corridor_h,corridor,AP-2,-63.66,-96.37,32.71,False,-69.92,-63.66,-67.79,-70.44,-65.79,-69.84,-71.46,-67.69
35,27,corridor_h,corridor,AP-5,-59.63,-94.09,34.46,False,-74.32,-69.17,-70.19,-69.94,-59.63,-64.81,-72.66,-71.54
36,27,corridor_h,corridor,AP-5,-58.65,-95.3,36.65,False,-72.95,-63.65,-63.92,-73.55,-58.65,-65.19,-76.17,-71.23
37,27,corridor_h,corridor,AP-5,-62.55,-92.41,29.86,False,-73.18,-66.96,-63.15,-71.02,-62.55,-66.64,-75.45,-70.88
38,27,corridor_h,corridor,AP-2,-61.75,-97.04,35.29,False,-68.94,-61.75,-64.87,-71.3,-62.0,-66.26,-66.6,-67.97
39,27,corridor_h,corridor,AP-5,-60.31,-96.28,35.97,False,-74.01,-68.77,-66.94,-71.57,-60.31,-60.5,-72.03,-69.78
40,27,corridor_h,corridor,AP-5,-62.02,-94.17,32.15,False,-75.12,-64.21,-65.29,-67.85,-62.02,-64.63,-72.23,-72.61
41,27,corridor_h,corridor,AP-6,-63.41,-95.46,32.05,False,-71.24,-66.05,-68.9,-69.15,-66.35,-63.41,-71.79,-66.75
42,27,corridor_h,corridor,AP-2,-61.83,-95.68,33.85,False,-76.58,-61.83,-62.03,-73.24,-64.04,-67.1,-69.48,-64.25
43,27,corridor_h,corridor,AP-6,-61.09,-94.79,33.7,False,-76.18,-69.29,-67.3,-74.21,-65.69,-61.09,-73.21,-66.89
44,27,corridor_h,corridor,AP-6,-63.83,-95.39,31.56,False,-70.74,-68.42,-67.26,-75.24,-64.66,-63.83,-70.91,-65.25
45,27,corridor_h,corridor,AP-6,-63.21,-96.09,32.88,False,-73.26,-68.96,-63.84,-72.51,-68.14,-63.21,-69.71,-66.12
46,27,corridor_h,corridor,AP-8,-61.86,-94.12,32.26,False,-76.44,-71.5,-63.01,-74.82,-67.05,-61.98,-72.2,-61.86
47,27,corridor_h,corridor,AP-6,-60.38,-93.27,32.89,False,-75.51,-69.34,-63.8,-71.7,-66.74,-60.38,-72.62,-69.0
48,27,corridor_h,corridor,AP-6,-61.87,-96.66,34.79,False,-75.33,-66.79,-65.43,-71.49,-66.24,-61.87,-70.71,-64.04
49,27,corridor_h,corridor,AP-6,-62.2,-94.34,32.14,False,-74.24,-68.14,-64.66,-77.46,-69.36,-62.2,-69.66,-63.84
50,27,corridor_h,corridor,AP-6,-60.92,-94.63,33.71,False,-73.5,-71.14,-63.35,-78.54,-69.31,-60.92,-70.26,-61.56
51,27,corridor_h,corridor,AP-6,-62.36,-93.74,31.38,False,-77.59,-69.69,-69.76,-74.9,-70.41,-62.36,-68.88,-62.87
52,27,corridor_h,corridor,AP-6,-58.61,-92.49,33.88,False,-74.45,-69.36,-62.68,-77.44,-71.07,-58.61,-68.82,-62.94
53,27,corridor_h,corridor,AP-8,-58.46,-94.9,36.44,False,-76.14,-73.12,-63.44,-75.25,-66.88,-62.02,-67.29,-58.46
54,27,corridor_h,corridor,AP-8,-58.17,-96.25,38.08,False,-79.76,-68.98,-62.68,-77.99,-70.53,-59.73,-68.13,-58.17
55,27,corridor_h,corridor,AP-8,-59.37,-95.13,35.76,False,-77.23,-70.38,-66.11,-81.82,-70.91,-60.94,-68.97,-59.37
56,27,corridor_h,corridor,AP-8,-54.34,-92.41,38.07,False,-74.8,-70.39,-64.33,-76.23,-71.42,-63.82,-67.35,-54.34
57,27,corridor_h,corridor,AP-8,-53.54,-93.44,39.9,False,-75.47,-70.83,-62.8,-77.54,-75.84,-64.23,-66.55,-53.54
58,27,corridor_h,corridor,AP-8,-54.37,-95.28,40.91,False,-76.78,-69.24,-65.48,-80.77,-72.63,-64.17,-67.81,-54.37
59,27,corridor_h,corridor,AP-8,-52.16,-96.15,43.99,False,-73.05,-73.95,-65.38,-77.8,-72.52,-64.47,-70.68,-52.16
60,27,theatre_2,theatre,AP-8,-50.67,-93.71,43.04,False,-74.55,-68.84,-66.51,-74.66,-68.38,-63.39,-67.42,-50.67
61,27,theatre_2,theatre,AP-8,-48.37,-93.52,45.15,False,-74.98,-68.22,-64.74,-74.31,-68.75,-60.48,-61.66,-48.37
62,27,theatre_2,theatre,AP-8,-45.24,-95.1,49.86,False,-74.91,-72.14,-61.63,-76.11,-70.14,-60.62,-65.03,-45.24
63,27,theatre_2,theatre,AP-8,-42.4,-96.41,54.01,False,-75.38,-68.89,-65.81,-73.97,-68.63,-61.81,-62.24,-42.4
64,27,theatre_2,theatre,AP-8,-45.37,-93.95,48.58,False,-74.94,-69.69,-61.85,-70.65,-69.38,-61.97,-63.88,-45.37
65,27,theatre_2,theatre,AP-8,-37.71,-92.4,54.69,False,-77.87,-73.37,-64.16,-74.21,-70.42,-61.34,-61.13,-37.71
66,27,theatre_2,theatre,AP-8,-38.5,-96.76,58.26,False,-76.67,-69.72,-63.61,-77.09,-71.01,-63.7,-63.69,-38.5
67,27,theatre_2,theatre,AP-8,-37.46,-95.47,58.01,False,-74.53,-70.14,-61.2,-75.34,-70.37,-81.06,-62.25,-37.46
68,27,theatre_2,theatre,AP-8,-42.2,-97.89,55.69,False,-76.77,-71.72,-63.78,-75.95,-71.78,-83.76,-63.82,-42.2
69,27,theatre_2,theatre,AP-8,-41.62,-95.75,54.13,False,-77.26,-75.65,-64.41,-75.68,-75.87,-82.45,-64.98,-41.62
70,27,theatre_2,theatre,AP-8,-42.07,-93.64,51.57,False,-75.55,-76.08,-67.9,-80.51,-71.98,-106.84,-62.78,-42.07
71,27,theatre_2,theatre,AP-8,-52.63,-93.55,40.92,False,-72.4,-73.23,-65.35,-73.57,-69.53,-107.64,-63.02,-52.63
72,27,corridor_v,corridor,AP-8,-50.15,-93.48,43.33,False,-80.1,-75.88,-69.14,-77.59,-75.64,-115.09,-67.58,-50.15
73,27,corridor_v,corridor,AP-8,-50.26,-93.33,43.07,False,-82.35,-80.5,-73.77,-81.73,-72.97,-111.61,-64.73,-50.26
74,27,corridor_v,corridor,AP-8,-52.73,-91.11,38.38,False,-78.33,-76.42,-71.12,-80.73,-75.21,-113.15,-68.98,-52.73
75,27,corridor_v,corridor,AP-8,-55.89,-94.2,38.31,False,-79.24,-78.5,-71.46,-79.21,-74.76,-114.68,-66.79,-55.89
76,27,corridor_v,corridor,AP-8,-59.2,-92.62,33.42,False,-79.38,-78.71,-72.8,-75.7,-77.85,-114.13,-67.98,-59.2
77,27,corridor_v,corridor,AP-8,-57.6,-97.9,40.3,False,-80.75,-79.55,-71.41,-81.13,-76.63,-113.75,-74.54,-57.6
78,27,corridor_v,corridor,AP-8,-60.98,-93.7,32.72,False,-80.8,-77.19,-68.49,-81.06,-72.98,-110.97,-66.9,-60.98
79,27,corridor_v,corridor,AP-8,-59.88,-93.05,33.17,False,-78.61,-74.66,-73.94,-77.56,-78.68,-114.36,-68.12,-59.88
0,28,corridor_h,corridor,AP-1,-63.43,-95.27,31.84,False,-63.43,-71.8,-76.17,-65.35,-71.44,-76.31,-80.04,-80.52
1,28,corridor_h,corridor,AP-4,-63.27,-95.71,32.44,False,-64.05,-70.19,-81.47,-63.27,-73.31,-76.38,-81.24,-79.3
2,28,corridor_h,corridor,AP-1,-65.13,-97.15,32.02,False,-65.13,-69.92,-78.04,-67.74,-70.93,-75.09,-83.43,-80.24
3,28,corridor_h,corridor,AP-4,-63.03,-94.45,31.42,False,-65.05,-70.75,-75.68,-63.03,-72.17,-74.82,-77.39,-80.91
4,28,corridor_h,corridor,AP-4,-63.39,-93.7,30.31,False,-63.87,-70.64,-78.49,-63.39,-70.57,-79.09,-81.15,-80.57
5,28,corridor_h,corridor,AP-4,-62.21,-92.96,30.75,False,-66.51,-70.38,-77.32,-62.21,-70.63,-75.72,-83.61,-82.96
6,28,corridor_h,corridor,AP-4,-62.8,-95.52,32.72,False,-65.35,-71.82,-75.23,-62.8,-69.67,-73.75,-79.41,-77.16
7,28,corridor_h,corridor,AP-1,-61.3,-96.31,35.01,False,-61.3,-67.34,-72.25,-64.33,-67.61,-73.91,-82.08,-83.05
8,28,corridor_h,corridor,AP-4,-61.59,-94.83,33.24,False,-66.17,-64.41,-74.79,-61.59,-69.65,-75.07,-79.46,-76.62
9,28,corridor_h,corridor,AP-1,-60.9,-95.56,34.66,False,-60.9,-65.24,-76.75,-62.39,-66.9,-76.46,-81.63,-77.34
10,28,corridor_h,corridor,AP-1,-59.42,-95.79,36.37,False,-59.42,-65.93,-76.39,-66.11,-70.18,-74.03,-79.31,-78.89
11,28,corridor_h,corridor,AP-4,-62.6,-95.52,32.92,False,-63.42,-68.3,-77.31,-62.6,-63.79,-74.89,-77.87,-78.4
12,28,corridor_h,corridor,AP-4,-60.82,-94.13,33.31,False,-64.42,-71.49,-75.63,-60.82,-67.85,-71.27,-77.26,-75.93
13,28,corridor_h,corridor,AP-1,-62.19,-94.15,31.96,False,-62.19,-66.1,-76.3,-66.5,-65.42,-75.21,-78.48,-82.99
14,28,corridor_h,corridor,AP-4,-63.39,-94.61,31.22,False,-65.56,-64.69,-73.24,-63.39,-64.53,-72.45,-78.93,-78.95
15,28,corridor_h,corridor,AP-2,-63.42,-95.46,32.04,False,-65.12,-63.42,-75.15,-65.46,-67.97,-71.87,-78.65,-79.46
16,28,corridor_h,corridor,AP-4,-64.13,-96.31,32.18,False,-66.23,-65.08,-72.74,-64.13,-65.43,-71.81,-76.82,-74.62
17,28,corridor_h,corridor,AP-4,-61.54,-95.3,33.76,False,-64.58,-67.63,-70.91,-61.54,-64.76,-73.53,-80.78,-75.14
18,28,corridor_h,corridor,AP-1,-62.86,-93.7,30.84,False,-62.86,-66.73,-76.26,-63.63,-65.24,-75.04,-76.46,-78.62
19,28,corridor_h,corridor,AP-4,-61.56,-94.54,32.98,False,-64.8,-68.45,-71.07,-61.56,-61.98,-69.89,-77.16,-76.98
20,28,corridor_h,corridor,AP-4,-62.94,-95.78,32.84,False,-65.88,-65.44,-72.58,-62.94,-63.48,-75.93,-77.27,-76.69
21,28,corridor_h,corridor,AP-5,-61.18,-98.35,37.17,False,-65.79,-63.81,-70.7,-66.6,-61.18,-73.41,-77.36,-74.27
22,28,corridor_h,corridor,AP-2,-62.32,-95.4,33.08,False,-68.32,-62.32,-69.27,-65.16,-64.78,-71.65,-76.47,-79.41
23,28,corridor_h,corridor,AP-2,-60.57,-96.47,35.9,False,-66.59,-60.57,-72.28,-65.36,-61.65,-71.49,-73.96,-77.92
24,28,corridor_h,corridor,AP-4,-63.48,-94.33,30.85,False,-68.57,-65.45,-73.72,-63.48,-63.97,-70.15,-77.51,-73.76
25,28,corridor_h,corridor,AP-2,-60.71,-95.23,34.52,False,-68.24,-60.71,-74.74,-67.06,-61.7,-66.68,-74.46,-74.61
26,28,corridor_h,corridor,AP-5,-62.13,-94.16,32.03,False,-66.93,-62.46,-70.1,-67.46,-62.13,-67.89,-74.92,-71.41
27,28,corridor_h,corridor,AP-5,-63.4,-95.76,32.36,False,-66.15,-63.92,-69.48,-68.67,-63.4,-68.78,-75.49,-69.21
28,28,corridor_h,corridor,AP-2,-61.17,-91.15,29.98,False,-66.36,-61.17,-67.34,-66.96,-65.88,-66.36,-75.29,-77.16
29,28,corridor_h,corridor,AP-5,-59.73,-95.47,35.74,False,-66.33,-61.55,-70.38,-67.35,-59.73,-68.36,-75.1,-74.34
30,28,corridor_h,corridor,AP-2,-61.48,-94.33,32.85,False,-67.82,-61.48,-65.4,-66.23,-64.24,-71.55,-75.36,-73.89
31,28,corridor_h,corridor,AP-2,-63.18,-94.68,31.5,False,-69.91,-63.18,-68.0,-66.07,-63.2,-68.02,-73.61,-73.32
32,28,corridor_h,corridor,AP-2,-62.11,-98.13,36.02,False,-69.02,-62.11,-70.29,-65.53,-63.25,-63.11,-73.79,-70.76
33,28,corridor_h,corridor,AP-5,-60.18,-93.9,33.72,False,-68.87,-65.34,-67.74,-73.33,-60.18,-63.15,-73.15,-71.17
34,28,corridor_h,corridor,AP-2,-60.55,-96.61,36.06,False,-70.77,-60.55,-65.48,-69.33,-63.18,-66.29,-74.51,-69.55
35,28,corridor_h,corridor,AP-2,-59.63,-92.17,32.54,False,-70.55,-59.63,-66.69,-72.92,-62.61,-65.58,-71.81,-69.05
36,28,corridor_h,corridor,AP-5,-60.89,-94.48,33.59,False,-71.07,-62.29,-67.48,-67.31,-60.89,-64.71,-72.74,-68.52
37,28,corridor_h,corridor,AP-5,-60.65,-96.84,36.19,False,-74.6,-65.9,-65.9,-70.97,-60.65,-64.2,-72.83,-67.46
38,28,corridor_h,corridor,AP-2,-63.15,-97.43,34.28,False,-72.42,-63.15,-64.93,-72.14,-64.1,-65.22,-72.99,-70.57
39,28,corridor_h,corridor,AP-3,-62.28,-92.33,30.05,False,-72.1,-64.8,-62.28,-71.42,-63.91,-65.87,-70.24,-71.13
40,28,corridor_h,corridor,AP-6,-62.52,-94.41,31.89,False,-76.87,-64.28,-63.92,-70.15,-64.57,-62.52,-72.25,-68.66
41,28,corridor_h,corridor,AP-3,-62.07,-96.84,34.77,False,-74.95,-64.71,-62.07,-72.42,-62.52,-65.2,-68.01,-70.12
42,28,corridor_h,corridor,AP-6,-61.38,-96.59,35.21,False,-73.35,-63.4,-61.86,-73.25,-65.37,-61.38,-72.9,-66.25
43,28,corridor_h,corridor,AP-6,-65.17,-96.34,31.17,False,-73.64,-68.17,-67.13,-71.8,-66.47,-65.17,-69.91,-67.73
44,28,corridor_h,corridor,AP-6,-61.76,-96.26,34.5,False,-73.12,-63.74,-61.78,-78.05,-63.13,-61.76,-70.14,-66.88
45,28,corridor_h,corridor,AP-6,-61.63,-95.19,33.56,False,-71.95,-67.05,-63.76,-71.49,-65.41,-61.63,-71.02,-65.54
46,28,corridor_h,corridor,AP-8,-63.65,-97.64,33.99,False,-75.77,-67.22,-64.18,-76.58,-65.59,-64.18,-70.54,-63.65
47,28,corridor_h,corridor,AP-3,-62.2,-95.06,32.86,False,-72.1,-63.22,-62.2,-73.93,-65.53,-62.55,-67.79,-65.79
48,28,corridor_h,corridor,AP-6,-60.45,-94.13,33.68,False,-76.85,-66.05,-63.2,-74.8,-70.0,-60.45,-68.82,-64.37
49,28,corridor_h,corridor,AP-3,-61.04,-96.7,35.66,False,-75.36,-67.34,-61.04,-71.97,-71.27,-64.29,-72.0,-65.57
50,28,corridor_h,corridor,AP-8,-62.78,-96.0,33.22,False,-77.88,-67.7,-64.17,-74.42,-68.05,-65.1,-68.8,-62.78
51,28,corridor_h,corridor,AP-3,-62.04,-95.04,33.0,False,-75.15,-70.4,-62.04,-74.09,-71.48,-63.53,-72.52,-63.67
52,28,corridor_h,corridor,AP-6,-61.83,-93.18,31.35,False,-78.33,-67.36,-65.53,-69.66,-69.2,-61.83,-69.28,-61.99
53,28,corridor_h,corridor,AP-8,-61.5,-95.42,33.92,False,-73.07,-69.91,-63.75,-77.36,-71.46,-62.01,-71.59,-61.5
54,28,corridor_h,corridor,AP-8,-61.15,-91.9,30.75,False,-76.27,-70.52,-64.24,-75.28,-69.08,-62.21,-67.73,-61.15
55,28,corridor_h,corridor,AP-8,-59.67,-96.49,36.82,False,-77.45,-69.09,-63.31,-75.39,-72.61,-62.46,-70.08,-59.67
56,28,corridor_h,corridor,AP-8,-56.97,-94.85,37.88,False,-78.96,-71.76,-63.11,-75.75,-68.75,-60.4,-64.13,-56.97
57,28,corridor_h,corridor,AP-8,-55.08,-93.48,38.4,False,-78.39,-68.34,-62.15,-74.68,-72.04,-62.49,-68.8,-55.08
58,28,corridor_h,corridor,AP-8,-53.61,-94.5,40.89,False,-77.32,-70.96,-64.73,-79.72,-72.38,-66.29,-66.22,-53.61
59,28,corridor_h,corridor,AP-8,-53.44,-96.0,42.56,False,-82.41,-73.73,-58.79,-77.66,-71.82,-64.59,-63.5,-53.44
60,28,theatre_2,theatre,AP-8,-48.39,-95.7,47.31,False,-72.29,-68.7,-61.05,-71.64,-67.95,-63.65,-62.46,-48.39
61,28,theatre_2,theatre,AP-8,-45.28,-97.15,51.87,False,-75.18,-67.88,-62.56,-71.55,-70.9,-62.66,-60.41,-45.28
62,28,theatre_2,theatre,AP-8,-43.49,-92.87,49.38,False,-74.02,-72.65,-62.54,-75.29,-69.63,-63.37,-67.67,-43.49
63,28,theatre_2,theatre,AP-8,-39.37,-96.91,57.54,False,-74.76,-68.4,-63.69,-74.62,-68.81,-60.96,-65.32,-39.37
64,28,theatre_2,theatre,AP-8,-42.23,-95.38,53.15,False,-74.24,-70.66,-64.47,-76.24,-69.44,-67.61,-65.96,-42.23
65,28,theatre_2,theatre,AP-8,-34.19,-93.24,59.05,False,-75.99,-65.76,-63.89,-75.05,-71.34,-60.98,-62.67,-34.19
66,28,theatre_2,theatre,AP-8,-37.45,-94.19,56.74,False,-71.49,-69.69,-63.6,-73.11,-72.99,-64.5,-59.48,-37.45
67,28,theatre_2,theatre,AP-8,-33.85,-97.5,63.65,False,-75.19,-70.35,-63.67,-73.22,-71.77,-84.28,-66.37,-33.85
68,28,theatre_2,theatre,AP-8,-39.49,-96.97,57.48,False,-78.09,-67.03,-65.21,-76.13,-69.77,-80.77,-65.21,-39.49
69,28,theatre_2,theatre,AP-8,-39.51,-93.68,54.17,False,-77.19,-73.16,-65.03,-73.78,-70.34,-85.42,-62.43,-39.51
70,28,theatre_2,theatre,AP-8,-43.97,-92.91,48.94,False,-73.12,-74.28,-64.64,-74.19,-72.02,-83.19,-62.72,-43.97
71,28,theatre_2,theatre,AP-8,-45.25,-95.82,50.57,False,-76.13,-74.84,-65.3,-74.22,-78.05,-86.41,-62.45,-45.25
72,28,corridor_v,corridor,AP-8,-50.52,-95.16,44.64,False,-79.51,-72.13,-71.44,-78.2,-76.69,-88.42,-70.4,-50.52
73,28,corridor_v,corridor,AP-8,-52.9,-96.21,43.31,False,-80.4,-74.52,-66.73,-81.19,-73.0,-88.32,-68.29,-52.9
74,28,corridor_v,corridor,AP-8,-52.2,-93.36,41.16,False,-80.93,-75.98,-66.18,-78.11,-73.96,-88.37,-67.05,-52.2
75,28,corridor_v,corridor,AP-8,-50.44,-94.98,44.54,False,-82.2,-79.49,-68.33,-81.18,-77.81,-115.57,-64.89,-50.44
76,28,corridor_v,corridor,AP-8,-53.79,-96.58,42.79,False,-81.51,-74.83,-68.46,-78.41,-76.82,-114.07,-69.37,-53.79
77,28,corridor_v,corridor,AP-8,-53.43,-95.55,42.12,False,-80.1,-74.77,-69.92,-82.9,-76.15,-111.06,-68.79,-53.43
78,28,corridor_v,corridor,AP-8,-60.68,-96.81,36.13,False,-80.61,-78.6,-69.73,-82.97,-75.98,-112.75,-68.4,-60.68
79,28,corridor_v,corridor,AP-8,-57.58,-94.64,37.06,False,-81.5,-77.95,-68.66,-87.82,-73.39,-113.18,-68.56,-57.58
0,29,corridor_h,corridor,AP-4,-65.21,-98.29,33.08,False,-67.62,-71.14,-75.57,-65.21,-73.01,-78.2,-83.45,-81.83
1,29,corridor_h,corridor,AP-1,-63.47,-94.41,30.94,False,-63.47,-68.28,-80.16,-64.08,-71.29,-77.54,-78.29,-81.28
2,29,corridor_h,corridor,AP-4,-64.05,-93.6,29.55,False,-65.91,-69.76,-75.03,-64.05,-69.46,-76.22,-78.43,-81.27
3,29,corridor_h,corridor,AP-1,-59.46,-96.04,36.58,False,-59.46,-75.04,-72.8,-59.83,-73.74,-77.58,-81.61,-77.62
4,29,corridor_h,corridor,AP-4,-60.4,-95.41,35.01,False,-60.56,-71.28,-75.88,-60.4,-71.13,-80.68,-82.4,-78.34
5,29,corridor_h,corridor,AP-1,-64.83,-93.9,29.07,False,-64.83,-68.44,-72.24,-64.98,-69.71,-76.4,-77.83,-74.91
6,29,corridor_h,corridor,AP-1,-61.0,-91.03,30.03,False,-61.0,-73.76,-75.75,-64.07,-69.28,-73.86,-78.82,-76.17
7,29,corridor_h,corridor,AP-1,-59.21,-98.28,39.07,False,-59.21,-69.8,-75.55,-61.77,-70.67,-70.64,-78.18,-80.58
8,29,corridor_h,corridor,AP-1,-60.53,-93.33,32.8,False,-60.53,-66.81,-75.57,-63.73,-68.44,-78.84,-81.76,-82.21
9,29,corridor_h,corridor,AP-4,-61.92,-93.26,31.34,False,-64.48,-69.92,-75.84,-61.92,-68.02,-74.51,-81.65,-77.02
10,29,corridor_h,corridor,AP-1,-63.13,-94.2,31.07,False,-63.13,-68.52,-77.1,-64.25,-70.88,-78.1,-80.16,-77.64
11,29,corridor_h,corridor,AP-5,-63.53,-93.76,30.23,False,-66.75,-64.95,-71.44,-65.45,-63.53,-75.25,-79.62,-77.45
12,29,corridor_h,corridor,AP-1,-61.91,-93.74,31.83,False,-61.91,-64.85,-76.54,-62.78,-70.58,-76.83,-79.99,-79.04
13,29,corridor_h,corridor,AP-4,-59.67,-94.06,34.39,False,-63.46,-64.79,-75.46,-59.67,-67.91,-69.38,-81.3,-71.91
14,29,corridor_h,corridor,AP-4,-63.82,-95.58,31.76,False,-64.19,-64.82,-73.23,-63.82,-67.84,-75.24,-76.44,-78.33
15,29,corridor_h,corridor,AP-1,-62.21,-97.01,34.8,False,-62.21,-68.78,-73.96,-62.29,-66.8,-73.28,-82.65,-79.37
16,29,corridor_h,corridor,AP-4,-58.92,-94.11,35.19,False,-62.82,-65.99,-73.16,-58.92,-67.28,-73.32,-77.27,-75.73
17,29,corridor_h,corridor,AP-1,-62.67,-95.46,32.79,False,-62.67,-66.33,-74.38,-64.18,-65.71,-75.41,-77.73,-77.18
18,29,corridor_h,corridor,AP-1,-61.7,-96.05,34.35,False,-61.7,-65.12,-72.46,-63.36,-68.15,-74.1,-76.46,-76.66
19,29,corridor_h,corridor,AP-1,-61.48,-94.68,33.2,False,-61.48,-63.24,-74.57,-63.3,-64.6,-73.8,-77.19,-74.52
20,29,corridor_h,corridor,AP-2,-62.72,-96.48,33.76,False,-63.58,-62.72,-70.32,-64.87,-67.23,-71.3,-75.51,-75.86
21,29,corridor_h,corridor,AP-2,-61.89,-96.52,34.63,False,-63.72,-61.89,-72.11,-64.18,-63.47,-67.26,-77.24,-73.28
22,29,corridor_h,corridor,AP-2,-63.23,-92.54,29.31,False,-66.74,-63.23,-70.77,-68.22,-63.56,-74.18,-73.6,-75.72
23,29,corridor_h,corridor,AP-2,-60.64,-93.53,32.89,False,-69.73,-60.64,-69.23,-64.72,-64.21,-72.89,-76.82,-75.21
24,29,corridor_h,corridor,AP-2,-63.06,-95.36,32.3,False,-65.27,-63.06,-69.52,-68.62,-63.72,-70.66,-78.0,-71.97
25,29,corridor_h,corridor,AP-5,-60.26,-92.78,32.52,False,-69.81,-64.35,-66.73,-66.86,-60.26,-72.57,-77.91,-74.35
26,29,corridor_h,corridor,AP-2,-62.79,-93.71,30.92,False,-66.07,-62.79,-72.04,-66.91,-62.96,-69.94,-75.53,-70.29
27,29,corridor_h,corridor,AP-2,-61.55,-96.83,35.28,False,-66.89,-61.55,-70.03,-67.47,-62.71,-69.48,-78.09,-73.11
28,29,corridor_h,corridor,AP-2,-58.95,-93.26,34.31,False,-65.86,-58.95,-67.66,-67.58,-65.52,-67.0,-74.76,-76.63
29,29,corridor_h,corridor,AP-2,-59.97,-94.79,34.82,False,-67.24,-59.97,-69.9,-72.1,-60.04,-71.06,-77.06,-70.88
30,29,corridor_h,corridor,AP-2,-62.39,-95.26,32.87,False,-69.34,-62.39,-69.42,-66.09,-65.68,-64.03,-76.84,-70.6
31,29,corridor_h,corridor,AP-2,-61.71,-95.12,33.41,False,-69.94,-61.71,-66.43,-69.12,-63.96,-66.95,-73.86,-70.62
32,29,corridor_h,corridor,AP-5,-62.73,-96.36,33.63,False,-67.63,-64.12,-68.09,-69.33,-62.73,-69.9,-70.95,-71.09
33,29,corridor_h,corridor,AP-2,-59.68,-93.42,33.74,False,-70.81,-59.68,-67.55,-66.75,-62.32,-65.11,-71.66,-68.35
34,29,corridor_h,corridor,AP-5,-62.07,-95.53,33.46,False,-68.54,-65.03,-62.65,-70.56,-62.07,-66.39,-72.77,-72.02
35,29,corridor_h,corridor,AP-5,-62.91,-94.3,31.39,False,-69.57,-63.53,-64.83,-70.72,-62.91,-65.59,-71.46,-70.34
36,29,corridor_h,corridor,AP-2,-64.09,-96.36,32.27,False,-72.21,-64.09,-66.42,-68.63,-66.06,-71.7,-71.84,-68.92
37,29,corridor_h,corridor,AP-5,-60.79,-95.13,34.34,False,-72.21,-60.97,-65.3,-71.54,-60.79,-66.82,-69.51,-69.2
38,29,corridor_h,corridor,AP-5,-63.55,-95.07,31.52,False,-75.37,-64.39,-64.38,-75.87,-63.55,-66.03,-72.29,-71.06
39,29,corridor_h,corridor,AP-6,-64.21,-95.01,30.8,False,-75.3,-66.8,-66.04,-73.63,-65.47,-64.21,-75.48,-67.86
40,29,corridor_h,corridor,AP-5,-63.15,-96.84,33.69,False,-73.19,-63.42,-65.01,-74.62,-63.15,-65.71,-70.62,-68.6
41,29,corridor_h,corridor,AP-3,-62.89,-94.02,31.13,False,-70.08,-64.96,-62.89,-74.97,-64.95,-65.83,-70.95,-69.47
42,29,corridor_h,corridor,AP-2,-61.81,-95.37,33.56,False,-74.36,-61.81,-64.01,-72.39,-67.22,-62.9,-70.49,-67.37
43,29,corridor_h,corridor,AP-3,-61.76,-96.54,34.78,False,-77.06,-62.99,-61.76,-73.09,-65.64,-64.89,-71.06,-65.15
44,29,corridor_h,corridor,AP-3,-59.89,-96.22,36.33,False,-78.22,-69.08,-59.89,-72.19,-66.98,-64.51,-68.66,-64.21
45,29,corridor_h,corridor,AP-8,-63.45,-93.59,30.14,False,-70.95,-65.97,-64.92,-75.23,-65.02,-64.62,-71.0,-63.45
46,29,corridor_h,corridor,AP-3,-59.47,-94.31,34.84,False,-73.07,-64.78,-59.47,-73.01,-67.99,-62.79,-68.04,-65.41
47,29,corridor_h,corridor,AP-3,-60.64,-92.74,32.1,False,-76.28,-67.52,-60.64,-72.15,-72.64,-64.01,-70.13,-65.75
48,29,corridor_h,corridor,AP-3,-62.6,-95.4,32.8,False,-72.85,-67.81,-62.6,-72.82,-68.82,-63.07,-66.68,-63.4
49,29,corridor_h,corridor,AP-3,-60.61,-94.09,33.48,False,-77.36,-68.91,-60.61,-73.84,-64.12,-61.01,-71.73,-64.55
50,29,corridor_h,corridor,AP-8,-60.25,-91.05,30.8,False,-73.2,-70.23,-62.55,-76.17,-70.89,-62.79,-69.44,-60.25
51,29,corridor_h,corridor,AP-3,-60.14,-92.13,31.99,False,-74.89,-71.69,-60.14,-74.47,-70.38,-64.84,-67.32,-62.44
52,29,corridor_h,corridor,AP-8,-59.48,-93.57,34.09,False,-74.38,-67.29,-61.89,-75.84,-68.12,-59.59,-65.86,-59.48
53,29,corridor_h,corridor,AP-8,-60.32,-94.99,34.67,False,-75.5,-69.34,-62.15,-78.74,-68.58,-63.67,-68.41,-60.32
54,29,corridor_h,corridor,AP-8,-57.72,-95.75,38.03,False,-77.73,-68.93,-63.16,-75.93,-68.98,-62.13,-66.15,-57.72
55,29,corridor_h,corridor,AP-8,-56.11,-97.14,41.03,False,-74.43,-70.46,-59.58,-73.26,-71.03,-64.03,-66.55,-56.11
56,29,corridor_h,corridor,AP-8,-54.66,-96.94,42.28,False,-74.37,-70.7,-59.94,-75.62,-67.41,-60.4,-64.46,-54.66
57,29,corridor_h,corridor,AP-8,-56.69,-92.27,35.58,False,-77.26,-75.02,-60.15,-73.37,-72.6,-65.06,-65.96,-56.69
58,29,corridor_h,corridor,AP-8,-52.55,-92.72,40.17,False,-78.35,-71.67,-64.76,-74.73,-71.7,-61.23,-68.97,-52.55
59,29,corridor_h,corridor,AP-8,-51.76,-96.86,45.1,False,-77.21,-70.36,-63.5,-77.28,-68.47,-66.75,-66.02,-51.76
60,29,theatre_2,theatre,AP-8,-47.32,-93.98,46.66,False,-74.14,-68.64,-63.31,-76.22,-67.63,-59.91,-64.84,-47.32
61,29,theatre_2,theatre,AP-8,-44.73,-95.95,51.22,False,-70.94,-70.17,-64.58,-77.91,-68.88,-60.83,-61.42,-44.73
62,29,theatre_2,theatre,AP-8,-44.9,-97.01,52.11,False,-70.67,-68.48,-60.85,-75.48,-69.33,-66.55,-59.32,-44.9
63,29,theatre_2,theatre,AP-8,-38.26,-92.98,54.72,False,-74.1,-70.85,-63.49,-73.71,-67.98,-62.84,-58.49,-38.26
64,29,theatre_2,theatre,AP-8,-29.58,-93.09,63.51,False,-73.04,-72.23,-61.74,-74.63,-69.14,-61.2,-63.11,-29.58
65,29,theatre_2,theatre,AP-8,-31.66,-96.72,65.06,False,-74.1,-69.87,-59.98,-76.92,-70.67,-63.54,-61.38,-31.66
66,29,theatre_2,theatre,AP-8,-24.04,-95.29,71.25,False,-79.55,-71.32,-60.93,-75.29,-71.64,-62.75,-59.68,-24.04
67,29,theatre_2,theatre,AP-8,-28.68,-91.38,62.7,False,-76.57,-74.33,-61.44,-77.67,-70.3,-65.68,-65.61,-28.68
68,29,theatre_2,theatre,AP-8,-32.92,-96.92,64.0,False,-75.68,-71.08,-62.92,-78.92,-69.94,-65.14,-61.11,-32.92
69,29,theatre_2,theatre,AP-8,-42.74,-93.76,51.02,False,-74.84,-70.67,-69.4,-78.29,-71.48,-64.42,-58.48,-42.74
70,29,theatre_2,theatre,AP-8,-43.36,-95.46,52.1,False,-76.35,-72.24,-69.11,-73.5,-71.91,-84.19,-63.16,-43.36
71,29,theatre_2,theatre,AP-8,-46.36,-95.46,49.1,False,-76.61,-72.38,-65.42,-77.34,-72.9,-85.77,-63.37,-46.36
72,29,corridor_v,corridor,AP-8,-46.53,-93.85,47.32,False,-78.89,-78.12,-68.59,-81.85,-71.63,-85.89,-66.54,-46.53
73,29,corridor_v,corridor,AP-8,-50.31,-96.33,46.02,False,-82.03,-75.7,-71.78,-82.3,-75.02,-90.82,-63.03,-50.31
74,29,corridor_v,corridor,AP-8,-50.14,-94.44,44.3,False,-78.5,-72.85,-69.72,-78.57,-75.19,-90.81,-68.94,-50.14
75,29,corridor_v,corridor,AP-8,-57.07,-96.21,39.14,False,-82.64,-74.85,-70.59,-81.45,-76.04,-114.8,-67.45,-57.07
76,29,corridor_v,corridor,AP-8,-59.86,-95.75,35.89,False,-80.32,-74.25,-69.98,-78.38,-76.32,-116.74,-67.01,-59.86
77,29,corridor_v,corridor,AP-8,-58.54,-95.89,37.35,False,-84.83,-77.51,-71.35,-83.71,-78.76,-116.49,-66.05,-58.54
78,29,corridor_v,corridor,AP-8,-60.52,-94.83,34.31,False,-82.87,-73.4,-74.18,-83.41,-76.2,-110.84,-67.15,-60.52
79,29,corridor_v,corridor,AP-8,-63.45,-96.8,33.35,False,-80.45,-76.88,-68.95,-80.8,-78.0,-112.21,-65.87,-63.45
0,30,ward_A,ward,AP-1,-63.98,-92.69,28.71,False,-63.98,-69.3,-76.42,-66.48,-70.0,-72.84,-76.15,-77.52
1,30,ward_A,ward,AP-1,-60.46,-93.12,32.66,False,-60.46,-67.47,-71.86,-62.81,-74.83,-73.3,-78.06,-75.8
2,30,ward_A,ward,AP-4,-62.85,-96.72,33.87,False,-64.79,-68.9,-72.05,-62.85,-66.47,-77.93,-76.06,-74.84
3,30,ward_A,ward,AP-1,-59.53,-94.34,34.81,False,-59.53,-71.56,-73.19,-61.61,-70.71,-72.75,-77.51,-79.09
4,30,ward_A,ward,AP-1,-60.22,-94.0,33.78,False,-60.22,-67.9,-76.1,-66.25,-68.47,-71.48,-73.82,-75.22
5,30,ward_A,ward,AP-1,-59.66,-95.69,36.03,False,-59.66,-67.43,-75.49,-62.75,-66.42,-73.21,-79.21,-79.9
6,30,ward_A,ward,AP-1,-59.39,-94.21,34.82,False,-59.39,-66.19,-73.7,-63.59,-68.42,-75.51,-79.66,-77.23
7,30,ward_A,ward,AP-1,-56.33,-93.04,36.71,False,-56.33,-66.25,-72.24,-64.54,-70.1,-71.56,-74.57,-72.76
8,30,ward_A,ward,AP-1,-55.18,-95.25,40.07,False,-55.18,-64.39,-73.87,-60.22,-66.07,-71.78,-77.93,-71.5
9,30,ward_A,ward,AP-1,-61.96,-96.41,34.45,False,-61.96,-66.85,-71.01,-65.72,-66.33,-70.54,-76.43,-75.12
10,30,ward_A,ward,AP-1,-59.83,-96.38,36.55,False,-59.83,-65.08,-70.14,-61.45,-66.21,-71.87,-73.35,-74.14
11,30,ward_A,ward,AP-1,-55.94,-93.94,38.0,False,-55.94,-66.85,-70.11,-59.11,-63.43,-73.0,-73.85,-75.78
12,30,ward_A,ward,AP-1,-56.62,-93.2,36.58,False,-56.62,-60.86,-70.09,-62.39,-65.01,-74.09,-76.92,-74.2
13,30,ward_A,ward,AP-4,-55.26,-97.38,42.12,False,-56.1,-63.2,-68.47,-55.26,-68.72,-67.74,-74.7,-72.34
14,30,ward_A,ward,AP-1,-57.15,-95.37,38.22,False,-57.15,-65.93,-75.35,-59.94,-65.18,-70.58,-77.49,-76.56
15,30,ward_A,ward,AP-1,-55.12,-96.2,41.08,False,-55.12,-65.18,-70.4,-59.92,-61.17,-70.95,-74.11,-75.68
16,30,ward_A,ward,AP-1,-57.12,-96.81,39.69,False,-57.12,-62.2,-67.63,-64.15,-63.31,-67.47,-71.03,-73.29
17,30,ward_A,ward,AP-4,-59.9,-96.14,36.24,False,-62.95,-64.59,-69.29,-59.9,-66.75,-72.13,-75.3,-72.33
18,30,ward_A,ward,AP-1,-59.53,-94.29,34.76,False,-59.53,-60.62,-68.83,-60.3,-63.4,-69.47,-74.27,-72.52
19,30,ward_A,ward,AP-1,-57.57,-94.98,37.41,False,-57.57,-63.73,-66.88,-63.21,-60.78,-66.91,-74.08,-75.65
20,30,ward_B,ward,AP-2,-59.65,-95.83,36.18,False,-60.89,-59.65,-66.9,-62.55,-61.16,-72.19,-70.78,-71.72
21,30,ward_B,ward,AP-1,-61.02,-93.23,32.21,False,-61.02,-61.96,-69.43,-65.18,-65.44,-67.51,-72.96,-68.55
22,30,ward_B,ward,AP-4,-61.95,-94.35,32.4,False,-64.66,-62.43,-68.83,-61.95,-62.02,-68.92,-72.51,-70.38
23,30,ward_B,ward,AP-2,-60.22,-95.2,34.98,False,-62.09,-60.22,-70.65,-66.11,-61.54,-70.95,-72.23,-70.77
24,30,ward_B,ward,AP-2,-57.57,-97.38,39.81,False,-63.59,-57.57,-68.75,-63.29,-59.72,-69.29,-72.58,-71.29
25,30,ward_B,ward,AP-2,-58.62,-93.08,34.46,False,-63.57,-58.62,-68.48,-66.9,-64.74,-68.86,-75.85,-71.57
26,30,ward_B,ward,AP-2,-56.9,-95.53,38.63,False,-61.97,-56.9,-65.63,-59.44,-64.37,-65.94,-73.81,-68.9
27,30,ward_B,ward,AP-2,-58.09,-94.19,36.1,False,-67.22,-58.09,-64.46,-69.56,-60.73,-66.04,-68.18,-73.44
28,30,ward_B,ward,AP-2,-58.17,-98.12,39.95,False,-65.28,-58.17,-68.36,-66.92,-63.1,-69.04,-75.61,-66.13
29,30,ward_B,ward,AP-2,-58.73,-93.96,35.23,False,-65.51,-58.73,-67.75,-67.35,-61.15,-65.17,-69.89,-71.07
30,30,ward_B,ward,AP-2,-56.33,-94.68,38.35,False,-66.19,-56.33,-65.48,-66.26,-62.14,-65.46,-69.04,-67.17
31,30,ward_B,ward,AP-2,-61.19,-96.77,35.58,False,-63.28,-61.19,-64.0,-71.29,-63.83,-64.61,-71.89,-70.33
32,30,ward_B,ward,AP-2,-58.2,-97.12,38.92,False,-62.32,-58.2,-64.16,-68.79,-59.38,-68.97,-71.29,-71.6
33,30,ward_B,ward,AP-5,-61.55,-96.52,34.97,False,-65.31,-62.6,-65.11,-64.39,-61.55,-65.23,-71.13,-67.96
34,30,ward_B,ward,AP-2,-58.09,-95.98,37.89,False,-67.16,-58.09,-69.45,-68.27,-59.61,-66.4,-70.53,-68.52
35,30,ward_B,ward,AP-5,-60.65,-91.75,31.1,False,-66.59,-61.41,-63.29,-65.52,-60.65,-61.87,-68.91,-71.78
36,30,ward_B,ward,AP-3,-60.87,-97.94,37.07,False,-67.13,-62.61,-60.87,-64.72,-61.38,-62.49,-71.63,-67.49
37,30,ward_B,ward,AP-2,-57.16,-91.82,34.66,False,-68.32,-57.16,-63.08,-69.21,-61.3,-66.19,-70.97,-64.94
38,30,ward_B,ward,AP-5,-58.73,-97.41,38.68,False,-67.42,-63.08,-63.13,-69.93,-58.73,-61.2,-70.12,-66.84
39,30,ward_B,ward,AP-3,-61.81,-97.03,35.22,False,-69.81,-62.74,-61.81,-70.8,-65.3,-64.13,-68.79,-65.02
40,30,ward_C,ward,AP-2,-60.82,-93.84,33.02,False,-73.13,-60.82,-63.72,-67.02,-62.23,-62.88,-66.8,-64.11
41,30,ward_C,ward,AP-3,-58.75,-97.13,38.38,False,-67.33,-59.99,-58.75,-71.58,-61.28,-62.29,-66.54,-65.92
42,30,ward_C,ward,AP-5,-60.33,-97.01,36.68,False,-67.61,-64.3,-62.15,-71.17,-60.33,-61.32,-65.6,-63.99
43,30,ward_C,ward,AP-2,-60.05,-94.11,34.06,False,-68.96,-60.05,-62.77,-65.63,-68.73,-61.31,-65.79,-67.49
44,30,ward_C,ward,AP-3,-59.43,-96.53,37.1,False,-73.01,-61.55,-59.43,-74.17,-66.25,-65.22,-65.78,-62.52
45,30,ward_C,ward,AP-3,-61.69,-96.52,34.83,False,-72.47,-62.89,-61.69,-69.08,-65.39,-63.09,-68.84,-65.22
46,30,ward_C,ward,AP-3,-59.72,-93.72,34.0,False,-70.69,-65.94,-59.72,-72.49,-62.83,-60.89,-67.99,-62.49
47,30,ward_C,ward,AP-3,-57.0,-92.85,35.85,False,-71.12,-64.76,-57.0,-66.92,-63.58,-60.37,-65.63,-61.36
48,30,ward_C,ward,AP-8,-58.23,-95.58,37.35,False,-71.37,-63.76,-63.97,-67.88,-63.22,-59.36,-69.68,-58.23
49,30,ward_C,ward,AP-3,-58.27,-95.73,37.46,False,-71.53,-61.95,-58.27,-70.12,-67.19,-61.77,-65.5,-59.36
50,30,ward_C,ward,AP-8,-60.08,-95.9,35.82,False,-68.07,-65.72,-60.22,-73.31,-67.57,-61.25,-62.83,-60.08
51,30,ward_C,ward,AP-6,-57.63,-94.57,36.94,False,-67.62,-61.82,-59.18,-75.7,-64.52,-57.63,-66.17,-57.63
52,30,ward_C,ward,AP-8,-54.27,-96.56,42.29,False,-71.0,-64.57,-58.56,-70.15,-68.8,-64.63,-67.79,-54.27
53,30,ward_C,ward,AP-8,-53.82,-95.62,41.8,False,-70.08,-63.91,-55.44,-74.13,-69.59,-61.05,-62.18,-53.82
54,30,ward_C,ward,AP-8,-58.64,-93.92,35.28,False,-72.52,-66.09,-60.12,-73.28,-71.54,-63.06,-65.79,-58.64
55,30,ward_C,ward,AP-8,-55.31,-96.86,41.55,False,-72.95,-66.6,-58.77,-71.18,-70.25,-59.9,-63.24,-55.31
56,30,ward_C,ward,AP-8,-52.48,-95.03,42.55,False,-76.25,-69.13,-57.6,-73.07,-67.54,-60.17,-65.45,-52.48
57,30,ward_C,ward,AP-8,-55.97,-94.8,38.83,False,-72.14,-65.32,-57.82,-75.88,-69.39,-64.63,-67.19,-55.97
58,30,ward_C,ward,AP-8,-51.75,-95.78,44.03,False,-71.19,-69.3,-62.35,-72.87,-71.12,-58.06,-62.67,-51.75
59,30,ward_C,ward,AP-8,-50.13,-93.86,43.73,False,-75.6,-71.1,-61.7,-70.13,-70.39,-59.62,-61.06,-50.13
60,30,theatre_2,theatre,AP-8,-47.59,-90.06,42.47,False,-77.15,-68.3,-58.65,-73.33,-68.65,-63.99,-65.11,-47.59
61,30,theatre_2,theatre,AP-8,-42.17,-95.46,53.29,False,-73.22,-71.69,-63.26,-73.07,-68.06,-66.54,-68.62,-42.17
62,30,theatre_2,theatre,AP-8,-44.15,-97.07,52.92,False,-73.39,-69.13,-59.16,-75.39,-66.53,-64.0,-65.21,-44.15
63,30,theatre_2,theatre,AP-8,-37.28,-95.1,57.82,False,-72.27,-66.51,-59.5,-76.82,-68.97,-61.31,-60.23,-37.28
64,30,theatre_2,theatre,AP-8,-38.59,-93.06,54.47,False,-74.83,-69.97,-59.41,-75.18,-68.97,-64.82,-60.77,-38.59
65,30,theatre_2,theatre,AP-8,-24.87,-95.61,70.74,False,-72.24,-68.14,-60.95,-73.76,-70.85,-64.82,-62.72,-24.87
66,30,theatre_2,theatre,AP-8,-15.33,-96.01,80.68,False,-77.29,-69.73,-63.15,-73.47,-72.98,-62.11,-59.09,-15.33
67,30,theatre_2,theatre,AP-8,-25.86,-92.04,66.18,False,-76.72,-71.87,-65.14,-77.04,-70.27,-63.82,-62.22,-25.86
68,30,theatre_2,theatre,AP-8,-37.82,-93.86,56.04,False,-74.18,-70.44,-65.83,-74.76,-70.64,-66.09,-61.14,-37.82
69,30,theatre_2,theatre,AP-8,-37.72,-95.83,58.11,False,-74.69,-72.41,-64.66,-75.59,-69.17,-65.3,-64.38,-37.72
70,30,theatre_2,theatre,AP-8,-39.93,-94.52,54.59,False,-77.51,-72.81,-66.14,-76.87,-70.71,-81.24,-65.58,-39.93
71,30,theatre_2,theatre,AP-8,-42.3,-95.42,53.12,False,-77.88,-70.56,-65.12,-74.24,-74.97,-83.66,-64.4,-42.3
72,30,corridor_v,corridor,AP-8,-53.8,-95.07,41.27,False,-80.49,-74.83,-68.98,-81.62,-70.92,-89.63,-64.73,-53.8
73,30,corridor_v,corridor,AP-8,-51.25,-93.91,42.66,False,-77.8,-76.98,-68.99,-79.25,-76.8,-85.69,-65.75,-51.25
74,30,corridor_v,corridor,AP-8,-49.44,-94.61,45.17,False,-80.55,-74.11,-71.89,-78.39,-73.66,-86.76,-66.97,-49.44
75,30,corridor_v,corridor,AP-8,-50.85,-93.81,42.96,False,-79.99,-76.5,-66.44,-83.18,-75.91,-115.11,-67.14,-50.85
76,30,corridor_v,corridor,AP-8,-55.24,-95.86,40.62,False,-80.56,-76.5,-70.96,-79.69,-78.93,-113.92,-65.38,-55.24
77,30,corridor_v,corridor,AP-8,-56.99,-94.39,37.4,False,-84.5,-77.48,-70.68,-81.63,-79.48,-113.49,-66.92,-56.99
78,30,corridor_v,corridor,AP-8,-58.47,-94.82,36.35,False,-80.65,-76.62,-70.73,-79.12,-79.68,-113.17,-66.69,-58.47
79,30,corridor_v,corridor,AP-8,-60.47,-93.56,33.09,False,-82.21,-77.86,-71.23,-82.91,-80.0,-115.7,-65.77,-60.47
0,31,ward_A,ward,AP-1,-57.87,-94.79,36.92,False,-57.87,-67.6,-74.09,-63.38,-66.95,-77.18,-78.24,-78.17
1,31,ward_A,ward,AP-1,-60.9,-93.73,32.83,False,-60.9,-67.03,-74.23,-63.03,-69.41,-72.91,-76.97,-71.98
2,31,ward_A,ward,AP-1,-61.43,-93.79,32.36,False,-61.43,-67.1,-76.43,-66.59,-68.47,-74.15,-78.81,-73.21
3,31,ward_A,ward,AP-1,-56.57,-92.54,35.97,False,-56.57,-64.6,-71.32,-60.54,-68.15,-72.02,-76.49,-76.49
4,31,ward_A,ward,AP-1,-59.46,-94.46,35.0,False,-59.46,-67.31,-71.06,-62.58,-67.14,-74.34,-76.78,-77.27
5,31,ward_A,ward,AP-1,-57.98,-94.57,36.59,False,-57.98,-60.79,-71.4,-61.57,-62.42,-71.25,-74.37,-74.11
6,31,ward_A,ward,AP-1,-59.05,-95.37,36.32,False,-59.05,-67.15,-74.01,-64.41,-66.82,-72.81,-76.27,-77.31
7,31,ward_A,ward,AP-1,-57.01,-95.84,38.83,False,-57.01,-64.87,-71.48,-61.35,-66.15,-76.69,-72.46,-75.23
8,31,ward_A,ward,AP-1,-58.36,-95.81,37.45,False,-58.36,-67.16,-71.05,-63.64,-67.17,-71.55,-76.76,-73.14
9,31,ward_A,ward,AP-1,-54.66,-92.53,37.87,False,-54.66,-66.87,-73.15,-60.24,-66.59,-74.43,-75.94,-75.51
10,31,ward_A,ward,AP-1,-58.41,-94.9,36.49,False,-58.41,-67.46,-72.87,-60.1,-69.17,-71.22,-78.43,-77.77
11,31,ward_A,ward,AP-1,-55.16,-96.34,41.18,False,-55.16,-67.08,-72.13,-60.81,-63.97,-71.59,-73.37,-74.44
12,31,ward_A,ward,AP-1,-57.33,-95.68,38.35,False,-57.33,-62.24,-69.12,-62.33,-67.6,-68.2,-75.57,-71.11
13,31,ward_A,ward,AP-1,-57.6,-92.39,34.79,False,-57.6,-62.63,-74.65,-64.71,-65.55,-72.77,-74.15,-74.63
14,31,ward_A,ward,AP-1,-59.58,-93.67,34.09,False,-59.58,-62.04,-68.61,-64.56,-62.83,-67.6,-73.95,-78.84
15,31,ward_A,ward,AP-1,-59.72,-93.61,33.89,False,-59.72,-63.28,-73.03,-63.54,-62.55,-71.77,-77.52,-76.63
16,31,ward_A,ward,AP-1,-57.18,-97.6,40.42,False,-57.18,-64.07,-67.28,-64.51,-63.66,-69.4,-71.53,-75.34
17,31,ward_A,ward,AP-1,-56.5,-96.48,39.98,False,-56.5,-61.31,-68.75,-63.71,-63.94,-73.02,-73.4,-68.81
18,31,ward_A,ward,AP-1,-59.87,-97.01,37.14,False,-59.87,-63.94,-68.94,-61.21,-62.3,-70.56,-76.19,-73.76
19,31,ward_A,ward,AP-2,-57.54,-96.59,39.05,False,-58.89,-57.54,-68.29,-64.96,-62.0,-70.32,-71.56,-74.58
20,31,ward_B,ward,AP-5,-60.01,-92.43,32.42,False,-60.53,-63.95,-68.35,-64.05,-60.01,-67.13,-74.58,-74.63
21,31,ward_B,ward,AP-1,-58.46,-94.76,36.3,False,-58.46,-61.49,-68.33,-64.02,-62.9,-65.51,-72.74,-74.2
22,31,ward_B,ward,AP-2,-59.57,-97.23,37.66,False,-62.61,-59.57,-67.77,-63.98,-60.73,-67.4,-75.07,-70.94
23,31,ward_B,ward,AP-2,-60.46,-95.2,34.74,False,-62.9,-60.46,-67.88,-64.42,-65.15,-64.39,-69.05,-69.72
24,31,ward_B,ward,AP-2,-55.87,-92.88,37.01,False,-61.16,-55.87,-66.7,-66.54,-61.21,-65.58,-70.81,-74.26
25,31,ward_B,ward,AP-5,-60.5,-94.48,33.98,False,-62.87,-61.18,-64.77,-65.87,-60.5,-66.76,-72.97,-70.29
26,31,ward_B,ward,AP-1,-59.55,-97.42,37.87,False,-59.55,-60.22,-70.04,-67.31,-60.05,-67.44,-74.2,-71.89
27,31,ward_B,ward,AP-2,-56.13,-96.13,40.0,False,-69.04,-56.13,-64.2,-65.94,-63.81,-67.85,-69.68,-72.13
28,31,ward_B,ward,AP-2,-60.01,-93.91,33.9,False,-64.97,-60.01,-64.54,-66.59,-63.14,-64.57,-66.68,-69.19
29,31,ward_B,ward,AP-2,-58.03,-96.29,38.26,False,-63.26,-58.03,-65.7,-68.59,-59.95,-68.09,-71.97,-72.81
30,31,ward_B,ward,AP-2,-57.37,-94.36,36.99,False,-63.58,-57.37,-65.05,-64.74,-64.71,-65.88,-69.59,-72.09
31,31,ward_B,ward,AP-2,-59.0,-98.7,39.7,False,-62.31,-59.0,-64.61,-64.17,-61.07,-65.54,-72.29,-69.89
32,31,ward_B,ward,AP-2,-59.94,-95.45,35.51,False,-64.09,-59.94,-63.84,-66.19,-61.87,-63.17,-70.28,-68.69
33,31,ward_B,ward,AP-2,-60.81,-92.19,31.38,False,-63.17,-60.81,-65.15,-67.19,-62.55,-66.98,-66.27,-66.18
34,31,ward_B,ward,AP-2,-56.46,-92.01,35.55,False,-64.9,-56.46,-60.27,-70.24,-60.23,-65.96,-70.46,-68.27
35,31,ward_B,ward,AP-5,-58.27,-97.14,38.87,False,-67.68,-60.01,-63.62,-64.83,-58.27,-64.54,-71.21,-64.05
36,31,ward_B,ward,AP-2,-57.62,-94.33,36.71,False,-67.65,-57.62,-61.89,-67.62,-62.69,-63.71,-67.28,-66.49
37,31,ward_B,ward,AP-2,-57.03,-95.67,38.64,False,-67.59,-57.03,-65.77,-64.85,-59.92,-64.72,-68.55,-66.72
38,31,ward_B,ward,AP-2,-60.6,-94.84,34.24,False,-68.11,-60.6,-62.77,-68.76,-60.71,-61.48,-70.3,-67.36
39,31,ward_B,ward,AP-2,-57.3,-95.61,38.31,False,-68.5,-57.3,-57.72,-69.19,-63.18,-61.16,-68.95,-65.78
40,31,ward_C,ward,AP-2,-59.99,-94.71,34.72,False,-67.64,-59.99,-64.39,-70.21,-63.6,-62.24,-71.28,-65.31
41,31,ward_C,ward,AP-2,-58.76,-95.68,36.92,False,-71.57,-58.76,-60.6,-72.0,-63.69,-63.6,-65.86,-66.3
42,31,ward_C,ward,AP-3,-57.74,-96.09,38.35,False,-68.99,-62.21,-57.74,-71.12,-64.56,-63.42,-66.57,-64.73
43,31,ward_C,ward,AP-3,-58.28,-95.51,37.23,False,-70.27,-61.85,-58.28,-72.61,-60.78,-61.25,-66.59,-62.89
44,31,ward_C,ward,AP-6,-61.05,-94.34,33.29,False,-67.26,-61.43,-61.79,-69.32,-65.98,-61.05,-66.99,-61.74
45,31,ward_C,ward,AP-6,-60.97,-94.77,33.8,False,-68.58,-62.61,-61.14,-71.08,-64.0,-60.97,-65.18,-66.64
46,31,ward_C,ward,AP-6,-59.64,-96.41,36.77,False,-68.36,-64.05,-61.56,-71.88,-65.44,-59.64,-64.54,-63.55
47,31,ward_C,ward,AP-6,-57.14,-96.3,39.16,False,-72.15,-60.9,-58.65,-70.82,-65.42,-57.14,-62.23,-62.36
48,31,ward_C,ward,AP-3,-57.01,-94.14,37.13,False,-75.5,-62.58,-57.01,-72.25,-67.24,-60.06,-62.72,-63.7
49,31,ward_C,ward,AP-3,-57.5,-91.95,34.45,False,-68.65,-63.42,-57.5,-74.61,-64.08,-63.04,-63.9,-60.68
50,31,ward_C,ward,AP-3,-54.64,-94.25,39.61,False,-74.46,-64.4,-54.64,-70.1,-67.23,-63.1,-64.94,-59.89
51,31,ward_C,ward,AP-8,-57.48,-97.87,40.39,False,-73.98,-63.23,-58.68,-72.08,-66.12,-62.47,-66.8,-57.48
52,31,ward_C,ward,AP-3,-57.41,-94.35,36.94,False,-69.22,-65.57,-57.41,-74.46,-69.38,-63.6,-60.82,-58.37
53,31,ward_C,ward,AP-3,-56.6,-95.86,39.26,False,-71.69,-64.59,-56.6,-71.64,-65.21,-60.51,-62.92,-56.89
54,31,ward_C,ward,AP-8,-55.51,-96.39,40.88,False,-72.25,-63.89,-57.48,-70.72,-68.11,-59.63,-67.77,-55.51
55,31,ward_C,ward,AP-8,-55.5,-92.97,37.47,False,-73.14,-68.9,-60.46,-71.7,-67.58,-58.95,-62.73,-55.5
56,31,ward_C,ward,AP-8,-53.31,-94.85,41.54,False,-71.63,-65.86,-58.48,-76.56,-66.5,-63.09,-59.42,-53.31
57,31,ward_C,ward,AP-8,-52.55,-95.09,42.54,False,-74.61,-62.81,-60.41,-72.64,-69.03,-64.22,-65.11,-52.55
58,31,ward_C,ward,AP-8,-51.69,-96.08,44.39,False,-72.06,-68.57,-62.79,-77.54,-70.27,-60.98,-60.09,-51.69
59,31,ward_C,ward,AP-8,-47.1,-96.27,49.17,False,-73.45,-66.47,-58.38,-73.9,-69.45,-63.88,-59.91,-47.1
60,31,theatre_2,theatre,AP-8,-48.83,-95.69,46.86,False,-74.82,-67.05,-63.65,-77.02,-67.01,-60.86,-62.3,-48.83
61,31,theatre_2,theatre,AP-8,-43.73,-94.09,50.36,False,-75.6,-72.24,-62.22,-75.56,-65.64,-63.17,-61.8,-43.73
62,31,theatre_2,theatre,AP-8,-44.35,-90.14,45.79,False,-77.03,-70.13,-60.02,-74.59,-73.11,-59.14,-64.98,-44.35
63,31,theatre_2,theatre,AP-8,-40.47,-97.36,56.89,False,-73.65,-72.09,-61.27,-74.15,-69.49,-63.6,-59.04,-40.47
64,31,theatre_2,theatre,AP-8,-38.1,-91.79,53.69,False,-74.9,-65.34,-62.08,-72.01,-70.79,-64.61,-60.85,-38.1
65,31,theatre_2,theatre,AP-8,-33.1,-96.12,63.02,False,-76.25,-69.54,-65.34,-76.57,-67.57,-66.28,-62.25,-33.1
66,31,theatre_2,theatre,AP-8,-23.73,-95.25,71.52,False,-73.93,-72.76,-65.73,-74.38,-71.75,-66.8,-60.22,-23.73
67,31,theatre_2,theatre,AP-8,-33.12,-92.7,59.58,False,-75.59,-70.13,-63.32,-76.87,-69.38,-65.01,-58.46,-33.12
68,31,theatre_2,theatre,AP-8,-34.64,-95.78,61.14,False,-74.18,-70.11,-64.83,-75.67,-71.07,-62.77,-59.44,-34.64
69,31,theatre_2,theatre,AP-8,-42.45,-97.25,54.8,False,-76.25,-71.19,-64.02,-76.6,-69.58,-68.22,-60.29,-42.45
70,31,theatre_2,theatre,AP-8,-43.4,-95.19,51.79,False,-76.57,-69.92,-64.48,-78.67,-70.59,-85.27,-61.85,-43.4
71,31,theatre_2,theatre,AP-8,-43.03,-93.86,50.83,False,-75.03,-71.97,-69.54,-75.75,-70.81,-84.13,-62.18,-43.03
72,31,corridor_v,corridor,AP-8,-49.88,-95.75,45.87,False,-81.21,-72.38,-71.08,-76.34,-76.66,-87.31,-66.66,-49.88
73,31,corridor_v,corridor,AP-8,-50.34,-93.59,43.25,False,-75.36,-73.87,-69.74,-79.23,-78.37,-89.08,-64.35,-50.34
74,31,corridor_v,corridor,AP-8,-51.95,-94.89,42.94,False,-80.24,-72.53,-69.1,-79.62,-75.56,-91.44,-65.73,-51.95
75,31,corridor_v,corridor,AP-8,-53.4,-96.8,43.4,False,-79.84,-79.05,-73.17,-79.63,-75.13,-113.5,-65.55,-53.4
76,31,corridor_v,corridor,AP-8,-54.92,-94.49,39.57,False,-84.23,-73.72,-71.08,-83.6,-77.74,-113.89,-66.26,-54.92
77,31,corridor_v,corridor,AP-8,-57.2,-94.07,36.87,False,-80.23,-77.35,-68.53,-84.57,-78.01,-112.98,-67.28,-57.2
78,31,corridor_v,corridor,AP-8,-57.07,-93.98,36.91,False,-83.49,-75.43,-76.88,-80.48,-75.95,-114.82,-65.21,-57.07
79,31,corridor_v,corridor,AP-8,-58.29,-94.96,36.67,False,-81.12,-75.79,-73.47,-83.32,-77.6,-114.48,-70.49,-58.29
0,32,ward_A,ward,AP-1,-62.59,-97.03,34.44,False,-62.59,-66.91,-71.45,-62.97,-70.43,-75.53,-79.06,-78.51
1,32,ward_A,ward,AP-1,-59.33,-92.71,33.38,False,-59.33,-65.16,-73.68,-62.46,-66.88,-74.74,-76.42,-74.42
2,32,ward_A,ward,AP-4,-61.03,-95.28,34.25,False,-61.39,-65.46,-73.93,-61.03,-70.92,-74.2,-75.33,-76.88
3,32,ward_A,ward,AP-1,-61.32,-95.12,33.8,False,-61.32,-70.41,-76.21,-62.87,-67.09,-73.21,-80.0,-75.29
4,32,ward_A,ward,AP-1,-57.84,-95.6,37.76,False,-57.84,-61.86,-74.32,-64.76,-66.29,-74.83,-75.06,-75.35
5,32,ward_A,ward,AP-1,-54.85,-93.05,38.2,False,-54.85,-65.44,-74.6,-62.57,-69.11,-74.32,-73.25,-75.05
6,32,ward_A,ward,AP-1,-53.89,-94.25,40.36,False,-53.89,-68.54,-75.11,-67.38,-69.71,-72.22,-76.92,-75.47
7,32,ward_A,ward,AP-1,-55.46,-96.26,40.8,False,-55.46,-64.14,-73.51,-60.07,-65.06,-72.45,-75.39,-76.11
8,32,ward_A,ward,AP-1,-59.27,-96.87,37.6,False,-59.27,-65.99,-69.13,-61.03,-66.24,-72.28,-75.02,-74.95
9,32,ward_A,ward,AP-1,-56.87,-94.25,37.38,False,-56.87,-64.58,-71.91,-63.99,-68.58,-74.06,-74.93,-74.27
10,32,ward_A,ward,AP-1,-59.65,-96.55,36.9,False,-59.65,-64.34,-72.11,-62.8,-64.23,-69.37,-77.15,-75.11
11,32,ward_A,ward,AP-1,-57.37,-94.55,37.18,False,-57.37,-63.41,-71.61,-62.68,-65.2,-72.11,-74.94,-71.46
12,32,ward_A,ward,AP-1,-59.05,-95.33,36.28,False,-59.05,-63.16,-68.71,-63.88,-70.26,-72.73,-74.24,-73.29
13,32,ward_A,ward,AP-1,-58.77,-93.78,35.01,False,-58.77,-63.34,-68.76,-63.83,-67.7,-73.46,-73.04,-72.67
14,32,ward_A,ward,AP-1,-54.64,-93.99,39.35,False,-54.64,-63.48,-67.96,-60.87,-64.51,-68.3,-76.93,-72.68
15,32,ward_A,ward,AP-1,-59.24,-97.49,38.25,False,-59.24,-61.72,-67.64,-61.9,-64.89,-71.56,-70.51,-72.38
16,32,ward_A,ward,AP-1,-57.25,-94.41,37.16,False,-57.25,-60.04,-70.26,-60.88,-62.11,-73.72,-72.96,-74.95
17,32,ward_A,ward,AP-2,-59.64,-96.93,37.29,False,-60.89,-59.64,-69.45,-66.0,-60.32,-68.45,-75.32,-71.8
18,32,ward_A,ward,AP-2,-57.85,-93.59,35.74,False,-60.43,-57.85,-73.22,-66.92,-64.42,-67.97,-74.42,-71.04
19,32,ward_A,ward,AP-1,-56.4,-94.94,38.54,False,-56.4,-63.22,-70.2,-63.33,-64.38,-70.76,-73.03,-70.75
20,32,ward_B,ward,AP-2,-58.11,-95.69,37.58,False,-58.22,-58.11,-69.53,-61.58,-64.25,-68.74,-73.12,-73.16
21,32,ward_B,ward,AP-1,-59.96,-94.78,34.82,False,-59.96,-61.52,-67.36,-66.71,-63.4,-69.09,-71.43,-70.14
22,32,ward_B,ward,AP-2,-60.64,-96.78,36.14,False,-60.65,-60.64,-64.81,-67.07,-60.96,-67.85,-74.21,-68.19
23,32,ward_B,ward,AP-2,-57.34,-95.92,38.58,False,-64.97,-57.34,-64.09,-65.17,-60.86,-72.47,-73.92,-68.89
24,32,ward_B,ward,AP-2,-58.57,-94.18,35.61,False,-61.88,-58.57,-62.42,-67.69,-63.31,-70.63,-71.07,-72.79
25,32,ward_B,ward,AP-2,-59.25,-94.34,35.09,False,-63.57,-59.25,-68.41,-64.29,-60.0,-69.0,-72.37,-74.04
26,32,ward_B,ward,AP-1,-57.3,-97.13,39.83,False,-57.3,-59.62,-65.27,-64.24,-65.69,-66.73,-71.58,-70.29
27,32,ward_B,ward,AP-2,-58.78,-93.0,34.22,False,-64.51,-58.78,-62.89,-67.31,-61.3,-67.57,-72.01,-69.63
28,32,ward_B,ward,AP-2,-60.73,-94.77,34.04,False,-65.53,-60.73,-64.62,-69.57,-62.64,-67.15,-70.45,-69.78
29,32,ward_B,ward,AP-2,-55.54,-93.52,37.98,False,-65.22,-55.54,-68.43,-63.84,-64.44,-69.28,-71.45,-70.14
30,32,ward_B,ward,AP-2,-52.0,-92.38,40.38,False,-64.65,-52.0,-65.85,-66.98,-62.37,-68.72,-73.41,-68.79
31,32,ward_B,ward,AP-2,-54.45,-96.39,41.94,False,-64.47,-54.45,-59.36,-68.9,-62.93,-66.79,-73.45,-69.87
32,32,ward_B,ward,AP-5,-59.31,-91.67,32.36,False,-63.68,-59.61,-63.77,-62.76,-59.31,-68.61,-70.72,-69.14
33,32,ward_B,ward,AP-2,-58.08,-95.66,37.58,False,-66.2,-58.08,-60.12,-63.73,-61.25,-64.01,-67.87,-68.44
34,32,ward_B,ward,AP-2,-58.26,-96.32,38.06,False,-67.47,-58.26,-60.01,-66.93,-62.58,-65.47,-68.4,-67.02
35,32,ward_B,ward,AP-2,-57.44,-93.21,35.77,False,-65.15,-57.44,-64.71,-69.27,-65.7,-61.31,-67.99,-67.26
36,32,ward_B,ward,AP-2,-58.52,-93.59,35.07,False,-69.8,-58.52,-61.92,-68.96,-62.96,-64.08,-69.53,-65.8
37,32,ward_B,ward,AP-2,-57.29,-93.91,36.62,False,-66.53,-57.29,-62.51,-70.18,-66.61,-63.52,-66.26,-65.04
38,32,ward_B,ward,AP-2,-57.43,-96.3,38.87,False,-67.33,-57.43,-61.92,-66.86,-62.4,-61.63,-64.1,-66.19
39,32,ward_B,ward,AP-3,-59.51,-95.18,35.67,False,-68.22,-59.74,-59.51,-68.11,-65.37,-64.08,-67.42,-65.6
40,32,ward_C,ward,AP-3,-61.12,-95.48,34.36,False,-65.68,-62.27,-61.12,-71.27,-66.18,-65.67,-68.8,-66.71
41,32,ward_C,ward,AP-3,-58.05,-94.0,35.95,False,-70.77,-58.57,-58.05,-74.17,-60.41,-65.61,-67.89,-62.92
42,32,ward_C,ward,AP-3,-61.14,-93.37,32.23,False,-68.14,-62.67,-61.14,-67.57,-67.21,-63.71,-66.94,-64.05
43,32,ward_C,ward,AP-3,-60.07,-95.49,35.42,False,-71.7,-60.2,-60.07,-69.05,-64.73,-62.42,-65.27,-66.74
44,32,ward_C,ward,AP-3,-57.21,-94.77,37.56,False,-71.59,-60.84,-57.21,-69.11,-65.81,-61.82,-66.64,-60.7
45,32,ward_C,ward,AP-3,-56.07,-94.62,38.55,False,-72.37,-62.72,-56.07,-71.41,-65.87,-60.2,-68.09,-63.36
46,32,ward_C,ward,AP-3,-57.95,-94.97,37.02,False,-71.34,-65.04,-57.95,-69.1,-68.02,-63.46,-65.06,-58.92
47,32,ward_C,ward,AP-3,-59.26,-94.18,34.92,False,-70.82,-62.79,-59.26,-69.4,-62.59,-61.09,-62.66,-64.17
48,32,ward_C,ward,AP-3,-55.57,-95.87,40.3,False,-71.81,-64.91,-55.57,-70.88,-66.07,-63.18,-67.08,-57.51
49,32,ward_C,ward,AP-3,-56.29,-95.42,39.13,False,-69.94,-62.96,-56.29,-71.2,-68.44,-60.8,-60.87,-63.03
50,32,ward_C,ward,AP-3,-55.6,-92.47,36.87,False,-75.55,-63.82,-55.6,-74.58,-66.48,-63.82,-62.11,-62.68
51,32,ward_C,ward,AP-3,-56.34,-94.39,38.05,False,-72.81,-69.38,-56.34,-71.49,-67.23,-60.72,-65.96,-58.35
52,32,ward_C,ward,AP-3,-56.14,-92.48,36.34,False,-72.31,-68.28,-56.14,-73.3,-67.1,-63.17,-64.78,-57.9
53,32,ward_C,ward,AP-8,-55.51,-95.31,39.8,False,-70.58,-66.13,-59.07,-71.86,-64.72,-66.72,-63.39,-55.51
54,32,ward_C,ward,AP-3,-58.5,-92.12,33.62,False,-74.62,-69.45,-58.5,-75.17,-71.14,-62.01,-61.6,-59.38
55,32,ward_C,ward,AP-8,-55.06,-96.51,41.45,False,-75.42,-67.73,-60.39,-75.28,-67.82,-63.31,-65.12,-55.06
56,32,ward_C,ward,AP-8,-50.95,-92.94,41.99,False,-74.61,-66.49,-60.85,-75.59,-71.25,-60.2,-61.58,-50.95
57,32,ward_C,ward,AP-8,-53.78,-96.3,42.52,False,-72.97,-68.12,-57.84,-73.08,-70.17,-61.18,-60.19,-53.78
58,32,ward_C,ward,AP-8,-53.13,-95.17,42.04,False,-72.95,-70.43,-57.9,-74.36,-67.63,-65.55,-62.13,-53.13
59,32,ward_C,ward,AP-8,-52.98,-94.9,41.92,False,-73.95,-64.99,-59.14,-75.72,-69.09,-62.59,-61.68,-52.98
60,32,theatre_2,theatre,AP-8,-52.65,-95.33,42.68,False,-70.66,-65.51,-61.57,-71.54,-68.95,-63.33,-62.89,-52.65
61,32,theatre_2,theatre,AP-8,-44.18,-96.09,51.91,False,-73.93,-66.74,-60.04,-77.62,-71.03,-65.89,-64.95,-44.18
62,32,theatre_2,theatre,AP-8,-40.89,-95.58,54.69,False,-71.47,-72.44,-60.41,-73.19,-73.29,-64.43,-64.09,-40.89
63,32,theatre_2,theatre,AP-8,-43.64,-95.05,51.41,False,-75.18,-71.42,-62.35,-73.79,-69.57,-64.35,-57.04,-43.64
64,32,theatre_2,theatre,AP-8,-35.08,-95.82,60.74,False,-77.45,-72.61,-62.49,-76.6,-68.38,-61.44,-55.75,-35.08
65,32,theatre_2,theatre,AP-8,-36.13,-91.87,55.74,False,-75.0,-71.15,-64.07,-74.0,-69.01,-66.04,-58.83,-36.13
66,32,theatre_2,theatre,AP-8,-37.43,-95.17,57.74,False,-70.38,-73.76,-63.83,-75.65,-67.54,-65.36,-62.34,-37.43
67,32,theatre_2,theatre,AP-8,-37.93,-96.02,58.09,False,-75.8,-71.09,-62.83,-76.96,-68.33,-65.28,-62.85,-37.93
68,32,theatre_2,theatre,AP-8,-42.7,-95.33,52.63,False,-76.37,-69.72,-61.13,-72.83,-74.06,-64.32,-61.73,-42.7
69,32,theatre_2,theatre,AP-8,-40.91,-95.87,54.96,False,-77.11,-70.75,-59.86,-73.76,-75.58,-68.64,-59.15,-40.91
70,32,theatre_2,theatre,AP-8,-44.58,-95.69,51.11,False,-71.7,-71.1,-64.03,-76.21,-68.68,-65.42,-62.05,-44.58
71,32,theatre_2,theatre,AP-8,-45.01,-95.12,50.11,False,-75.9,-66.97,-64.87,-75.1,-74.39,-64.58,-60.9,-45.01
72,32,corridor_v,corridor,AP-8,-52.55,-94.58,42.03,False,-80.54,-76.81,-70.31,-76.85,-77.03,-70.92,-65.46,-52.55
73,32,corridor_v,corridor,AP-8,-54.65,-95.45,40.8,False,-75.73,-76.32,-71.36,-81.33,-75.83,-70.24,-66.54,-54.65
74,32,corridor_v,corridor,AP-8,-48.78,-94.91,46.13,False,-84.07,-76.1,-68.37,-79.93,-78.11,-72.64,-68.16,-48.78
75,32,corridor_v,corridor,AP-8,-55.08,-95.57,40.49,False,-82.32,-79.09,-68.69,-81.05,-74.54,-87.29,-65.05,-55.08
76,32,corridor_v,corridor,AP-8,-57.71,-93.97,36.26,False,-77.5,-82.55,-68.08,-80.72,-78.31,-89.87,-65.11,-57.71
77,32,corridor_v,corridor,AP-8,-54.13,-95.2,41.07,False,-82.63,-74.16,-71.44,-82.53,-78.35,-88.14,-63.74,-54.13
78,32,corridor_v,corridor,AP-8,-57.95,-96.43,38.48,False,-79.85,-75.26,-69.88,-74.25,-77.65,-91.95,-62.86,-57.95
79,32,corridor_v,corridor,AP-8,-63.13,-95.53,32.4,False,-80.08,-81.11,-70.51,-83.95,-77.82,-89.68,-67.13,-63.13
0,33,ward_A,ward,AP-1,-58.45,-93.1,34.65,False,-58.45,-63.77,-76.12,-63.24,-70.72,-76.16,-74.83,-75.41
1,33,ward_A,ward,AP-1,-61.32,-95.21,33.89,False,-61.32,-65.49,-69.8,-63.47,-68.45,-76.23,-76.17,-79.81
2,33,ward_A,ward,AP-1,-55.34,-97.04,41.7,False,-55.34,-67.31,-72.44,-61.12,-67.49,-73.09,-76.47,-77.68
3,33,ward_A,ward,AP-1,-58.87,-96.81,37.94,False,-58.87,-68.57,-76.01,-63.57,-68.95,-74.59,-74.23,-75.45
4,33,ward_A,ward,AP-1,-56.16,-95.54,39.38,False,-56.16,-65.68,-74.58,-65.07,-67.64,-72.24,-78.47,-77.6
5,33,ward_A,ward,AP-1,-54.75,-96.75,42.0,False,-54.75,-65.41,-70.33,-60.95,-68.99,-75.33,-72.28,-71.83
6,33,ward_A,ward,AP-1,-57.71,-94.21,36.5,False,-57.71,-62.65,-68.68,-60.14,-69.83,-71.75,-78.5,-77.08
7,33,ward_A,ward,AP-1,-56.88,-94.64,37.76,False,-56.88,-61.73,-73.23,-61.87,-69.17,-70.96,-74.69,-74.72
8,33,ward_A,ward,AP-1,-53.95,-95.29,41.34,False,-53.95,-65.5,-67.97,-62.06,-67.89,-72.33,-76.11,-76.62
9,33,ward_A,ward,AP-1,-53.14,-94.66,41.52,False,-53.14,-62.68,-67.23,-66.9,-68.79,-73.86,-73.85,-73.77
10,33,ward_A,ward,AP-1,-55.1,-97.85,42.75,False,-55.1,-64.16,-71.02,-62.03,-67.06,-73.45,-75.95,-75.49
11,33,ward_A,ward,AP-1,-56.41,-90.92,34.51,False,-56.41,-62.26,-70.72,-67.76,-68.93,-74.42,-73.6,-78.41
12,33,ward_A,ward,AP-1,-54.31,-91.31,37.0,False,-54.31,-60.04,-71.94,-62.3,-64.47,-70.09,-78.18,-71.74
13,33,ward_A,ward,AP-1,-56.14,-95.8,39.66,False,-56.14,-63.15,-70.8,-62.1,-64.89,-70.67,-73.11,-74.55
14,33,ward_A,ward,AP-1,-57.62,-96.44,38.82,False,-57.62,-64.9,-71.67,-61.51,-65.03,-74.08,-71.56,-74.16
15,33,ward_A,ward,AP-1,-53.49,-93.86,40.37,False,-53.49,-63.24,-73.26,-63.2,-67.21,-66.28,-76.13,-75.19
16,33,ward_A,ward,AP-1,-57.16,-94.02,36.86,False,-57.16,-63.73,-67.71,-62.88,-62.34,-72.84,-75.32,-72.27
17,33,ward_A,ward,AP-1,-58.5,-96.26,37.76,False,-58.5,-61.27,-68.61,-65.19,-63.53,-72.93,-74.75,-72.5
18,33,ward_A,ward,AP-1,-57.5,-93.7,36.2,False,-57.5,-61.36,-68.95,-65.4,-64.18,-68.71,-73.85,-74.52
19,33,ward_A,ward,AP-1,-59.6,-94.2,34.6,False,-59.6,-61.93,-69.2,-62.91,-62.72,-72.17,-73.47,-74.13
20,33,ward_B,ward,AP-2,-58.34,-95.87,37.53,False,-59.85,-58.34,-65.9,-67.05,-66.65,-69.35,-70.93,-72.49
21,33,ward_B,ward,AP-2,-58.49,-93.88,35.39,False,-60.85,-58.49,-70.76,-64.11,-66.75,-68.75,-69.39,-72.31
22,33,ward_B,ward,AP-1,-58.31,-95.22,36.91,False,-58.31,-58.76,-69.01,-65.76,-65.66,-69.63,-72.55,-75.55
23,33,ward_B,ward,AP-2,-57.47,-94.91,37.44,False,-60.28,-57.47,-67.17,-64.25,-62.23,-72.1,-71.86,-69.54
24,33,ward_B,ward,AP-2,-53.16,-95.83,42.67,False,-62.27,-53.16,-66.6,-68.6,-66.3,-69.92,-76.54,-70.01
25,33,ward_B,ward,AP-2,-55.46,-94.94,39.48,False,-61.85,-55.46,-66.69,-68.5,-66.73,-71.0,-76.68,-68.6
26,33,ward_B,ward,AP-2,-56.46,-90.31,33.85,False,-60.35,-56.46,-69.18,-60.38,-62.79,-67.73,-69.77,-68.58
27,33,ward_B,ward,AP-2,-55.3,-93.71,38.41,False,-62.7,-55.3,-65.39,-67.66,-63.78,-70.1,-68.13,-69.13
28,33,ward_B,ward,AP-2,-53.34,-93.98,40.64,False,-63.65,-53.34,-65.83,-67.64,-62.68,-65.21,-69.2,-72.87
29,33,ward_B,ward,AP-2,-56.38,-96.11,39.73,False,-60.52,-56.38,-65.63,-64.81,-60.74,-68.64,-71.79,-68.55
30,33,ward_B,ward,AP-2,-54.16,-94.63,40.47,False,-63.39,-54.16,-64.5,-64.4,-61.95,-68.58,-69.57,-66.89
31,33,ward_B,ward,AP-2,-57.17,-95.33,38.16,False,-64.3,-57.17,-62.75,-66.09,-60.05,-67.62,-69.16,-67.77
32,33,ward_B,ward,AP-2,-61.85,-96.72,34.87,False,-64.92,-61.85,-62.25,-71.06,-64.92,-68.23,-70.58,-68.19
33,33,ward_B,ward,AP-2,-57.61,-95.81,38.2,False,-69.48,-57.61,-61.33,-67.74,-64.53,-66.55,-69.78,-68.45
34,33,ward_B,ward,AP-2,-53.28,-93.88,40.6,False,-64.48,-53.28,-63.56,-67.41,-65.06,-65.08,-68.54,-68.19
35,33,ward_B,ward,AP-3,-61.13,-94.31,33.18,False,-65.47,-62.25,-61.13,-69.02,-66.66,-65.57,-72.72,-67.84
36,33,ward_B,ward,AP-2,-58.04,-95.38,37.34,False,-66.76,-58.04,-61.47,-67.65,-60.59,-65.68,-69.29,-67.19
37,33,ward_B,ward,AP-2,-58.73,-95.92,37.19,False,-67.64,-58.73,-61.28,-68.2,-64.93,-64.61,-70.14,-68.32
38,33,ward_B,ward,AP-2,-56.95,-93.27,36.32,False,-64.57,-56.95,-58.8,-69.84,-62.07,-64.36,-70.41,-68.34
39,33,ward_B,ward,AP-2,-56.23,-95.31,39.08,False,-64.99,-56.23,-61.5,-70.74,-63.32,-62.86,-72.67,-64.8
40,33,ward_C,ward,AP-8,-61.79,-96.19,34.4,False,-67.5,-63.08,-61.9,-70.26,-62.59,-64.7,-70.38,-61.79
41,33,ward_C,ward,AP-2,-58.11,-94.26,36.15,False,-71.01,-58.11,-58.23,-69.22,-66.33,-66.67,-64.48,-64.45
42,33,ward_C,ward,AP-3,-58.51,-92.8,34.29,False,-69.09,-61.35,-58.51,-68.04,-64.49,-65.97,-69.77,-64.15
43,33,ward_C,ward,AP-3,-57.55,-97.09,39.54,False,-68.01,-61.03,-57.55,-70.9,-63.46,-61.72,-68.24,-64.98
44,33,ward_C,ward,AP-2,-57.28,-93.29,36.01,False,-69.54,-57.28,-60.65,-67.63,-64.76,-63.2,-67.08,-64.64
45,33,ward_C,ward,AP-3,-55.22,-96.49,41.27,False,-70.16,-59.81,-55.22,-71.96,-63.66,-63.74,-66.97,-64.17
46,33,ward_C,ward,AP-3,-53.31,-97.05,43.74,False,-67.17,-59.32,-53.31,-72.24,-64.62,-63.96,-65.2,-61.72
47,33,ward_C,ward,AP-3,-56.23,-95.63,39.4,False,-69.16,-62.32,-56.23,-73.03,-66.1,-63.98,-66.15,-63.18
48,33,ward_C,ward,AP-3,-56.98,-93.82,36.84,False,-71.51,-63.69,-56.98,-70.57,-69.71,-62.2,-64.65,-60.99
49,33,ward_C,ward,AP-3,-56.21,-96.44,40.23,False,-69.26,-63.91,-56.21,-73.22,-68.08,-65.31,-66.21,-60.87
50,33,ward_C,ward,AP-3,-56.32,-94.61,38.29,False,-70.86,-62.83,-56.32,-72.05,-66.71,-63.02,-63.97,-61.83
51,33,ward_C,ward,AP-3,-56.14,-94.31,38.17,False,-73.04,-67.47,-56.14,-70.05,-69.37,-63.69,-62.22,-56.62
52,33,ward_C,ward,AP-3,-57.54,-94.58,37.04,False,-74.1,-65.19,-57.54,-71.9,-67.22,-64.62,-66.1,-60.29
53,33,ward_C,ward,AP-8,-56.88,-96.82,39.94,False,-70.2,-66.69,-59.37,-73.24,-67.07,-63.4,-64.32,-56.88
54,33,ward_C,ward,AP-8,-55.57,-94.09,38.52,False,-71.78,-65.53,-56.74,-70.72,-67.25,-62.31,-59.71,-55.57
55,33,ward_C,ward,AP-3,-56.52,-95.41,38.89,False,-71.81,-67.03,-56.52,-73.89,-67.31,-61.32,-61.12,-57.39
56,33,ward_C,ward,AP-8,-56.65,-95.35,38.7,False,-72.89,-66.27,-58.81,-74.1,-69.14,-67.58,-63.38,-56.65
57,33,ward_C,ward,AP-8,-51.22,-95.65,44.43,False,-75.99,-66.49,-54.2,-73.7,-66.36,-64.06,-62.67,-51.22
58,33,ward_C,ward,AP-8,-51.87,-94.69,42.82,False,-73.37,-65.57,-55.12,-73.86,-70.64,-64.76,-63.93,-51.87
59,33,ward_C,ward,AP-8,-52.72,-94.57,41.85,False,-73.54,-66.83,-57.79,-75.04,-72.9,-59.7,-62.31,-52.72
60,33,theatre_2,theatre,AP-8,-47.99,-96.78,48.79,False,-74.12,-66.35,-58.43,-77.96,-71.57,-67.6,-61.69,-47.99
61,33,theatre_2,theatre,AP-8,-47.94,-93.9,45.96,False,-73.49,-67.74,-59.43,-74.09,-73.32,-67.05,-63.42,-47.94
62,33,theatre_2,theatre,AP-8,-46.84,-96.1,49.26,False,-76.13,-66.86,-59.15,-73.39,-72.26,-61.56,-62.54,-46.84
63,33,theatre_2,theatre,AP-8,-42.22,-93.77,51.55,False,-74.55,-72.12,-59.91,-72.65,-68.33,-67.05,-60.63,-42.22
64,33,theatre_2,theatre,AP-8,-41.06,-93.59,52.53,False,-76.52,-70.6,-60.07,-73.83,-68.66,-69.22,-61.82,-41.06
65,33,theatre_2,theatre,AP-8,-38.78,-95.04,56.26,False,-74.69,-69.65,-61.04,-79.3,-72.16,-67.14,-60.22,-38.78
66,33,theatre_2,theatre,AP-8,-38.63,-96.14,57.51,False,-73.25,-67.85,-59.37,-77.22,-71.81,-63.88,-58.91,-38.63
67,33,theatre_2,theatre,AP-8,-43.33,-94.31,50.98,False,-74.17,-71.85,-62.84,-75.59,-69.94,-66.39,-61.15,-43.33
68,33,theatre_2,theatre,AP-8,-45.19,-95.08,49.89,False,-76.11,-71.92,-64.29,-77.81,-72.24,-64.97,-65.42,-45.19
69,33,theatre_2,theatre,AP-8,-46.01,-95.8,49.79,False,-77.17,-69.7,-64.55,-74.79,-71.82,-67.6,-58.32,-46.01
70,33,theatre_2,theatre,AP-8,-45.11,-97.03,51.92,False,-72.26,-73.99,-63.75,-73.99,-72.05,-68.35,-58.3,-45.11
71,33,theatre_2,theatre,AP-8,-45.35,-91.64,46.29,False,-75.97,-72.92,-66.29,-76.1,-68.75,-66.96,-63.55,-45.35
72,33,corridor_v,corridor,AP-8,-50.14,-94.91,44.77,False,-79.41,-78.27,-67.02,-80.77,-77.55,-72.28,-61.98,-50.14
73,33,corridor_v,corridor,AP-8,-53.43,-94.76,41.33,False,-79.47,-74.94,-68.75,-80.78,-79.42,-71.51,-64.31,-53.43
74,33,corridor_v,corridor,AP-8,-56.93,-95.4,38.47,False,-79.13,-73.84,-69.24,-80.88,-78.74,-71.58,-69.39,-56.93
75,33,corridor_v,corridor,AP-8,-57.4,-97.36,39.96,False,-80.2,-75.18,-70.86,-83.62,-75.98,-88.59,-67.62,-57.4
76,33,corridor_v,corridor,AP-8,-57.24,-94.14,36.9,False,-82.4,-76.06,-71.79,-83.04,-75.98,-89.29,-64.19,-57.24
77,33,corridor_v,corridor,AP-8,-58.59,-95.15,36.56,False,-79.83,-74.41,-72.91,-79.5,-77.47,-90.2,-67.7,-58.59
78,33,corridor_v,corridor,AP-8,-59.57,-95.93,36.36,False,-76.27,-78.73,-72.62,-80.59,-79.61,-92.54,-62.51,-59.57
79,33,corridor_v,corridor,AP-8,-61.95,-92.78,30.83,False,-80.51,-75.73,-70.94,-79.49,-76.28,-88.7,-66.12,-61.95
0,34,ward_A,ward,AP-1,-58.91,-92.57,33.66,False,-58.91,-71.45,-71.69,-63.08,-71.04,-75.51,-75.23,-78.17
1,34,ward_A,ward,AP-1,-56.23,-95.69,39.46,False,-56.23,-66.8,-69.8,-65.22,-72.49,-73.92,-77.53,-81.54
2,34,ward_A,ward,AP-1,-58.04,-95.37,37.33,False,-58.04,-68.3,-72.38,-60.73,-71.53,-74.21,-78.21,-76.53
3,34,ward_A,ward,AP-1,-58.33,-94.04,35.71,False,-58.33,-69.75,-70.81,-64.91,-71.1,-71.23,-74.12,-73.94
4,34,ward_A,ward,AP-1,-58.28,-94.27,35.99,False,-58.28,-66.87,-69.1,-63.12,-69.89,-71.27,-74.42,-75.4
5,34,ward_A,ward,AP-1,-54.67,-95.99,41.32,False,-54.67,-66.88,-70.31,-64.58,-67.37,-75.04,-80.44,-75.37
6,34,ward_A,ward,AP-1,-58.06,-93.13,35.07,False,-58.06,-67.31,-72.31,-64.79,-69.94,-73.17,-76.48,-78.5
7,34,ward_A,ward,AP-1,-51.95,-96.32,44.37,False,-51.95,-64.64,-76.26,-60.82,-65.81,-70.68,-74.85,-75.7
8,34,ward_A,ward,AP-1,-54.79,-93.5,38.71,False,-54.79,-65.43,-72.22,-69.25,-66.33,-73.39,-77.89,-75.3
9,34,ward_A,ward,AP-1,-50.96,-93.8,42.84,False,-50.96,-61.89,-77.16,-64.13,-69.47,-69.67,-74.89,-77.23
10,34,ward_A,ward,AP-1,-55.25,-94.67,39.42,False,-55.25,-62.47,-69.83,-66.43,-68.88,-73.04,-73.75,-73.85
11,34,ward_A,ward,AP-1,-57.87,-95.12,37.25,False,-57.87,-60.11,-70.81,-65.57,-66.58,-73.17,-76.75,-74.15
12,34,ward_A,ward,AP-1,-57.97,-90.73,32.76,False,-57.97,-64.66,-72.12,-59.74,-68.65,-73.04,-78.04,-77.75
13,34,ward_A,ward,AP-1,-54.41,-91.81,37.4,False,-54.41,-65.63,-72.99,-64.33,-68.54,-74.5,-77.97,-76.58
14,34,ward_A,ward,AP-1,-54.03,-96.64,42.61,False,-54.03,-62.99,-70.84,-63.8,-64.75,-66.54,-79.16,-73.2
15,34,ward_A,ward,AP-1,-55.61,-92.96,37.35,False,-55.61,-60.03,-68.06,-63.63,-64.24,-66.76,-74.05,-74.82
16,34,ward_A,ward,AP-1,-58.7,-94.44,35.74,False,-58.7,-63.59,-68.63,-64.3,-68.69,-73.74,-73.37,-74.81
17,34,ward_A,ward,AP-1,-59.12,-95.6,36.48,False,-59.12,-59.36,-69.81,-63.99,-63.66,-70.01,-74.44,-76.13
18,34,ward_A,ward,AP-1,-58.3,-94.33,36.03,False,-58.3,-58.43,-70.34,-59.2,-64.04,-71.62,-75.14,-75.69
19,34,ward_A,ward,AP-1,-56.9,-95.4,38.5,False,-56.9,-58.15,-71.58,-61.8,-64.8,-71.94,-72.77,-72.15
20,34,ward_B,ward,AP-1,-59.98,-93.6,33.62,False,-59.98,-60.9,-71.18,-69.38,-66.09,-69.15,-75.22,-74.29
21,34,ward_B,ward,AP-2,-57.37,-95.7,38.33,False,-57.94,-57.37,-65.42,-66.07,-68.62,-71.41,-72.64,-71.8
22,34,ward_B,ward,AP-1,-56.69,-92.87,36.18,False,-56.69,-62.88,-68.49,-67.71,-68.05,-69.62,-73.35,-71.52
23,34,ward_B,ward,AP-2,-55.89,-95.03,39.14,False,-62.47,-55.89,-66.76,-67.45,-62.3,-68.05,-70.12,-71.23
24,34,ward_B,ward,AP-2,-57.12,-94.32,37.2,False,-59.56,-57.12,-68.05,-64.31,-68.07,-71.22,-73.35,-70.91
25,34,ward_B,ward,AP-2,-56.05,-95.96,39.91,False,-59.92,-56.05,-64.24,-66.69,-64.24,-65.2,-70.51,-70.93
26,34,ward_B,ward,AP-2,-59.3,-93.42,34.12,False,-63.74,-59.3,-64.85,-69.52,-64.32,-66.81,-72.51,-71.73
27,34,ward_B,ward,AP-2,-54.12,-95.26,41.14,False,-62.53,-54.12,-62.39,-66.58,-62.39,-67.03,-74.29,-72.0
28,34,ward_B,ward,AP-2,-53.97,-93.44,39.47,False,-62.95,-53.97,-68.18,-63.25,-63.77,-69.74,-69.95,-71.16
29,34,ward_B,ward,AP-2,-53.88,-95.55,41.67,False,-63.05,-53.88,-67.89,-66.27,-62.23,-69.33,-71.68,-70.74
30,34,ward_B,ward,AP-2,-54.78,-93.72,38.94,False,-64.21,-54.78,-64.23,-65.42,-62.26,-69.51,-73.76,-65.21
31,34,ward_B,ward,AP-2,-51.85,-97.5,45.65,False,-66.74,-51.85,-64.96,-64.77,-63.77,-63.69,-73.47,-67.07
32,34,ward_B,ward,AP-2,-53.23,-94.01,40.78,False,-64.91,-53.23,-59.7,-70.08,-65.19,-65.85,-70.47,-68.14
33,34,ward_B,ward,AP-2,-53.45,-96.31,42.86,False,-66.91,-53.45,-61.94,-67.27,-65.98,-63.03,-69.69,-68.04
34,34,ward_B,ward,AP-2,-54.09,-97.76,43.67,False,-64.22,-54.09,-66.54,-67.04,-60.5,-66.44,-71.04,-69.52
35,34,ward_B,ward,AP-2,-58.69,-94.23,35.54,False,-62.62,-58.69,-60.39,-69.79,-64.87,-62.8,-68.85,-71.62
36,34,ward_B,ward,AP-3,-59.57,-91.63,32.06,False,-69.14,-59.89,-59.57,-70.47,-60.33,-64.4,-72.02,-70.46
37,34,ward_B,ward,AP-2,-56.67,-93.53,36.86,False,-64.49,-56.67,-58.08,-67.75,-68.86,-63.4,-69.44,-68.23
38,34,ward_B,ward,AP-2,-56.07,-93.56,37.49,False,-68.71,-56.07,-61.24,-66.84,-61.46,-63.66,-68.57,-66.43
39,34,ward_B,ward,AP-3,-56.87,-95.44,38.57,False,-66.43,-58.93,-56.87,-69.9,-65.75,-65.21,-66.55,-63.51
40,34,ward_C,ward,AP-3,-59.19,-96.59,37.4,False,-69.47,-60.44,-59.19,-70.0,-60.19,-65.38,-69.52,-61.83
41,34,ward_C,ward,AP-3,-56.55,-97.22,40.67,False,-71.22,-61.98,-56.55,-69.85,-66.32,-64.85,-66.7,-63.77
42,34,ward_C,ward,AP-3,-58.44,-96.2,37.76,False,-68.91,-58.66,-58.44,-70.77,-63.94,-66.49,-65.98,-63.23
43,34,ward_C,ward,AP-3,-56.99,-99.03,42.04,False,-68.57,-59.42,-56.99,-66.99,-64.02,-62.58,-68.43,-59.16
44,34,ward_C,ward,AP-3,-59.41,-94.99,35.58,False,-70.57,-60.46,-59.41,-68.34,-69.15,-64.32,-68.48,-66.22
45,34,ward_C,ward,AP-3,-57.77,-93.75,35.98,False,-66.9,-64.55,-57.77,-73.38,-64.48,-62.0,-65.15,-64.04
46,34,ward_C,ward,AP-3,-55.09,-92.65,37.56,False,-66.3,-61.59,-55.09,-71.37,-65.96,-65.91,-67.81,-63.92
47,34,ward_C,ward,AP-3,-55.66,-96.73,41.07,False,-68.58,-62.62,-55.66,-72.96,-62.08,-62.96,-65.92,-59.93
48,34,ward_C,ward,AP-3,-55.3,-95.02,39.72,False,-73.06,-62.45,-55.3,-72.6,-66.31,-61.88,-61.75,-57.58
49,34,ward_C,ward,AP-3,-53.66,-97.39,43.73,False,-72.39,-64.08,-53.66,-73.28,-68.07,-66.27,-64.44,-60.82
50,34,ward_C,ward,AP-3,-55.66,-93.23,37.57,False,-71.01,-61.55,-55.66,-73.46,-66.86,-61.45,-65.92,-58.99
51,34,ward_C,ward,AP-3,-54.74,-94.62,39.88,False,-75.17,-65.81,-54.74,-71.13,-65.98,-63.93,-61.68,-61.38
52,34,ward_C,ward,AP-8,-57.84,-92.19,34.35,False,-73.74,-68.67,-58.99,-69.81,-69.41,-63.02,-60.48,-57.84
53,34,ward_C,ward,AP-3,-57.83,-93.78,35.95,False,-74.49,-68.25,-57.83,-73.35,-65.73,-63.4,-64.69,-57.95
54,34,ward_C,ward,AP-8,-56.1,-95.07,38.97,False,-72.26,-64.15,-57.7,-73.38,-71.65,-65.79,-64.5,-56.1
55,34,ward_C,ward,AP-8,-51.89,-94.52,42.63,False,-68.88,-62.9,-55.71,-73.45,-66.63,-65.86,-60.95,-51.89
56,34,ward_C,ward,AP-8,-54.06,-95.69,41.63,False,-68.9,-66.03,-58.37,-72.9,-69.66,-61.98,-61.43,-54.06
57,34,ward_C,ward,AP-8,-50.06,-94.16,44.1,False,-71.06,-66.08,-53.86,-71.52,-68.18,-63.46,-64.15,-50.06
58,34,ward_C,ward,AP-8,-51.11,-94.84,43.73,False,-73.62,-70.93,-59.03,-72.86,-70.91,-64.38,-61.45,-51.11
59,34,ward_C,ward,AP-8,-50.66,-95.59,44.93,False,-67.89,-66.83,-61.03,-75.75,-68.99,-60.27,-62.03,-50.66
60,34,theatre_2,theatre,AP-8,-50.41,-89.22,38.81,False,-78.72,-65.08,-61.82,-77.89,-70.11,-65.0,-59.0,-50.41
61,34,theatre_2,theatre,AP-8,-49.91,-93.8,43.89,False,-72.65,-68.52,-60.11,-75.16,-73.88,-67.81,-61.96,-49.91
62,34,theatre_2,theatre,AP-8,-47.09,-92.49,45.4,False,-71.6,-67.35,-62.02,-76.52,-70.82,-68.92,-59.21,-47.09
63,34,theatre_2,theatre,AP-8,-45.83,-96.68,50.85,False,-72.02,-72.46,-60.5,-79.58,-69.25,-66.04,-59.44,-45.83
64,34,theatre_2,theatre,AP-8,-42.01,-96.31,54.3,False,-75.52,-69.07,-62.8,-77.68,-73.95,-65.84,-60.22,-42.01
65,34,theatre_2,theatre,AP-8,-43.95,-94.43,50.48,False,-75.96,-71.82,-64.36,-78.71,-68.45,-65.98,-60.06,-43.95
66,34,theatre_2,theatre,AP-8,-45.89,-95.05,49.16,False,-79.71,-66.97,-62.36,-75.99,-71.96,-66.73,-60.31,-45.89
67,34,theatre_2,theatre,AP-8,-41.62,-96.93,55.31,False,-75.52,-69.08,-59.73,-80.36,-71.63,-65.34,-61.09,-41.62
68,34,theatre_2,theatre,AP-8,-45.93,-95.92,49.99,False,-77.07,-72.17,-62.42,-76.55,-71.27,-66.43,-58.04,-45.93
69,34,theatre_2,theatre,AP-8,-45.66,-96.36,50.7,False,-74.57,-72.42,-59.78,-75.74,-69.61,-65.1,-58.72,-45.66
70,34,theatre_2,theatre,AP-8,-46.69,-92.56,45.87,False,-76.09,-69.6,-64.35,-75.54,-71.41,-64.71,-60.14,-46.69
71,34,theatre_2,theatre,AP-8,-44.69,-93.35,48.66,False,-78.61,-69.96,-61.71,-76.24,-74.92,-67.22,-58.4,-44.69
72,34,corridor_v,corridor,AP-8,-50.44,-91.7,41.26,False,-81.34,-78.16,-69.14,-79.57,-74.68,-72.51,-63.4,-50.44
73,34,corridor_v,corridor,AP-8,-51.22,-95.53,44.31,False,-81.01,-72.74,-66.79,-78.84,-76.4,-72.17,-62.12,-51.22
74,34,corridor_v,corridor,AP-8,-53.61,-93.61,40.0,False,-81.88,-72.34,-71.5,-76.91,-73.56,-72.72,-64.36,-53.61
75,34,corridor_v,corridor,AP-8,-53.1,-96.75,43.65,False,-78.83,-77.88,-65.46,-80.83,-77.62,-91.16,-64.69,-53.1
76,34,corridor_v,corridor,AP-7,-61.39,-93.72,32.33,False,-79.66,-75.66,-63.94,-81.32,-78.96,-86.77,-61.39,-61.49
77,34,corridor_v,corridor,AP-8,-62.9,-95.76,32.86,False,-79.51,-76.43,-71.17,-86.07,-78.56,-89.08,-63.82,-62.9
78,34,corridor_v,corridor,AP-8,-58.43,-95.87,37.44,False,-77.59,-74.45,-70.01,-84.84,-72.58,-90.76,-63.59,-58.43
79,34,corridor_v,corridor,AP-8,-61.51,-93.78,32.27,False,-80.29,-78.64,-76.16,-79.71,-73.95,-88.63,-63.76,-61.51
0,35,ward_A,ward,AP-1,-55.2,-95.97,40.77,False,-55.2,-72.62,-71.6,-68.3,-70.23,-75.64,-75.63,-76.29
1,35,ward_A,ward,AP-1,-57.36,-96.1,38.74,False,-57.36,-66.89,-73.09,-65.12,-70.74,-74.51,-75.26,-77.98
2,35,ward_A,ward,AP-1,-54.11,-92.98,38.87,False,-54.11,-71.24,-73.55,-64.29,-68.04,-73.69,-74.73,-76.45
3,35,ward_A,ward,AP-1,-54.75,-96.31,41.56,False,-54.75,-64.66,-74.78,-63.09,-70.7,-75.39,-77.81,-76.2
4,35,ward_A,ward,AP-1,-59.04,-95.05,36.01,False,-59.04,-64.32,-75.85,-63.13,-71.14,-68.3,-77.67,-72.91
5,35,ward_A,ward,AP-1,-56.61,-94.56,37.95,False,-56.61,-66.95,-73.16,-60.73,-70.33,-75.17,-77.38,-74.4
6,35,ward_A,ward,AP-1,-52.47,-96.46,43.99,False,-52.47,-64.23,-72.4,-65.22,-69.41,-73.01,-76.8,-77.66
7,35,ward_A,ward,AP-1,-56.87,-93.36,36.49,False,-56.87,-64.58,-71.65,-64.12,-72.15,-73.97,-78.28,-73.62
8,35,ward_A,ward,AP-1,-52.03,-94.48,42.45,False,-52.03,-62.26,-72.68,-63.53,-66.01,-77.09,-75.27,-74.72
9,35,ward_A,ward,AP-1,-55.78,-93.54,37.76,False,-55.78,-65.04,-72.42,-63.36,-71.52,-74.58,-76.37,-73.7
10,35,ward_A,ward,AP-1,-55.57,-94.35,38.78,False,-55.57,-65.49,-70.24,-67.1,-67.54,-72.87,-76.34,-75.44
11,35,ward_A,ward,AP-1,-56.74,-95.84,39.1,False,-56.74,-60.66,-72.01,-67.49,-67.11,-74.44,-75.84,-75.1
12,35,ward_A,ward,AP-1,-49.23,-94.35,45.12,False,-49.23,-61.8,-72.96,-67.9,-67.21,-70.3,-75.99,-74.49
13,35,ward_A,ward,AP-1,-56.9,-94.38,37.48,False,-56.9,-61.2,-70.73,-65.19,-65.4,-70.64,-71.8,-71.42
14,35,ward_A,ward,AP-1,-59.43,-95.9,36.47,False,-59.43,-62.04,-71.97,-66.73,-64.81,-69.38,-74.87,-74.12
15,35,ward_A,ward,AP-1,-54.21,-93.38,39.17,False,-54.21,-57.66,-69.06,-63.62,-67.62,-73.04,-73.37,-74.56
16,35,ward_A,ward,AP-1,-59.29,-97.66,38.37,False,-59.29,-59.49,-70.33,-67.07,-67.75,-68.48,-70.07,-73.02
17,35,ward_A,ward,AP-1,-60.41,-93.65,33.24,False,-60.41,-61.54,-69.94,-67.02,-63.88,-70.65,-73.0,-75.52
18,35,ward_A,ward,AP-2,-56.54,-96.33,39.79,False,-59.19,-56.54,-68.22,-62.29,-70.06,-71.54,-77.48,-71.67
19,35,ward_A,ward,AP-1,-55.06,-94.61,39.55,False,-55.06,-56.46,-69.8,-64.6,-66.05,-74.29,-70.15,-73.77
20,35,ward_B,ward,AP-1,-54.74,-93.48,38.74,False,-54.74,-59.89,-67.13,-65.04,-62.53,-68.29,-72.47,-70.77
21,35,ward_B,ward,AP-1,-59.88,-94.73,34.85,False,-59.88,-60.09,-69.18,-69.27,-63.63,-69.83,-75.67,-72.26
22,35,ward_B,ward,AP-2,-54.02,-98.42,44.4,False,-61.02,-54.02,-67.72,-69.48,-68.35,-70.11,-72.35,-75.29
23,35,ward_B,ward,AP-2,-57.96,-98.74,40.78,False,-61.81,-57.96,-67.57,-68.63,-66.42,-69.59,-68.78,-72.39
24,35,ward_B,ward,AP-2,-53.71,-93.19,39.48,False,-60.35,-53.71,-68.91,-67.02,-60.79,-72.49,-73.33,-70.76
25,35,ward_B,ward,AP-2,-55.47,-95.12,39.65,False,-60.25,-55.47,-67.05,-66.55,-66.7,-68.3,-73.34,-73.63
26,35,ward_B,ward,AP-2,-57.14,-96.49,39.35,False,-60.73,-57.14,-65.12,-70.27,-65.79,-65.92,-69.15,-67.54
27,35,ward_B,ward,AP-2,-56.05,-96.48,40.43,False,-60.06,-56.05,-67.68,-65.94,-65.05,-65.68,-73.13,-67.88
28,35,ward_B,ward,AP-2,-53.32,-96.06,42.74,False,-61.69,-53.32,-64.67,-65.64,-66.36,-67.13,-72.46,-68.25
29,35,ward_B,ward,AP-2,-57.89,-93.3,35.41,False,-58.71,-57.89,-62.2,-68.79,-65.93,-69.34,-72.11,-71.13
30,35,ward_B,ward,AP-2,-53.78,-93.92,40.14,False,-65.33,-53.78,-64.11,-65.79,-65.72,-68.35,-68.88,-68.77
31,35,ward_B,ward,AP-2,-54.85,-96.65,41.8,False,-59.76,-54.85,-61.62,-67.38,-65.86,-70.41,-73.52,-70.05
32,35,ward_B,ward,AP-2,-54.73,-92.38,37.65,False,-66.86,-54.73,-63.63,-62.91,-61.54,-65.89,-68.0,-69.35
33,35,ward_B,ward,AP-2,-56.1,-94.95,38.85,False,-68.15,-56.1,-61.47,-65.91,-61.93,-64.71,-67.77,-70.18
34,35,ward_B,ward,AP-2,-52.16,-96.24,44.08,False,-65.15,-52.16,-62.78,-67.21,-63.91,-69.96,-73.17,-66.63
35,35,ward_B,ward,AP-2,-56.53,-93.57,37.04,False,-67.41,-56.53,-62.0,-69.61,-68.75,-61.52,-67.48,-69.3
36,35,ward_B,ward,AP-2,-52.38,-95.59,43.21,False,-64.9,-52.38,-61.61,-68.32,-61.23,-65.23,-69.76,-65.5
37,35,ward_B,ward,AP-2,-56.6,-95.78,39.18,False,-67.78,-56.6,-58.98,-69.85,-62.2,-65.85,-70.07,-67.74
38,35,ward_B,ward,AP-2,-55.27,-96.19,40.92,False,-69.1,-55.27,-61.61,-70.64,-64.88,-62.66,-67.24,-66.44
39,35,ward_B,ward,AP-2,-57.34,-97.4,40.06,False,-69.38,-57.34,-58.75,-68.64,-60.77,-66.09,-67.95,-63.8
40,35,ward_C,ward,AP-3,-57.52,-95.11,37.59,False,-69.36,-57.63,-57.52,-72.5,-67.85,-63.22,-65.88,-64.7
41,35,ward_C,ward,AP-2,-57.31,-97.73,40.42,False,-66.27,-57.31,-57.44,-69.27,-63.71,-66.58,-68.41,-62.5
42,35,ward_C,ward,AP-3,-57.7,-94.24,36.54,False,-67.77,-61.21,-57.7,-72.88,-63.85,-64.27,-65.39,-60.5
43,35,ward_C,ward,AP-3,-56.83,-94.28,37.45,False,-70.38,-60.85,-56.83,-72.05,-68.73,-63.85,-67.93,-67.03
44,35,ward_C,ward,AP-3,-56.24,-95.5,39.26,False,-70.84,-63.87,-56.24,-70.71,-61.94,-65.0,-60.86,-65.53
45,35,ward_C,ward,AP-3,-57.69,-96.34,38.65,False,-73.53,-62.88,-57.69,-75.12,-67.66,-65.4,-67.46,-61.55
46,35,ward_C,ward,AP-3,-54.24,-95.36,41.12,False,-69.01,-61.07,-54.24,-70.22,-64.71,-64.97,-67.49,-62.44
47,35,ward_C,ward,AP-3,-53.59,-96.89,43.3,False,-68.37,-64.82,-53.59,-70.01,-70.04,-63.81,-65.46,-61.69
48,35,ward_C,ward,AP-3,-56.42,-95.81,39.39,False,-71.45,-63.15,-56.42,-72.18,-67.54,-63.62,-67.07,-62.92
49,35,ward_C,ward,AP-3,-54.77,-92.72,37.95,False,-67.53,-64.23,-54.77,-72.09,-66.39,-61.7,-65.31,-59.46
50,35,ward_C,ward,AP-3,-55.8,-96.35,40.55,False,-71.05,-66.17,-55.8,-74.89,-69.66,-63.78,-65.32,-59.48
51,35,ward_C,ward,AP-3,-53.82,-95.98,42.16,False,-67.61,-66.13,-53.82,-73.7,-65.19,-65.99,-65.65,-60.65
52,35,ward_C,ward,AP-3,-56.51,-95.43,38.92,False,-69.65,-64.92,-56.51,-72.6,-69.12,-62.39,-67.24,-60.71
53,35,ward_C,ward,AP-3,-51.76,-94.3,42.54,False,-75.76,-65.43,-51.76,-71.4,-69.71,-61.3,-63.33,-58.3
54,35,ward_C,ward,AP-8,-58.06,-97.89,39.83,False,-71.64,-63.0,-61.15,-72.13,-69.08,-65.12,-59.19,-58.06
55,35,ward_C,ward,AP-8,-57.07,-96.62,39.55,False,-71.63,-65.74,-58.08,-73.92,-65.91,-63.16,-64.19,-57.07
56,35,ward_C,ward,AP-8,-52.92,-95.2,42.28,False,-70.59,-62.21,-58.16,-73.43,-69.88,-63.96,-62.73,-52.92
57,35,ward_C,ward,AP-8,-52.03,-92.57,40.54,False,-75.36,-64.8,-55.01,-72.73,-70.74,-63.98,-57.9,-52.03
58,35,ward_C,ward,AP-8,-56.98,-97.02,40.04,False,-78.39,-68.41,-57.21,-74.0,-69.11,-68.09,-59.58,-56.98
59,35,ward_C,ward,AP-8,-50.18,-96.1,45.92,False,-73.32,-66.67,-59.23,-77.43,-69.92,-65.92,-59.44,-50.18
60,35,theatre_2,theatre,AP-8,-54.48,-96.05,41.57,False,-71.42,-69.5,-57.22,-73.83,-69.46,-63.96,-60.12,-54.48
61,35,theatre_2,theatre,AP-8,-50.09,-96.12,46.03,False,-75.67,-69.04,-56.68,-74.95,-66.78,-63.19,-59.59,-50.09
62,35,theatre_2,theatre,AP-8,-46.09,-95.44,49.35,False,-71.3,-69.08,-63.04,-74.87,-70.01,-66.93,-59.97,-46.09
63,35,theatre_2,theatre,AP-8,-45.26,-94.61,49.35,False,-77.01,-66.62,-60.08,-74.33,-66.28,-68.17,-56.7,-45.26
64,35,theatre_2,theatre,AP-8,-46.93,-93.03,46.1,False,-73.34,-65.89,-59.93,-75.02,-72.89,-63.57,-59.32,-46.93
65,35,theatre_2,theatre,AP-8,-46.17,-95.89,49.72,False,-72.87,-67.63,-61.96,-75.29,-72.93,-63.81,-58.41,-46.17
66,35,theatre_2,theatre,AP-8,-42.82,-94.84,52.02,False,-76.83,-70.32,-58.16,-73.38,-69.79,-63.74,-61.32,-42.82
67,35,theatre_2,theatre,AP-8,-53.37,-92.26,38.89,False,-72.81,-69.63,-64.8,-78.89,-70.86,-67.56,-57.88,-53.37
68,35,theatre_2,theatre,AP-8,-46.15,-96.16,50.01,False,-77.56,-68.41,-64.28,-74.32,-74.05,-65.74,-60.04,-46.15
69,35,theatre_2,theatre,AP-8,-46.26,-94.56,48.3,False,-76.11,-69.72,-62.56,-75.26,-75.86,-67.21,-61.9,-46.26
70,35,theatre_2,theatre,AP-8,-46.95,-93.85,46.9,False,-79.43,-73.87,-64.62,-74.43,-73.59,-64.96,-62.88,-46.95
71,35,theatre_2,theatre,AP-8,-50.35,-91.17,40.82,False,-76.94,-72.25,-67.38,-79.71,-71.04,-64.12,-62.81,-50.35
72,35,corridor_v,corridor,AP-8,-54.04,-96.39,42.35,False,-78.78,-71.81,-64.55,-81.09,-78.66,-74.87,-62.89,-54.04
73,35,corridor_v,corridor,AP-8,-56.7,-91.95,35.25,False,-78.0,-73.9,-70.09,-78.65,-73.56,-76.74,-63.01,-56.7
74,35,corridor_v,corridor,AP-8,-56.27,-97.55,41.28,False,-81.04,-76.9,-68.9,-84.57,-73.9,-72.67,-62.55,-56.27
75,35,corridor_v,corridor,AP-8,-56.01,-95.87,39.86,False,-80.66,-79.54,-65.88,-78.24,-74.88,-92.27,-67.69,-56.01
76,35,corridor_v,corridor,AP-8,-59.24,-97.6,38.36,False,-80.97,-73.25,-69.84,-80.25,-80.57,-87.04,-66.69,-59.24
77,35,corridor_v,corridor,AP-8,-59.94,-94.65,34.71,False,-81.95,-75.34,-68.32,-82.74,-78.7,-87.14,-64.56,-59.94
78,35,corridor_v,corridor,AP-8,-54.93,-94.47,39.54,False,-82.44,-78.11,-71.14,-80.66,-80.37,-88.14,-65.34,-54.93
79,35,corridor_v,corridor,AP-8,-59.16,-95.46,36.3,False,-80.71,-76.6,-73.02,-79.28,-81.49,-91.79,-63.75,-59.16
0,36,ward_A,ward,AP-1,-54.61,-98.47,43.86,False,-54.61,-68.5,-72.91,-64.53,-69.03,-77.37,-75.03,-75.4
1,36,ward_A,ward,AP-1,-55.23,-94.29,39.06,False,-55.23,-69.01,-72.77,-62.61,-68.06,-75.04,-74.71,-75.07
2,36,ward_A,ward,AP-1,-55.92,-94.22,38.3,False,-55.92,-66.74,-70.64,-63.94,-69.79,-72.92,-76.91,-75.91
3,36,ward_A,ward,AP-1,-54.84,-94.24,39.4,False,-54.84,-66.03,-71.83,-66.13,-68.75,-78.31,-76.86,-77.73
4,36,ward_A,ward,AP-1,-54.42,-94.77,40.35,False,-54.42,-66.62,-78.29,-67.72,-70.56,-75.95,-74.52,-74.65
5,36,ward_A,ward,AP-1,-56.26,-93.1,36.84,False,-56.26,-65.98,-74.44,-67.78,-68.79,-74.07,-76.96,-80.39
6,36,ward_A,ward,AP-1,-54.38,-94.58,40.2,False,-54.38,-65.42,-75.95,-65.88,-69.34,-73.19,-76.82,-73.58
7,36,ward_A,ward,AP-1,-54.64,-93.41,38.77,False,-54.64,-64.42,-68.27,-62.69,-65.3,-75.38,-78.84,-75.72
8,36,ward_A,ward,AP-1,-53.79,-97.51,43.72,False,-53.79,-61.96,-71.23,-64.39,-68.94,-76.13,-75.33,-72.42
9,36,ward_A,ward,AP-1,-49.9,-94.21,44.31,False,-49.9,-63.29,-73.91,-61.52,-68.77,-72.92,-78.38,-75.07
10,36,ward_A,ward,AP-1,-49.92,-95.64,45.72,False,-49.92,-70.02,-71.89,-67.21,-68.25,-73.64,-71.68,-73.32
11,36,ward_A,ward,AP-1,-53.1,-94.09,40.99,False,-53.1,-65.02,-69.33,-66.6,-68.66,-70.87,-74.98,-73.46
12,36,ward_A,ward,AP-1,-52.93,-94.07,41.14,False,-52.93,-59.78,-71.85,-66.2,-64.71,-69.14,-72.94,-75.16
13,36,ward_A,ward,AP-1,-53.31,-94.79,41.48,False,-53.31,-64.82,-68.73,-64.61,-69.62,-73.93,-74.79,-74.38
14,36,ward_A,ward,AP-1,-50.76,-95.86,45.1,False,-50.76,-64.81,-69.53,-61.37,-67.84,-70.72,-76.14,-74.14
15,36,ward_A,ward,AP-1,-56.87,-91.89,35.02,False,-56.87,-59.0,-68.59,-68.83,-65.31,-71.94,-73.49,-75.56
16,36,ward_A,ward,AP-1,-55.94,-94.77,38.83,False,-55.94,-59.2,-69.95,-66.71,-65.23,-71.13,-73.47,-73.33
17,36,ward_A,ward,AP-1,-56.38,-96.87,40.49,False,-56.38,-58.28,-69.73,-63.59,-65.26,-73.91,-74.02,-74.09
18,36,ward_A,ward,AP-1,-54.83,-95.31,40.48,False,-54.83,-58.8,-67.17,-68.99,-68.21,-70.17,-77.49,-72.97
19,36,ward_A,ward,AP-1,-58.15,-96.24,38.09,False,-58.15,-59.58,-66.28,-61.89,-68.11,-70.94,-72.32,-70.28
20,36,ward_B,ward,AP-1,-56.7,-94.9,38.2,False,-56.7,-57.56,-69.81,-64.03,-65.28,-67.53,-74.73,-73.24
21,36,ward_B,ward,AP-1,-56.29,-94.79,38.5,False,-56.29,-57.1,-64.13,-69.41,-64.34,-73.96,-71.77,-73.03
22,36,ward_B,ward,AP-2,-55.31,-96.91,41.6,False,-60.0,-55.31,-69.34,-61.55,-62.72,-73.71,-71.91,-74.21
23,36,ward_B,ward,AP-2,-54.0,-95.76,41.76,False,-62.43,-54.0,-69.08,-67.64,-64.87,-69.42,-71.09,-73.66
24,36,ward_B,ward,AP-2,-57.76,-94.77,37.01,False,-58.65,-57.76,-67.96,-63.5,-70.59,-69.34,-70.25,-71.62
25,36,ward_B,ward,AP-2,-54.81,-97.74,42.93,False,-62.45,-54.81,-63.44,-64.99,-64.43,-67.59,-73.34,-70.03
26,36,ward_B,ward,AP-2,-55.37,-93.16,37.79,False,-67.29,-55.37,-68.41,-64.29,-64.12,-69.82,-68.99,-70.12
27,36,ward_B,ward,AP-2,-55.02,-93.92,38.9,False,-65.36,-55.02,-62.94,-64.32,-67.02,-69.44,-70.75,-68.88
28,36,ward_B,ward,AP-2,-53.09,-97.64,44.55,False,-60.22,-53.09,-65.27,-65.29,-65.49,-65.14,-72.93,-69.27
29,36,ward_B,ward,AP-2,-51.63,-97.29,45.66,False,-63.28,-51.63,-62.41,-69.07,-65.41,-70.59,-66.62,-71.48
30,36,ward_B,ward,AP-2,-54.02,-96.45,42.43,False,-65.93,-54.02,-63.68,-64.79,-66.45,-68.16,-73.75,-67.8
31,36,ward_B,ward,AP-2,-56.47,-93.86,37.39,False,-62.19,-56.47,-65.61,-65.03,-65.55,-68.76,-69.35,-68.0
32,36,ward_B,ward,AP-2,-53.15,-94.96,41.81,False,-65.01,-53.15,-62.25,-70.48,-66.72,-66.54,-71.66,-70.32
33,36,ward_B,ward,AP-2,-56.77,-97.53,40.76,False,-66.33,-56.77,-63.42,-67.71,-63.6,-68.35,-69.25,-68.79
34,36,ward_B,ward,AP-2,-52.77,-95.85,43.08,False,-68.22,-52.77,-57.21,-66.37,-64.44,-72.82,-67.37,-66.56
35,36,ward_B,ward,AP-2,-53.79,-92.74,38.95,False,-65.24,-53.79,-62.75,-66.25,-65.49,-65.97,-67.7,-67.62
36,36,ward_B,ward,AP-2,-55.58,-93.76,38.18,False,-66.18,-55.58,-58.45,-67.18,-63.62,-67.06,-71.09,-65.15
37,36,ward_B,ward,AP-2,-53.08,-95.75,42.67,False,-70.56,-53.08,-63.8,-73.77,-61.1,-66.27,-66.77,-65.43
38,36,ward_B,ward,AP-2,-55.36,-96.12,40.76,False,-67.69,-55.36,-60.25,-67.76,-67.97,-63.8,-68.56,-67.28
39,36,ward_B,ward,AP-2,-57.05,-96.2,39.15,False,-67.54,-57.05,-58.87,-69.22,-69.3,-66.01,-65.05,-65.5
40,36,ward_C,ward,AP-3,-58.1,-94.1,36.0,False,-71.27,-58.28,-58.1,-69.55,-62.85,-66.27,-66.92,-68.33
41,36,ward_C,ward,AP-3,-55.52,-92.46,36.94,False,-68.16,-59.27,-55.52,-68.35,-62.97,-67.85,-61.94,-70.81
42,36,ward_C,ward,AP-3,-55.52,-96.42,40.9,False,-66.71,-59.26,-55.52,-73.01,-62.86,-69.06,-69.11,-65.89
43,36,ward_C,ward,AP-3,-56.1,-94.22,38.12,False,-68.27,-59.8,-56.1,-71.94,-71.03,-64.38,-64.7,-62.47
44,36,ward_C,ward,AP-3,-50.69,-94.65,43.96,False,-68.55,-60.68,-50.69,-72.16,-71.21,-66.9,-61.29,-66.31
45,36,ward_C,ward,AP-3,-54.9,-92.44,37.54,False,-72.51,-62.97,-54.9,-73.83,-66.98,-62.76,-66.41,-62.44
46,36,ward_C,ward,AP-3,-52.91,-95.75,42.84,False,-66.73,-59.71,-52.91,-74.22,-66.5,-65.97,-63.9,-65.0
47,36,ward_C,ward,AP-3,-51.33,-94.95,43.62,False,-71.97,-62.59,-51.33,-71.69,-63.73,-67.01,-65.04,-62.75
48,36,ward_C,ward,AP-3,-54.7,-95.27,40.57,False,-70.03,-62.21,-54.7,-72.55,-67.79,-65.71,-61.01,-61.37
49,36,ward_C,ward,AP-3,-52.7,-93.26,40.56,False,-73.75,-59.81,-52.7,-74.16,-67.47,-63.93,-63.82,-61.52
50,36,ward_C,ward,AP-3,-49.03,-95.17,46.14,False,-68.54,-60.49,-49.03,-71.03,-68.08,-62.57,-61.91,-61.74
51,36,ward_C,ward,AP-3,-51.16,-92.62,41.46,False,-74.9,-65.28,-51.16,-73.85,-70.06,-65.24,-59.03,-59.41
52,36,ward_C,ward,AP-3,-52.81,-93.25,40.44,False,-69.38,-63.66,-52.81,-74.8,-72.89,-65.93,-62.16,-58.79
53,36,ward_C,ward,AP-3,-53.16,-93.81,40.65,False,-72.46,-69.28,-53.16,-73.89,-69.88,-67.53,-62.48,-61.53
54,36,ward_C,ward,AP-3,-52.65,-96.28,43.63,False,-71.05,-66.79,-52.65,-73.74,-67.31,-63.07,-61.75,-54.62
55,36,ward_C,ward,AP-3,-55.86,-96.84,40.98,False,-69.9,-67.47,-55.86,-73.29,-68.75,-63.22,-59.67,-59.72
56,36,ward_C,ward,AP-3,-56.31,-95.23,38.92,False,-73.82,-66.18,-56.31,-75.25,-69.9,-65.26,-59.91,-56.79
57,36,ward_C,ward,AP-3,-52.46,-95.8,43.34,False,-74.86,-66.47,-52.46,-72.06,-70.01,-63.54,-60.14,-55.73
58,36,ward_C,ward,AP-3,-53.93,-95.34,41.41,False,-75.07,-66.83,-53.93,-70.69,-72.72,-60.96,-61.1,-55.4
59,36,ward_C,ward,AP-8,-49.5,-94.68,45.18,False,-72.58,-68.73,-56.32,-76.33,-71.42,-65.67,-58.25,-49.5
60,36,theatre_2,theatre,AP-8,-52.84,-93.95,41.11,False,-76.11,-63.81,-58.87,-71.07,-65.21,-65.76,-57.65,-52.84
61,36,theatre_2,theatre,AP-8,-51.41,-95.88,44.47,False,-77.45,-69.25,-58.84,-73.15,-68.61,-68.28,-59.07,-51.41
62,36,theatre_2,theatre,AP-8,-50.98,-94.58,43.6,False,-77.03,-72.64,-54.56,-76.09,-71.04,-67.43,-56.65,-50.98
63,36,theatre_2,theatre,AP-8,-50.55,-91.99,41.44,False,-76.65,-67.8,-60.59,-74.78,-69.49,-67.45,-59.68,-50.55
64,36,theatre_2,theatre,AP-8,-46.66,-96.12,49.46,False,-75.84,-69.41,-58.26,-75.89,-73.11,-66.14,-60.81,-46.66
65,36,theatre_2,theatre,AP-8,-47.26,-91.6,44.34,False,-70.9,-67.67,-62.93,-74.37,-73.93,-69.69,-59.57,-47.26
66,36,theatre_2,theatre,AP-8,-50.05,-95.19,45.14,False,-76.81,-72.21,-59.77,-74.35,-68.44,-70.7,-60.31,-50.05
67,36,theatre_2,theatre,AP-8,-50.49,-93.71,43.22,False,-75.41,-67.4,-60.69,-78.4,-71.78,-64.24,-55.15,-50.49
68,36,theatre_2,theatre,AP-8,-47.0,-92.6,45.6,False,-71.79,-71.28,-61.39,-75.21,-71.96,-66.91,-60.5,-47.0
69,36,theatre_2,theatre,AP-8,-48.24,-94.1,45.86,False,-74.6,-71.16,-64.56,-73.88,-77.23,-65.02,-59.92,-48.24
70,36,theatre_2,theatre,AP-8,-44.94,-95.92,50.98,False,-74.98,-71.47,-67.12,-75.75,-76.2,-65.15,-58.82,-44.94
71,36,theatre_2,theatre,AP-8,-50.03,-90.89,40.86,False,-73.8,-70.45,-68.02,-78.46,-74.74,-66.15,-56.85,-50.03
72,36,corridor_v,corridor,AP-8,-56.72,-92.89,36.17,False,-84.34,-78.69,-67.78,-77.1,-75.17,-69.12,-63.93,-56.72
73,36,corridor_v,corridor,AP-8,-53.3,-94.31,41.01,False,-80.76,-76.18,-65.9,-83.49,-75.19,-70.8,-65.29,-53.3
74,36,corridor_v,corridor,AP-8,-55.22,-95.18,39.96,False,-80.03,-75.85,-67.21,-79.17,-74.17,-73.62,-65.6,-55.22
75,36,corridor_v,corridor,AP-8,-60.5,-93.81,33.31,False,-80.32,-76.04,-69.8,-83.61,-78.21,-91.0,-65.34,-60.5
76,36,corridor_v,corridor,AP-8,-60.6,-95.91,35.31,False,-84.02,-73.89,-70.2,-82.71,-79.64,-89.75,-61.34,-60.6
77,36,corridor_v,corridor,AP-8,-56.98,-93.16,36.18,False,-78.21,-72.11,-68.15,-80.87,-76.3,-92.6,-62.13,-56.98
78,36,corridor_v,corridor,AP-8,-60.99,-94.77,33.78,False,-79.09,-75.84,-66.56,-82.84,-78.16,-88.4,-65.18,-60.99
79,36,corridor_v,corridor,AP-8,-59.87,-97.22,37.35,False,-78.66,-78.28,-71.29,-79.9,-80.69,-93.14,-67.94,-59.87
0,37,ward_A,ward,AP-1,-55.96,-94.95,38.99,False,-55.96,-65.76,-74.33,-67.72,-69.35,-71.36,-76.74,-77.8
1,37,ward_A,ward,AP-1,-55.85,-95.14,39.29,False,-55.85,-68.97,-73.28,-65.82,-66.03,-74.99,-77.56,-74.72
2,37,ward_A,ward,AP-1,-54.47,-94.63,40.16,False,-54.47,-66.23,-73.83,-63.52,-70.13,-71.68,-78.06,-76.94
3,37,ward_A,ward,AP-1,-55.78,-94.5,38.72,False,-55.78,-66.47,-71.13,-65.93,-69.13,-72.87,-76.16,-75.83
4,37,ward_A,ward,AP-1,-50.89,-95.55,44.66,False,-50.89,-65.59,-73.97,-64.06,-71.88,-74.61,-74.76,-80.96
5,37,ward_A,ward,AP-1,-46.35,-94.64,48.29,False,-46.35,-64.63,-72.09,-62.44,-71.59,-76.1,-80.55,-76.65
6,37,ward_A,ward,AP-1,-53.59,-96.8,43.21,False,-53.59,-65.91,-70.68,-68.91,-68.11,-72.63,-75.88,-76.36
7,37,ward_A,ward,AP-1,-51.86,-92.99,41.13,False,-51.86,-68.11,-73.92,-63.78,-71.77,-70.23,-78.69,-77.57
8,37,ward_A,ward,AP-1,-51.86,-96.06,44.2,False,-51.86,-66.03,-67.15,-66.28,-65.88,-73.72,-74.97,-76.13
9,37,ward_A,ward,AP-1,-55.05,-95.54,40.49,False,-55.05,-64.74,-69.21,-61.78,-65.17,-74.38,-74.85,-72.5
10,37,ward_A,ward,AP-1,-50.17,-96.44,46.27,False,-50.17,-62.12,-70.98,-61.29,-71.13,-71.45,-72.65,-72.1
11,37,ward_A,ward,AP-1,-54.93,-94.99,40.06,False,-54.93,-65.1,-74.3,-65.44,-69.33,-69.86,-72.05,-72.67
12,37,ward_A,ward,AP-1,-51.11,-96.43,45.32,False,-51.11,-61.96,-69.49,-63.73,-69.48,-73.15,-73.76,-77.36
13,37,ward_A,ward,AP-1,-51.02,-95.08,44.06,False,-51.02,-60.42,-71.36,-66.41,-70.26,-76.08,-72.55,-77.67
14,37,ward_A,ward,AP-1,-53.43,-96.4,42.97,False,-53.43,-61.58,-68.41,-64.5,-67.12,-75.2,-72.49,-76.77
15,37,ward_A,ward,AP-1,-54.63,-96.33,41.7,False,-54.63,-62.78,-69.72,-63.17,-65.44,-68.24,-73.32,-71.59
16,37,ward_A,ward,AP-1,-55.1,-94.43,39.33,False,-55.1,-58.81,-71.21,-65.76,-69.91,-71.65,-74.04,-74.53
17,37,ward_A,ward,AP-1,-56.43,-95.11,38.68,False,-56.43,-61.49,-67.55,-62.77,-66.7,-72.3,-75.38,-70.06
18,37,ward_A,ward,AP-1,-56.63,-92.86,36.23,False,-56.63,-58.7,-70.91,-65.39,-61.51,-70.65,-73.74,-74.32
19,37,ward_A,ward,AP-1,-56.21,-93.48,37.27,False,-56.21,-60.54,-69.12,-64.31,-66.77,-70.04,-72.17,-72.42
20,37,ward_B,ward,AP-1,-54.59,-97.92,43.33,False,-54.59,-56.72,-68.21,-69.15,-63.59,-70.1,-71.08,-72.05
21,37,ward_B,ward,AP-2,-56.07,-93.15,37.08,False,-56.27,-56.07,-70.02,-64.28,-66.0,-71.47,-74.19,-72.95
22,37,ward_B,ward,AP-2,-53.26,-96.26,43.0,False,-62.02,-53.26,-67.12,-64.1,-70.13,-71.95,-74.25,-70.49
23,37,ward_B,ward,AP-2,-53.49,-94.37,40.88,False,-58.17,-53.49,-67.9,-67.5,-65.53,-71.49,-71.4,-69.02
24,37,ward_B,ward,AP-2,-57.54,-96.85,39.31,False,-58.74,-57.54,-65.7,-65.14,-64.69,-69.97,-69.31,-70.75
25,37,ward_B,ward,AP-2,-51.34,-96.04,44.7,False,-59.43,-51.34,-63.17,-65.36,-63.52,-67.28,-72.23,-71.24
26,37,ward_B,ward,AP-2,-55.72,-92.96,37.24,False,-60.65,-55.72,-66.75,-67.04,-65.68,-69.91,-74.0,-70.94
27,37,ward_B,ward,AP-2,-51.56,-93.26,41.7,False,-59.45,-51.56,-65.61,-67.91,-62.97,-66.63,-67.95,-68.89
28,37,ward_B,ward,AP-2,-50.15,-90.33,40.18,False,-60.97,-50.15,-63.57,-69.31,-64.48,-68.51,-72.35,-68.18
29,37,ward_B,ward,AP-2,-51.92,-94.04,42.12,False,-61.53,-51.92,-66.73,-70.06,-66.43,-67.38,-66.85,-71.91
30,37,ward_B,ward,AP-2,-51.56,-97.55,45.99,False,-65.57,-51.56,-63.64,-67.29,-64.82,-66.82,-69.86,-71.35
31,37,ward_B,ward,AP-2,-50.9,-96.69,45.79,False,-64.39,-50.9,-62.6,-67.12,-64.45,-66.95,-68.57,-64.07
32,37,ward_B,ward,AP-2,-51.35,-96.27,44.92,False,-69.71,-51.35,-62.6,-66.5,-69.81,-69.78,-74.89,-65.94
33,37,ward_B,ward,AP-2,-54.4,-94.31,39.91,False,-63.78,-54.4,-61.82,-68.54,-64.35,-68.97,-70.57,-68.06
34,37,ward_B,ward,AP-2,-55.41,-96.72,41.31,False,-64.77,-55.41,-59.92,-68.68,-65.27,-66.16,-67.74,-69.4
35,37,ward_B,ward,AP-2,-56.97,-95.17,38.2,False,-63.34,-56.97,-59.27,-68.11,-65.73,-65.3,-67.81,-68.59
36,37,ward_B,ward,AP-2,-49.46,-95.37,45.91,False,-66.5,-49.46,-59.08,-70.55,-62.78,-69.94,-67.63,-67.6
37,37,ward_B,ward,AP-2,-55.68,-96.71,41.03,False,-66.23,-55.68,-59.38,-68.7,-63.2,-69.11,-67.85,-66.96
38,37,ward_B,ward,AP-2,-57.22,-97.6,40.38,False,-68.97,-57.22,-59.4,-69.18,-64.76,-65.83,-69.05,-65.75
39,37,ward_B,ward,AP-2,-55.17,-95.39,40.22,False,-68.54,-55.17,-59.04,-69.68,-64.94,-65.73,-68.8,-67.88
40,37,ward_C,ward,AP-3,-57.23,-92.32,35.09,False,-69.68,-57.54,-57.23,-72.02,-68.19,-65.49,-67.14,-65.47
41,37,ward_C,ward,AP-2,-54.66,-98.12,43.46,False,-69.47,-54.66,-59.44,-69.66,-65.97,-67.08,-69.13,-63.87
42,37,ward_C,ward,AP-3,-55.46,-94.28,38.82,False,-67.85,-61.08,-55.46,-68.41,-65.54,-65.68,-66.59,-60.52
43,37,ward_C,ward,AP-3,-56.09,-97.89,41.8,False,-72.8,-62.13,-56.09,-69.47,-69.79,-64.66,-68.4,-65.04
44,37,ward_C,ward,AP-3,-57.38,-95.97,38.59,False,-71.3,-57.76,-57.38,-73.93,-67.08,-67.49,-68.67,-65.27
45,37,ward_C,ward,AP-3,-52.48,-97.3,44.82,False,-64.42,-60.28,-52.48,-68.92,-65.14,-66.33,-65.07,-61.18
46,37,ward_C,ward,AP-3,-50.89,-96.88,45.99,False,-71.01,-62.34,-50.89,-72.53,-64.53,-63.67,-62.98,-60.74
47,37,ward_C,ward,AP-3,-52.04,-97.62,45.58,False,-69.26,-59.92,-52.04,-70.34,-66.98,-61.9,-64.09,-61.6
48,37,ward_C,ward,AP-3,-52.68,-94.49,41.81,False,-68.68,-63.48,-52.68,-68.86,-69.0,-64.81,-62.75,-61.86
49,37,ward_C,ward,AP-3,-52.21,-95.3,43.09,False,-72.52,-61.43,-52.21,-77.39,-67.1,-64.11,-61.77,-58.71
50,37,ward_C,ward,AP-3,-51.42,-97.96,46.54,False,-70.52,-65.44,-51.42,-71.43,-65.18,-68.79,-63.05,-58.0
51,37,ward_C,ward,AP-3,-51.39,-100.53,49.14,False,-73.55,-64.0,-51.39,-71.65,-68.9,-64.0,-61.42,-60.21
52,37,ward_C,ward,AP-3,-55.16,-94.91,39.75,False,-71.96,-63.08,-55.16,-77.03,-65.19,-63.53,-60.65,-59.3
53,37,ward_C,ward,AP-3,-51.33,-92.72,41.39,False,-74.11,-64.73,-51.33,-73.86,-69.33,-70.06,-61.05,-58.55
54,37,ward_C,ward,AP-3,-54.62,-96.18,41.56,False,-71.74,-65.16,-54.62,-74.13,-70.1,-63.5,-59.46,-56.99
55,37,ward_C,ward,AP-3,-52.58,-96.02,43.44,False,-71.25,-65.89,-52.58,-78.47,-67.55,-67.55,-58.86,-55.81
56,37,ward_C,ward,AP-3,-55.56,-95.59,40.03,False,-74.46,-68.14,-55.56,-74.3,-69.59,-64.7,-57.11,-56.18
57,37,ward_C,ward,AP-8,-52.34,-95.79,43.45,False,-72.44,-62.07,-55.06,-76.48,-69.21,-65.53,-61.72,-52.34
58,37,ward_C,ward,AP-8,-54.76,-95.72,40.96,False,-72.82,-64.72,-57.02,-75.29,-69.63,-64.44,-58.57,-54.76
59,37,ward_C,ward,AP-8,-53.93,-94.68,40.75,False,-73.63,-65.75,-57.67,-77.73,-71.81,-62.77,-64.17,-53.93
60,37,theatre_2,theatre,AP-8,-54.18,-94.85,40.67,False,-72.31,-68.5,-58.29,-70.27,-69.88,-67.7,-60.17,-54.18
61,37,theatre_2,theatre,AP-8,-50.81,-95.4,44.59,False,-72.5,-69.02,-59.17,-76.98,-71.59,-66.75,-59.75,-50.81
62,37,theatre_2,theatre,AP-8,-53.62,-94.94,41.32,False,-71.89,-68.7,-60.01,-78.63,-71.29,-68.25,-54.31,-53.62
63,37,theatre_2,theatre,AP-8,-51.4,-94.52,43.12,False,-76.12,-69.75,-61.62,-74.29,-68.71,-65.2,-57.66,-51.4
64,37,theatre_2,theatre,AP-8,-50.82,-97.98,47.16,False,-74.77,-71.46,-59.07,-76.94,-70.09,-66.83,-58.86,-50.82
65,37,theatre_2,theatre,AP-8,-51.49,-95.51,44.02,False,-72.89,-69.86,-58.12,-76.63,-76.25,-65.89,-54.08,-51.49
66,37,theatre_2,theatre,AP-8,-51.31,-95.63,44.32,False,-78.95,-70.49,-59.58,-76.32,-74.84,-69.98,-58.24,-51.31
67,37,theatre_2,theatre,AP-8,-49.34,-98.33,48.99,False,-75.01,-72.02,-67.5,-74.67,-72.58,-67.12,-56.22,-49.34
68,37,theatre_2,theatre,AP-8,-52.8,-95.75,42.95,False,-79.11,-67.49,-63.95,-75.58,-73.26,-68.0,-54.71,-52.8
69,37,theatre_2,theatre,AP-8,-54.22,-97.27,43.05,False,-75.43,-70.03,-63.47,-76.28,-72.29,-68.76,-60.0,-54.22
70,37,theatre_2,theatre,AP-8,-51.06,-96.17,45.11,False,-76.95,-69.94,-63.75,-75.45,-75.41,-69.82,-58.6,-51.06
71,37,theatre_2,theatre,AP-8,-53.35,-96.45,43.1,False,-70.8,-72.52,-65.33,-72.84,-72.93,-69.56,-58.87,-53.35
72,37,corridor_v,corridor,AP-8,-53.49,-97.33,43.84,False,-79.37,-75.68,-69.0,-81.24,-74.12,-72.41,-59.63,-53.49
73,37,corridor_v,corridor,AP-8,-51.43,-93.17,41.74,False,-82.45,-74.79,-67.43,-79.15,-77.79,-71.32,-60.85,-51.43
74,37,corridor_v,corridor,AP-8,-55.64,-94.59,38.95,False,-79.02,-78.19,-68.07,-81.92,-77.47,-71.48,-59.09,-55.64
75,37,corridor_v,corridor,AP-8,-57.61,-94.54,36.93,False,-79.02,-75.83,-65.12,-82.98,-79.01,-71.88,-61.29,-57.61
76,37,corridor_v,corridor,AP-8,-56.74,-92.85,36.11,False,-80.81,-78.45,-69.75,-82.52,-75.75,-75.05,-64.28,-56.74
77,37,corridor_v,corridor,AP-8,-58.72,-95.24,36.52,False,-79.9,-72.12,-70.83,-79.95,-81.31,-74.26,-62.73,-58.72
78,37,corridor_v,corridor,AP-8,-62.29,-97.75,35.46,False,-81.18,-75.04,-67.78,-79.66,-75.88,-73.99,-65.36,-62.29
79,37,corridor_v,corridor,AP-8,-58.54,-95.1,36.56,False,-78.99,-77.99,-69.0,-84.33,-76.86,-72.93,-63.36,-58.54
0,38,ward_A,ward,AP-1,-56.11,-93.05,36.94,False,-56.11,-67.95,-73.48,-65.63,-71.03,-77.0,-77.66,-74.79
1,38,ward_A,ward,AP-1,-54.49,-96.48,41.99,False,-54.49,-65.87,-73.65,-65.01,-70.28,-74.89,-75.95,-78.73
2,38,ward_A,ward,AP-1,-55.87,-94.96,39.09,False,-55.87,-66.27,-70.84,-67.57,-66.73,-73.05,-77.08,-76.51
3,38,ward_A,ward,AP-1,-52.43,-96.8,44.37,False,-52.43,-67.12,-73.28,-67.32,-70.67,-73.64,-74.92,-75.87
4,38,ward_A,ward,AP-1,-50.86,-95.18,44.32,False,-50.86,-67.9,-74.48,-64.65,-68.24,-73.05,-78.17,-77.6
5,38,ward_A,ward,AP-1,-48.29,-96.16,47.87,False,-48.29,-69.1,-74.01,-65.17,-68.47,-72.92,-73.66,-75.96
6,38,ward_A,ward,AP-1,-52.01,-98.04,46.03,False,-52.01,-66.6,-68.66,-66.6,-69.39,-75.93,-76.73,-78.27
7,38,ward_A,ward,AP-1,-50.85,-96.11,45.26,False,-50.85,-64.06,-72.4,-65.39,-70.5,-72.13,-75.37,-77.59
8,38,ward_A,ward,AP-1,-51.13,-94.57,43.44,False,-51.13,-62.03,-70.05,-64.72,-69.67,-75.97,-77.26,-78.07
9,38,ward_A,ward,AP-1,-54.11,-94.47,40.36,False,-54.11,-64.03,-72.46,-67.88,-68.39,-74.14,-76.19,-75.83
10,38,ward_A,ward,AP-1,-47.82,-93.53,45.71,False,-47.82,-60.53,-71.23,-63.62,-68.31,-71.77,-78.76,-72.87
11,38,ward_A,ward,AP-1,-50.18,-95.96,45.78,False,-50.18,-61.45,-70.56,-66.36,-66.7,-72.99,-75.04,-76.16
12,38,ward_A,ward,AP-1,-52.02,-93.0,40.98,False,-52.02,-63.75,-73.84,-65.41,-68.92,-77.76,-74.4,-75.88
13,38,ward_A,ward,AP-1,-55.46,-96.17,40.71,False,-55.46,-60.34,-71.49,-67.14,-65.64,-73.03,-75.44,-74.69
14,38,ward_A,ward,AP-1,-50.73,-94.16,43.43,False,-50.73,-60.39,-72.46,-71.03,-65.4,-72.61,-73.86,-71.77
15,38,ward_A,ward,AP-1,-50.64,-95.88,45.24,False,-50.64,-57.96,-70.04,-66.67,-66.95,-73.57,-72.21,-74.09
16,38,ward_A,ward,AP-1,-52.06,-95.8,43.74,False,-52.06,-55.98,-70.94,-66.42,-66.66,-71.8,-70.96,-74.7
17,38,ward_A,ward,AP-1,-54.42,-94.36,39.94,False,-54.42,-58.77,-65.92,-64.59,-65.23,-67.73,-74.57,-73.01
18,38,ward_A,ward,AP-1,-52.41,-94.9,42.49,False,-52.41,-59.94,-69.74,-66.33,-65.75,-69.3,-74.61,-78.75
19,38,ward_A,ward,AP-1,-57.23,-95.25,38.02,False,-57.23,-57.95,-67.0,-66.51,-66.56,-73.84,-75.78,-74.01
20,38,ward_B,ward,AP-2,-55.7,-95.92,40.22,False,-60.1,-55.7,-64.92,-65.16,-64.96,-68.42,-76.72,-70.93
21,38,ward_B,ward,AP-2,-53.79,-95.83,42.04,False,-58.5,-53.79,-64.57,-67.44,-64.7,-70.67,-73.05,-68.45
22,38,ward_B,ward,AP-2,-54.52,-95.09,40.57,False,-57.01,-54.52,-67.69,-64.43,-66.19,-69.23,-73.54,-71.66
23,38,ward_B,ward,AP-1,-59.02,-95.02,36.0,False,-59.02,-59.65,-63.19,-65.97,-64.91,-66.83,-71.38,-72.07
24,38,ward_B,ward,AP-2,-54.67,-98.76,44.09,False,-56.97,-54.67,-67.7,-70.88,-66.76,-70.83,-75.4,-70.68
25,38,ward_B,ward,AP-2,-52.03,-96.03,44.0,False,-62.64,-52.03,-66.68,-66.87,-65.95,-72.76,-74.14,-71.72
26,38,ward_B,ward,AP-2,-49.34,-94.28,44.94,False,-64.55,-49.34,-66.89,-66.67,-68.75,-70.5,-71.88,-69.65
27,38,ward_B,ward,AP-2,-50.94,-94.92,43.98,False,-62.58,-50.94,-63.14,-65.9,-66.38,-70.55,-70.47,-71.27
28,38,ward_B,ward,AP-2,-50.6,-92.74,42.14,False,-63.57,-50.6,-64.4,-70.5,-63.02,-66.98,-69.1,-69.33
29,38,ward_B,ward,AP-2,-49.18,-94.74,45.56,False,-58.79,-49.18,-64.71,-67.15,-65.58,-67.1,-69.43,-70.33
30,38,ward_B,ward,AP-2,-51.95,-93.78,41.83,False,-65.9,-51.95,-67.26,-72.09,-68.39,-66.79,-70.05,-70.86
31,38,ward_B,ward,AP-2,-51.92,-94.47,42.55,False,-66.33,-51.92,-60.34,-69.01,-66.62,-67.52,-72.33,-67.26
32,38,ward_B,ward,AP-2,-51.84,-94.24,42.4,False,-69.65,-51.84,-63.68,-71.16,-65.21,-63.49,-69.88,-74.15
33,38,ward_B,ward,AP-2,-49.43,-95.63,46.2,False,-66.02,-49.43,-61.42,-71.28,-62.26,-67.16,-67.45,-68.73
34,38,ward_B,ward,AP-2,-53.13,-95.89,42.76,False,-62.15,-53.13,-60.04,-70.95,-67.23,-71.04,-71.96,-67.77
35,38,ward_B,ward,AP-2,-51.35,-91.14,39.79,False,-65.98,-51.35,-59.9,-71.9,-64.99,-65.88,-68.41,-68.28
36,38,ward_B,ward,AP-2,-55.33,-94.11,38.78,False,-65.23,-55.33,-59.36,-70.04,-65.78,-69.4,-67.14,-69.57
37,38,ward_B,ward,AP-3,-54.71,-92.97,38.26,False,-70.16,-55.43,-54.71,-67.35,-60.46,-66.02,-62.95,-68.83
38,38,ward_B,ward,AP-2,-51.61,-96.91,45.3,False,-67.77,-51.61,-59.02,-71.0,-67.78,-63.62,-69.52,-67.82
39,38,ward_B,ward,AP-2,-54.72,-92.68,37.96,False,-66.35,-54.72,-57.3,-71.99,-69.47,-63.03,-67.39,-66.05
40,38,ward_C,ward,AP-3,-54.28,-96.45,42.17,False,-67.54,-58.65,-54.28,-71.13,-66.44,-63.02,-67.12,-66.93
41,38,ward_C,ward,AP-2,-53.35,-98.08,44.73,False,-66.42,-53.35,-56.09,-68.43,-67.12,-65.81,-66.68,-65.55
42,38,ward_C,ward,AP-3,-53.28,-93.2,39.92,False,-71.19,-62.32,-53.28,-68.06,-65.83,-63.15,-67.59,-66.36
43,38,ward_C,ward,AP-3,-51.75,-95.21,43.46,False,-68.65,-59.02,-51.75,-71.44,-68.01,-68.65,-65.7,-67.56
44,38,ward_C,ward,AP-3,-51.57,-97.26,45.69,False,-68.68,-56.41,-51.57,-72.44,-64.46,-67.8,-65.2,-67.56
45,38,ward_C,ward,AP-3,-51.61,-93.68,42.07,False,-70.92,-64.22,-51.61,-71.3,-68.2,-62.38,-62.05,-64.77
46,38,ward_C,ward,AP-3,-50.56,-94.38,43.82,False,-66.45,-59.71,-50.56,-73.23,-69.03,-68.72,-62.06,-65.34
47,38,ward_C,ward,AP-3,-48.52,-93.42,44.9,False,-70.86,-63.29,-48.52,-68.61,-69.15,-68.07,-64.01,-60.05
48,38,ward_C,ward,AP-3,-51.91,-93.9,41.99,False,-70.49,-60.52,-51.91,-73.46,-67.84,-62.48,-63.15,-62.38
49,38,ward_C,ward,AP-3,-51.21,-93.85,42.64,False,-70.68,-64.92,-51.21,-68.9,-68.68,-62.88,-63.92,-62.12
50,38,ward_C,ward,AP-3,-51.82,-97.45,45.63,False,-75.2,-62.11,-51.82,-76.38,-68.78,-64.7,-60.27,-61.56
51,38,ward_C,ward,AP-3,-50.84,-97.81,46.97,False,-73.15,-63.68,-50.84,-76.1,-72.18,-65.92,-60.5,-59.99
52,38,ward_C,ward,AP-3,-53.76,-94.48,40.72,False,-70.64,-64.19,-53.76,-70.43,-69.04,-67.14,-65.36,-61.95
53,38,ward_C,ward,AP-3,-48.2,-96.87,48.67,False,-69.22,-65.99,-48.2,-74.25,-71.62,-62.23,-59.7,-59.86
54,38,ward_C,ward,AP-3,-52.29,-94.83,42.54,False,-74.29,-64.1,-52.29,-71.63,-68.84,-62.8,-61.84,-55.84
55,38,ward_C,ward,AP-3,-51.9,-95.29,43.39,False,-73.15,-67.28,-51.9,-71.28,-75.07,-66.84,-61.98,-56.4
56,38,ward_C,ward,AP-3,-50.5,-95.64,45.14,False,-69.77,-66.1,-50.5,-72.46,-74.72,-64.85,-55.66,-54.48
57,38,ward_C,ward,AP-8,-55.45,-94.2,38.75,False,-73.92,-68.03,-56.25,-72.04,-70.01,-65.49,-56.32,-55.45
58,38,ward_C,ward,AP-3,-50.41,-96.27,45.86,False,-73.6,-68.58,-50.41,-74.25,-72.52,-64.7,-61.09,-51.29
59,38,ward_C,ward,AP-8,-55.75,-94.38,38.63,False,-70.47,-67.47,-56.99,-74.33,-75.61,-63.54,-59.27,-55.75
60,38,theatre_2,theatre,AP-8,-51.75,-94.22,42.47,False,-75.35,-67.21,-57.26,-76.58,-68.7,-64.54,-56.06,-51.75
61,38,theatre_2,theatre,AP-8,-51.81,-94.77,42.96,False,-73.54,-66.94,-56.07,-76.85,-70.84,-66.13,-58.9,-51.81
62,38,theatre_2,theatre,AP-8,-52.15,-95.58,43.43,False,-75.33,-66.91,-59.97,-80.91,-65.73,-65.3,-54.83,-52.15
63,38,theatre_2,theatre,AP-8,-51.77,-95.69,43.92,False,-74.22,-70.26,-57.87,-72.3,-72.8,-70.26,-57.96,-51.77
64,38,theatre_2,theatre,AP-8,-51.18,-94.36,43.18,False,-73.23,-66.98,-59.41,-72.81,-69.29,-65.58,-59.58,-51.18
65,38,theatre_2,theatre,AP-8,-48.49,-95.29,46.8,False,-78.56,-70.43,-58.2,-79.54,-69.44,-66.79,-55.25,-48.49
66,38,theatre_2,theatre,AP-8,-51.08,-95.06,43.98,False,-76.6,-72.13,-61.87,-74.86,-74.8,-66.05,-56.19,-51.08
67,38,theatre_2,theatre,AP-8,-53.48,-94.24,40.76,False,-73.31,-69.42,-63.07,-76.81,-71.43,-70.38,-54.53,-53.48
68,38,theatre_2,theatre,AP-8,-50.08,-93.04,42.96,False,-77.92,-70.22,-61.43,-78.11,-72.16,-69.38,-55.02,-50.08
69,38,theatre_2,theatre,AP-8,-51.15,-96.35,45.2,False,-75.88,-71.98,-63.48,-76.4,-73.25,-71.26,-56.94,-51.15
70,38,theatre_2,theatre,AP-8,-53.11,-95.34,42.23,False,-77.96,-68.97,-62.64,-77.82,-68.91,-69.47,-58.01,-53.11
71,38,theatre_2,theatre,AP-8,-50.48,-94.5,44.02,False,-77.1,-73.09,-64.4,-77.21,-72.82,-65.92,-55.07,-50.48
72,38,corridor_v,corridor,AP-8,-55.07,-94.67,39.6,False,-79.45,-75.08,-67.78,-85.73,-77.33,-73.05,-57.32,-55.07
73,38,corridor_v,corridor,AP-8,-54.19,-94.03,39.84,False,-78.38,-73.06,-66.97,-82.17,-76.83,-71.24,-59.43,-54.19
74,38,corridor_v,corridor,AP-8,-58.76,-92.7,33.94,False,-81.56,-78.53,-66.82,-83.59,-79.76,-75.31,-60.82,-58.76
75,38,corridor_v,corridor,AP-8,-57.89,-95.21,37.32,False,-82.13,-76.49,-69.03,-80.5,-78.61,-73.86,-61.12,-57.89
76,38,corridor_v,corridor,AP-8,-57.04,-93.84,36.8,False,-78.23,-75.13,-67.1,-83.09,-78.92,-74.72,-62.2,-57.04
77,38,corridor_v,corridor,AP-8,-59.33,-95.22,35.89,False,-80.28,-78.45,-70.2,-85.73,-78.96,-72.17,-66.41,-59.33
78,38,corridor_v,corridor,AP-7,-56.91,-96.73,39.82,False,-80.61,-75.45,-71.8,-85.03,-78.1,-73.9,-56.91,-57.51
79,38,corridor_v,corridor,AP-8,-61.58,-96.19,34.61,False,-79.97,-75.25,-69.68,-83.81,-77.25,-75.46,-63.45,-61.58
0,39,ward_A,ward,AP-1,-59.09,-93.82,34.73,False,-59.09,-65.48,-76.3,-65.31,-68.85,-74.85,-76.33,-78.41
1,39,ward_A,ward,AP-1,-52.6,-93.25,40.65,False,-52.6,-60.56,-77.21,-65.71,-68.73,-77.06,-76.26,-76.87
2,39,ward_A,ward,AP-1,-52.69,-94.92,42.23,False,-52.69,-67.64,-76.55,-65.26,-71.0,-76.24,-77.66,-74.63
3,39,ward_A,ward,AP-1,-53.64,-95.25,41.61,False,-53.64,-67.36,-72.45,-68.22,-71.83,-78.85,-75.25,-77.6
4,39,ward_A,ward,AP-1,-55.51,-94.96,39.45,False,-55.51,-66.42,-70.3,-63.65,-68.82,-72.72,-76.95,-79.37
5,39,ward_A,ward,AP-1,-52.52,-94.69,42.17,False,-52.52,-65.56,-72.34,-65.49,-67.63,-77.05,-79.94,-74.16
6,39,ward_A,ward,AP-1,-50.51,-97.98,47.47,False,-50.51,-67.44,-70.77,-66.1,-71.49,-78.73,-77.36,-74.91
7,39,ward_A,ward,AP-1,-48.42,-92.74,44.32,False,-48.42,-63.01,-74.25,-64.5,-67.29,-73.37,-74.82,-74.15
8,39,ward_A,ward,AP-1,-48.61,-93.24,44.63,False,-48.61,-61.46,-75.22,-61.71,-69.9,-74.93,-73.7,-78.51
9,39,ward_A,ward,AP-1,-46.55,-94.95,48.4,False,-46.55,-60.96,-71.63,-66.1,-68.54,-77.63,-73.66,-75.22
10,39,ward_A,ward,AP-1,-50.96,-95.08,44.12,False,-50.96,-63.22,-74.26,-63.68,-67.74,-72.38,-78.03,-74.71
11,39,ward_A,ward,AP-1,-48.6,-94.48,45.88,False,-48.6,-62.04,-71.28,-65.75,-66.42,-74.76,-75.52,-76.7
12,39,ward_A,ward,AP-1,-49.31,-95.04,45.73,False,-49.31,-64.51,-70.59,-65.29,-63.18,-70.9,-70.9,-72.17
13,39,ward_A,ward,AP-1,-49.15,-94.97,45.82,False,-49.15,-61.43,-70.63,-64.13,-66.51,-74.57,-72.06,-73.81
14,39,ward_A,ward,AP-1,-50.96,-91.05,40.09,False,-50.96,-59.15,-72.73,-65.69,-66.58,-72.88,-74.8,-75.34
15,39,ward_A,ward,AP-1,-47.99,-96.8,48.81,False,-47.99,-57.79,-65.59,-70.52,-66.9,-71.48,-76.26,-75.76
16,39,ward_A,ward,AP-1,-54.23,-95.01,40.78,False,-54.23,-62.36,-69.77,-65.1,-68.94,-72.86,-69.86,-78.15
17,39,ward_A,ward,AP-1,-54.52,-95.79,41.27,False,-54.52,-58.23,-70.54,-68.69,-65.31,-74.08,-75.79,-74.09
18,39,ward_A,ward,AP-1,-54.38,-94.61,40.23,False,-54.38,-55.56,-65.7,-64.31,-66.75,-69.78,-70.09,-74.54
19,39,ward_A,ward,AP-1,-55.65,-94.46,38.81,False,-55.65,-55.69,-68.73,-70.07,-66.09,-72.27,-74.06,-74.99
20,39,ward_B,ward,AP-1,-55.82,-94.98,39.16,False,-55.82,-59.14,-67.17,-69.86,-69.17,-70.14,-73.05,-77.06
21,39,ward_B,ward,AP-2,-56.74,-94.59,37.85,False,-56.92,-56.74,-67.53,-66.61,-70.31,-73.33,-71.91,-70.69
22,39,ward_B,ward,AP-2,-50.92,-94.42,43.5,False,-58.51,-50.92,-67.58,-67.24,-66.96,-67.77,-73.74,-72.38
23,39,ward_B,ward,AP-2,-54.32,-95.78,41.46,False,-59.99,-54.32,-65.4,-65.53,-65.93,-70.33,-70.31,-74.39
24,39,ward_B,ward,AP-2,-51.49,-93.29,41.8,False,-60.27,-51.49,-66.96,-66.44,-65.03,-68.34,-72.59,-72.19
25,39,ward_B,ward,AP-2,-48.06,-94.16,46.1,False,-57.76,-48.06,-64.38,-69.82,-64.05,-67.59,-70.5,-73.2
26,39,ward_B,ward,AP-2,-50.19,-96.5,46.31,False,-63.03,-50.19,-63.23,-67.94,-65.98,-68.41,-71.11,-67.4
27,39,ward_B,ward,AP-2,-48.2,-95.16,46.96,False,-59.91,-48.2,-60.93,-71.04,-65.25,-71.17,-73.49,-70.69
28,39,ward_B,ward,AP-2,-52.56,-94.82,42.26,False,-61.52,-52.56,-61.63,-65.13,-66.26,-67.32,-68.41,-71.02
29,39,ward_B,ward,AP-2,-46.94,-94.74,47.8,False,-62.47,-46.94,-64.83,-66.79,-69.37,-73.06,-70.85,-73.76
30,39,ward_B,ward,AP-2,-50.16,-95.16,45.0,False,-60.84,-50.16,-62.47,-68.15,-65.97,-70.34,-68.59,-70.2
31,39,ward_B,ward,AP-2,-48.0,-98.31,50.31,False,-65.09,-48.0,-62.18,-68.24,-64.72,-69.4,-69.53,-70.41
32,39,ward_B,ward,AP-2,-53.76,-94.5,40.74,False,-66.43,-53.76,-61.17,-69.72,-68.09,-67.35,-71.94,-69.26
33,39,ward_B,ward,AP-2,-46.79,-95.88,49.09,False,-66.22,-46.79,-58.17,-68.46,-64.16,-66.11,-69.88,-66.82
34,39,ward_B,ward,AP-2,-51.81,-96.2,44.39,False,-66.96,-51.81,-62.64,-70.17,-67.83,-67.58,-69.54,-67.23
35,39,ward_B,ward,AP-2,-49.51,-96.12,46.61,False,-64.96,-49.51,-59.13,-67.77,-64.44,-64.49,-68.56,-70.91
36,39,ward_B,ward,AP-2,-45.68,-90.55,44.87,False,-64.42,-45.68,-56.44,-71.58,-64.27,-68.0,-68.71,-69.56
37,39,ward_B,ward,AP-2,-54.32,-90.94,36.62,False,-66.68,-54.32,-59.09,-68.36,-67.92,-66.19,-67.55,-68.48
38,39,ward_B,ward,AP-2,-52.35,-93.47,41.12,False,-67.15,-52.35,-59.22,-71.77,-66.13,-68.95,-64.31,-64.26
39,39,ward_B,ward,AP-2,-54.58,-95.6,41.02,False,-67.42,-54.58,-57.74,-67.68,-63.36,-66.51,-67.52,-64.61
40,39,ward_C,ward,AP-3,-55.86,-93.55,37.69,False,-68.57,-57.36,-55.86,-70.45,-67.43,-65.51,-67.37,-65.55
41,39,ward_C,ward,AP-3,-53.5,-96.23,42.73,False,-65.88,-57.18,-53.5,-70.68,-64.89,-68.35,-69.44,-63.15
42,39,ward_C,ward,AP-3,-56.46,-93.26,36.8,False,-67.71,-57.96,-56.46,-69.9,-67.63,-64.41,-64.32,-66.9
43,39,ward_C,ward,AP-3,-51.27,-95.61,44.34,False,-71.44,-56.13,-51.27,-70.84,-64.33,-70.33,-65.15,-67.14
44,39,ward_C,ward,AP-3,-52.62,-96.45,43.83,False,-69.01,-59.72,-52.62,-71.34,-68.06,-67.94,-66.64,-66.17
45,39,ward_C,ward,AP-3,-49.56,-96.8,47.24,False,-69.56,-60.89,-49.56,-71.64,-68.4,-65.17,-64.99,-62.18
46,39,ward_C,ward,AP-3,-45.9,-92.46,46.56,False,-69.23,-59.51,-45.9,-73.95,-70.35,-66.55,-64.55,-63.29
47,39,ward_C,ward,AP-3,-50.43,-95.01,44.58,False,-71.76,-62.65,-50.43,-70.07,-69.37,-66.04,-64.78,-64.18
48,39,ward_C,ward,AP-3,-49.35,-96.26,46.91,False,-71.23,-64.08,-49.35,-68.66,-68.58,-65.56,-61.82,-61.81
49,39,ward_C,ward,AP-3,-48.94,-98.35,49.41,False,-73.94,-66.25,-48.94,-76.35,-67.63,-66.03,-63.77,-62.05
50,39,ward_C,ward,AP-3,-49.34,-95.78,46.44,False,-70.42,-60.88,-49.34,-71.67,-69.66,-62.66,-59.04,-62.79
51,39,ward_C,ward,AP-3,-48.99,-94.75,45.76,False,-71.57,-60.55,-48.99,-73.1,-70.2,-64.69,-59.77,-61.13
52,39,ward_C,ward,AP-3,-46.11,-95.06,48.95,False,-71.54,-63.78,-46.11,-73.62,-72.65,-67.5,-61.75,-59.86
53,39,ward_C,ward,AP-3,-50.37,-98.75,48.38,False,-73.88,-65.23,-50.37,-73.24,-66.57,-68.44,-57.14,-59.34
54,39,ward_C,ward,AP-3,-51.15,-97.06,45.91,False,-72.76,-67.19,-51.15,-72.18,-68.58,-63.47,-57.44,-61.94
55,39,ward_C,ward,AP-3,-51.65,-91.5,39.85,False,-71.54,-65.39,-51.65,-75.02,-68.23,-67.91,-57.27,-57.31
56,39,ward_C,ward,AP-3,-54.43,-93.9,39.47,False,-72.41,-67.31,-54.43,-77.15,-69.16,-64.74,-56.86,-58.58
57,39,ward_C,ward,AP-3,-51.68,-95.99,44.31,False,-73.81,-65.56,-51.68,-74.09,-75.57,-67.34,-56.67,-54.88
58,39,ward_C,ward,AP-3,-53.53,-93.77,40.24,False,-73.61,-69.84,-53.53,-72.13,-74.72,-65.19,-58.26,-56.09
59,39,ward_C,ward,AP-8,-54.25,-96.14,41.89,False,-72.13,-64.74,-55.38,-73.11,-71.26,-69.16,-58.64,-54.25
60,39,theatre_2,theatre,AP-7,-51.58,-95.4,43.82,False,-74.53,-68.73,-58.57,-72.88,-69.57,-68.23,-51.58,-54.61
61,39,theatre_2,theatre,AP-7,-53.24,-95.4,42.16,False,-70.94,-65.31,-58.71,-78.3,-69.78,-66.15,-53.24,-54.88
62,39,theatre_2,theatre,AP-7,-53.01,-95.79,42.78,False,-74.71,-69.85,-59.05,-76.6,-74.38,-66.49,-53.01,-53.26
63,39,theatre_2,theatre,AP-8,-52.48,-93.99,41.51,False,-73.79,-69.38,-59.74,-77.13,-68.08,-68.04,-57.03,-52.48
64,39,theatre_2,theatre,AP-8,-54.39,-93.11,38.72,False,-75.0,-69.01,-60.76,-76.44,-70.86,-67.12,-55.62,-54.39
65,39,theatre_2,theatre,AP-8,-51.89,-94.16,42.27,False,-75.51,-68.41,-59.63,-76.45,-74.38,-64.86,-53.36,-51.89
66,39,theatre_2,theatre,AP-8,-51.99,-93.65,41.66,False,-76.56,-67.73,-56.52,-74.81,-79.06,-70.01,-52.23,-51.99
67,39,theatre_2,theatre,AP-8,-54.21,-96.24,42.03,False,-75.84,-69.61,-58.98,-75.68,-73.62,-68.43,-54.95,-54.21
68,39,theatre_2,theatre,AP-8,-54.61,-95.65,41.04,False,-73.7,-67.42,-60.19,-75.79,-74.71,-66.43,-56.36,-54.61
69,39,theatre_2,theatre,AP-8,-56.18,-92.67,36.49,False,-78.12,-69.17,-63.48,-79.31,-72.82,-69.97,-56.82,-56.18
70,39,theatre_2,theatre,AP-8,-53.2,-97.08,43.88,False,-77.13,-68.39,-63.68,-78.72,-75.73,-69.81,-57.48,-53.2
71,39,theatre_2,theatre,AP-8,-51.67,-92.85,41.18,False,-72.87,-68.98,-67.09,-79.66,-74.34,-66.07,-57.37,-51.67
72,39,corridor_v,corridor,AP-8,-58.87,-94.91,36.04,False,-78.92,-75.48,-62.36,-82.83,-74.22,-74.36,-60.36,-58.87
73,39,corridor_v,corridor,AP-8,-55.74,-95.96,40.22,False,-80.79,-75.64,-67.99,-78.49,-76.0,-71.8,-57.89,-55.74
74,39,corridor_v,corridor,AP-8,-58.07,-95.84,37.77,False,-80.65,-77.1,-66.52,-80.73,-76.64,-75.58,-61.93,-58.07
75,39,corridor_v,corridor,AP-8,-59.53,-97.25,37.72,False,-81.51,-74.98,-65.99,-81.23,-78.67,-71.72,-60.95,-59.53
76,39,corridor_v,corridor,AP-8,-56.66,-94.53,37.87,False,-80.46,-72.77,-67.75,-80.91,-73.69,-73.4,-61.87,-56.66
77,39,corridor_v,corridor,AP-8,-59.14,-92.87,33.73,False,-79.63,-76.04,-70.68,-83.94,-80.8,-71.93,-61.53,-59.14
78,39,corridor_v,corridor,AP-8,-58.9,-95.32,36.42,False,-79.11,-80.38,-72.12,-79.03,-77.04,-71.72,-63.39,-58.9
79,39,corridor_v,corridor,AP-8,-60.98,-93.95,32.97,False,-82.76,-75.66,-72.62,-82.09,-77.33,-72.67,-63.7,-60.98
0,40,ward_A,ward,AP-1,-52.8,-93.84,41.04,False,-52.8,-67.38,-77.74,-70.01,-70.88,-76.53,-78.73,-72.2
1,40,ward_A,ward,AP-1,-54.55,-97.96,43.41,False,-54.55,-69.02,-73.4,-65.84,-70.35,-74.72,-79.66,-78.39
2,40,ward_A,ward,AP-1,-55.13,-94.68,39.55,False,-55.13,-65.78,-72.54,-65.62,-70.29,-75.74,-76.36,-76.39
3,40,ward_A,ward,AP-1,-51.42,-94.63,43.21,False,-51.42,-66.71,-74.14,-65.64,-69.78,-72.4,-75.05,-76.69
4,40,ward_A,ward,AP-1,-54.59,-94.68,40.09,False,-54.59,-69.14,-70.22,-65.99,-71.03,-74.59,-77.82,-74.91
5,40,ward_A,ward,AP-1,-50.86,-95.86,45.0,False,-50.86,-63.43,-70.6,-68.5,-73.67,-73.13,-75.87,-76.75
6,40,ward_A,ward,AP-1,-50.56,-96.22,45.66,False,-50.56,-63.28,-71.52,-67.87,-70.92,-73.66,-75.67,-80.05
7,40,ward_A,ward,AP-1,-49.07,-94.84,45.77,False,-49.07,-59.0,-72.08,-67.31,-72.63,-71.78,-74.77,-72.82
8,40,ward_A,ward,AP-1,-48.02,-94.51,46.49,False,-48.02,-67.89,-70.69,-65.99,-72.81,-73.8,-75.98,-73.83
9,40,ward_A,ward,AP-1,-46.51,-93.57,47.06,False,-46.51,-63.94,-74.66,-62.37,-68.61,-73.43,-70.39,-75.49
10,40,ward_A,ward,AP-1,-43.25,-96.34,53.09,False,-43.25,-62.37,-71.02,-64.08,-68.78,-75.09,-74.04,-77.2
11,40,ward_A,ward,AP-1,-43.23,-93.55,50.32,False,-43.23,-64.68,-67.54,-67.89,-68.44,-71.52,-77.9,-74.4
12,40,ward_A,ward,AP-1,-44.95,-94.84,49.89,False,-44.95,-64.11,-68.03,-67.12,-66.03,-71.5,-72.7,-77.33
13,40,ward_A,ward,AP-1,-49.15,-95.65,46.5,False,-49.15,-58.37,-72.16,-61.3,-69.19,-69.4,-75.43,-76.22
14,40,ward_A,ward,AP-1,-48.46,-92.44,43.98,False,-48.46,-60.96,-71.46,-65.3,-65.54,-72.2,-75.1,-69.9
15,40,ward_A,ward,AP-1,-53.75,-94.91,41.16,False,-53.75,-61.73,-67.7,-65.99,-68.86,-72.08,-75.42,-74.49
16,40,ward_A,ward,AP-1,-48.62,-93.5,44.88,False,-48.62,-56.9,-69.26,-66.81,-65.55,-71.62,-72.42,-74.62
17,40,ward_A,ward,AP-1,-51.52,-95.38,43.86,False,-51.52,-58.01,-67.24,-66.76,-67.2,-71.76,-75.37,-75.82
18,40,ward_A,ward,AP-1,-53.95,-95.32,41.37,False,-53.95,-54.16,-69.15,-69.35,-69.6,-73.61,-73.24,-71.51
19,40,ward_A,ward,AP-2,-57.39,-96.74,39.35,False,-58.14,-57.39,-67.84,-66.05,-68.8,-74.33,-73.86,-74.06
20,40,ward_B,ward,AP-2,-53.97,-94.23,40.26,False,-56.17,-53.97,-69.14,-63.53,-66.41,-67.82,-68.9,-75.89
21,40,ward_B,ward,AP-2,-52.22,-96.02,43.8,False,-61.33,-52.22,-68.28,-65.68,-64.23,-73.18,-71.47,-70.44
22,40,ward_B,ward,AP-2,-53.13,-94.89,41.76,False,-59.17,-53.13,-69.31,-68.61,-66.07,-69.54,-70.77,-72.14
23,40,ward_B,ward,AP-2,-53.28,-95.41,42.13,False,-56.48,-53.28,-64.96,-70.84,-65.16,-73.75,-72.39,-70.56
24,40,ward_B,ward,AP-2,-49.53,-96.42,46.89,False,-60.62,-49.53,-65.34,-67.56,-66.47,-68.09,-72.45,-70.76
25,40,ward_B,ward,AP-2,-48.41,-94.39,45.98,False,-58.83,-48.41,-64.05,-68.8,-64.42,-67.41,-69.27,-71.5
26,40,ward_B,ward,AP-2,-47.63,-94.05,46.42,False,-62.59,-47.63,-65.73,-71.25,-67.85,-73.88,-68.97,-70.11
27,40,ward_B,ward,AP-2,-43.98,-95.32,51.34,False,-59.78,-43.98,-66.35,-67.84,-67.12,-70.84,-71.04,-70.92
28,40,ward_B,ward,AP-2,-44.87,-94.96,50.09,False,-62.49,-44.87,-65.2,-70.03,-67.44,-68.18,-70.75,-72.97
29,40,ward_B,ward,AP-2,-45.92,-95.19,49.27,False,-59.81,-45.92,-59.45,-68.11,-70.31,-68.96,-68.14,-66.7
30,40,ward_B,ward,AP-2,-41.67,-96.33,54.66,False,-61.47,-41.67,-64.03,-71.54,-68.96,-63.31,-68.93,-71.54
31,40,ward_B,ward,AP-2,-39.54,-93.66,54.12,False,-62.21,-39.54,-61.84,-68.69,-67.22,-66.04,-70.49,-68.17
32,40,ward_B,ward,AP-2,-45.31,-92.57,47.26,False,-63.04,-45.31,-65.13,-69.93,-68.08,-68.32,-68.72,-68.72
33,40,ward_B,ward,AP-2,-51.24,-95.49,44.25,False,-68.45,-51.24,-59.56,-68.69,-63.12,-68.19,-67.13,-68.88
34,40,ward_B,ward,AP-2,-50.42,-96.37,45.95,False,-68.22,-50.42,-60.54,-70.15,-66.3,-69.49,-65.57,-68.11
35,40,ward_B,ward,AP-2,-48.11,-91.84,43.73,False,-66.27,-48.11,-60.48,-70.8,-66.9,-70.65,-66.72,-68.59
36,40,ward_B,ward,AP-2,-51.36,-94.85,43.49,False,-65.76,-51.36,-59.19,-67.86,-66.79,-66.26,-64.45,-71.66
37,40,ward_B,ward,AP-2,-52.59,-95.54,42.95,False,-66.75,-52.59,-59.16,-73.09,-66.66,-68.3,-70.16,-66.88
38,40,ward_B,ward,AP-2,-55.76,-92.87,37.11,False,-65.68,-55.76,-58.18,-69.42,-66.99,-69.64,-67.75,-66.27
39,40,ward_B,ward,AP-2,-55.6,-94.84,39.24,False,-65.44,-55.6,-59.91,-71.53,-68.87,-69.46,-65.94,-66.72
40,40,ward_C,ward,AP-3,-51.54,-94.64,43.1,False,-65.44,-55.18,-51.54,-72.93,-64.8,-69.29,-60.7,-63.88
41,40,ward_C,ward,AP-3,-56.02,-93.96,37.94,False,-66.25,-59.35,-56.02,-71.94,-69.03,-66.4,-64.44,-64.51
42,40,ward_C,ward,AP-3,-52.42,-95.19,42.77,False,-67.94,-55.77,-52.42,-70.2,-67.83,-69.69,-66.2,-68.59
43,40,ward_C,ward,AP-3,-51.98,-92.86,40.88,False,-69.2,-57.74,-51.98,-76.33,-69.36,-64.64,-62.92,-65.78
44,40,ward_C,ward,AP-3,-51.09,-95.39,44.3,False,-73.66,-57.23,-51.09,-73.48,-65.33,-69.97,-63.87,-69.38
45,40,ward_C,ward,AP-3,-53.48,-92.63,39.15,False,-67.79,-60.79,-53.48,-70.78,-65.26,-69.43,-67.43,-64.15
46,40,ward_C,ward,AP-3,-45.36,-96.39,51.03,False,-69.15,-63.74,-45.36,-75.18,-67.81,-65.3,-62.56,-61.6
47,40,ward_C,ward,AP-3,-46.12,-94.32,48.2,False,-69.67,-62.86,-46.12,-71.61,-68.45,-65.4,-58.95,-64.8
48,40,ward_C,ward,AP-3,-46.67,-92.16,45.49,False,-70.65,-59.4,-46.67,-73.72,-66.51,-65.33,-60.55,-60.41
49,40,ward_C,ward,AP-3,-49.59,-93.94,44.35,False,-71.0,-58.83,-49.59,-70.15,-69.55,-69.17,-62.6,-59.37
50,40,ward_C,ward,AP-3,-41.2,-95.14,53.94,False,-67.71,-62.74,-41.2,-69.13,-67.77,-65.35,-62.95,-60.81
51,40,ward_C,ward,AP-3,-44.19,-92.7,48.51,False,-72.03,-61.23,-44.19,-74.17,-69.23,-68.19,-62.03,-62.21
52,40,ward_C,ward,AP-3,-45.7,-96.22,50.52,False,-72.95,-59.63,-45.7,-70.51,-69.13,-68.92,-63.36,-61.42
53,40,ward_C,ward,AP-3,-37.88,-96.65,58.77,False,-69.1,-63.86,-37.88,-76.45,-74.27,-70.13,-61.39,-60.3
54,40,ward_C,ward,AP-3,-46.41,-94.99,48.58,False,-69.67,-63.99,-46.41,-75.9,-70.51,-65.59,-58.34,-59.89
55,40,ward_C,ward,AP-3,-49.93,-96.06,46.13,False,-75.57,-65.83,-49.93,-70.97,-70.72,-68.86,-57.35,-61.17
56,40,ward_C,ward,AP-3,-48.5,-93.97,45.47,False,-73.65,-67.6,-48.5,-74.15,-72.32,-64.33,-56.38,-52.18
57,40,ward_C,ward,AP-3,-51.59,-93.5,41.91,False,-75.4,-66.73,-51.59,-75.83,-67.35,-67.39,-58.52,-55.12
58,40,ward_C,ward,AP-3,-51.01,-93.92,42.91,False,-72.5,-67.83,-51.01,-74.93,-69.08,-69.87,-56.76,-57.33
59,40,ward_C,ward,AP-3,-54.42,-97.49,43.07,False,-72.93,-67.81,-54.42,-77.29,-73.39,-69.84,-54.83,-56.12
60,40,theatre_1,theatre,AP-3,-51.84,-96.19,44.35,False,-72.29,-68.04,-51.84,-74.39,-70.28,-70.24,-59.64,-57.65
61,40,theatre_1,theatre,AP-8,-52.25,-97.62,45.37,False,-74.0,-68.05,-55.13,-76.11,-73.38,-67.8,-57.79,-52.25
62,40,theatre_1,theatre,AP-7,-54.12,-96.48,42.36,False,-73.16,-66.43,-55.06,-74.75,-72.49,-63.64,-54.12,-56.74
63,40,theatre_1,theatre,AP-8,-52.91,-95.02,42.11,False,-73.56,-71.01,-56.17,-73.47,-70.35,-67.19,-53.72,-52.91
64,40,theatre_1,theatre,AP-8,-53.38,-93.4,40.02,False,-76.37,-68.72,-56.51,-78.74,-71.39,-66.16,-53.45,-53.38
65,40,theatre_1,theatre,AP-8,-52.57,-95.34,42.77,False,-69.76,-74.28,-55.82,-75.9,-70.84,-66.92,-55.68,-52.57
66,40,theatre_1,theatre,AP-7,-53.56,-97.52,43.96,False,-72.82,-65.64,-58.9,-76.7,-68.05,-67.94,-53.56,-61.45
67,40,theatre_1,theatre,AP-7,-52.8,-94.32,41.52,False,-74.36,-70.17,-57.56,-76.62,-74.07,-66.35,-52.8,-53.35
68,40,theatre_1,theatre,AP-7,-54.05,-94.47,40.42,False,-78.63,-69.6,-62.28,-75.87,-73.2,-69.89,-54.05,-56.83
69,40,theatre_1,theatre,AP-8,-53.31,-95.42,42.11,False,-75.68,-69.48,-65.85,-75.33,-74.44,-66.98,-55.44,-53.31
70,40,theatre_1,theatre,AP-8,-52.86,-94.86,42.0,False,-77.26,-70.86,-61.72,-77.01,-75.09,-69.39,-57.67,-52.86
71,40,theatre_1,theatre,AP-8,-55.33,-96.02,40.69,False,-77.45,-68.98,-60.63,-76.27,-74.58,-69.8,-56.48,-55.33
72,40,corridor_v,corridor,AP-7,-55.62,-95.72,40.1,False,-76.24,-73.97,-67.34,-84.61,-77.4,-75.68,-55.62,-57.16
73,40,corridor_v,corridor,AP-8,-58.22,-92.47,34.25,False,-80.56,-73.84,-62.61,-77.91,-76.59,-71.43,-58.48,-58.22
74,40,corridor_v,corridor,AP-8,-57.17,-93.77,36.6,False,-81.36,-77.95,-71.21,-82.16,-77.1,-71.41,-61.94,-57.17
75,40,corridor_v,corridor,AP-7,-58.94,-95.35,36.41,False,-79.47,-78.17,-67.97,-80.08,-78.45,-73.04,-58.94,-62.96
76,40,corridor_v,corridor,AP-8,-60.25,-92.91,32.66,False,-82.95,-78.32,-69.04,-82.55,-75.44,-74.26,-60.77,-60.25
77,40,corridor_v,corridor,AP-7,-62.12,-93.36,31.24,False,-81.2,-77.31,-65.44,-82.86,-76.79,-73.13,-62.12,-63.14
78,40,corridor_v,corridor,AP-7,-62.43,-97.06,34.63,False,-82.37,-76.83,-70.45,-82.78,-78.76,-72.2,-62.43,-64.53
79,40,corridor_v,corridor,AP-8,-58.25,-91.54,33.29,False,-80.29,-74.04,-70.2,-84.02,-78.79,-73.23,-59.34,-58.25
0,41,ward_A,ward,AP-1,-54.06,-96.04,41.98,False,-54.06,-63.94,-70.95,-66.97,-73.42,-77.1,-74.46,-78.64
1,41,ward_A,ward,AP-1,-53.95,-96.1,42.15,False,-53.95,-66.3,-70.36,-66.3,-70.97,-76.74,-77.93,-79.52
2,41,ward_A,ward,AP-1,-49.14,-93.25,44.11,False,-49.14,-67.43,-72.54,-70.34,-71.08,-75.98,-74.54,-76.57
3,41,ward_A,ward,AP-1,-53.64,-94.94,41.3,False,-53.64,-69.01,-73.27,-67.05,-72.74,-80.65,-74.88,-78.8
4,41,ward_A,ward,AP-1,-47.42,-94.95,47.53,False,-47.42,-68.47,-74.76,-68.33,-70.46,-72.01,-78.03,-74.21
5,41,ward_A,ward,AP-1,-48.61,-92.98,44.37,False,-48.61,-66.54,-72.54,-65.74,-68.51,-73.93,-75.28,-78.19
6,41,ward_A,ward,AP-1,-46.9,-93.93,47.03,False,-46.9,-61.79,-72.77,-64.54,-68.67,-74.32,-78.1,-77.64
7,41,ward_A,ward,AP-1,-46.37,-96.23,49.86,False,-46.37,-63.51,-69.32,-68.4,-66.91,-75.84,-74.61,-76.77
8,41,ward_A,ward,AP-1,-43.58,-94.41,50.83,False,-43.58,-63.45,-71.99,-66.93,-67.38,-70.64,-74.38,-75.46
9,41,ward_A,ward,AP-1,-45.31,-96.39,51.08,False,-45.31,-62.37,-68.33,-66.35,-66.25,-71.99,-72.46,-76.6
10,41,ward_A,ward,AP-1,-43.54,-93.43,49.89,False,-43.54,-66.32,-69.34,-64.09,-69.81,-71.09,-75.24,-73.78
11,41,ward_A,ward,AP-1,-43.47,-93.99,50.52,False,-43.47,-64.82,-68.34,-67.39,-69.35,-70.69,-74.71,-77.84
12,41,ward_A,ward,AP-1,-44.67,-94.63,49.96,False,-44.67,-64.71,-69.24,-63.14,-67.93,-71.58,-72.72,-75.73
13,41,ward_A,ward,AP-1,-49.69,-92.48,42.79,False,-49.69,-61.68,-70.92,-68.84,-68.36,-75.89,-70.84,-69.32
14,41,ward_A,ward,AP-1,-46.07,-94.71,48.64,False,-46.07,-63.44,-69.95,-67.33,-68.25,-71.74,-78.03,-72.03
15,41,ward_A,ward,AP-1,-51.46,-96.53,45.07,False,-51.46,-62.58,-65.64,-65.82,-67.34,-72.36,-77.65,-74.51
16,41,ward_A,ward,AP-1,-46.32,-95.49,49.17,False,-46.32,-59.46,-69.02,-64.85,-67.04,-67.24,-73.53,-71.69
17,41,ward_A,ward,AP-1,-51.57,-93.6,42.03,False,-51.57,-57.17,-72.77,-67.52,-69.07,-71.51,-73.68,-74.66
18,41,ward_A,ward,AP-1,-51.88,-93.35,41.47,False,-51.88,-57.26,-67.32,-65.04,-65.31,-73.8,-75.77,-72.42
19,41,ward_A,ward,AP-1,-54.96,-95.11,40.15,False,-54.96,-55.71,-65.68,-67.44,-66.18,-68.0,-72.02,-75.9
20,41,ward_B,ward,AP-2,-54.92,-95.57,40.65,False,-56.89,-54.92,-67.46,-68.3,-67.46,-68.96,-75.18,-74.02
21,41,ward_B,ward,AP-2,-52.2,-93.57,41.37,False,-57.33,-52.2,-71.71,-65.4,-63.51,-72.36,-68.62,-74.17
22,41,ward_B,ward,AP-2,-53.32,-93.32,40.0,False,-57.87,-53.32,-63.8,-65.49,-68.15,-72.76,-71.2,-74.49
23,41,ward_B,ward,AP-2,-49.64,-92.43,42.79,False,-56.78,-49.64,-65.69,-69.07,-64.68,-70.78,-71.93,-73.21
24,41,ward_B,ward,AP-2,-48.03,-95.86,47.83,False,-58.07,-48.03,-67.81,-67.4,-67.44,-73.15,-73.98,-75.28
25,41,ward_B,ward,AP-2,-47.2,-98.96,51.76,False,-58.75,-47.2,-64.07,-66.9,-67.24,-73.0,-72.79,-73.32
26,41,ward_B,ward,AP-2,-47.7,-94.64,46.94,False,-62.01,-47.7,-69.36,-68.62,-64.71,-69.0,-71.52,-71.73
27,41,ward_B,ward,AP-2,-46.95,-95.06,48.11,False,-61.66,-46.95,-64.48,-68.5,-65.95,-72.94,-71.71,-71.05
28,41,ward_B,ward,AP-2,-46.4,-94.36,47.96,False,-60.46,-46.4,-63.79,-68.86,-66.17,-70.61,-72.62,-67.37
29,41,ward_B,ward,AP-2,-39.99,-94.18,54.19,False,-59.78,-39.99,-60.69,-67.85,-66.69,-70.0,-68.44,-75.42
30,41,ward_B,ward,AP-2,-41.77,-95.86,54.09,False,-61.03,-41.77,-59.52,-68.17,-67.42,-70.01,-70.65,-67.61
31,41,ward_B,ward,AP-2,-46.06,-97.17,51.11,False,-63.83,-46.06,-60.01,-72.36,-64.01,-70.45,-67.36,-71.33
32,41,ward_B,ward,AP-2,-46.28,-94.77,48.49,False,-66.92,-46.28,-63.61,-70.83,-65.1,-67.86,-69.7,-70.14
33,41,ward_B,ward,AP-2,-47.37,-95.5,48.13,False,-64.27,-47.37,-56.25,-71.0,-67.77,-66.75,-65.69,-66.67
34,41,ward_B,ward,AP-2,-50.46,-93.86,43.4,False,-65.54,-50.46,-58.31,-70.85,-71.44,-68.28,-66.9,-67.56
35,41,ward_B,ward,AP-2,-48.27,-94.21,45.94,False,-63.08,-48.27,-58.27,-70.18,-68.72,-71.45,-64.15,-64.55
36,41,ward_B,ward,AP-2,-52.81,-93.42,40.61,False,-63.43,-52.81,-57.92,-70.35,-65.8,-68.27,-67.32,-68.66
37,41,ward_B,ward,AP-2,-53.19,-93.58,40.39,False,-67.2,-53.19,-57.98,-69.49,-65.47,-69.96,-67.99,-65.34
38,41,ward_B,ward,AP-3,-53.92,-92.99,39.07,False,-62.13,-56.05,-53.92,-72.91,-67.56,-71.08,-69.73,-70.98
39,41,ward_B,ward,AP-2,-51.48,-95.16,43.68,False,-67.13,-51.48,-60.09,-73.24,-66.49,-66.94,-66.16,-67.58
40,41,ward_C,ward,AP-3,-52.49,-96.24,43.75,False,-69.0,-56.84,-52.49,-73.11,-65.6,-65.42,-67.17,-67.74
41,41,ward_C,ward,AP-3,-54.38,-94.93,40.55,False,-71.32,-54.71,-54.38,-70.78,-66.03,-65.8,-67.55,-69.39
42,41,ward_C,ward,AP-3,-52.04,-95.89,43.85,False,-66.82,-55.24,-52.04,-70.97,-68.52,-64.49,-67.48,-67.28
43,41,ward_C,ward,AP-3,-51.44,-95.66,44.22,False,-71.46,-54.04,-51.44,-69.64,-71.44,-68.08,-67.69,-67.2
44,41,ward_C,ward,AP-3,-51.17,-96.6,45.43,False,-73.93,-60.09,-51.17,-70.77,-67.27,-66.6,-63.17,-64.5
45,41,ward_C,ward,AP-3,-47.66,-92.33,44.67,False,-68.16,-60.65,-47.66,-69.95,-66.52,-67.41,-64.14,-64.59
46,41,ward_C,ward,AP-3,-47.82,-96.04,48.22,False,-70.12,-59.74,-47.82,-72.8,-71.88,-69.84,-63.68,-60.41
47,41,ward_C,ward,AP-3,-44.74,-96.48,51.74,False,-70.43,-62.34,-44.74,-73.58,-64.72,-64.99,-62.64,-66.62
48,41,ward_C,ward,AP-3,-43.74,-96.74,53.0,False,-70.51,-65.17,-43.74,-73.28,-67.47,-69.67,-64.24,-62.57
49,41,ward_C,ward,AP-3,-45.82,-91.68,45.86,False,-69.54,-63.19,-45.82,-71.61,-70.04,-68.25,-63.84,-58.97
50,41,ward_C,ward,AP-3,-43.1,-94.21,51.11,False,-69.92,-62.12,-43.1,-73.65,-70.89,-68.44,-59.53,-64.29
51,41,ward_C,ward,AP-3,-45.65,-93.96,48.31,False,-71.88,-61.49,-45.65,-74.75,-70.67,-68.59,-59.67,-59.2
52,41,ward_C,ward,AP-3,-47.24,-96.23,48.99,False,-71.83,-63.26,-47.24,-71.3,-69.93,-65.89,-58.17,-61.24
53,41,ward_C,ward,AP-3,-49.64,-95.73,46.09,False,-71.45,-65.28,-49.64,-75.85,-65.95,-64.68,-56.93,-60.86
54,41,ward_C,ward,AP-3,-44.15,-94.85,50.7,False,-70.3,-69.5,-44.15,-72.48,-72.69,-64.81,-60.98,-60.44
55,41,ward_C,ward,AP-3,-48.78,-96.51,47.73,False,-74.02,-66.85,-48.78,-70.57,-71.78,-69.45,-59.84,-58.89
56,41,ward_C,ward,AP-3,-50.8,-93.68,42.88,False,-73.19,-66.58,-50.8,-73.72,-72.84,-67.15,-57.83,-59.35
57,41,ward_C,ward,AP-3,-53.32,-94.09,40.77,False,-72.11,-61.67,-53.32,-73.9,-67.66,-66.59,-56.01,-57.68
58,41,ward_C,ward,AP-3,-53.03,-97.49,44.46,False,-70.92,-63.57,-53.03,-74.61,-74.21,-67.81,-58.99,-58.11
59,41,ward_C,ward,AP-3,-53.51,-93.12,39.61,False,-75.76,-67.96,-53.51,-74.47,-71.33,-67.45,-55.83,-59.27
60,41,theatre_1,theatre,AP-3,-52.17,-92.97,40.8,False,-73.4,-66.13,-52.17,-73.65,-73.27,-67.79,-56.47,-55.8
61,41,theatre_1,theatre,AP-7,-54.56,-94.57,40.01,False,-74.51,-68.11,-54.79,-73.59,-68.96,-67.8,-54.56,-55.31
62,41,theatre_1,theatre,AP-8,-52.84,-94.63,41.79,False,-72.92,-69.32,-57.01,-72.38,-72.31,-71.39,-54.32,-52.84
63,41,theatre_1,theatre,AP-7,-50.3,-95.94,45.64,False,-75.84,-64.34,-56.88,-73.79,-73.01,-67.51,-50.3,-55.16
64,41,theatre_1,theatre,AP-8,-52.17,-94.39,42.22,False,-73.29,-70.81,-57.19,-78.34,-75.13,-69.03,-54.1,-52.17
65,41,theatre_1,theatre,AP-8,-53.23,-96.05,42.82,False,-74.18,-68.27,-59.8,-74.26,-71.11,-64.64,-54.24,-53.23
66,41,theatre_1,theatre,AP-8,-50.14,-95.93,45.79,False,-77.87,-69.67,-56.57,-77.27,-73.64,-69.01,-54.7,-50.14
67,41,theatre_1,theatre,AP-7,-50.72,-94.63,43.91,False,-73.32,-69.49,-64.08,-77.83,-72.25,-69.9,-50.72,-56.74
68,41,theatre_1,theatre,AP-7,-51.93,-95.03,43.1,False,-73.65,-70.91,-60.46,-75.72,-73.7,-71.17,-51.93,-55.68
69,41,theatre_1,theatre,AP-7,-52.07,-94.5,42.43,False,-81.82,-70.08,-63.06,-78.12,-70.12,-67.88,-52.07,-55.92
70,41,theatre_1,theatre,AP-7,-53.79,-94.7,40.91,False,-78.18,-70.38,-63.85,-77.5,-72.8,-69.2,-53.79,-54.08
71,41,theatre_1,theatre,AP-7,-53.52,-94.0,40.48,False,-72.75,-69.21,-58.5,-74.01,-68.65,-71.6,-53.52,-57.7
72,41,corridor_v,corridor,AP-7,-57.81,-95.26,37.45,False,-78.77,-74.45,-68.71,-81.71,-78.55,-70.03,-57.81,-58.92
73,41,corridor_v,corridor,AP-7,-59.63,-94.25,34.62,False,-80.57,-76.38,-66.79,-82.71,-80.82,-73.44,-59.63,-60.26
74,41,corridor_v,corridor,AP-7,-56.69,-93.92,37.23,False,-82.49,-72.93,-66.88,-80.59,-77.93,-73.69,-56.69,-62.64
75,41,corridor_v,corridor,AP-8,-58.91,-95.66,36.75,False,-80.95,-74.27,-68.48,-82.22,-78.61,-73.19,-59.9,-58.91
76,41,corridor_v,corridor,AP-7,-58.58,-96.71,38.13,False,-83.97,-78.08,-69.84,-80.56,-78.5,-75.36,-58.58,-61.72
77,41,corridor_v,corridor,AP-7,-59.08,-93.05,33.97,False,-82.33,-79.81,-68.58,-82.65,-79.98,-73.7,-59.08,-62.18
78,41,corridor_v,corridor,AP-7,-61.34,-95.41,34.07,False,-83.64,-75.61,-68.3,-83.92,-75.66,-72.32,-61.34,-65.87
79,41,corridor_v,corridor,AP-7,-59.96,-94.71,34.75,False,-79.59,-78.63,-71.35,-82.38,-81.14,-75.93,-59.96,-63.56
0,42,ward_A,ward,AP-1,-56.84,-94.02,37.18,False,-56.84,-67.85,-72.38,-69.92,-75.55,-72.65,-73.38,-77.22
1,42,ward_A,ward,AP-1,-51.94,-92.67,40.73,False,-51.94,-68.97,-74.6,-67.93,-69.14,-73.85,-77.03,-73.94
2,42,ward_A,ward,AP-1,-52.59,-98.24,45.65,False,-52.59,-66.87,-71.86,-68.43,-70.46,-73.97,-75.43,-78.04
3,42,ward_A,ward,AP-1,-52.27,-98.23,45.96,False,-52.27,-67.67,-72.2,-67.39,-69.98,-76.69,-72.05,-76.91
4,42,ward_A,ward,AP-1,-48.73,-96.26,47.53,False,-48.73,-63.71,-74.72,-67.07,-71.14,-77.0,-75.89,-76.37
5,42,ward_A,ward,AP-1,-46.24,-95.87,49.63,False,-46.24,-61.82,-72.34,-67.65,-70.45,-72.6,-76.47,-76.44
6,42,ward_A,ward,AP-1,-41.64,-92.33,50.69,False,-41.64,-64.9,-68.22,-63.87,-69.68,-77.12,-74.03,-74.12
7,42,ward_A,ward,AP-1,-45.28,-94.13,48.85,False,-45.28,-68.21,-71.83,-69.63,-70.68,-73.28,-78.96,-74.77
8,42,ward_A,ward,AP-1,-40.9,-95.82,54.92,False,-40.9,-66.3,-71.36,-67.08,-71.02,-70.63,-79.89,-81.22
9,42,ward_A,ward,AP-1,-39.47,-94.13,54.66,False,-39.47,-62.84,-75.45,-71.58,-66.72,-72.18,-74.94,-76.28
10,42,ward_A,ward,AP-1,-38.7,-95.68,56.98,False,-38.7,-61.16,-69.71,-68.04,-71.53,-70.47,-75.75,-71.16
11,42,ward_A,ward,AP-1,-40.35,-94.67,54.32,False,-40.35,-63.64,-70.79,-65.99,-71.03,-69.09,-71.82,-74.79
12,42,ward_A,ward,AP-1,-42.7,-94.78,52.08,False,-42.7,-60.35,-71.06,-67.67,-69.19,-73.55,-77.62,-75.95
13,42,ward_A,ward,AP-1,-41.63,-91.68,50.05,False,-41.63,-62.34,-71.67,-65.62,-68.01,-73.94,-72.82,-78.29
14,42,ward_A,ward,AP-1,-48.2,-94.1,45.9,False,-48.2,-60.81,-72.82,-64.11,-67.47,-70.34,-77.52,-74.34
15,42,ward_A,ward,AP-1,-48.07,-94.56,46.49,False,-48.07,-58.36,-70.3,-68.18,-70.38,-74.88,-73.89,-76.47
16,42,ward_A,ward,AP-1,-51.01,-95.09,44.08,False,-51.01,-58.06,-68.02,-64.17,-69.76,-71.74,-73.57,-74.74
17,42,ward_A,ward,AP-1,-47.98,-95.9,47.92,False,-47.98,-58.7,-69.26,-66.66,-70.73,-69.34,-74.19,-73.27
18,42,ward_A,ward,AP-1,-51.17,-94.74,43.57,False,-51.17,-60.39,-67.2,-65.2,-64.6,-71.66,-72.64,-74.22
19,42,ward_A,ward,AP-1,-53.73,-94.09,40.36,False,-53.73,-54.31,-67.15,-66.52,-67.04,-70.08,-73.32,-72.64
20,42,ward_B,ward,AP-1,-52.19,-96.48,44.29,False,-52.19,-54.92,-66.96,-67.32,-65.26,-71.68,-69.31,-70.86
21,42,ward_B,ward,AP-2,-52.73,-94.67,41.94,False,-55.88,-52.73,-68.86,-66.54,-71.24,-69.92,-75.23,-68.89
22,42,ward_B,ward,AP-2,-52.42,-96.52,44.1,False,-53.65,-52.42,-67.35,-68.61,-65.48,-71.42,-76.63,-73.29
23,42,ward_B,ward,AP-2,-52.67,-94.72,42.05,False,-55.62,-52.67,-67.11,-68.13,-65.48,-68.32,-72.29,-72.65
24,42,ward_B,ward,AP-2,-47.93,-98.86,50.93,False,-57.79,-47.93,-64.96,-66.99,-67.89,-71.36,-73.62,-72.02
25,42,ward_B,ward,AP-2,-43.93,-92.49,48.56,False,-61.41,-43.93,-67.89,-70.33,-69.05,-72.26,-74.24,-74.55
26,42,ward_B,ward,AP-2,-45.1,-91.8,46.7,False,-61.14,-45.1,-64.45,-71.16,-66.46,-70.3,-72.62,-68.78
27,42,ward_B,ward,AP-2,-44.16,-95.33,51.17,False,-57.68,-44.16,-65.42,-67.87,-70.42,-70.04,-70.94,-69.03
28,42,ward_B,ward,AP-2,-39.56,-97.22,57.66,False,-62.57,-39.56,-65.21,-72.93,-68.17,-71.88,-66.24,-69.03
29,42,ward_B,ward,AP-2,-44.69,-95.96,51.27,False,-62.38,-44.69,-62.36,-75.25,-67.38,-73.49,-69.67,-68.15
30,42,ward_B,ward,AP-2,-43.62,-94.47,50.85,False,-60.21,-43.62,-57.12,-72.75,-68.69,-68.73,-71.06,-70.17
31,42,ward_B,ward,AP-2,-38.42,-95.85,57.43,False,-60.91,-38.42,-64.41,-67.21,-69.6,-70.57,-67.91,-68.8
32,42,ward_B,ward,AP-2,-39.71,-93.76,54.05,False,-64.78,-39.71,-61.4,-71.92,-67.52,-66.57,-69.39,-67.42
33,42,ward_B,ward,AP-2,-45.82,-94.52,48.7,False,-63.33,-45.82,-62.98,-70.49,-65.26,-69.06,-67.09,-66.47
34,42,ward_B,ward,AP-2,-42.1,-95.03,52.93,False,-64.79,-42.1,-59.78,-68.01,-67.62,-68.99,-68.96,-71.9
35,42,ward_B,ward,AP-2,-47.99,-96.12,48.13,False,-67.96,-47.99,-57.83,-71.83,-68.77,-66.57,-67.77,-67.95
36,42,ward_B,ward,AP-2,-49.51,-93.24,43.73,False,-65.33,-49.51,-55.95,-71.23,-69.32,-66.79,-66.97,-65.9
37,42,ward_B,ward,AP-2,-49.61,-94.1,44.49,False,-67.33,-49.61,-54.97,-70.91,-64.95,-69.46,-64.27,-63.57
38,42,ward_B,ward,AP-2,-52.52,-94.23,41.71,False,-66.39,-52.52,-56.32,-69.8,-63.76,-69.07,-66.89,-67.47
39,42,ward_B,ward,AP-2,-52.17,-93.9,41.73,False,-67.95,-52.17,-58.48,-70.43,-69.34,-64.97,-65.64,-65.96
40,42,ward_C,ward,AP-2,-52.05,-97.06,45.01,False,-67.1,-52.05,-55.94,-73.12,-67.49,-66.39,-67.43,-65.77
41,42,ward_C,ward,AP-2,-50.61,-95.64,45.03,False,-66.44,-50.61,-53.41,-73.43,-66.79,-66.5,-65.39,-65.71
42,42,ward_C,ward,AP-3,-54.12,-94.94,40.82,False,-71.88,-56.23,-54.12,-72.93,-66.19,-66.02,-64.63,-69.06
43,42,ward_C,ward,AP-3,-51.27,-95.68,44.41,False,-70.18,-57.22,-51.27,-71.09,-67.72,-68.27,-64.76,-65.25
44,42,ward_C,ward,AP-3,-53.39,-94.71,41.32,False,-67.66,-59.61,-53.39,-68.91,-68.86,-63.46,-67.12,-64.72
45,42,ward_C,ward,AP-3,-43.64,-96.1,52.46,False,-67.99,-58.82,-43.64,-73.97,-68.0,-67.12,-62.11,-63.47
46,42,ward_C,ward,AP-3,-48.87,-95.6,46.73,False,-70.22,-62.08,-48.87,-74.87,-65.26,-66.92,-65.18,-61.48
47,42,ward_C,ward,AP-3,-42.88,-95.53,52.65,False,-70.92,-57.3,-42.88,-70.96,-68.66,-69.18,-63.09,-63.8
48,42,ward_C,ward,AP-3,-42.52,-95.54,53.02,False,-66.92,-59.32,-42.52,-76.03,-68.35,-66.56,-60.51,-59.59
49,42,ward_C,ward,AP-3,-39.03,-95.17,56.14,False,-70.04,-61.74,-39.03,-72.5,-67.33,-69.23,-59.48,-64.56
50,42,ward_C,ward,AP-3,-35.06,-93.46,58.4,False,-72.33,-65.28,-35.06,-74.48,-69.55,-65.28,-61.32,-62.41
51,42,ward_C,ward,AP-3,-40.28,-95.59,55.31,False,-72.36,-60.83,-40.28,-73.19,-69.52,-66.68,-62.36,-62.55
52,42,ward_C,ward,AP-3,-41.05,-97.27,56.22,False,-69.39,-63.28,-41.05,-73.8,-71.26,-66.99,-62.59,-62.1
53,42,ward_C,ward,AP-3,-43.66,-91.64,47.98,False,-70.58,-65.53,-43.66,-72.6,-70.05,-66.39,-60.68,-59.86
54,42,ward_C,ward,AP-3,-47.3,-95.73,48.43,False,-72.8,-63.28,-47.3,-77.94,-68.35,-69.38,-60.81,-60.1
55,42,ward_C,ward,AP-3,-49.31,-95.1,45.79,False,-73.15,-63.51,-49.31,-73.87,-71.9,-68.54,-59.42,-58.41
56,42,ward_C,ward,AP-3,-49.19,-93.55,44.36,False,-70.56,-66.35,-49.19,-76.47,-73.42,-70.22,-50.94,-61.44
57,42,ward_C,ward,AP-3,-54.28,-95.07,40.79,False,-74.45,-68.46,-54.28,-72.21,-71.0,-61.11,-55.25,-58.39
58,42,ward_C,ward,AP-3,-48.91,-95.04,46.13,False,-74.43,-67.94,-48.91,-74.96,-72.3,-66.0,-55.95,-58.9
59,42,ward_C,ward,AP-3,-55.84,-94.28,38.44,False,-74.5,-65.54,-55.84,-73.04,-72.97,-70.14,-56.34,-59.01
60,42,theatre_1,theatre,AP-3,-53.74,-94.95,41.21,False,-69.97,-68.34,-53.74,-74.13,-70.37,-69.62,-53.99,-57.39
61,42,theatre_1,theatre,AP-7,-56.3,-95.94,39.64,False,-71.66,-68.42,-56.36,-77.78,-68.87,-66.14,-56.3,-57.73
62,42,theatre_1,theatre,AP-7,-50.86,-94.22,43.36,False,-73.53,-67.32,-54.69,-77.87,-72.51,-67.55,-50.86,-57.1
63,42,theatre_1,theatre,AP-7,-52.15,-95.32,43.17,False,-74.13,-64.27,-55.19,-75.59,-71.73,-64.46,-52.15,-55.62
64,42,theatre_1,theatre,AP-7,-47.34,-96.05,48.71,False,-73.08,-69.83,-55.88,-78.6,-70.92,-68.24,-47.34,-57.25
65,42,theatre_1,theatre,AP-7,-53.78,-96.32,42.54,False,-72.71,-69.62,-60.5,-78.45,-72.78,-67.47,-53.78,-54.24
66,42,theatre_1,theatre,AP-7,-52.2,-93.83,41.63,False,-78.23,-70.13,-60.32,-73.31,-73.91,-70.22,-52.2,-56.35
67,42,theatre_1,theatre,AP-7,-47.82,-96.6,48.78,False,-77.09,-73.88,-60.27,-75.71,-70.74,-66.03,-47.82,-54.65
68,42,theatre_1,theatre,AP-7,-53.77,-97.37,43.6,False,-74.76,-70.92,-63.53,-73.43,-74.64,-67.53,-53.77,-55.17
69,42,theatre_1,theatre,AP-7,-52.28,-97.91,45.63,False,-76.1,-71.51,-60.38,-76.32,-73.19,-72.0,-52.28,-57.11
70,42,theatre_1,theatre,AP-8,-53.67,-94.86,41.19,False,-78.59,-73.52,-62.72,-74.77,-75.83,-67.63,-54.59,-53.67
71,42,theatre_1,theatre,AP-7,-55.65,-94.13,38.48,False,-78.37,-71.82,-59.91,-74.39,-76.3,-69.96,-55.65,-56.16
72,42,corridor_v,corridor,AP-7,-57.54,-94.57,37.03,False,-81.15,-73.8,-66.23,-79.33,-81.02,-71.74,-57.54,-60.88
73,42,corridor_v,corridor,AP-7,-57.04,-95.12,38.08,False,-82.63,-73.58,-71.38,-82.51,-76.24,-77.25,-57.04,-63.41
74,42,corridor_v,corridor,AP-7,-59.92,-97.12,37.2,False,-81.3,-77.18,-67.21,-83.13,-77.53,-75.7,-59.92,-60.7
75,42,corridor_v,corridor,AP-7,-57.13,-97.73,40.6,False,-77.45,-78.42,-65.01,-80.59,-77.03,-77.42,-57.13,-61.57
76,42,corridor_v,corridor,AP-7,-60.13,-93.12,32.99,False,-80.55,-73.2,-68.79,-82.04,-76.66,-73.32,-60.13,-60.13
77,42,corridor_v,corridor,AP-8,-60.67,-94.03,33.36,False,-81.04,-77.3,-66.17,-85.63,-76.23,-70.75,-61.81,-60.67
78,42,corridor_v,corridor,AP-7,-61.68,-92.18,30.5,False,-80.13,-74.01,-68.77,-84.96,-79.72,-74.29,-61.68,-61.8
79,42,corridor_v,corridor,AP-7,-61.27,-98.23,36.96,False,-83.83,-76.36,-72.01,-82.55,-75.51,-72.91,-61.27,-62.53
0,43,ward_A,ward,AP-1,-51.9,-93.4,41.5,False,-51.9,-67.57,-74.42,-70.16,-71.52,-74.85,-77.39,-75.28
1,43,ward_A,ward,AP-1,-51.16,-93.56,42.4,False,-51.16,-67.34,-71.0,-64.89,-73.16,-73.82,-76.25,-78.66
2,43,ward_A,ward,AP-1,-51.17,-96.7,45.53,False,-51.17,-68.34,-74.37,-69.39,-69.16,-79.14,-75.02,-81.58
3,43,ward_A,ward,AP-1,-48.94,-96.19,47.25,False,-48.94,-64.73,-73.07,-71.74,-67.38,-76.69,-79.03,-75.29
4,43,ward_A,ward,AP-1,-50.97,-97.53,46.56,False,-50.97,-65.78,-72.17,-69.8,-65.01,-74.52,-76.28,-77.3
5,43,ward_A,ward,AP-1,-46.51,-94.2,47.69,False,-46.51,-63.89,-71.86,-69.79,-70.47,-75.71,-74.07,-76.75
6,43,ward_A,ward,AP-1,-46.05,-92.04,45.99,False,-46.05,-66.54,-73.24,-68.55,-74.51,-75.89,-75.36,-78.77
7,43,ward_A,ward,AP-1,-42.44,-95.62,53.18,False,-42.44,-65.18,-73.55,-72.73,-71.14,-70.01,-79.48,-78.61
8,43,ward_A,ward,AP-1,-37.77,-94.87,57.1,False,-37.77,-63.49,-73.84,-65.16,-72.77,-74.94,-73.84,-74.6
9,43,ward_A,ward,AP-1,-35.19,-93.09,57.9,False,-35.19,-63.58,-70.8,-68.74,-70.87,-74.53,-76.56,-74.92
10,43,ward_A,ward,AP-1,-34.29,-93.94,59.65,False,-34.29,-59.81,-70.8,-67.61,-70.57,-74.98,-77.05,-76.06
11,43,ward_A,ward,AP-1,-33.21,-95.31,62.1,False,-33.21,-59.41,-71.31,-69.58,-71.3,-74.49,-70.18,-78.36
12,43,ward_A,ward,AP-1,-40.49,-94.8,54.31,False,-40.49,-60.05,-72.97,-65.88,-70.06,-69.5,-74.42,-74.64
13,43,ward_A,ward,AP-1,-39.19,-96.53,57.34,False,-39.19,-59.12,-68.99,-67.89,-71.37,-73.54,-72.81,-74.9
14,43,ward_A,ward,AP-1,-44.27,-96.02,51.75,False,-44.27,-59.3,-72.06,-67.25,-68.82,-76.31,-73.94,-77.09
15,43,ward_A,ward,AP-1,-45.86,-95.95,50.09,False,-45.86,-61.43,-70.85,-70.91,-69.36,-74.8,-74.57,-73.2
16,43,ward_A,ward,AP-1,-49.99,-93.07,43.08,False,-49.99,-58.89,-71.79,-68.45,-70.55,-67.95,-75.72,-72.12
17,43,ward_A,ward,AP-1,-50.4,-93.37,42.97,False,-50.4,-57.75,-69.97,-67.38,-70.39,-73.94,-72.76,-72.01
18,43,ward_A,ward,AP-1,-50.49,-95.43,44.94,False,-50.49,-56.29,-70.72,-65.68,-68.37,-76.02,-69.83,-74.84
19,43,ward_A,ward,AP-1,-48.04,-95.08,47.04,False,-48.04,-56.93,-66.42,-65.81,-68.52,-70.97,-73.19,-71.98
20,43,ward_B,ward,AP-2,-51.54,-95.76,44.22,False,-51.98,-51.54,-65.57,-65.99,-71.53,-76.14,-73.64,-74.25
21,43,ward_B,ward,AP-2,-51.81,-95.26,43.45,False,-55.74,-51.81,-67.77,-67.85,-66.0,-73.04,-72.98,-69.78
22,43,ward_B,ward,AP-2,-50.69,-93.88,43.19,False,-54.15,-50.69,-68.22,-68.5,-66.33,-72.99,-73.24,-70.41
23,43,ward_B,ward,AP-2,-51.39,-96.86,45.47,False,-56.81,-51.39,-63.77,-70.44,-72.12,-72.75,-68.8,-73.76
24,43,ward_B,ward,AP-2,-51.47,-96.52,45.05,False,-59.97,-51.47,-68.13,-66.27,-70.53,-71.02,-67.42,-71.93
25,43,ward_B,ward,AP-2,-45.1,-95.62,50.52,False,-55.69,-45.1,-63.68,-69.04,-70.8,-70.89,-69.78,-72.84
26,43,ward_B,ward,AP-2,-43.46,-94.71,51.25,False,-61.01,-43.46,-66.54,-68.78,-63.84,-67.4,-73.56,-68.18
27,43,ward_B,ward,AP-2,-40.51,-94.16,53.65,False,-61.71,-40.51,-63.72,-66.96,-68.08,-72.47,-69.95,-69.62
28,43,ward_B,ward,AP-2,-38.07,-95.78,57.71,False,-59.52,-38.07,-64.21,-70.15,-65.94,-70.55,-70.02,-71.03
29,43,ward_B,ward,AP-2,-34.62,-94.04,59.42,False,-60.22,-34.62,-62.21,-67.85,-69.48,-69.22,-69.84,-70.7
30,43,ward_B,ward,AP-2,-33.23,-93.64,60.41,False,-61.96,-33.23,-66.19,-71.4,-69.81,-69.54,-70.12,-71.61
31,43,ward_B,ward,AP-2,-35.99,-93.93,57.94,False,-65.42,-35.99,-62.44,-70.28,-66.4,-69.78,-69.48,-64.52
32,43,ward_B,ward,AP-2,-41.25,-95.18,53.93,False,-62.76,-41.25,-57.91,-68.48,-65.93,-68.99,-68.54,-69.1
33,43,ward_B,ward,AP-2,-39.74,-95.78,56.04,False,-61.95,-39.74,-63.46,-68.11,-69.09,-69.14,-70.65,-70.84
34,43,ward_B,ward,AP-2,-43.9,-93.54,49.64,False,-64.4,-43.9,-58.61,-68.09,-72.38,-67.01,-67.96,-70.37
35,43,ward_B,ward,AP-2,-45.85,-95.76,49.91,False,-66.51,-45.85,-57.39,-68.89,-69.97,-73.24,-67.48,-68.92
36,43,ward_B,ward,AP-2,-48.21,-95.63,47.42,False,-64.86,-48.21,-59.15,-71.63,-67.12,-69.57,-69.83,-66.84
37,43,ward_B,ward,AP-2,-49.45,-94.39,44.94,False,-62.58,-49.45,-55.2,-71.61,-65.91,-67.59,-67.51,-68.21
38,43,ward_B,ward,AP-2,-50.47,-94.81,44.34,False,-65.39,-50.47,-55.98,-72.56,-69.79,-67.74,-66.1,-68.66
39,43,ward_B,ward,AP-3,-54.37,-94.26,39.89,False,-66.14,-54.6,-54.37,-73.64,-68.36,-67.12,-64.71,-67.89
40,43,ward_C,ward,AP-3,-52.81,-95.07,42.26,False,-68.42,-53.93,-52.81,-71.26,-69.9,-69.98,-63.96,-66.18
41,43,ward_C,ward,AP-2,-53.9,-94.88,40.98,False,-67.53,-53.9,-54.19,-71.99,-72.3,-69.08,-67.55,-68.68
42,43,ward_C,ward,AP-3,-50.95,-93.62,42.67,False,-65.92,-56.32,-50.95,-71.8,-67.23,-65.35,-63.47,-65.12
43,43,ward_C,ward,AP-3,-55.09,-96.03,40.94,False,-70.5,-55.34,-55.09,-74.7,-66.05,-69.33,-65.3,-66.27
44,43,ward_C,ward,AP-3,-51.61,-95.5,43.89,False,-70.2,-59.59,-51.61,-73.14,-70.46,-72.97,-62.72,-66.9
45,43,ward_C,ward,AP-3,-45.86,-93.51,47.65,False,-69.12,-60.59,-45.86,-72.15,-68.26,-68.4,-63.73,-65.24
46,43,ward_C,ward,AP-3,-43.6,-94.45,50.85,False,-69.89,-56.47,-43.6,-75.68,-70.49,-70.84,-64.1,-65.05
47,43,ward_C,ward,AP-3,-45.87,-93.81,47.94,False,-69.74,-59.84,-45.87,-73.88,-67.81,-71.27,-62.65,-61.89
48,43,ward_C,ward,AP-3,-39.62,-95.37,55.75,False,-69.5,-59.35,-39.62,-72.18,-68.17,-67.93,-61.85,-61.94
49,43,ward_C,ward,AP-3,-33.65,-93.24,59.59,False,-72.4,-62.58,-33.65,-73.4,-69.79,-65.93,-65.27,-60.72
50,43,ward_C,ward,AP-3,-37.12,-95.07,57.95,False,-71.04,-60.29,-37.12,-72.8,-67.73,-64.94,-55.56,-62.43
51,43,ward_C,ward,AP-3,-37.42,-97.81,60.39,False,-70.44,-62.29,-37.42,-74.75,-72.69,-70.6,-61.07,-60.97
52,43,ward_C,ward,AP-3,-40.69,-93.86,53.17,False,-68.98,-64.96,-40.69,-74.98,-73.86,-66.56,-61.33,-62.33
53,43,ward_C,ward,AP-3,-41.39,-96.1,54.71,False,-70.5,-64.67,-41.39,-76.11,-71.83,-68.14,-63.95,-61.16
54,43,ward_C,ward,AP-3,-42.46,-94.88,52.42,False,-71.94,-65.42,-42.46,-73.8,-73.03,-65.01,-56.29,-59.94
55,43,ward_C,ward,AP-3,-47.22,-94.64,47.42,False,-73.57,-65.32,-47.22,-80.16,-74.23,-69.94,-55.18,-57.78
56,43,ward_C,ward,AP-3,-46.62,-93.04,46.42,False,-71.25,-68.56,-46.62,-74.32,-71.55,-70.72,-52.77,-61.76
57,43,ward_C,ward,AP-3,-48.96,-95.18,46.22,False,-77.72,-66.77,-48.96,-73.78,-73.06,-70.05,-58.93,-55.56
58,43,ward_C,ward,AP-3,-51.5,-95.29,43.79,False,-71.51,-66.47,-51.5,-74.89,-74.17,-68.81,-57.32,-57.81
59,43,ward_C,ward,AP-7,-54.37,-97.21,42.84,False,-75.47,-70.18,-54.79,-78.21,-69.76,-64.5,-54.37,-60.65
60,43,theatre_1,theatre,AP-7,-50.3,-94.02,43.72,False,-73.25,-68.03,-56.44,-76.43,-69.58,-70.8,-50.3,-57.89
61,43,theatre_1,theatre,AP-7,-53.75,-94.31,40.56,False,-74.33,-66.36,-57.6,-74.23,-71.28,-71.76,-53.75,-55.96
62,43,theatre_1,theatre,AP-7,-53.52,-96.13,42.61,False,-72.78,-67.75,-54.35,-73.57,-73.37,-70.71,-53.52,-54.53
63,43,theatre_1,theatre,AP-7,-49.16,-94.48,45.32,False,-76.94,-72.14,-56.43,-73.97,-75.17,-66.15,-49.16,-60.5
64,43,theatre_1,theatre,AP-7,-50.52,-95.12,44.6,False,-78.62,-69.05,-56.12,-74.7,-75.16,-67.57,-50.52,-61.67
65,43,theatre_1,theatre,AP-7,-47.49,-99.21,51.72,False,-74.27,-70.58,-58.94,-77.5,-70.29,-71.78,-47.49,-59.6
66,43,theatre_1,theatre,AP-7,-50.65,-92.45,41.8,False,-74.47,-70.61,-62.03,-73.63,-69.96,-73.59,-50.65,-56.08
67,43,theatre_1,theatre,AP-7,-52.45,-94.62,42.17,False,-76.82,-67.21,-61.71,-75.78,-76.22,-68.78,-52.45,-57.58
68,43,theatre_1,theatre,AP-7,-51.99,-94.42,42.43,False,-76.67,-68.58,-61.28,-81.0,-73.67,-71.55,-51.99,-56.99
69,43,theatre_1,theatre,AP-7,-50.96,-95.91,44.95,False,-74.84,-68.1,-59.75,-77.21,-71.33,-67.34,-50.96,-59.0
70,43,theatre_1,theatre,AP-7,-53.24,-96.59,43.35,False,-71.2,-71.29,-64.88,-81.38,-74.66,-71.27,-53.24,-58.17
71,43,theatre_1,theatre,AP-7,-51.5,-97.99,46.49,False,-77.6,-71.14,-64.31,-77.03,-73.46,-68.86,-51.5,-59.39
72,43,corridor_v,corridor,AP-7,-57.25,-94.46,37.21,False,-82.1,-73.51,-64.14,-78.27,-76.85,-72.82,-57.25,-59.38
73,43,corridor_v,corridor,AP-7,-55.66,-93.65,37.99,False,-78.18,-75.6,-68.13,-78.35,-76.14,-74.96,-55.66,-61.92
74,43,corridor_v,corridor,AP-7,-57.8,-94.62,36.82,False,-77.77,-72.65,-67.81,-83.79,-77.71,-72.0,-57.8,-59.66
75,43,corridor_v,corridor,AP-7,-57.71,-95.55,37.84,False,-79.42,-77.15,-71.04,-80.23,-78.52,-74.97,-57.71,-63.84
76,43,corridor_v,corridor,AP-7,-58.05,-95.55,37.5,False,-78.94,-77.99,-68.95,-80.01,-80.78,-73.42,-58.05,-61.53
77,43,corridor_v,corridor,AP-7,-61.93,-92.64,30.71,False,-81.16,-77.62,-70.84,-84.41,-74.51,-73.7,-61.93,-63.45
78,43,corridor_v,corridor,AP-7,-61.09,-97.88,36.79,False,-79.88,-78.03,-69.28,-85.07,-80.79,-69.86,-61.09,-65.6
79,43,corridor_v,corridor,AP-7,-59.45,-93.74,34.29,False,-80.73,-75.21,-69.08,-81.42,-78.41,-75.35,-59.45,-64.7
0,44,ward_A,ward,AP-1,-57.12,-93.86,36.74,False,-57.12,-67.4,-71.93,-67.94,-74.31,-72.47,-73.64,-73.12
1,44,ward_A,ward,AP-1,-50.45,-93.75,43.3,False,-50.45,-70.17,-73.62,-67.57,-69.29,-74.13,-78.53,-78.26
2,44,ward_A,ward,AP-1,-50.22,-94.35,44.13,False,-50.22,-67.55,-72.77,-67.62,-75.68,-76.23,-75.21,-82.13
3,44,ward_A,ward,AP-1,-52.09,-92.33,40.24,False,-52.09,-66.98,-71.0,-68.33,-72.83,-72.57,-77.76,-77.16
4,44,ward_A,ward,AP-1,-44.98,-96.67,51.69,False,-44.98,-64.43,-71.42,-68.22,-74.52,-74.66,-78.98,-76.01
5,44,ward_A,ward,AP-1,-42.67,-96.44,53.77,False,-42.67,-62.49,-68.62,-64.37,-70.99,-74.03,-78.28,-74.3
6,44,ward_A,ward,AP-1,-46.82,-98.52,51.7,False,-46.82,-67.67,-72.87,-69.3,-68.67,-71.36,-76.87,-77.17
7,44,ward_A,ward,AP-1,-38.4,-94.99,56.59,False,-38.4,-63.69,-70.06,-71.01,-70.71,-72.97,-74.58,-79.83
8,44,ward_A,ward,AP-1,-36.35,-94.49,58.14,False,-36.35,-61.75,-70.6,-67.86,-68.44,-74.5,-73.18,-79.15
9,44,ward_A,ward,AP-1,-29.1,-95.68,66.58,False,-29.1,-62.12,-72.71,-69.05,-68.44,-71.73,-71.45,-71.84
10,44,ward_A,ward,AP-1,-26.81,-94.68,67.87,False,-26.81,-61.15,-73.26,-66.11,-68.7,-71.26,-75.16,-75.37
11,44,ward_A,ward,AP-1,-30.91,-98.25,67.34,False,-30.91,-64.59,-69.53,-67.87,-68.0,-69.83,-77.11,-73.64
12,44,ward_A,ward,AP-1,-34.99,-99.3,64.31,False,-34.99,-62.49,-71.48,-71.08,-69.18,-73.27,-73.39,-79.3
13,44,ward_A,ward,AP-1,-40.91,-92.46,51.55,False,-40.91,-57.96,-69.06,-68.03,-70.58,-72.89,-73.34,-74.88
14,44,ward_A,ward,AP-1,-42.13,-93.02,50.89,False,-42.13,-59.08,-68.53,-68.85,-71.03,-74.81,-75.69,-73.29
15,44,ward_A,ward,AP-1,-45.08,-92.9,47.82,False,-45.08,-61.66,-68.06,-65.49,-67.66,-71.58,-74.75,-73.16
16,44,ward_A,ward,AP-1,-49.67,-93.09,43.42,False,-49.67,-57.35,-68.5,-69.37,-71.75,-68.72,-73.41,-74.72
17,44,ward_A,ward,AP-1,-51.5,-95.58,44.08,False,-51.5,-55.37,-70.25,-70.96,-68.03,-74.13,-76.19,-76.24
18,44,ward_A,ward,AP-1,-51.72,-94.02,42.3,False,-51.72,-57.44,-67.25,-71.03,-67.16,-69.12,-71.28,-75.73
19,44,ward_A,ward,AP-1,-51.79,-93.61,41.82,False,-51.79,-59.16,-69.63,-68.71,-67.83,-71.97,-72.75,-70.14
20,44,ward_B,ward,AP-1,-51.05,-93.15,42.1,False,-51.05,-54.78,-69.44,-67.1,-68.31,-71.01,-71.38,-74.71
21,44,ward_B,ward,AP-2,-51.01,-96.21,45.2,False,-51.61,-51.01,-70.2,-66.66,-68.17,-70.88,-73.11,-74.57
22,44,ward_B,ward,AP-2,-49.74,-93.32,43.58,False,-56.8,-49.74,-68.25,-70.52,-66.56,-72.07,-73.21,-71.32
23,44,ward_B,ward,AP-2,-54.38,-93.19,38.81,False,-56.08,-54.38,-64.98,-70.27,-69.29,-74.53,-69.08,-73.6
24,44,ward_B,ward,AP-2,-46.7,-94.57,47.87,False,-56.44,-46.7,-62.64,-70.02,-74.24,-74.3,-70.28,-72.34
25,44,ward_B,ward,AP-2,-48.17,-94.09,45.92,False,-58.14,-48.17,-68.62,-68.75,-67.86,-71.45,-70.27,-70.18
26,44,ward_B,ward,AP-2,-45.58,-92.82,47.24,False,-57.26,-45.58,-63.52,-70.44,-67.6,-69.45,-71.04,-71.85
27,44,ward_B,ward,AP-2,-36.76,-92.39,55.63,False,-57.53,-36.76,-67.27,-73.41,-65.23,-71.47,-70.55,-71.11
28,44,ward_B,ward,AP-2,-35.7,-94.15,58.45,False,-60.05,-35.7,-63.51,-66.0,-68.07,-72.0,-70.25,-68.89
29,44,ward_B,ward,AP-2,-30.68,-96.65,65.97,False,-65.29,-30.68,-62.94,-69.56,-70.88,-70.63,-72.93,-72.66
30,44,ward_B,ward,AP-2,-27.31,-97.98,70.67,False,-64.51,-27.31,-65.23,-73.51,-69.92,-69.24,-70.36,-70.29
31,44,ward_B,ward,AP-2,-28.66,-92.79,64.13,False,-64.01,-28.66,-63.53,-69.92,-67.7,-70.69,-70.41,-70.91
32,44,ward_B,ward,AP-2,-35.28,-94.94,59.66,False,-59.83,-35.28,-62.45,-74.4,-68.68,-69.23,-70.44,-73.21
33,44,ward_B,ward,AP-2,-44.44,-93.74,49.3,False,-67.29,-44.44,-60.26,-71.12,-66.0,-67.82,-68.99,-68.75
34,44,ward_B,ward,AP-2,-44.62,-97.21,52.59,False,-63.02,-44.62,-57.48,-76.4,-69.36,-70.23,-65.24,-62.83
35,44,ward_B,ward,AP-2,-45.72,-93.85,48.13,False,-63.85,-45.72,-62.1,-72.55,-69.12,-68.32,-65.62,-66.85
36,44,ward_B,ward,AP-2,-50.23,-96.51,46.28,False,-64.94,-50.23,-57.39,-69.38,-67.27,-66.41,-65.68,-65.26
37,44,ward_B,ward,AP-2,-45.65,-92.34,46.69,False,-66.71,-45.65,-56.65,-71.44,-68.98,-67.33,-63.47,-70.86
38,44,ward_B,ward,AP-2,-52.79,-95.85,43.06,False,-66.3,-52.79,-58.93,-71.94,-69.17,-69.29,-64.93,-66.83
39,44,ward_B,ward,AP-2,-51.63,-98.94,47.31,False,-67.54,-51.63,-54.55,-71.76,-65.45,-69.15,-68.16,-65.23
40,44,ward_C,ward,AP-2,-54.04,-96.12,42.08,False,-67.18,-54.04,-54.26,-71.93,-72.87,-70.3,-63.8,-68.63
41,44,ward_C,ward,AP-2,-54.66,-93.69,39.03,False,-70.05,-54.66,-54.72,-71.7,-70.96,-71.71,-65.55,-69.72
42,44,ward_C,ward,AP-3,-49.69,-95.08,45.39,False,-67.77,-51.58,-49.69,-76.42,-70.65,-66.36,-63.87,-68.68
43,44,ward_C,ward,AP-3,-45.99,-94.63,48.64,False,-70.11,-55.17,-45.99,-74.1,-69.95,-67.12,-60.86,-65.83
44,44,ward_C,ward,AP-3,-48.66,-94.39,45.73,False,-69.22,-57.44,-48.66,-70.18,-68.39,-65.38,-61.44,-63.52
45,44,ward_C,ward,AP-3,-47.13,-94.34,47.21,False,-69.64,-60.86,-47.13,-74.55,-66.83,-64.68,-63.99,-67.07
46,44,ward_C,ward,AP-3,-41.51,-94.32,52.81,False,-71.24,-57.57,-41.51,-73.73,-68.76,-68.08,-62.6,-60.7
47,44,ward_C,ward,AP-3,-37.9,-95.1,57.2,False,-70.51,-60.59,-37.9,-74.43,-73.31,-67.66,-64.54,-63.87
48,44,ward_C,ward,AP-3,-35.2,-92.55,57.35,False,-71.26,-65.16,-35.2,-74.57,-71.47,-70.01,-61.25,-63.37
49,44,ward_C,ward,AP-3,-30.65,-97.2,66.55,False,-69.16,-64.55,-30.65,-74.17,-73.25,-70.53,-57.98,-65.08
50,44,ward_C,ward,AP-3,-23.6,-97.24,73.64,False,-69.79,-63.83,-23.6,-71.0,-69.06,-67.61,-60.52,-68.01
51,44,ward_C,ward,AP-3,-30.15,-95.04,64.89,False,-69.58,-66.7,-30.15,-72.49,-69.57,-67.39,-60.95,-61.78
52,44,ward_C,ward,AP-3,-40.19,-96.01,55.82,False,-68.97,-63.33,-40.19,-71.11,-68.47,-67.44,-58.73,-65.75
53,44,ward_C,ward,AP-3,-40.39,-96.21,55.82,False,-72.48,-63.89,-40.39,-73.43,-72.93,-68.56,-58.37,-62.32
54,44,ward_C,ward,AP-3,-45.17,-94.37,49.2,False,-68.97,-65.58,-45.17,-78.59,-69.21,-66.51,-58.61,-58.47
55,44,ward_C,ward,AP-3,-45.11,-94.11,49.0,False,-72.15,-62.81,-45.11,-74.05,-71.14,-69.77,-58.41,-64.34
56,44,ward_C,ward,AP-3,-48.47,-93.82,45.35,False,-71.33,-62.46,-48.47,-72.26,-75.6,-67.73,-52.9,-60.38
57,44,ward_C,ward,AP-3,-52.09,-94.62,42.53,False,-73.18,-67.89,-52.09,-75.23,-68.18,-68.78,-53.95,-58.35
58,44,ward_C,ward,AP-3,-51.91,-95.7,43.79,False,-70.57,-69.13,-51.91,-73.36,-69.0,-67.36,-53.2,-59.14
59,44,ward_C,ward,AP-3,-55.37,-95.72,40.35,False,-71.76,-67.01,-55.37,-73.32,-69.4,-68.14,-60.19,-59.85
60,44,theatre_1,theatre,AP-7,-50.31,-94.54,44.23,False,-72.98,-62.3,-57.56,-73.8,-72.33,-69.68,-50.31,-58.1
61,44,theatre_1,theatre,AP-7,-52.04,-96.55,44.51,False,-76.88,-66.9,-57.76,-75.56,-76.9,-71.79,-52.04,-55.71
62,44,theatre_1,theatre,AP-7,-50.78,-94.49,43.71,False,-76.3,-68.0,-58.02,-75.25,-70.17,-68.01,-50.78,-58.37
63,44,theatre_1,theatre,AP-7,-50.02,-93.32,43.3,False,-76.91,-63.91,-54.53,-75.78,-70.35,-69.83,-50.02,-58.74
64,44,theatre_1,theatre,AP-7,-52.16,-96.62,44.46,False,-72.65,-68.41,-59.6,-77.23,-72.86,-71.24,-52.16,-58.43
65,44,theatre_1,theatre,AP-7,-50.09,-95.35,45.26,False,-77.51,-68.55,-60.19,-74.56,-71.24,-70.26,-50.09,-55.21
66,44,theatre_1,theatre,AP-7,-49.51,-95.48,45.97,False,-74.35,-72.73,-57.0,-75.95,-72.58,-71.25,-49.51,-57.9
67,44,theatre_1,theatre,AP-7,-50.65,-94.34,43.69,False,-74.0,-72.99,-61.88,-78.53,-73.72,-71.32,-50.65,-53.9
68,44,theatre_1,theatre,AP-7,-48.61,-96.53,47.92,False,-74.09,-72.62,-60.86,-79.6,-76.31,-68.83,-48.61,-57.73
69,44,theatre_1,theatre,AP-7,-54.26,-94.36,40.1,False,-74.28,-68.09,-65.29,-71.64,-73.37,-70.32,-54.26,-56.67
70,44,theatre_1,theatre,AP-7,-51.05,-94.75,43.7,False,-78.6,-70.09,-61.23,-74.49,-75.57,-67.64,-51.05,-57.07
71,44,theatre_1,theatre,AP-7,-52.51,-96.49,43.98,False,-74.25,-71.82,-59.71,-74.16,-73.27,-67.57,-52.51,-59.77
72,44,corridor_v,corridor,AP-7,-56.47,-92.34,35.87,False,-80.5,-76.92,-71.55,-82.15,-81.14,-75.8,-56.47,-64.82
73,44,corridor_v,corridor,AP-7,-52.64,-95.14,42.5,False,-75.91,-71.41,-64.03,-81.59,-80.06,-71.96,-52.64,-61.44
74,44,corridor_v,corridor,AP-7,-58.48,-96.17,37.69,False,-80.1,-77.01,-67.35,-82.37,-77.17,-73.17,-58.48,-60.45
75,44,corridor_v,corridor,AP-7,-56.56,-93.53,36.97,False,-78.64,-77.06,-71.88,-82.66,-73.54,-71.19,-56.56,-63.4
76,44,corridor_v,corridor,AP-7,-58.96,-94.49,35.53,False,-82.98,-75.61,-68.51,-80.34,-77.43,-74.69,-58.96,-59.45
77,44,corridor_v,corridor,AP-7,-58.82,-94.4,35.58,False,-80.93,-76.28,-66.41,-83.07,-78.44,-73.64,-58.82,-66.88
78,44,corridor_v,corridor,AP-7,-59.7,-94.95,35.25,False,-80.82,-75.26,-70.01,-82.12,-79.18,-73.21,-59.7,-64.43
79,44,corridor_v,corridor,AP-7,-62.73,-92.26,29.53,False,-79.43,-78.18,-68.39,-88.51,-80.17,-72.97,-62.73,-64.56
0,45,ward_A,ward,AP-1,-55.42,-96.89,41.47,False,-55.42,-70.37,-73.99,-69.56,-71.73,-77.12,-73.38,-77.63
1,45,ward_A,ward,AP-1,-51.74,-94.75,43.01,False,-51.74,-67.2,-77.95,-70.33,-72.67,-74.94,-77.77,-78.65
2,45,ward_A,ward,AP-1,-52.2,-94.96,42.76,False,-52.2,-66.66,-71.86,-69.36,-70.04,-74.24,-75.1,-77.09
3,45,ward_A,ward,AP-1,-45.97,-94.54,48.57,False,-45.97,-63.36,-74.23,-68.4,-72.44,-74.96,-77.57,-77.25
4,45,ward_A,ward,AP-1,-47.49,-92.93,45.44,False,-47.49,-66.22,-72.5,-67.21,-71.34,-76.65,-76.36,-77.66
5,45,ward_A,ward,AP-1,-47.89,-94.5,46.61,False,-47.89,-65.59,-72.18,-66.63,-76.09,-75.4,-77.28,-75.76
6,45,ward_A,ward,AP-1,-43.52,-93.26,49.74,False,-43.52,-65.56,-69.35,-65.99,-71.22,-71.87,-72.93,-73.65
7,45,ward_A,ward,AP-1,-41.01,-96.39,55.38,False,-41.01,-63.81,-71.66,-65.93,-68.94,-75.33,-76.7,-75.54
8,45,ward_A,ward,AP-1,-33.86,-92.65,58.79,False,-33.86,-62.99,-72.14,-69.92,-72.0,-76.03,-72.78,-77.03
9,45,ward_A,ward,AP-1,-27.08,-95.62,68.54,False,-27.08,-63.89,-70.14,-68.61,-69.49,-74.02,-76.19,-75.08
10,45,ward_A,ward,AP-1,-18.72,-97.86,79.14,False,-18.72,-65.14,-73.13,-70.69,-71.62,-70.97,-77.64,-73.73
11,45,ward_A,ward,AP-1,-26.81,-94.55,67.74,False,-26.81,-62.44,-69.32,-67.94,-76.99,-75.98,-69.89,-76.0
12,45,ward_A,ward,AP-1,-35.62,-94.6,58.98,False,-35.62,-62.61,-71.76,-68.85,-72.89,-76.02,-77.43,-79.3
13,45,ward_A,ward,AP-1,-38.15,-95.77,57.62,False,-38.15,-59.57,-67.49,-71.66,-71.99,-76.52,-74.53,-71.63
14,45,ward_A,ward,AP-1,-45.66,-97.22,51.56,False,-45.66,-62.65,-68.41,-66.46,-72.13,-69.35,-74.69,-74.5
15,45,ward_A,ward,AP-1,-45.5,-97.71,52.21,False,-45.5,-56.32,-67.61,-65.75,-71.97,-72.4,-75.62,-73.41
16,45,ward_A,ward,AP-1,-46.16,-96.08,49.92,False,-46.16,-59.06,-69.45,-65.64,-71.8,-72.79,-74.58,-69.8
17,45,ward_A,ward,AP-1,-50.27,-96.27,46.0,False,-50.27,-57.62,-68.77,-72.02,-67.77,-72.46,-73.29,-77.55
18,45,ward_A,ward,AP-1,-49.5,-97.01,47.51,False,-49.5,-57.11,-69.12,-69.14,-69.37,-74.74,-71.87,-77.0
19,45,ward_A,ward,AP-1,-52.64,-93.64,41.0,False,-52.64,-54.33,-71.33,-72.93,-70.79,-70.41,-75.05,-75.31
20,45,ward_B,ward,AP-2,-53.65,-94.49,40.84,False,-53.71,-53.65,-67.09,-69.4,-67.99,-70.58,-71.92,-74.89
21,45,ward_B,ward,AP-2,-50.91,-93.35,42.44,False,-53.11,-50.91,-65.75,-74.68,-71.69,-69.74,-75.25,-71.13
22,45,ward_B,ward,AP-2,-50.76,-96.0,45.24,False,-56.21,-50.76,-68.35,-70.04,-66.89,-69.55,-71.34,-73.25
23,45,ward_B,ward,AP-2,-51.0,-97.09,46.09,False,-56.98,-51.0,-69.23,-68.99,-66.88,-72.47,-72.97,-73.72
24,45,ward_B,ward,AP-2,-48.53,-95.78,47.25,False,-59.37,-48.53,-67.18,-71.29,-73.46,-72.38,-69.46,-73.01
25,45,ward_B,ward,AP-2,-43.67,-96.34,52.67,False,-59.43,-43.67,-66.08,-69.11,-70.93,-69.06,-72.61,-72.17
26,45,ward_B,ward,AP-2,-45.44,-93.88,48.44,False,-58.88,-45.44,-64.64,-71.65,-71.34,-73.77,-71.37,-75.7
27,45,ward_B,ward,AP-2,-39.69,-94.74,55.05,False,-57.58,-39.69,-66.41,-67.8,-70.7,-68.56,-73.35,-72.25
28,45,ward_B,ward,AP-2,-30.55,-95.4,64.85,False,-60.6,-30.55,-62.09,-70.76,-67.15,-70.53,-68.36,-71.53
29,45,ward_B,ward,AP-2,-27.67,-95.16,67.49,False,-62.69,-27.67,-61.56,-68.86,-69.29,-67.66,-69.44,-69.21
30,45,ward_B,ward,AP-2,-18.39,-94.83,76.44,False,-60.8,-18.39,-62.96,-69.79,-69.87,-70.87,-68.77,-70.04
31,45,ward_B,ward,AP-2,-23.33,-96.83,73.5,False,-62.98,-23.33,-58.74,-68.4,-66.16,-69.04,-67.4,-72.01
32,45,ward_B,ward,AP-2,-32.81,-96.51,63.7,False,-64.56,-32.81,-59.89,-75.2,-63.72,-70.77,-73.32,-68.3
33,45,ward_B,ward,AP-2,-39.53,-99.4,59.87,False,-63.0,-39.53,-59.09,-70.14,-65.54,-69.24,-65.37,-66.88
34,45,ward_B,ward,AP-2,-41.97,-91.68,49.71,False,-67.75,-41.97,-58.25,-69.48,-65.92,-70.41,-67.95,-71.94
35,45,ward_B,ward,AP-2,-45.32,-93.02,47.7,False,-62.7,-45.32,-58.7,-72.94,-67.04,-69.61,-68.64,-68.04
36,45,ward_B,ward,AP-2,-41.01,-96.69,55.68,False,-65.66,-41.01,-63.03,-72.12,-71.89,-70.99,-63.01,-69.52
37,45,ward_B,ward,AP-2,-45.72,-95.71,49.99,False,-62.66,-45.72,-55.37,-72.58,-68.62,-68.13,-66.9,-70.75
38,45,ward_B,ward,AP-2,-50.39,-97.86,47.47,False,-64.49,-50.39,-52.62,-71.1,-68.19,-69.3,-69.44,-70.71
39,45,ward_B,ward,AP-2,-51.92,-95.89,43.97,False,-66.13,-51.92,-55.67,-70.42,-67.27,-67.44,-61.73,-64.62
40,45,ward_C,ward,AP-3,-52.81,-93.89,41.08,False,-67.99,-54.05,-52.81,-72.32,-70.12,-71.8,-63.09,-67.39
41,45,ward_C,ward,AP-3,-53.03,-94.62,41.59,False,-70.45,-57.17,-53.03,-72.35,-69.18,-67.87,-64.95,-64.12
42,45,ward_C,ward,AP-3,-50.31,-96.77,46.46,False,-72.13,-55.63,-50.31,-72.88,-72.14,-70.53,-65.11,-65.39
43,45,ward_C,ward,AP-3,-47.79,-96.79,49.0,False,-70.13,-58.09,-47.79,-71.29,-69.03,-67.18,-63.58,-68.79
44,45,ward_C,ward,AP-3,-46.84,-91.5,44.66,False,-71.14,-60.32,-46.84,-73.22,-71.77,-65.99,-62.68,-65.66
45,45,ward_C,ward,AP-3,-45.66,-94.95,49.29,False,-68.81,-59.58,-45.66,-73.22,-69.58,-72.37,-66.24,-65.81
46,45,ward_C,ward,AP-3,-41.82,-96.07,54.25,False,-66.43,-60.61,-41.82,-72.29,-67.64,-68.26,-64.26,-66.61
47,45,ward_C,ward,AP-3,-41.08,-95.31,54.23,False,-71.83,-60.09,-41.08,-74.19,-71.59,-65.89,-62.34,-65.53
48,45,ward_C,ward,AP-3,-33.39,-94.35,60.96,False,-71.07,-59.68,-33.39,-75.52,-68.46,-69.68,-63.74,-66.42
49,45,ward_C,ward,AP-3,-25.2,-91.33,66.13,False,-69.63,-63.43,-25.2,-74.81,-70.5,-68.39,-62.0,-65.81
50,45,ward_C,ward,AP-3,-17.38,-92.59,75.21,False,-70.46,-59.9,-17.38,-75.76,-65.64,-67.08,-60.38,-61.51
51,45,ward_C,ward,AP-3,-24.67,-93.37,68.7,False,-68.61,-63.09,-24.67,-75.32,-66.69,-65.78,-62.92,-60.38
52,45,ward_C,ward,AP-3,-32.76,-93.88,61.12,False,-68.64,-65.07,-32.76,-75.78,-68.62,-68.94,-56.78,-64.3
53,45,ward_C,ward,AP-3,-39.59,-94.31,54.72,False,-73.17,-67.89,-39.59,-70.6,-72.58,-66.22,-58.82,-64.95
54,45,ward_C,ward,AP-3,-45.73,-93.63,47.9,False,-71.18,-64.85,-45.73,-72.48,-73.72,-67.48,-55.53,-62.14
55,45,ward_C,ward,AP-3,-42.93,-94.61,51.68,False,-71.08,-64.89,-42.93,-78.99,-72.25,-68.16,-54.07,-60.47
56,45,ward_C,ward,AP-3,-45.23,-91.66,46.43,False,-76.2,-67.46,-45.23,-72.97,-73.28,-66.36,-56.45,-61.3
57,45,ward_C,ward,AP-3,-49.82,-95.79,45.97,False,-76.31,-63.92,-49.82,-73.09,-71.42,-69.37,-52.12,-62.46
58,45,ward_C,ward,AP-7,-49.78,-94.69,44.91,False,-70.88,-65.51,-53.16,-74.75,-76.91,-71.65,-49.78,-62.97
59,45,ward_C,ward,AP-7,-52.52,-96.13,43.61,False,-72.81,-63.52,-53.33,-72.7,-72.72,-67.82,-52.52,-55.18
60,45,theatre_1,theatre,AP-7,-50.12,-92.43,42.31,False,-73.39,-68.33,-56.75,-72.58,-66.16,-69.4,-50.12,-58.56
61,45,theatre_1,theatre,AP-7,-48.8,-95.91,47.11,False,-73.21,-70.03,-54.52,-79.04,-73.96,-68.04,-48.8,-59.9
62,45,theatre_1,theatre,AP-7,-45.46,-94.61,49.15,False,-73.71,-70.06,-53.71,-75.98,-72.54,-69.33,-45.46,-62.53
63,45,theatre_1,theatre,AP-7,-48.33,-98.68,50.35,False,-75.54,-68.85,-57.67,-75.77,-72.86,-68.08,-48.33,-56.79
64,45,theatre_1,theatre,AP-7,-45.0,-93.43,48.43,False,-73.6,-70.7,-58.66,-77.27,-75.02,-69.71,-45.0,-59.63
65,45,theatre_1,theatre,AP-7,-45.38,-94.88,49.5,False,-76.44,-66.68,-62.01,-75.38,-76.56,-67.33,-45.38,-58.36
66,45,theatre_1,theatre,AP-7,-44.92,-95.35,50.43,False,-79.65,-69.52,-58.38,-75.8,-73.0,-65.74,-44.92,-58.78
67,45,theatre_1,theatre,AP-7,-43.85,-94.16,50.31,False,-72.51,-70.27,-63.35,-72.69,-73.66,-70.35,-43.85,-61.65
68,45,theatre_1,theatre,AP-7,-43.37,-93.17,49.8,False,-77.89,-73.15,-62.87,-75.46,-74.26,-72.13,-43.37,-62.1
69,45,theatre_1,theatre,AP-7,-45.75,-94.21,48.46,False,-77.53,-69.36,-65.38,-77.32,-75.34,-71.9,-45.75,-61.35
70,45,theatre_1,theatre,AP-7,-46.48,-95.01,48.53,False,-76.39,-68.43,-63.15,-77.37,-72.85,-68.32,-46.48,-61.22
71,45,theatre_1,theatre,AP-7,-47.16,-94.56,47.4,False,-72.75,-73.01,-64.44,-76.9,-72.97,-70.7,-47.16,-58.52
72,45,corridor_v,corridor,AP-7,-51.87,-95.3,43.43,False,-79.36,-73.33,-63.66,-84.15,-81.6,-74.51,-51.87,-62.73
73,45,corridor_v,corridor,AP-7,-54.22,-98.58,44.36,False,-80.13,-78.59,-65.93,-80.28,-72.86,-74.24,-54.22,-63.51
74,45,corridor_v,corridor,AP-7,-54.48,-95.17,40.69,False,-80.35,-71.8,-71.36,-79.51,-80.08,-74.1,-54.48,-64.28
75,45,corridor_v,corridor,AP-7,-57.13,-94.65,37.52,False,-82.59,-76.24,-69.79,-82.46,-76.39,-75.72,-57.13,-62.48
76,45,corridor_v,corridor,AP-7,-58.52,-93.63,35.11,False,-81.86,-78.87,-70.43,-79.91,-82.08,-74.49,-58.52,-65.56
77,45,corridor_v,corridor,AP-7,-58.2,-95.3,37.1,False,-85.02,-74.85,-71.84,-85.16,-76.12,-76.86,-58.2,-65.02
78,45,corridor_v,corridor,AP-7,-56.06,-93.71,37.65,False,-84.23,-76.42,-70.96,-79.94,-80.42,-75.96,-56.06,-67.6
79,45,corridor_v,corridor,AP-7,-61.6,-95.04,33.44,False,-80.33,-77.34,-67.13,-84.92,-79.42,-77.23,-61.6,-62.67
0,46,ward_A,ward,AP-1,-54.53,-96.58,42.05,False,-54.53,-65.81,-72.49,-67.53,-73.34,-78.21,-77.68,-79.21
1,46,ward_A,ward,AP-1,-54.45,-93.98,39.53,False,-54.45,-70.34,-74.1,-69.0,-69.76,-75.34,-78.33,-73.77
2,46,ward_A,ward,AP-1,-50.04,-94.39,44.35,False,-50.04,-64.91,-71.75,-69.52,-70.85,-75.25,-75.54,-78.07
3,46,ward_A,ward,AP-1,-49.47,-94.54,45.07,False,-49.47,-68.82,-80.65,-68.48,-73.17,-73.52,-80.23,-75.98
4,46,ward_A,ward,AP-1,-46.87,-94.17,47.3,False,-46.87,-66.75,-70.69,-68.8,-73.43,-75.21,-77.93,-76.81
5,46,ward_A,ward,AP-1,-44.56,-93.35,48.79,False,-44.56,-63.99,-70.63,-69.88,-70.15,-76.9,-74.83,-76.41
6,46,ward_A,ward,AP-1,-41.89,-93.04,51.15,False,-41.89,-65.03,-70.03,-67.97,-73.58,-75.94,-77.09,-77.97
7,46,ward_A,ward,AP-1,-41.3,-95.84,54.54,False,-41.3,-66.6,-67.07,-64.65,-72.38,-78.39,-73.9,-76.74
8,46,ward_A,ward,AP-1,-34.06,-95.81,61.75,False,-34.06,-66.23,-74.24,-70.31,-71.06,-76.64,-75.39,-73.57
9,46,ward_A,ward,AP-1,-30.43,-93.21,62.78,False,-30.43,-61.16,-71.82,-67.89,-70.53,-76.31,-76.92,-72.75
10,46,ward_A,ward,AP-1,-26.08,-94.1,68.02,False,-26.08,-63.47,-67.85,-72.44,-71.45,-72.03,-75.31,-76.57
11,46,ward_A,ward,AP-1,-26.8,-95.35,68.55,False,-26.8,-62.8,-72.8,-67.28,-68.66,-74.61,-73.98,-73.04
12,46,ward_A,ward,AP-1,-38.13,-92.36,54.23,False,-38.13,-60.11,-68.02,-72.43,-66.87,-72.69,-71.6,-74.93
13,46,ward_A,ward,AP-1,-41.62,-97.99,56.37,False,-41.62,-59.4,-72.41,-65.62,-68.96,-76.48,-76.99,-75.01
14,46,ward_A,ward,AP-1,-42.54,-96.27,53.73,False,-42.54,-60.82,-67.45,-69.56,-69.23,-72.81,-73.48,-78.13
15,46,ward_A,ward,AP-1,-47.76,-96.54,48.78,False,-47.76,-61.79,-72.41,-69.22,-71.89,-71.56,-77.09,-74.71
16,46,ward_A,ward,AP-1,-47.71,-96.1,48.39,False,-47.71,-57.61,-70.49,-67.71,-69.08,-69.61,-78.26,-77.61
17,46,ward_A,ward,AP-1,-47.82,-93.92,46.1,False,-47.82,-57.97,-65.35,-70.43,-68.51,-73.3,-74.12,-74.16
18,46,ward_A,ward,AP-1,-52.44,-92.11,39.67,False,-52.44,-57.6,-65.6,-70.11,-71.19,-72.99,-75.08,-77.44
19,46,ward_A,ward,AP-1,-51.21,-95.57,44.36,False,-51.21,-56.46,-67.98,-68.67,-69.67,-72.6,-72.51,-70.87
20,46,ward_B,ward,AP-1,-54.16,-93.84,39.68,False,-54.16,-55.54,-67.08,-68.75,-73.46,-74.76,-75.83,-74.64
21,46,ward_B,ward,AP-2,-48.19,-93.91,45.72,False,-54.95,-48.19,-66.82,-69.34,-68.85,-73.83,-73.85,-70.89
22,46,ward_B,ward,AP-2,-49.58,-96.4,46.82,False,-56.08,-49.58,-68.26,-73.96,-66.41,-69.08,-74.88,-72.3
23,46,ward_B,ward,AP-2,-49.86,-93.27,43.41,False,-57.08,-49.86,-64.05,-71.69,-68.29,-73.25,-71.55,-73.6
24,46,ward_B,ward,AP-2,-46.54,-94.47,47.93,False,-56.34,-46.54,-62.02,-67.3,-69.83,-71.14,-70.32,-73.21
25,46,ward_B,ward,AP-2,-45.82,-94.78,48.96,False,-55.57,-45.82,-66.18,-70.17,-66.77,-70.45,-70.85,-71.37
26,46,ward_B,ward,AP-2,-44.27,-93.86,49.59,False,-60.58,-44.27,-64.75,-66.16,-70.64,-73.28,-72.98,-70.86
27,46,ward_B,ward,AP-2,-43.14,-91.96,48.82,False,-62.42,-43.14,-66.83,-74.43,-69.02,-70.29,-72.69,-70.57
28,46,ward_B,ward,AP-2,-37.26,-94.03,56.77,False,-64.61,-37.26,-65.75,-72.0,-66.78,-70.4,-68.21,-69.45
29,46,ward_B,ward,AP-2,-32.29,-94.08,61.79,False,-60.07,-32.29,-64.53,-70.11,-70.56,-71.25,-70.7,-71.23
30,46,ward_B,ward,AP-2,-26.82,-95.24,68.42,False,-62.21,-26.82,-61.23,-71.14,-67.19,-67.27,-70.7,-74.44
31,46,ward_B,ward,AP-2,-30.04,-94.22,64.18,False,-64.76,-30.04,-61.71,-71.07,-67.36,-73.73,-66.76,-71.66
32,46,ward_B,ward,AP-2,-34.62,-92.67,58.05,False,-63.29,-34.62,-60.51,-74.57,-69.65,-69.93,-67.1,-67.63
33,46,ward_B,ward,AP-2,-41.49,-95.0,53.51,False,-64.5,-41.49,-62.09,-68.52,-65.27,-68.27,-69.12,-71.54
34,46,ward_B,ward,AP-2,-43.06,-91.87,48.81,False,-65.24,-43.06,-62.73,-74.41,-64.99,-72.25,-69.19,-67.4
35,46,ward_B,ward,AP-2,-44.53,-95.89,51.36,False,-63.59,-44.53,-55.85,-71.42,-68.66,-73.59,-70.09,-69.87
36,46,ward_B,ward,AP-2,-48.22,-96.06,47.84,False,-63.8,-48.22,-58.35,-73.75,-64.58,-71.04,-66.22,-69.94
37,46,ward_B,ward,AP-2,-52.28,-97.02,44.74,False,-64.56,-52.28,-56.88,-72.64,-67.04,-68.06,-66.75,-67.6
38,46,ward_B,ward,AP-2,-48.26,-95.61,47.35,False,-65.92,-48.26,-55.44,-73.7,-68.37,-72.86,-70.04,-66.14
39,46,ward_B,ward,AP-2,-51.23,-91.14,39.91,False,-63.31,-51.23,-54.52,-73.32,-68.56,-68.21,-65.0,-66.36
40,46,ward_C,ward,AP-3,-54.99,-96.75,41.76,False,-67.2,-57.73,-54.99,-72.45,-70.18,-75.56,-68.12,-65.73
41,46,ward_C,ward,AP-3,-50.75,-96.59,45.84,False,-64.89,-56.88,-50.75,-73.5,-67.64,-64.83,-64.08,-63.26
42,46,ward_C,ward,AP-3,-51.4,-94.87,43.47,False,-67.94,-54.85,-51.4,-73.87,-71.39,-70.04,-65.0,-65.34
43,46,ward_C,ward,AP-3,-45.28,-96.05,50.77,False,-68.3,-54.35,-45.28,-72.28,-69.06,-69.3,-62.43,-64.04
44,46,ward_C,ward,AP-3,-48.85,-95.94,47.09,False,-68.16,-59.23,-48.85,-74.2,-70.3,-68.68,-62.76,-65.67
45,46,ward_C,ward,AP-3,-42.24,-95.45,53.21,False,-68.62,-57.4,-42.24,-72.48,-69.71,-68.7,-64.34,-66.72
46,46,ward_C,ward,AP-3,-45.38,-96.12,50.74,False,-66.1,-59.37,-45.38,-70.86,-72.17,-63.8,-62.22,-64.34
47,46,ward_C,ward,AP-3,-36.85,-95.12,58.27,False,-71.09,-55.31,-36.85,-75.94,-74.28,-72.8,-63.81,-65.47
48,46,ward_C,ward,AP-3,-37.57,-93.72,56.15,False,-69.19,-63.97,-37.57,-76.96,-70.15,-68.25,-63.81,-65.37
49,46,ward_C,ward,AP-3,-27.93,-95.05,67.12,False,-63.44,-62.44,-27.93,-76.67,-69.78,-63.64,-59.05,-66.01
50,46,ward_C,ward,AP-3,-27.21,-92.92,65.71,False,-75.37,-59.1,-27.21,-72.95,-72.63,-69.67,-60.14,-64.09
51,46,ward_C,ward,AP-3,-28.21,-95.25,67.04,False,-71.71,-62.51,-28.21,-72.68,-68.28,-70.86,-56.79,-65.31
52,46,ward_C,ward,AP-3,-38.1,-94.19,56.09,False,-69.95,-60.39,-38.1,-73.35,-70.47,-70.76,-62.12,-64.71
53,46,ward_C,ward,AP-3,-38.28,-96.37,58.09,False,-67.43,-62.76,-38.28,-73.76,-73.28,-70.06,-58.98,-61.81
54,46,ward_C,ward,AP-3,-43.75,-95.52,51.77,False,-75.08,-65.43,-43.75,-77.04,-68.47,-67.92,-58.12,-62.14
55,46,ward_C,ward,AP-3,-48.9,-95.48,46.58,False,-73.58,-67.77,-48.9,-72.96,-71.77,-67.52,-54.75,-60.49
56,46,ward_C,ward,AP-3,-53.3,-94.88,41.58,False,-72.8,-67.57,-53.3,-76.81,-70.29,-70.51,-57.41,-61.73
57,46,ward_C,ward,AP-7,-49.12,-97.64,48.52,False,-76.11,-67.75,-54.47,-72.77,-72.81,-66.52,-49.12,-65.97
58,46,ward_C,ward,AP-3,-52.88,-97.11,44.23,False,-70.48,-68.65,-52.88,-78.76,-74.58,-72.73,-54.17,-59.19
59,46,ward_C,ward,AP-3,-52.35,-92.83,40.48,False,-71.92,-67.67,-52.35,-76.49,-73.57,-66.08,-55.75,-60.35
60,46,theatre_1,theatre,AP-7,-52.61,-94.27,41.66,False,-71.85,-69.19,-55.02,-76.14,-73.5,-69.99,-52.61,-59.98
61,46,theatre_1,theatre,AP-7,-51.32,-96.73,45.41,False,-76.51,-67.41,-56.5,-73.37,-73.12,-68.85,-51.32,-63.06
62,46,theatre_1,theatre,AP-7,-44.25,-94.93,50.68,False,-71.51,-66.51,-53.71,-72.33,-70.77,-69.23,-44.25,-58.14
63,46,theatre_1,theatre,AP-7,-46.2,-96.9,50.7,False,-74.06,-67.0,-55.04,-77.27,-71.84,-68.35,-46.2,-58.6
64,46,theatre_1,theatre,AP-7,-45.46,-93.55,48.09,False,-75.67,-71.64,-58.15,-76.33,-73.84,-70.08,-45.46,-59.67
65,46,theatre_1,theatre,AP-7,-42.89,-95.92,53.03,False,-72.84,-70.37,-58.36,-76.04,-74.35,-70.16,-42.89,-58.85
66,46,theatre_1,theatre,AP-7,-42.62,-93.44,50.82,False,-76.08,-71.45,-61.05,-78.36,-76.15,-71.47,-42.62,-59.68
67,46,theatre_1,theatre,AP-7,-38.98,-92.54,53.56,False,-73.52,-66.57,-60.5,-75.14,-74.2,-73.0,-38.98,-58.93
68,46,theatre_1,theatre,AP-7,-42.26,-95.41,53.15,False,-71.74,-71.67,-62.66,-77.44,-73.01,-66.45,-42.26,-61.02
69,46,theatre_1,theatre,AP-7,-44.94,-96.37,51.43,False,-75.01,-71.04,-59.53,-78.22,-73.58,-73.25,-44.94,-57.45
70,46,theatre_1,theatre,AP-7,-44.41,-96.35,51.94,False,-76.79,-70.52,-59.1,-73.42,-70.94,-72.81,-44.41,-59.15
71,46,theatre_1,theatre,AP-7,-45.46,-95.73,50.27,False,-78.68,-75.08,-63.51,-80.71,-75.22,-71.48,-45.46,-61.05
72,46,corridor_v,corridor,AP-7,-52.03,-95.61,43.58,False,-79.48,-73.74,-66.43,-81.74,-79.87,-72.28,-52.03,-64.17
73,46,corridor_v,corridor,AP-7,-51.92,-95.37,43.45,False,-82.34,-72.89,-64.34,-83.48,-75.6,-75.79,-51.92,-63.58
74,46,corridor_v,corridor,AP-7,-58.8,-94.31,35.51,False,-79.44,-74.08,-65.57,-80.48,-79.27,-73.2,-58.8,-64.35
75,46,corridor_v,corridor,AP-7,-55.46,-99.18,43.72,False,-76.26,-76.04,-67.91,-81.95,-79.35,-75.65,-55.46,-61.96
76,46,corridor_v,corridor,AP-7,-57.71,-98.05,40.34,False,-84.25,-75.12,-71.62,-82.85,-78.47,-74.99,-57.71,-62.62
77,46,corridor_v,corridor,AP-7,-55.6,-93.36,37.76,False,-80.95,-76.09,-71.06,-82.22,-78.53,-73.8,-55.6,-65.32
78,46,corridor_v,corridor,AP-7,-59.89,-95.95,36.06,False,-79.28,-80.9,-68.39,-78.59,-79.68,-72.37,-59.89,-63.99
79,46,corridor_v,corridor,AP-7,-57.77,-95.01,37.24,False,-82.17,-74.05,-68.53,-80.82,-78.94,-76.52,-57.77,-66.6
0,47,ward_A,ward,AP-1,-55.4,-95.19,39.79,False,-55.4,-62.92,-74.93,-69.21,-74.08,-75.94,-79.16,-76.63
1,47,ward_A,ward,AP-1,-55.54,-93.49,37.95,False,-55.54,-67.95,-79.91,-70.77,-74.01,-77.83,-79.94,-78.42
2,47,ward_A,ward,AP-1,-53.02,-94.88,41.86,False,-53.02,-63.67,-70.72,-69.41,-71.6,-74.61,-80.14,-81.36
3,47,ward_A,ward,AP-1,-46.91,-94.5,47.59,False,-46.91,-68.55,-73.58,-67.19,-69.99,-74.6,-76.95,-77.35
4,47,ward_A,ward,AP-1,-46.36,-96.17,49.81,False,-46.36,-62.5,-72.62,-67.28,-71.22,-73.46,-72.09,-75.8
5,47,ward_A,ward,AP-1,-47.54,-91.36,43.82,False,-47.54,-64.91,-71.76,-69.63,-71.04,-78.25,-75.37,-77.14
6,47,ward_A,ward,AP-1,-43.17,-96.65,53.48,False,-43.17,-67.69,-74.89,-68.57,-71.81,-73.13,-74.97,-78.23
7,47,ward_A,ward,AP-1,-40.63,-96.44,55.81,False,-40.63,-65.25,-70.99,-69.91,-72.39,-71.4,-76.56,-75.0
8,47,ward_A,ward,AP-1,-38.86,-97.94,59.08,False,-38.86,-64.0,-73.1,-71.11,-69.92,-73.91,-72.96,-76.12
9,47,ward_A,ward,AP-1,-37.84,-96.46,58.62,False,-37.84,-60.35,-69.19,-67.14,-74.16,-75.51,-73.4,-75.09
10,47,ward_A,ward,AP-1,-38.41,-97.41,59.0,False,-38.41,-60.86,-72.42,-70.13,-71.16,-72.29,-72.68,-75.05
11,47,ward_A,ward,AP-1,-37.23,-95.75,58.52,False,-37.23,-63.48,-70.01,-65.4,-68.83,-72.59,-76.36,-74.95
12,47,ward_A,ward,AP-1,-37.84,-97.04,59.2,False,-37.84,-60.09,-67.11,-69.15,-71.49,-72.78,-78.39,-73.85
13,47,ward_A,ward,AP-1,-40.5,-96.72,56.22,False,-40.5,-61.09,-68.74,-67.61,-68.27,-75.39,-72.16,-75.77
14,47,ward_A,ward,AP-1,-46.71,-97.86,51.15,False,-46.71,-60.17,-69.18,-71.14,-71.61,-73.62,-75.23,-74.33
15,47,ward_A,ward,AP-1,-49.51,-95.22,45.71,False,-49.51,-58.32,-66.1,-70.62,-74.25,-74.26,-74.67,-74.03
16,47,ward_A,ward,AP-1,-47.81,-95.28,47.47,False,-47.81,-59.56,-71.84,-69.45,-69.2,-70.68,-76.93,-74.82
17,47,ward_A,ward,AP-1,-48.52,-95.71,47.19,False,-48.52,-55.86,-66.86,-70.7,-70.74,-73.42,-75.3,-74.46
18,47,ward_A,ward,AP-1,-51.58,-97.11,45.53,False,-51.58,-55.56,-68.37,-71.59,-71.04,-72.56,-70.85,-74.18
19,47,ward_A,ward,AP-1,-48.13,-96.24,48.11,False,-48.13,-55.11,-66.32,-69.66,-69.64,-73.64,-72.08,-72.31
20,47,ward_B,ward,AP-2,-52.73,-91.79,39.06,False,-53.67,-52.73,-65.91,-69.12,-69.06,-73.17,-73.62,-72.53
21,47,ward_B,ward,AP-2,-51.19,-94.04,42.85,False,-59.24,-51.19,-63.31,-69.49,-68.41,-70.66,-74.17,-72.5
22,47,ward_B,ward,AP-2,-51.25,-95.41,44.16,False,-56.7,-51.25,-66.84,-68.01,-69.22,-73.17,-69.59,-74.43
23,47,ward_B,ward,AP-2,-50.4,-93.13,42.73,False,-55.82,-50.4,-65.0,-68.02,-68.4,-72.3,-69.14,-73.29
24,47,ward_B,ward,AP-2,-48.18,-95.34,47.16,False,-59.83,-48.18,-65.56,-70.93,-72.39,-72.95,-70.26,-69.82
25,47,ward_B,ward,AP-2,-44.98,-97.15,52.17,False,-57.62,-44.98,-63.94,-69.73,-68.51,-69.69,-71.44,-72.06
26,47,ward_B,ward,AP-2,-42.84,-95.18,52.34,False,-59.09,-42.84,-65.62,-69.55,-71.23,-72.9,-72.3,-71.3
27,47,ward_B,ward,AP-2,-43.19,-94.25,51.06,False,-62.27,-43.19,-66.43,-72.8,-69.67,-71.16,-73.15,-70.5
28,47,ward_B,ward,AP-2,-38.59,-95.54,56.95,False,-58.97,-38.59,-63.05,-72.09,-66.35,-71.57,-69.84,-72.67
29,47,ward_B,ward,AP-2,-34.42,-93.83,59.41,False,-57.77,-34.42,-60.32,-70.61,-67.4,-75.18,-69.03,-70.22
30,47,ward_B,ward,AP-2,-33.66,-97.12,63.46,False,-62.21,-33.66,-62.61,-71.8,-69.25,-65.35,-68.38,-71.62
31,47,ward_B,ward,AP-2,-34.86,-94.49,59.63,False,-62.67,-34.86,-63.6,-70.41,-68.04,-67.25,-68.17,-69.07
32,47,ward_B,ward,AP-2,-37.56,-97.14,59.58,False,-65.44,-37.56,-61.43,-73.9,-68.88,-70.34,-67.93,-72.72
33,47,ward_B,ward,AP-2,-39.24,-96.05,56.81,False,-62.43,-39.24,-61.93,-70.57,-70.03,-70.04,-69.11,-67.62
34,47,ward_B,ward,AP-2,-44.72,-92.42,47.7,False,-64.84,-44.72,-60.9,-69.77,-68.37,-71.64,-65.89,-68.31
35,47,ward_B,ward,AP-2,-46.91,-95.96,49.05,False,-62.58,-46.91,-58.02,-70.9,-69.38,-66.02,-66.59,-69.24
36,47,ward_B,ward,AP-2,-48.54,-95.47,46.93,False,-64.44,-48.54,-55.69,-73.1,-75.01,-66.82,-64.14,-72.97
37,47,ward_B,ward,AP-2,-48.93,-94.68,45.75,False,-66.84,-48.93,-55.06,-70.85,-70.46,-70.75,-69.4,-68.38
38,47,ward_B,ward,AP-2,-51.16,-94.48,43.32,False,-68.48,-51.16,-58.36,-70.37,-72.91,-73.81,-68.12,-68.46
39,47,ward_B,ward,AP-2,-52.22,-93.29,41.07,False,-66.81,-52.22,-54.99,-71.82,-70.52,-72.02,-64.34,-67.69
40,47,ward_C,ward,AP-2,-50.36,-93.64,43.28,False,-67.29,-50.36,-53.57,-72.93,-67.08,-70.02,-64.17,-65.03
41,47,ward_C,ward,AP-3,-55.61,-96.96,41.35,False,-70.5,-56.03,-55.61,-74.44,-69.31,-71.71,-64.81,-64.05
42,47,ward_C,ward,AP-3,-50.94,-96.5,45.56,False,-68.96,-58.98,-50.94,-71.64,-71.15,-67.54,-67.34,-68.43
43,47,ward_C,ward,AP-3,-51.85,-94.23,42.38,False,-69.98,-56.33,-51.85,-75.14,-69.1,-69.62,-65.11,-67.71
44,47,ward_C,ward,AP-3,-48.26,-96.48,48.22,False,-69.3,-55.23,-48.26,-73.14,-70.86,-65.59,-68.6,-68.72
45,47,ward_C,ward,AP-3,-50.52,-95.36,44.84,False,-66.18,-59.22,-50.52,-76.78,-70.89,-71.2,-65.18,-64.01
46,47,ward_C,ward,AP-3,-43.78,-93.49,49.71,False,-66.81,-59.53,-43.78,-71.94,-74.74,-68.4,-60.25,-65.47
47,47,ward_C,ward,AP-3,-41.13,-96.05,54.92,False,-72.86,-59.78,-41.13,-74.28,-68.58,-70.27,-63.61,-64.49
48,47,ward_C,ward,AP-3,-37.76,-95.86,58.1,False,-69.88,-60.94,-37.76,-77.78,-71.58,-67.86,-66.99,-65.07
49,47,ward_C,ward,AP-3,-34.93,-98.6,63.67,False,-71.45,-63.08,-34.93,-73.24,-69.44,-69.09,-57.18,-64.23
50,47,ward_C,ward,AP-3,-34.76,-94.49,59.73,False,-72.66,-59.22,-34.76,-76.34,-71.72,-70.94,-59.57,-66.48
51,47,ward_C,ward,AP-3,-32.11,-94.58,62.47,False,-67.13,-63.1,-32.11,-73.9,-72.86,-68.2,-59.7,-62.85
52,47,ward_C,ward,AP-3,-40.2,-96.33,56.13,False,-73.24,-60.39,-40.2,-75.16,-73.83,-68.53,-58.87,-64.22
53,47,ward_C,ward,AP-3,-40.55,-95.97,55.42,False,-71.64,-63.59,-40.55,-78.12,-70.98,-66.93,-59.01,-66.36
54,47,ward_C,ward,AP-3,-42.35,-95.45,53.1,False,-70.23,-64.76,-42.35,-71.98,-72.78,-68.37,-53.14,-66.39
55,47,ward_C,ward,AP-3,-45.93,-94.35,48.42,False,-72.54,-63.84,-45.93,-76.72,-71.89,-69.98,-55.31,-62.62
56,47,ward_C,ward,AP-3,-47.64,-95.47,47.83,False,-73.3,-65.99,-47.64,-74.51,-73.5,-70.08,-53.42,-63.15
57,47,ward_C,ward,AP-3,-51.41,-93.96,42.55,False,-74.53,-66.45,-51.41,-71.7,-73.5,-70.52,-52.27,-61.07
58,47,ward_C,ward,AP-7,-50.79,-94.97,44.18,False,-72.11,-66.08,-52.74,-75.16,-72.54,-67.15,-50.79,-60.09
59,47,ward_C,ward,AP-7,-49.63,-93.67,44.04,False,-71.75,-67.59,-52.58,-77.8,-73.81,-69.18,-49.63,-60.54
60,47,theatre_1,theatre,AP-7,-45.15,-94.42,49.27,False,-75.15,-65.16,-52.8,-78.54,-72.77,-70.23,-45.15,-58.16
61,47,theatre_1,theatre,AP-7,-50.6,-93.23,42.63,False,-73.46,-66.29,-56.65,-74.79,-72.8,-68.08,-50.6,-60.66
62,47,theatre_1,theatre,AP-7,-48.23,-95.94,47.71,False,-75.18,-66.99,-58.03,-76.61,-76.07,-68.14,-48.23,-59.5
63,47,theatre_1,theatre,AP-7,-43.2,-95.21,52.01,False,-76.8,-67.78,-57.73,-78.96,-72.62,-68.88,-43.2,-60.19
64,47,theatre_1,theatre,AP-7,-41.12,-94.17,53.05,False,-74.37,-66.81,-58.7,-79.78,-77.3,-67.66,-41.12,-62.67
65,47,theatre_1,theatre,AP-7,-40.45,-91.15,50.7,False,-76.18,-67.37,-59.57,-77.83,-72.11,-70.75,-40.45,-60.46
66,47,theatre_1,theatre,AP-7,-36.04,-93.66,57.62,False,-73.56,-68.42,-58.82,-78.1,-75.66,-67.82,-36.04,-57.66
67,47,theatre_1,theatre,AP-7,-42.24,-93.94,51.7,False,-73.0,-71.63,-61.38,-77.03,-73.14,-72.96,-42.24,-59.91
68,47,theatre_1,theatre,AP-7,-42.55,-95.01,52.46,False,-77.72,-73.6,-60.37,-74.35,-72.23,-70.82,-42.55,-61.95
69,47,theatre_1,theatre,AP-7,-43.88,-94.12,50.24,False,-76.05,-68.62,-61.57,-76.31,-74.0,-70.69,-43.88,-63.57
70,47,theatre_1,theatre,AP-7,-42.99,-93.71,50.72,False,-78.95,-64.08,-62.51,-79.23,-73.39,-73.02,-42.99,-56.88
71,47,theatre_1,theatre,AP-7,-45.09,-96.7,51.61,False,-77.15,-72.43,-57.45,-77.85,-75.99,-69.05,-45.09,-59.59
72,47,corridor_v,corridor,AP-7,-50.19,-93.94,43.75,False,-79.75,-73.45,-66.73,-79.45,-79.18,-72.45,-50.19,-62.6
73,47,corridor_v,corridor,AP-7,-52.2,-94.33,42.13,False,-79.66,-73.51,-71.69,-83.07,-78.36,-75.59,-52.2,-64.8
74,47,corridor_v,corridor,AP-7,-54.91,-95.63,40.72,False,-80.7,-69.46,-71.38,-83.41,-82.0,-77.1,-54.91,-69.06
75,47,corridor_v,corridor,AP-7,-54.01,-95.66,41.65,False,-77.79,-73.71,-68.55,-82.46,-81.42,-72.13,-54.01,-66.0
76,47,corridor_v,corridor,AP-7,-56.35,-94.43,38.08,False,-79.38,-78.55,-68.92,-80.56,-78.85,-73.4,-56.35,-62.19
77,47,corridor_v,corridor,AP-7,-59.63,-94.96,35.33,False,-80.62,-77.32,-67.72,-80.06,-75.62,-73.86,-59.63,-67.08
78,47,corridor_v,corridor,AP-7,-60.05,-93.39,33.34,False,-81.11,-72.22,-68.88,-84.78,-81.47,-75.09,-60.05,-68.67
79,47,corridor_v,corridor,AP-7,-61.83,-93.32,31.49,False,-79.0,-80.06,-66.55,-82.66,-82.14,-75.66,-61.83,-64.11
0,48,ward_A,ward,AP-1,-54.84,-97.35,42.51,False,-54.84,-66.9,-71.93,-68.3,-69.24,-75.47,-77.22,-76.62
1,48,ward_A,ward,AP-1,-53.01,-94.45,41.44,False,-53.01,-65.88,-75.39,-70.41,-68.73,-74.47,-76.34,-78.4
2,48,ward_A,ward,AP-1,-53.05,-95.42,42.37,False,-53.05,-63.41,-73.97,-70.39,-72.77,-76.56,-75.16,-78.24
3,48,ward_A,ward,AP-1,-49.55,-93.63,44.08,False,-49.55,-67.76,-70.44,-70.42,-75.36,-76.28,-77.53,-75.03
4,48,ward_A,ward,AP-1,-51.59,-96.77,45.18,False,-51.59,-63.88,-77.06,-69.78,-69.19,-76.2,-79.85,-74.72
5,48,ward_A,ward,AP-1,-47.73,-94.24,46.51,False,-47.73,-67.1,-69.6,-68.3,-70.82,-73.73,-78.56,-74.65
6,48,ward_A,ward,AP-1,-48.01,-95.88,47.87,False,-48.01,-65.69,-72.21,-69.07,-71.48,-70.46,-75.67,-74.78
7,48,ward_A,ward,AP-1,-44.96,-95.81,50.85,False,-44.96,-62.93,-72.91,-69.93,-72.58,-73.78,-76.35,-77.87
8,48,ward_A,ward,AP-1,-41.17,-92.47,51.3,False,-41.17,-62.7,-67.61,-72.14,-73.41,-74.91,-75.95,-76.38
9,48,ward_A,ward,AP-1,-36.45,-98.07,61.62,False,-36.45,-64.46,-72.81,-73.08,-72.93,-72.62,-76.76,-75.47
10,48,ward_A,ward,AP-1,-41.57,-93.64,52.07,False,-41.57,-63.76,-73.44,-69.97,-69.88,-76.93,-71.66,-75.72
11,48,ward_A,ward,AP-1,-38.91,-98.19,59.28,False,-38.91,-61.64,-68.74,-70.21,-71.03,-74.79,-76.64,-71.07
12,48,ward_A,ward,AP-1,-40.79,-95.39,54.6,False,-40.79,-59.62,-71.0,-69.89,-70.92,-72.64,-73.49,-75.51
13,48,ward_A,ward,AP-1,-40.95,-95.76,54.81,False,-40.95,-60.67,-70.21,-70.94,-70.68,-71.81,-72.56,-77.06
14,48,ward_A,ward,AP-1,-47.55,-95.75,48.2,False,-47.55,-58.89,-69.75,-69.97,-73.59,-74.22,-73.74,-72.75
15,48,ward_A,ward,AP-1,-46.87,-94.58,47.71,False,-46.87,-58.42,-67.33,-70.98,-68.69,-74.78,-75.25,-76.42
16,48,ward_A,ward,AP-1,-49.26,-95.26,46.0,False,-49.26,-59.54,-70.25,-70.8,-67.12,-72.01,-70.78,-76.91
17,48,ward_A,ward,AP-1,-52.02,-96.24,44.22,False,-52.02,-57.56,-70.8,-66.46,-69.91,-74.14,-71.04,-74.5
18,48,ward_A,ward,AP-1,-52.73,-93.65,40.92,False,-52.73,-58.41,-68.2,-71.62,-70.78,-74.42,-74.19,-72.12
19,48,ward_A,ward,AP-1,-51.74,-96.75,45.01,False,-51.74,-55.57,-68.12,-69.68,-64.65,-69.08,-72.73,-71.77
20,48,ward_B,ward,AP-1,-54.84,-92.01,37.17,False,-54.84,-56.26,-68.44,-71.79,-69.53,-72.19,-74.82,-69.55
21,48,ward_B,ward,AP-2,-53.56,-96.65,43.09,False,-56.39,-53.56,-67.85,-67.96,-70.93,-70.57,-71.19,-76.08
22,48,ward_B,ward,AP-2,-50.14,-93.99,43.85,False,-56.06,-50.14,-67.65,-69.24,-72.6,-76.27,-72.42,-71.77
23,48,ward_B,ward,AP-2,-54.0,-96.89,42.89,False,-56.81,-54.0,-64.13,-71.71,-70.58,-70.93,-71.64,-73.81
24,48,ward_B,ward,AP-2,-52.03,-95.84,43.81,False,-58.95,-52.03,-70.46,-73.94,-68.32,-71.83,-72.63,-71.05
25,48,ward_B,ward,AP-2,-46.38,-95.39,49.01,False,-61.89,-46.38,-64.37,-71.34,-72.85,-69.8,-68.97,-70.5
26,48,ward_B,ward,AP-2,-45.28,-96.91,51.63,False,-60.77,-45.28,-65.14,-71.11,-68.42,-75.08,-70.85,-70.04
27,48,ward_B,ward,AP-2,-44.27,-95.99,51.72,False,-60.64,-44.27,-64.01,-71.82,-72.88,-72.42,-69.11,-70.69
28,48,ward_B,ward,AP-2,-41.78,-92.25,50.47,False,-62.04,-41.78,-65.89,-68.09,-71.5,-72.87,-74.51,-71.65
29,48,ward_B,ward,AP-2,-39.07,-92.59,53.52,False,-64.29,-39.07,-62.67,-72.89,-70.68,-73.58,-68.56,-71.1
30,48,ward_B,ward,AP-2,-38.32,-94.5,56.18,False,-64.11,-38.32,-64.12,-70.24,-76.07,-71.53,-66.56,-71.71
31,48,ward_B,ward,AP-2,-38.42,-97.41,58.99,False,-64.99,-38.42,-64.4,-73.08,-72.17,-74.43,-70.66,-66.79
32,48,ward_B,ward,AP-2,-42.56,-95.73,53.17,False,-66.05,-42.56,-61.59,-68.02,-68.13,-67.28,-67.59,-73.38
33,48,ward_B,ward,AP-2,-42.81,-96.14,53.33,False,-62.14,-42.81,-62.53,-74.17,-67.64,-70.59,-66.03,-69.06
34,48,ward_B,ward,AP-2,-42.62,-95.87,53.25,False,-66.57,-42.62,-55.62,-72.99,-70.34,-73.2,-66.53,-68.77
35,48,ward_B,ward,AP-2,-48.63,-98.78,50.15,False,-63.55,-48.63,-58.7,-69.52,-70.53,-72.44,-70.44,-69.06
36,48,ward_B,ward,AP-2,-52.48,-93.55,41.07,False,-65.54,-52.48,-58.61,-71.87,-67.14,-68.08,-64.93,-67.73
37,48,ward_B,ward,AP-2,-52.31,-95.05,42.74,False,-65.76,-52.31,-58.16,-72.2,-69.26,-72.73,-67.44,-66.76
38,48,ward_B,ward,AP-2,-52.06,-94.18,42.12,False,-65.47,-52.06,-53.03,-74.92,-67.02,-71.6,-68.93,-69.39
39,48,ward_B,ward,AP-2,-53.2,-94.76,41.56,False,-67.4,-53.2,-58.2,-76.1,-68.19,-71.37,-65.48,-68.1
40,48,ward_C,ward,AP-3,-54.14,-96.25,42.11,False,-68.26,-55.64,-54.14,-75.1,-68.07,-70.17,-65.71,-67.94
41,48,ward_C,ward,AP-3,-55.08,-96.64,41.56,False,-69.83,-56.18,-55.08,-73.89,-71.59,-68.62,-68.75,-66.14
42,48,ward_C,ward,AP-3,-52.31,-91.37,39.06,False,-68.7,-56.53,-52.31,-69.41,-69.75,-68.42,-67.18,-65.33
43,48,ward_C,ward,AP-3,-50.72,-92.8,42.08,False,-68.38,-55.9,-50.72,-75.52,-69.16,-73.02,-64.83,-66.85
44,48,ward_C,ward,AP-3,-51.59,-92.36,40.77,False,-68.83,-60.76,-51.59,-73.47,-69.31,-69.3,-63.41,-65.82
45,48,ward_C,ward,AP-3,-45.48,-94.88,49.4,False,-69.98,-62.8,-45.48,-72.49,-69.38,-72.05,-62.99,-65.86
46,48,ward_C,ward,AP-3,-44.68,-94.97,50.29,False,-69.9,-59.33,-44.68,-73.69,-70.93,-68.65,-63.88,-62.79
47,48,ward_C,ward,AP-3,-42.84,-95.42,52.58,False,-70.25,-56.22,-42.84,-76.4,-75.36,-67.65,-62.84,-70.36
48,48,ward_C,ward,AP-3,-41.5,-97.5,56.0,False,-70.35,-59.14,-41.5,-75.56,-71.76,-67.39,-61.13,-63.32
49,48,ward_C,ward,AP-3,-40.37,-95.48,55.11,False,-72.19,-62.27,-40.37,-75.02,-71.62,-67.64,-58.98,-63.16
50,48,ward_C,ward,AP-3,-35.43,-96.33,60.9,False,-69.59,-61.96,-35.43,-71.24,-71.8,-68.72,-61.31,-67.08
51,48,ward_C,ward,AP-3,-39.4,-93.99,54.59,False,-73.77,-63.6,-39.4,-70.92,-69.1,-70.3,-60.12,-65.36
52,48,ward_C,ward,AP-3,-40.25,-95.15,54.9,False,-71.49,-66.31,-40.25,-72.51,-70.32,-69.09,-60.75,-65.11
53,48,ward_C,ward,AP-3,-44.98,-94.18,49.2,False,-74.41,-64.4,-44.98,-74.74,-73.13,-71.7,-57.88,-65.64
54,48,ward_C,ward,AP-3,-48.09,-93.34,45.25,False,-71.7,-65.15,-48.09,-77.91,-70.47,-71.67,-52.43,-64.98
55,48,ward_C,ward,AP-3,-51.12,-95.57,44.45,False,-75.91,-64.48,-51.12,-73.9,-71.8,-73.79,-58.83,-65.41
56,48,ward_C,ward,AP-3,-49.36,-95.92,46.56,False,-73.24,-62.78,-49.36,-75.78,-71.04,-68.95,-54.0,-59.71
57,48,ward_C,ward,AP-7,-51.69,-95.19,43.5,False,-73.39,-68.3,-52.79,-75.85,-72.18,-71.25,-51.69,-66.57
58,48,ward_C,ward,AP-7,-51.21,-94.31,43.1,False,-74.9,-66.24,-52.36,-75.01,-73.08,-68.59,-51.21,-63.06
59,48,ward_C,ward,AP-7,-50.01,-95.2,45.19,False,-75.53,-64.98,-52.59,-79.58,-71.39,-72.6,-50.01,-58.5
60,48,theatre_1,theatre,AP-7,-45.46,-93.69,48.23,False,-72.59,-69.76,-57.16,-78.2,-72.27,-70.5,-45.46,-57.36
61,48,theatre_1,theatre,AP-7,-43.68,-94.87,51.19,False,-73.91,-68.28,-55.38,-79.59,-73.0,-68.91,-43.68,-59.51
62,48,theatre_1,theatre,AP-7,-46.61,-94.4,47.79,False,-75.72,-66.57,-59.24,-76.11,-74.07,-71.43,-46.61,-63.11
63,48,theatre_1,theatre,AP-7,-42.53,-95.74,53.21,False,-72.7,-68.54,-59.72,-75.81,-71.37,-72.14,-42.53,-58.36
64,48,theatre_1,theatre,AP-7,-39.65,-95.8,56.15,False,-71.77,-67.05,-59.23,-74.71,-73.25,-72.28,-39.65,-66.46
65,48,theatre_1,theatre,AP-7,-38.63,-95.63,57.0,False,-71.24,-68.16,-61.35,-75.12,-73.79,-71.07,-38.63,-58.67
66,48,theatre_1,theatre,AP-7,-31.92,-96.12,64.2,False,-74.01,-69.3,-64.73,-77.66,-73.7,-71.58,-31.92,-59.01
67,48,theatre_1,theatre,AP-7,-33.73,-95.09,61.36,False,-74.94,-69.48,-56.64,-75.2,-72.94,-71.26,-33.73,-58.25
68,48,theatre_1,theatre,AP-7,-37.66,-92.03,54.37,False,-73.45,-69.49,-57.26,-81.87,-71.37,-70.75,-37.66,-58.09
69,48,theatre_1,theatre,AP-7,-41.35,-94.51,53.16,False,-75.77,-70.21,-59.83,-77.85,-75.47,-73.43,-41.35,-62.66
70,48,theatre_1,theatre,AP-7,-43.74,-94.92,51.18,False,-78.12,-73.22,-60.97,-78.78,-75.93,-74.82,-43.74,-64.01
71,48,theatre_1,theatre,AP-7,-44.97,-95.93,50.96,False,-73.19,-70.35,-63.84,-77.52,-76.79,-72.26,-44.97,-60.25
72,48,corridor_v,corridor,AP-7,-49.41,-94.4,44.99,False,-82.18,-74.26,-65.35,-81.96,-77.38,-72.39,-49.41,-65.53
73,48,corridor_v,corridor,AP-7,-50.29,-97.28,46.99,False,-78.6,-76.81,-70.59,-81.27,-77.76,-73.02,-50.29,-66.18
74,48,corridor_v,corridor,AP-7,-53.48,-93.74,40.26,False,-80.84,-78.29,-65.85,-83.01,-73.98,-77.05,-53.48,-62.73
75,48,corridor_v,corridor,AP-7,-49.65,-94.52,44.87,False,-85.02,-72.77,-68.05,-79.11,-78.33,-78.79,-49.65,-68.4
76,48,corridor_v,corridor,AP-7,-54.27,-94.16,39.89,False,-80.54,-78.97,-69.28,-81.8,-77.68,-75.48,-54.27,-63.47
77,48,corridor_v,corridor,AP-7,-57.76,-95.15,37.39,False,-78.43,-76.82,-65.62,-82.7,-80.36,-74.19,-57.76,-68.79
78,48,corridor_v,corridor,AP-7,-57.93,-96.2,38.27,False,-78.69,-78.96,-68.68,-83.57,-79.17,-73.12,-57.93,-66.69
79,48,corridor_v,corridor,AP-7,-60.14,-95.52,35.38,False,-81.18,-77.2,-69.38,-83.88,-79.79,-78.31,-60.14,-65.07
0,49,ward_A,ward,AP-1,-54.89,-95.89,41.0,False,-54.89,-67.28,-72.16,-71.49,-72.75,-74.88,-74.89,-78.62
1,49,ward_A,ward,AP-1,-53.25,-95.43,42.18,False,-53.25,-69.04,-76.86,-64.5,-72.47,-78.99,-78.35,-75.44
2,49,ward_A,ward,AP-1,-49.59,-96.22,46.63,False,-49.59,-64.41,-76.26,-70.24,-73.14,-76.62,-74.59,-74.44
3,49,ward_A,ward,AP-1,-49.55,-93.58,44.03,False,-49.55,-65.03,-70.64,-68.65,-73.44,-76.46,-73.66,-77.48
4,49,ward_A,ward,AP-1,-50.97,-94.1,43.13,False,-50.97,-67.98,-70.84,-71.82,-71.69,-73.03,-74.68,-78.73
5,49,ward_A,ward,AP-1,-46.14,-94.32,48.18,False,-46.14,-66.24,-73.66,-73.99,-71.33,-75.1,-74.64,-77.72
6,49,ward_A,ward,AP-1,-46.06,-94.91,48.85,False,-46.06,-66.13,-69.87,-69.37,-72.21,-80.48,-73.79,-73.55
7,49,ward_A,ward,AP-1,-44.19,-95.0,50.81,False,-44.19,-62.95,-72.87,-66.37,-70.74,-75.97,-71.49,-78.77
8,49,ward_A,ward,AP-1,-45.64,-94.5,48.86,False,-45.64,-65.33,-69.95,-69.92,-72.55,-76.08,-74.83,-75.98
9,49,ward_A,ward,AP-1,-43.46,-95.33,51.87,False,-43.46,-62.35,-71.47,-72.81,-69.79,-80.02,-72.73,-73.39
10,49,ward_A,ward,AP-1,-43.98,-94.18,50.2,False,-43.98,-61.32,-67.91,-68.43,-73.2,-74.97,-78.35,-78.62
11,49,ward_A,ward,AP-1,-43.55,-94.82,51.27,False,-43.55,-60.58,-71.73,-69.81,-72.25,-72.7,-74.69,-75.88
12,49,ward_A,ward,AP-1,-44.6,-95.25,50.65,False,-44.6,-64.85,-70.33,-73.19,-70.86,-75.5,-74.66,-75.05
13,49,ward_A,ward,AP-1,-45.37,-96.29,50.92,False,-45.37,-59.52,-69.01,-70.64,-72.18,-72.77,-76.72,-72.31
14,49,ward_A,ward,AP-1,-46.22,-95.72,49.5,False,-46.22,-60.74,-69.93,-69.24,-68.97,-73.64,-76.53,-74.66
15,49,ward_A,ward,AP-1,-46.51,-95.64,49.13,False,-46.51,-55.81,-70.95,-69.52,-70.18,-76.15,-70.48,-73.22
16,49,ward_A,ward,AP-1,-47.25,-91.89,44.64,False,-47.25,-60.63,-70.6,-70.86,-70.88,-77.48,-72.76,-74.3
17,49,ward_A,ward,AP-1,-49.48,-94.78,45.3,False,-49.48,-59.01,-71.69,-71.54,-71.89,-72.01,-70.74,-72.34
18,49,ward_A,ward,AP-1,-52.17,-94.71,42.54,False,-52.17,-57.05,-70.15,-69.19,-70.53,-71.46,-70.41,-75.18
19,49,ward_A,ward,AP-2,-53.97,-96.04,42.07,False,-56.12,-53.97,-66.77,-70.12,-72.28,-73.19,-73.54,-77.03
20,49,ward_B,ward,AP-2,-55.27,-94.53,39.26,False,-56.02,-55.27,-67.38,-72.95,-68.26,-69.87,-70.39,-68.94
21,49,ward_B,ward,AP-2,-53.51,-97.52,44.01,False,-56.35,-53.51,-68.27,-74.36,-70.46,-73.27,-73.26,-70.99
22,49,ward_B,ward,AP-2,-52.92,-92.71,39.79,False,-57.8,-52.92,-65.79,-72.4,-71.8,-71.88,-70.29,-72.53
23,49,ward_B,ward,AP-2,-50.28,-93.87,43.59,False,-56.57,-50.28,-66.28,-70.6,-72.81,-72.17,-69.03,-72.69
24,49,ward_B,ward,AP-2,-50.75,-93.1,42.35,False,-55.3,-50.75,-67.92,-68.24,-69.3,-71.01,-72.35,-71.87
25,49,ward_B,ward,AP-2,-50.18,-96.45,46.27,False,-59.76,-50.18,-65.33,-66.59,-68.71,-67.16,-72.81,-71.09
26,49,ward_B,ward,AP-2,-46.09,-93.94,47.85,False,-61.27,-46.09,-67.0,-72.45,-68.13,-69.35,-70.69,-75.34
27,49,ward_B,ward,AP-2,-43.52,-96.76,53.24,False,-60.59,-43.52,-63.95,-71.08,-69.03,-74.61,-71.55,-70.54
28,49,ward_B,ward,AP-2,-43.69,-95.72,52.03,False,-59.74,-43.69,-58.39,-70.49,-69.87,-73.32,-72.09,-75.03
29,49,ward_B,ward,AP-2,-41.49,-94.82,53.33,False,-63.58,-41.49,-62.92,-75.43,-71.44,-72.78,-69.64,-70.7
30,49,ward_B,ward,AP-2,-41.3,-94.87,53.57,False,-62.68,-41.3,-63.95,-72.09,-69.29,-70.97,-66.21,-67.7
31,49,ward_B,ward,AP-2,-42.73,-95.48,52.75,False,-63.44,-42.73,-60.58,-73.97,-68.04,-72.92,-69.26,-68.88
32,49,ward_B,ward,AP-2,-46.25,-94.01,47.76,False,-64.82,-46.25,-60.99,-70.12,-70.25,-69.26,-69.01,-70.37
33,49,ward_B,ward,AP-2,-45.99,-95.67,49.68,False,-62.79,-45.99,-64.15,-69.76,-72.79,-71.15,-67.38,-72.58
34,49,ward_B,ward,AP-2,-44.79,-96.05,51.26,False,-63.95,-44.79,-59.37,-69.25,-72.39,-67.82,-67.37,-72.88
35,49,ward_B,ward,AP-2,-49.47,-96.32,46.85,False,-66.11,-49.47,-56.85,-72.03,-70.99,-68.82,-67.51,-69.41
36,49,ward_B,ward,AP-2,-50.31,-95.09,44.78,False,-63.83,-50.31,-59.33,-74.3,-74.55,-72.51,-66.06,-69.94
37,49,ward_B,ward,AP-2,-53.33,-93.88,40.55,False,-68.3,-53.33,-56.29,-73.59,-69.82,-69.31,-69.13,-69.08
38,49,ward_B,ward,AP-2,-51.58,-97.95,46.37,False,-67.81,-51.58,-60.01,-75.26,-73.51,-70.82,-66.25,-67.46
39,49,ward_B,ward,AP-2,-53.68,-95.32,41.64,False,-70.93,-53.68,-53.99,-73.05,-74.37,-72.34,-64.6,-70.3
40,49,ward_C,ward,AP-2,-51.6,-94.36,42.76,False,-65.92,-51.6,-52.75,-76.48,-71.32,-66.44,-64.33,-67.36
41,49,ward_C,ward,AP-3,-55.96,-94.48,38.52,False,-69.99,-56.31,-55.96,-74.66,-67.57,-69.03,-61.28,-70.01
42,49,ward_C,ward,AP-2,-54.21,-93.93,39.72,False,-68.64,-54.21,-54.58,-75.03,-72.64,-68.94,-66.15,-68.73
43,49,ward_C,ward,AP-3,-49.4,-97.21,47.81,False,-73.88,-58.9,-49.4,-76.06,-69.76,-66.28,-61.55,-69.06
44,49,ward_C,ward,AP-3,-48.83,-97.47,48.64,False,-68.95,-56.71,-48.83,-69.51,-74.46,-71.05,-67.54,-69.15
45,49,ward_C,ward,AP-3,-47.63,-93.97,46.34,False,-69.68,-59.59,-47.63,-76.16,-75.45,-71.09,-60.44,-66.88
46,49,ward_C,ward,AP-3,-46.56,-94.28,47.72,False,-72.75,-59.55,-46.56,-73.14,-72.1,-72.65,-65.37,-66.43
47,49,ward_C,ward,AP-3,-43.48,-94.31,50.83,False,-72.81,-64.79,-43.48,-75.79,-72.1,-71.19,-61.85,-67.45
48,49,ward_C,ward,AP-3,-45.94,-94.35,48.41,False,-69.82,-61.2,-45.94,-74.69,-66.72,-70.0,-65.22,-63.43
49,49,ward_C,ward,AP-3,-41.19,-97.85,56.66,False,-69.88,-63.12,-41.19,-72.4,-68.13,-70.95,-60.82,-64.88
50,49,ward_C,ward,AP-3,-45.49,-93.1,47.61,False,-69.73,-60.64,-45.49,-75.69,-73.32,-70.29,-60.64,-66.29
51,49,ward_C,ward,AP-3,-44.64,-95.01,50.37,False,-71.93,-64.66,-44.64,-75.83,-72.86,-70.25,-60.75,-61.26
52,49,ward_C,ward,AP-3,-44.36,-96.41,52.05,False,-70.55,-64.69,-44.36,-75.62,-71.34,-71.24,-57.02,-65.22
53,49,ward_C,ward,AP-3,-44.22,-92.64,48.42,False,-72.12,-66.21,-44.22,-76.11,-71.83,-69.9,-61.0,-64.22
54,49,ward_C,ward,AP-3,-47.12,-93.94,46.82,False,-71.13,-66.09,-47.12,-75.06,-72.06,-71.55,-55.83,-65.7
55,49,ward_C,ward,AP-3,-49.34,-95.09,45.75,False,-71.9,-64.61,-49.34,-75.66,-73.89,-69.65,-57.33,-61.24
56,49,ward_C,ward,AP-3,-48.28,-95.98,47.7,False,-74.69,-66.97,-48.28,-72.81,-76.61,-70.14,-54.05,-64.98
57,49,ward_C,ward,AP-3,-44.9,-95.56,50.66,False,-72.45,-66.9,-44.9,-76.36,-75.03,-70.17,-53.91,-62.37
58,49,ward_C,ward,AP-7,-46.92,-98.35,51.43,False,-70.39,-70.21,-53.93,-75.73,-75.04,-68.67,-46.92,-67.1
59,49,ward_C,ward,AP-7,-51.69,-92.78,41.09,False,-71.75,-70.84,-54.0,-74.44,-75.47,-65.37,-51.69,-62.44
60,49,theatre_1,theatre,AP-7,-46.13,-97.26,51.13,False,-69.88,-69.8,-53.94,-77.7,-69.7,-70.86,-46.13,-60.1
61,49,theatre_1,theatre,AP-7,-45.91,-96.28,50.37,False,-75.74,-68.66,-58.09,-75.08,-71.91,-70.43,-45.91,-63.69
62,49,theatre_1,theatre,AP-7,-43.04,-92.66,49.62,False,-71.27,-69.57,-57.07,-71.39,-72.22,-68.87,-43.04,-62.64
63,49,theatre_1,theatre,AP-7,-38.99,-93.25,54.26,False,-71.34,-70.28,-56.63,-78.54,-73.38,-78.53,-38.99,-67.58
64,49,theatre_1,theatre,AP-7,-35.86,-97.26,61.4,False,-72.6,-70.72,-59.37,-79.77,-71.92,-69.43,-35.86,-63.62
65,49,theatre_1,theatre,AP-7,-30.47,-93.27,62.8,False,-72.84,-71.52,-51.76,-79.49,-73.11,-71.15,-30.47,-62.46
66,49,theatre_1,theatre,AP-7,-24.74,-94.14,69.4,False,-76.55,-71.31,-60.49,-79.32,-71.3,-67.92,-24.74,-63.54
67,49,theatre_1,theatre,AP-7,-30.98,-93.54,62.56,False,-73.72,-69.94,-59.99,-81.2,-78.86,-72.62,-30.98,-62.56
68,49,theatre_1,theatre,AP-7,-34.86,-96.3,61.44,False,-74.6,-70.96,-64.68,-75.6,-75.94,-69.68,-34.86,-62.59
69,49,theatre_1,theatre,AP-7,-43.0,-94.44,51.44,False,-78.08,-70.98,-61.88,-77.91,-75.33,-72.09,-43.0,-58.35
70,49,theatre_1,theatre,AP-7,-42.31,-94.4,52.09,False,-76.37,-70.44,-62.79,-74.62,-73.04,-73.09,-42.31,-61.45
71,49,theatre_1,theatre,AP-7,-46.1,-94.97,48.87,False,-78.87,-69.93,-66.11,-79.47,-73.33,-69.97,-46.1,-60.73
72,49,corridor_v,corridor,AP-7,-50.8,-94.85,44.05,False,-80.85,-75.95,-68.49,-83.82,-79.16,-76.92,-50.8,-65.52
73,49,corridor_v,corridor,AP-7,-53.11,-95.71,42.6,False,-78.79,-71.81,-67.72,-79.97,-79.75,-76.12,-53.11,-64.03
74,49,corridor_v,corridor,AP-7,-51.8,-94.85,43.05,False,-79.69,-75.44,-68.27,-80.81,-77.31,-74.02,-51.8,-69.11
75,49,corridor_v,corridor,AP-7,-53.74,-94.96,41.22,False,-84.8,-77.19,-68.7,-83.15,-77.26,-76.94,-53.74,-65.37
76,49,corridor_v,corridor,AP-7,-55.53,-96.4,40.87,False,-80.87,-78.86,-68.32,-82.38,-77.98,-75.9,-55.53,-66.11
77,49,corridor_v,corridor,AP-7,-58.43,-98.35,39.92,False,-79.4,-75.7,-70.64,-81.58,-78.35,-73.41,-58.43,-63.5
78,49,corridor_v,corridor,AP-7,-57.34,-95.36,38.02,False,-83.02,-77.07,-67.37,-78.52,-81.95,-76.99,-57.34,-67.6
79,49,corridor_v,corridor,AP-7,-59.07,-96.31,37.24,False,-80.94,-77.81,-71.42,-83.87,-78.05,-79.51,-59.07,-69.71
0,50,ward_A,ward,AP-1,-55.98,-93.36,37.38,False,-55.98,-69.29,-72.72,-71.62,-72.07,-77.38,-77.3,-76.82
1,50,ward_A,ward,AP-1,-54.62,-93.08,38.46,False,-54.62,-66.01,-70.14,-70.57,-68.98,-76.56,-76.82,-71.48
2,50,ward_A,ward,AP-1,-54.31,-93.62,39.31,False,-54.31,-66.14,-72.61,-68.98,-72.68,-78.02,-76.88,-77.85
3,50,ward_A,ward,AP-1,-49.65,-91.93,42.28,False,-49.65,-63.3,-74.59,-70.38,-69.04,-73.77,-74.21,-77.25
4,50,ward_A,ward,AP-1,-54.1,-95.11,41.01,False,-54.1,-64.8,-78.2,-70.72,-70.96,-75.68,-76.61,-77.9
5,50,ward_A,ward,AP-1,-50.53,-92.44,41.91,False,-50.53,-66.85,-72.92,-69.93,-74.92,-73.41,-77.98,-76.51
6,50,ward_A,ward,AP-1,-46.15,-95.59,49.44,False,-46.15,-65.69,-71.72,-74.26,-72.71,-78.6,-74.98,-75.67
7,50,ward_A,ward,AP-1,-46.86,-95.52,48.66,False,-46.86,-64.32,-74.51,-69.91,-72.09,-74.17,-76.98,-78.81
8,50,ward_A,ward,AP-1,-45.21,-95.08,49.87,False,-45.21,-65.16,-74.92,-75.2,-70.99,-74.8,-73.96,-75.9
9,50,ward_A,ward,AP-1,-46.23,-95.28,49.05,False,-46.23,-60.8,-71.32,-70.39,-74.91,-73.48,-76.28,-72.72
10,50,ward_A,ward,AP-1,-47.11,-94.13,47.02,False,-47.11,-60.37,-71.47,-73.09,-70.71,-77.23,-73.69,-75.36
11,50,ward_A,ward,AP-1,-44.88,-95.67,50.79,False,-44.88,-60.32,-69.77,-71.68,-70.7,-73.51,-74.56,-76.24
12,50,ward_A,ward,AP-1,-44.86,-95.95,51.09,False,-44.86,-62.03,-72.29,-69.3,-72.81,-73.7,-75.62,-75.31
13,50,ward_A,ward,AP-1,-50.38,-96.94,46.56,False,-50.38,-64.59,-71.61,-71.19,-70.61,-77.77,-73.29,-77.75
14,50,ward_A,ward,AP-1,-48.23,-94.33,46.1,False,-48.23,-61.79,-67.06,-72.14,-74.36,-76.36,-77.08,-72.31
15,50,ward_A,ward,AP-1,-48.56,-97.97,49.41,False,-48.56,-56.16,-67.5,-70.38,-73.01,-72.12,-74.16,-75.53
16,50,ward_A,ward,AP-1,-50.86,-97.08,46.22,False,-50.86,-60.79,-72.95,-70.14,-71.89,-73.86,-68.01,-73.66
17,50,ward_A,ward,AP-1,-54.88,-94.58,39.7,False,-54.88,-59.51,-64.31,-73.45,-72.31,-73.86,-72.41,-74.32
18,50,ward_A,ward,AP-2,-54.48,-94.75,40.27,False,-56.34,-54.48,-68.97,-72.96,-72.37,-70.28,-72.34,-73.27
19,50,ward_A,ward,AP-1,-52.1,-94.46,42.36,False,-52.1,-55.33,-66.62,-71.35,-76.32,-71.6,-73.78,-72.74
20,50,ward_B,ward,AP-1,-54.2,-96.42,42.22,False,-54.2,-54.52,-66.23,-72.04,-68.76,-76.1,-74.29,-73.48
21,50,ward_B,ward,AP-2,-52.57,-95.16,42.59,False,-54.85,-52.57,-66.96,-73.32,-70.61,-74.97,-67.5,-75.27
22,50,ward_B,ward,AP-2,-56.66,-94.35,37.69,False,-60.22,-56.66,-65.08,-73.32,-72.9,-72.45,-76.21,-74.95
23,50,ward_B,ward,AP-2,-53.94,-94.58,40.64,False,-57.14,-53.94,-65.46,-71.85,-69.52,-75.75,-68.49,-73.86
24,50,ward_B,ward,AP-2,-50.19,-95.05,44.86,False,-61.75,-50.19,-64.49,-69.4,-70.04,-68.94,-72.85,-72.4
25,50,ward_B,ward,AP-2,-51.84,-97.4,45.56,False,-57.09,-51.84,-67.14,-71.06,-72.16,-75.63,-65.99,-70.55
26,50,ward_B,ward,AP-2,-49.07,-93.87,44.8,False,-60.17,-49.07,-61.99,-73.17,-68.6,-75.73,-70.54,-72.43
27,50,ward_B,ward,AP-2,-47.62,-97.2,49.58,False,-62.73,-47.62,-64.81,-70.17,-69.03,-71.86,-70.81,-71.97
28,50,ward_B,ward,AP-2,-47.14,-95.69,48.55,False,-63.0,-47.14,-63.55,-69.57,-70.03,-71.1,-68.12,-73.66
29,50,ward_B,ward,AP-2,-44.42,-97.12,52.7,False,-64.82,-44.42,-63.07,-68.47,-71.23,-70.09,-68.17,-69.7
30,50,ward_B,ward,AP-2,-46.38,-95.49,49.11,False,-58.92,-46.38,-65.5,-74.88,-72.25,-70.61,-69.63,-73.45
31,50,ward_B,ward,AP-2,-41.46,-95.07,53.61,False,-64.19,-41.46,-60.73,-68.27,-68.27,-72.28,-66.78,-72.43
32,50,ward_B,ward,AP-2,-45.95,-94.96,49.01,False,-66.38,-45.95,-64.37,-69.78,-71.59,-73.14,-69.7,-74.08
33,50,ward_B,ward,AP-2,-45.66,-95.29,49.63,False,-67.26,-45.66,-56.63,-71.1,-70.71,-72.53,-66.11,-69.42
34,50,ward_B,ward,AP-2,-46.68,-95.48,48.8,False,-65.05,-46.68,-60.06,-74.52,-70.0,-73.4,-68.15,-67.96
35,50,ward_B,ward,AP-2,-46.93,-93.74,46.81,False,-64.34,-46.93,-57.31,-74.21,-70.61,-67.19,-65.15,-70.2
36,50,ward_B,ward,AP-2,-51.02,-93.49,42.47,False,-64.38,-51.02,-60.58,-70.85,-72.11,-71.98,-67.11,-71.88
37,50,ward_B,ward,AP-2,-50.59,-97.13,46.54,False,-69.8,-50.59,-54.88,-72.52,-73.98,-71.28,-65.18,-70.46
38,50,ward_B,ward,AP-2,-54.62,-98.28,43.66,False,-68.87,-54.62,-58.77,-71.11,-72.28,-72.0,-70.57,-68.36
39,50,ward_B,ward,AP-2,-52.88,-91.73,38.85,False,-69.38,-52.88,-58.94,-72.2,-68.91,-68.76,-63.97,-65.56
40,50,ward_C,ward,AP-3,-53.44,-92.85,39.41,False,-68.34,-53.47,-53.44,-75.69,-71.27,-72.79,-63.64,-69.06
41,50,ward_C,ward,AP-3,-54.9,-97.43,42.53,False,-68.13,-59.79,-54.9,-76.68,-71.12,-72.67,-65.35,-68.8
42,50,ward_C,ward,AP-3,-55.75,-95.16,39.41,False,-67.01,-56.49,-55.75,-74.72,-71.51,-67.72,-61.99,-68.2
43,50,ward_C,ward,AP-3,-53.91,-94.34,40.43,False,-69.34,-58.43,-53.91,-74.97,-70.34,-73.85,-67.88,-64.9
44,50,ward_C,ward,AP-3,-51.96,-94.4,42.44,False,-71.26,-58.23,-51.96,-74.26,-72.07,-72.47,-63.18,-69.14
45,50,ward_C,ward,AP-3,-50.96,-95.71,44.75,False,-70.79,-54.9,-50.96,-71.78,-73.19,-73.16,-64.34,-69.59
46,50,ward_C,ward,AP-3,-46.05,-93.79,47.74,False,-68.36,-63.57,-46.05,-73.79,-71.47,-70.62,-59.17,-66.0
47,50,ward_C,ward,AP-3,-49.76,-94.03,44.27,False,-66.68,-62.27,-49.76,-75.66,-70.25,-71.02,-60.19,-67.14
48,50,ward_C,ward,AP-3,-43.46,-93.21,49.75,False,-73.23,-63.24,-43.46,-73.61,-74.11,-69.28,-59.81,-72.0
49,50,ward_C,ward,AP-3,-45.77,-94.23,48.46,False,-70.42,-60.62,-45.77,-72.35,-72.45,-71.48,-60.3,-65.03
50,50,ward_C,ward,AP-3,-47.01,-94.13,47.12,False,-68.24,-66.12,-47.01,-69.48,-73.49,-74.93,-62.46,-63.97
51,50,ward_C,ward,AP-3,-46.19,-93.88,47.69,False,-70.01,-67.24,-46.19,-73.16,-72.4,-72.78,-58.19,-64.11
52,50,ward_C,ward,AP-3,-45.31,-96.02,50.71,False,-70.92,-62.61,-45.31,-75.79,-70.3,-70.85,-55.97,-65.59
53,50,ward_C,ward,AP-3,-47.4,-96.84,49.44,False,-74.49,-65.77,-47.4,-72.34,-74.12,-67.8,-54.56,-64.26
54,50,ward_C,ward,AP-3,-48.69,-96.68,47.99,False,-72.7,-64.81,-48.69,-75.62,-72.94,-72.86,-57.45,-65.18
55,50,ward_C,ward,AP-3,-51.98,-96.69,44.71,False,-71.92,-67.45,-51.98,-74.56,-70.22,-68.33,-55.71,-58.28
56,50,ward_C,ward,AP-3,-51.15,-95.83,44.68,False,-74.49,-67.12,-51.15,-73.7,-68.31,-73.98,-55.84,-65.19
57,50,ward_C,ward,AP-7,-53.92,-96.43,42.51,False,-74.84,-65.11,-56.26,-75.86,-74.92,-70.41,-53.92,-63.31
58,50,ward_C,ward,AP-7,-51.18,-91.66,40.48,False,-75.71,-65.33,-53.08,-69.97,-71.75,-70.12,-51.18,-65.29
59,50,ward_C,ward,AP-3,-53.53,-94.91,41.38,False,-73.68,-67.88,-53.53,-77.77,-71.13,-71.13,-53.8,-64.86
60,50,theatre_1,theatre,AP-7,-48.86,-95.49,46.63,False,-68.34,-67.16,-55.14,-79.63,-73.82,-71.68,-48.86,-65.63
61,50,theatre_1,theatre,AP-7,-46.02,-94.2,48.18,False,-71.72,-71.55,-53.09,-79.07,-71.78,-69.52,-46.02,-63.9
62,50,theatre_1,theatre,AP-7,-43.95,-93.43,49.48,False,-75.22,-71.61,-56.6,-74.67,-72.6,-71.19,-43.95,-63.2
63,50,theatre_1,theatre,AP-7,-38.92,-97.08,58.16,False,-74.82,-69.96,-56.97,-76.1,-69.67,-69.19,-38.92,-65.16
64,50,theatre_1,theatre,AP-7,-31.62,-94.87,63.25,False,-79.41,-65.12,-58.73,-76.57,-74.56,-72.08,-31.62,-58.86
65,50,theatre_1,theatre,AP-7,-29.75,-97.7,67.95,False,-75.4,-70.19,-61.34,-74.84,-73.12,-67.54,-29.75,-61.0
66,50,theatre_1,theatre,AP-7,-17.15,-93.83,76.68,False,-73.39,-69.09,-59.46,-77.75,-73.29,-68.41,-17.15,-66.61
67,50,theatre_1,theatre,AP-7,-27.14,-92.14,65.0,False,-70.82,-70.43,-64.23,-74.56,-74.38,-72.83,-27.14,-60.01
68,50,theatre_1,theatre,AP-7,-35.11,-96.16,61.05,False,-72.82,-72.54,-63.75,-79.02,-76.5,-72.03,-35.11,-62.33
69,50,theatre_1,theatre,AP-7,-43.55,-93.3,49.75,False,-73.75,-73.58,-63.93,-83.43,-73.65,-73.14,-43.55,-65.09
70,50,theatre_1,theatre,AP-7,-41.84,-94.96,53.12,False,-74.2,-71.68,-63.14,-79.04,-73.75,-73.75,-41.84,-62.33
71,50,theatre_1,theatre,AP-7,-42.09,-94.58,52.49,False,-72.55,-70.6,-64.57,-76.31,-73.18,-70.59,-42.09,-63.8
72,50,corridor_v,corridor,AP-7,-50.47,-93.17,42.7,False,-79.79,-71.4,-65.66,-83.19,-80.03,-73.49,-50.47,-68.66
73,50,corridor_v,corridor,AP-7,-49.69,-94.18,44.49,False,-80.14,-73.76,-64.65,-84.24,-76.47,-76.65,-49.69,-63.92
74,50,corridor_v,corridor,AP-7,-50.8,-95.77,44.97,False,-78.31,-75.51,-68.75,-82.55,-78.56,-73.68,-50.8,-68.03
75,50,corridor_v,corridor,AP-7,-57.57,-95.88,38.31,False,-78.32,-69.77,-67.21,-82.48,-79.0,-77.42,-57.57,-70.08
76,50,corridor_v,corridor,AP-7,-58.29,-97.24,38.95,False,-78.58,-71.82,-68.11,-84.23,-76.82,-72.79,-58.29,-66.86
77,50,corridor_v,corridor,AP-7,-57.94,-97.51,39.57,False,-77.79,-78.79,-65.64,-83.58,-80.78,-74.11,-57.94,-68.73
78,50,corridor_v,corridor,AP-7,-59.28,-91.12,31.84,False,-83.05,-76.47,-70.39,-84.3,-80.68,-75.88,-59.28,-67.13
79,50,corridor_v,corridor,AP-7,-60.74,-94.81,34.07,False,-80.86,-71.87,-70.08,-82.97,-80.38,-80.84,-60.74,-69.32
0,51,ward_A,ward,AP-1,-57.59,-94.92,37.33,False,-57.59,-63.23,-73.91,-70.55,-74.45,-78.69,-77.96,-78.94
1,51,ward_A,ward,AP-1,-54.93,-93.24,38.31,False,-54.93,-65.08,-74.83,-71.73,-75.1,-79.28,-78.76,-77.49
2,51,ward_A,ward,AP-1,-52.77,-95.99,43.22,False,-52.77,-66.11,-76.52,-71.45,-75.07,-76.76,-75.87,-75.33
3,51,ward_A,ward,AP-1,-54.47,-94.41,39.94,False,-54.47,-68.62,-68.79,-70.35,-69.24,-79.07,-75.2,-78.21
4,51,ward_A,ward,AP-1,-49.47,-92.43,42.96,False,-49.47,-66.68,-71.89,-71.57,-70.73,-78.13,-75.1,-77.42
5,51,ward_A,ward,AP-1,-47.98,-93.74,45.76,False,-47.98,-66.17,-71.33,-71.98,-72.49,-73.9,-77.51,-77.06
6,51,ward_A,ward,AP-1,-50.54,-93.31,42.77,False,-50.54,-63.92,-72.32,-70.75,-72.33,-75.62,-79.06,-75.91
7,51,ward_A,ward,AP-1,-48.75,-93.75,45.0,False,-48.75,-62.34,-73.23,-70.16,-71.66,-77.0,-73.47,-81.51
8,51,ward_A,ward,AP-1,-48.71,-96.22,47.51,False,-48.71,-63.81,-74.77,-71.21,-72.61,-74.31,-77.37,-76.85
9,51,ward_A,ward,AP-1,-42.69,-94.61,51.92,False,-42.69,-63.24,-69.14,-69.93,-70.01,-76.88,-75.48,-77.52
10,51,ward_A,ward,AP-1,-47.82,-98.7,50.88,False,-47.82,-65.96,-72.63,-68.13,-72.59,-74.14,-72.79,-73.88
11,51,ward_A,ward,AP-1,-49.04,-95.37,46.33,False,-49.04,-62.67,-67.14,-72.14,-73.0,-73.44,-75.44,-76.7
12,51,ward_A,ward,AP-1,-50.67,-96.38,45.71,False,-50.67,-61.47,-71.83,-70.39,-72.22,-75.22,-74.21,-73.77
13,51,ward_A,ward,AP-1,-48.59,-96.47,47.88,False,-48.59,-60.51,-70.49,-68.83,-73.76,-71.41,-75.73,-74.03
14,51,ward_A,ward,AP-1,-51.88,-94.39,42.51,False,-51.88,-58.58,-71.62,-73.98,-70.89,-71.09,-73.8,-75.48
15,51,ward_A,ward,AP-1,-55.37,-95.38,40.01,False,-55.37,-59.95,-69.11,-71.38,-68.17,-75.93,-73.05,-76.3
16,51,ward_A,ward,AP-1,-53.12,-94.52,41.4,False,-53.12,-56.77,-70.5,-71.37,-69.79,-74.71,-71.49,-72.46
17,51,ward_A,ward,AP-1,-53.67,-94.39,40.72,False,-53.67,-56.53,-66.64,-70.64,-67.02,-68.59,-71.41,-75.55
18,51,ward_A,ward,AP-2,-55.0,-96.88,41.88,False,-56.43,-55.0,-66.96,-72.12,-69.45,-74.25,-70.84,-75.59
19,51,ward_A,ward,AP-2,-55.56,-95.3,39.74,False,-55.61,-55.56,-67.98,-69.62,-68.12,-77.2,-75.29,-76.44
20,51,ward_B,ward,AP-1,-55.69,-98.47,42.78,False,-55.69,-57.62,-70.43,-70.38,-74.2,-74.47,-71.22,-79.3
21,51,ward_B,ward,AP-2,-54.89,-93.39,38.5,False,-55.69,-54.89,-64.52,-72.38,-70.57,-74.73,-74.14,-73.43
22,51,ward_B,ward,AP-2,-53.67,-94.36,40.69,False,-57.91,-53.67,-69.37,-71.07,-74.43,-73.02,-67.06,-75.57
23,51,ward_B,ward,AP-2,-53.64,-92.87,39.23,False,-61.58,-53.64,-67.88,-68.23,-70.8,-73.94,-71.34,-76.91
24,51,ward_B,ward,AP-2,-53.97,-93.48,39.51,False,-56.54,-53.97,-62.68,-71.87,-70.82,-73.11,-72.79,-72.27
25,51,ward_B,ward,AP-2,-51.91,-96.54,44.63,False,-55.36,-51.91,-64.83,-73.2,-70.82,-72.89,-70.91,-74.71
26,51,ward_B,ward,AP-2,-52.1,-93.47,41.37,False,-60.66,-52.1,-63.39,-69.95,-71.71,-70.08,-68.15,-76.55
27,51,ward_B,ward,AP-2,-49.62,-95.73,46.11,False,-61.87,-49.62,-61.7,-74.58,-71.62,-75.61,-72.61,-74.89
28,51,ward_B,ward,AP-2,-48.74,-96.63,47.89,False,-58.8,-48.74,-64.78,-69.5,-71.35,-75.51,-71.54,-75.21
29,51,ward_B,ward,AP-2,-49.42,-94.66,45.24,False,-59.89,-49.42,-61.1,-70.3,-68.64,-68.76,-73.4,-69.44
30,51,ward_B,ward,AP-2,-48.19,-94.51,46.32,False,-63.07,-48.19,-61.8,-71.31,-67.91,-71.18,-70.25,-71.1
31,51,ward_B,ward,AP-2,-49.07,-96.21,47.14,False,-62.79,-49.07,-61.4,-72.53,-70.39,-69.74,-70.18,-66.67
32,51,ward_B,ward,AP-2,-45.85,-93.54,47.69,False,-63.59,-45.85,-60.42,-75.37,-66.31,-68.13,-69.06,-72.03
33,51,ward_B,ward,AP-2,-49.27,-95.34,46.07,False,-63.36,-49.27,-61.13,-70.04,-72.57,-75.02,-70.03,-72.98
34,51,ward_B,ward,AP-2,-49.47,-93.84,44.37,False,-62.49,-49.47,-61.45,-74.64,-68.51,-71.77,-65.93,-71.28
35,51,ward_B,ward,AP-2,-50.34,-92.47,42.13,False,-63.95,-50.34,-57.91,-73.69,-68.86,-69.29,-68.65,-73.26
36,51,ward_B,ward,AP-2,-52.84,-95.07,42.23,False,-67.92,-52.84,-58.92,-68.34,-70.25,-72.87,-66.69,-71.39
37,51,ward_B,ward,AP-2,-51.24,-92.53,41.29,False,-69.2,-51.24,-59.82,-73.92,-72.29,-70.61,-66.89,-71.25
38,51,ward_B,ward,AP-2,-56.88,-95.98,39.1,False,-66.8,-56.88,-57.75,-75.57,-68.32,-70.68,-67.26,-67.61
39,51,ward_B,ward,AP-3,-56.56,-92.07,35.51,False,-66.74,-56.59,-56.56,-74.65,-69.1,-69.54,-64.1,-66.21
40,51,ward_C,ward,AP-2,-55.68,-95.21,39.53,False,-65.94,-55.68,-58.26,-70.78,-71.35,-75.59,-66.1,-67.24
41,51,ward_C,ward,AP-3,-56.79,-93.92,37.13,False,-67.78,-57.73,-56.79,-73.92,-71.89,-71.9,-63.54,-69.95
42,51,ward_C,ward,AP-3,-54.59,-95.65,41.06,False,-68.14,-55.93,-54.59,-75.73,-71.42,-71.28,-61.0,-67.11
43,51,ward_C,ward,AP-3,-53.79,-95.98,42.19,False,-67.24,-55.93,-53.79,-71.99,-69.03,-66.69,-63.53,-70.53
44,51,ward_C,ward,AP-3,-53.32,-92.78,39.46,False,-67.28,-59.97,-53.32,-75.03,-71.16,-68.53,-65.37,-64.99
45,51,ward_C,ward,AP-3,-52.49,-94.21,41.72,False,-71.66,-55.58,-52.49,-73.67,-68.48,-70.29,-61.66,-67.51
46,51,ward_C,ward,AP-3,-49.41,-92.66,43.25,False,-68.75,-58.86,-49.41,-78.69,-71.02,-70.27,-62.61,-68.38
47,51,ward_C,ward,AP-3,-46.38,-96.73,50.35,False,-68.71,-61.98,-46.38,-73.79,-70.13,-72.86,-64.44,-68.78
48,51,ward_C,ward,AP-3,-51.09,-95.07,43.98,False,-71.59,-60.89,-51.09,-76.73,-71.9,-72.08,-60.11,-62.12
49,51,ward_C,ward,AP-3,-51.81,-94.98,43.17,False,-71.04,-63.58,-51.81,-75.39,-75.79,-73.68,-61.34,-67.27
50,51,ward_C,ward,AP-3,-48.51,-94.57,46.06,False,-71.66,-61.38,-48.51,-76.7,-71.99,-71.17,-63.95,-68.09
51,51,ward_C,ward,AP-3,-47.7,-95.37,47.67,False,-68.99,-60.82,-47.7,-70.96,-72.9,-65.57,-59.9,-64.72
52,51,ward_C,ward,AP-3,-49.58,-94.08,44.5,False,-70.42,-64.9,-49.58,-76.4,-74.62,-72.36,-59.92,-65.82
53,51,ward_C,ward,AP-3,-47.08,-93.73,46.65,False,-70.93,-64.65,-47.08,-73.45,-72.4,-70.43,-56.05,-66.2
54,51,ward_C,ward,AP-3,-52.01,-96.08,44.07,False,-70.69,-63.54,-52.01,-75.53,-72.33,-71.77,-56.08,-68.89
55,51,ward_C,ward,AP-3,-53.62,-95.7,42.08,False,-70.52,-65.54,-53.62,-76.26,-71.11,-69.94,-55.03,-66.66
56,51,ward_C,ward,AP-3,-49.59,-93.82,44.23,False,-72.43,-66.9,-49.59,-77.48,-71.23,-69.7,-58.69,-64.13
57,51,ward_C,ward,AP-3,-49.77,-95.82,46.05,False,-72.53,-69.9,-49.77,-72.69,-71.03,-70.45,-54.94,-62.59
58,51,ward_C,ward,AP-7,-52.33,-96.36,44.03,False,-72.25,-68.05,-52.97,-75.35,-73.43,-65.53,-52.33,-65.97
59,51,ward_C,ward,AP-7,-46.83,-97.27,50.44,False,-75.4,-66.34,-58.1,-77.59,-67.51,-70.97,-46.83,-61.74
60,51,theatre_1,theatre,AP-7,-50.04,-94.04,44.0,False,-72.58,-66.65,-56.12,-78.65,-70.77,-70.17,-50.04,-63.28
61,51,theatre_1,theatre,AP-7,-44.72,-96.64,51.92,False,-73.71,-69.21,-57.11,-76.55,-71.51,-71.54,-44.72,-60.37
62,51,theatre_1,theatre,AP-7,-43.45,-95.34,51.89,False,-74.18,-68.46,-57.03,-78.28,-74.43,-72.62,-43.45,-59.83
63,51,theatre_1,theatre,AP-7,-38.35,-94.49,56.14,False,-70.8,-69.64,-57.94,-77.87,-72.51,-72.01,-38.35,-61.99
64,51,theatre_1,theatre,AP-7,-34.53,-94.82,60.29,False,-73.69,-70.98,-58.6,-76.34,-78.59,-72.25,-34.53,-64.49
65,51,theatre_1,theatre,AP-7,-29.35,-94.98,65.63,False,-74.66,-70.19,-61.2,-73.66,-70.24,-72.08,-29.35,-63.24
66,51,theatre_1,theatre,AP-7,-23.25,-96.57,73.32,False,-77.04,-68.28,-62.03,-79.16,-74.89,-67.43,-23.25,-64.45
67,51,theatre_1,theatre,AP-7,-27.65,-94.75,67.1,False,-74.36,-69.3,-60.09,-78.55,-71.56,-70.47,-27.65,-67.7
68,51,theatre_1,theatre,AP-7,-37.6,-93.63,56.03,False,-75.58,-71.87,-62.75,-76.97,-74.57,-70.54,-37.6,-61.88
69,51,theatre_1,theatre,AP-7,-40.04,-95.93,55.89,False,-76.69,-71.74,-58.37,-78.99,-72.7,-72.85,-40.04,-64.23
70,51,theatre_1,theatre,AP-7,-41.57,-95.77,54.2,False,-79.79,-67.47,-64.34,-79.62,-75.73,-69.02,-41.57,-63.47
71,51,theatre_1,theatre,AP-7,-42.44,-98.09,55.65,False,-76.85,-69.4,-62.56,-80.42,-71.64,-69.86,-42.44,-63.92
72,51,corridor_v,corridor,AP-7,-49.14,-93.27,44.13,False,-81.12,-73.97,-64.67,-86.65,-75.68,-75.42,-49.14,-63.29
73,51,corridor_v,corridor,AP-7,-53.29,-94.31,41.02,False,-81.75,-74.78,-66.02,-81.35,-77.02,-73.08,-53.29,-66.07
74,51,corridor_v,corridor,AP-7,-52.94,-96.51,43.57,False,-80.55,-75.3,-67.76,-81.64,-78.26,-72.89,-52.94,-65.21
75,51,corridor_v,corridor,AP-7,-53.72,-95.8,42.08,False,-83.36,-77.82,-71.87,-82.08,-79.02,-77.25,-53.72,-66.26
76,51,corridor_v,corridor,AP-7,-57.6,-95.88,38.28,False,-82.82,-74.82,-66.02,-85.49,-78.96,-73.69,-57.6,-71.13
77,51,corridor_v,corridor,AP-7,-58.86,-95.18,36.32,False,-82.32,-75.91,-68.33,-83.34,-75.45,-74.24,-58.86,-68.08
78,51,corridor_v,corridor,AP-7,-59.91,-97.9,37.99,False,-82.55,-76.37,-68.19,-81.9,-79.58,-76.81,-59.91,-66.02
79,51,corridor_v,corridor,AP-7,-60.06,-95.06,35.0,False,-81.2,-76.61,-68.18,-81.08,-79.15,-74.62,-60.06,-66.52
0,52,ward_A,ward,AP-1,-53.93,-94.06,40.13,False,-53.93,-64.53,-76.52,-71.11,-70.41,-73.13,-76.02,-77.81
1,52,ward_A,ward,AP-1,-61.76,-91.81,30.05,False,-61.76,-64.22,-69.42,-73.7,-72.13,-73.17,-77.96,-80.0
2,52,ward_A,ward,AP-1,-54.22,-95.87,41.65,False,-54.22,-66.37,-73.38,-70.3,-70.68,-79.13,-74.75,-78.72
3,52,ward_A,ward,AP-1,-55.49,-91.57,36.08,False,-55.49,-67.51,-76.95,-68.65,-72.11,-78.3,-78.22,-75.04
4,52,ward_A,ward,AP-1,-55.03,-93.73,38.7,False,-55.03,-66.43,-76.63,-66.98,-72.42,-73.49,-75.97,-79.43
5,52,ward_A,ward,AP-1,-56.48,-95.1,38.62,False,-56.48,-65.14,-72.03,-68.77,-73.49,-75.0,-73.67,-75.89
6,52,ward_A,ward,AP-1,-51.61,-93.61,42.0,False,-51.61,-63.82,-69.39,-70.59,-76.67,-78.65,-75.13,-76.43
7,52,ward_A,ward,AP-1,-53.37,-93.8,40.43,False,-53.37,-66.21,-70.6,-70.64,-72.51,-74.22,-72.96,-76.71
8,52,ward_A,ward,AP-1,-48.19,-96.8,48.61,False,-48.19,-67.92,-73.91,-70.08,-74.84,-75.88,-74.68,-74.89
9,52,ward_A,ward,AP-1,-49.18,-94.35,45.17,False,-49.18,-60.0,-74.34,-68.83,-69.45,-74.92,-74.11,-78.88
10,52,ward_A,ward,AP-1,-47.9,-93.64,45.74,False,-47.9,-63.51,-69.39,-70.45,-73.63,-77.69,-79.6,-77.34
11,52,ward_A,ward,AP-1,-51.21,-95.97,44.76,False,-51.21,-61.32,-71.83,-72.34,-73.91,-76.31,-73.72,-77.39
12,52,ward_A,ward,AP-1,-47.97,-96.72,48.75,False,-47.97,-61.25,-73.01,-73.58,-69.34,-69.71,-74.46,-76.82
13,52,ward_A,ward,AP-1,-49.24,-91.7,42.46,False,-49.24,-63.64,-70.43,-74.13,-67.38,-76.3,-76.6,-76.07
14,52,ward_A,ward,AP-1,-53.76,-94.09,40.33,False,-53.76,-61.44,-69.99,-70.64,-71.91,-77.76,-71.32,-75.56
15,52,ward_A,ward,AP-1,-51.72,-95.92,44.2,False,-51.72,-61.16,-69.06,-71.48,-72.22,-74.02,-71.92,-76.84
16,52,ward_A,ward,AP-1,-53.27,-93.68,40.41,False,-53.27,-58.09,-66.52,-68.83,-72.76,-76.48,-73.65,-73.64
17,52,ward_A,ward,AP-1,-52.84,-96.3,43.46,False,-52.84,-56.38,-67.27,-69.62,-67.16,-73.67,-72.08,-73.17
18,52,ward_A,ward,AP-1,-51.09,-97.16,46.07,False,-51.09,-58.29,-70.67,-69.04,-69.75,-68.01,-73.11,-75.27
19,52,ward_A,ward,AP-1,-53.08,-94.67,41.59,False,-53.08,-57.06,-67.05,-70.59,-70.91,-74.81,-73.17,-73.43
20,52,ward_B,ward,AP-1,-54.53,-93.29,38.76,False,-54.53,-55.28,-69.78,-72.79,-73.03,-69.43,-72.55,-71.98
21,52,ward_B,ward,AP-1,-55.32,-96.35,41.03,False,-55.32,-56.01,-67.48,-67.47,-69.24,-69.58,-72.0,-73.49
22,52,ward_B,ward,AP-1,-57.5,-96.57,39.07,False,-57.5,-58.27,-66.66,-69.49,-68.81,-79.87,-73.28,-71.91
23,52,ward_B,ward,AP-2,-54.87,-95.8,40.93,False,-58.34,-54.87,-65.26,-71.14,-66.21,-72.37,-70.69,-70.93
24,52,ward_B,ward,AP-2,-55.27,-93.6,38.33,False,-59.33,-55.27,-64.38,-70.38,-71.94,-71.12,-70.15,-70.6
25,52,ward_B,ward,AP-2,-54.19,-94.99,40.8,False,-60.5,-54.19,-64.86,-70.16,-70.11,-70.67,-70.54,-73.98
26,52,ward_B,ward,AP-2,-49.67,-92.74,43.07,False,-59.14,-49.67,-67.03,-75.94,-69.56,-74.62,-69.95,-75.74
27,52,ward_B,ward,AP-2,-51.57,-96.33,44.76,False,-56.43,-51.57,-62.6,-69.46,-72.33,-68.73,-72.98,-74.83
28,52,ward_B,ward,AP-2,-48.24,-95.12,46.88,False,-64.61,-48.24,-63.56,-72.65,-69.13,-72.76,-69.38,-72.21
29,52,ward_B,ward,AP-2,-48.52,-94.47,45.95,False,-59.36,-48.52,-62.53,-71.48,-72.46,-73.44,-68.62,-72.94
30,52,ward_B,ward,AP-2,-52.02,-94.96,42.94,False,-59.08,-52.02,-67.36,-70.62,-74.61,-71.47,-69.77,-72.34
31,52,ward_B,ward,AP-2,-52.04,-94.58,42.54,False,-63.68,-52.04,-61.11,-74.09,-66.38,-73.48,-71.3,-74.87
32,52,ward_B,ward,AP-2,-49.89,-94.31,44.42,False,-64.07,-49.89,-57.95,-68.55,-68.89,-70.7,-68.24,-71.57
33,52,ward_B,ward,AP-2,-50.99,-93.01,42.02,False,-64.48,-50.99,-61.83,-71.75,-70.24,-71.52,-67.14,-66.57
34,52,ward_B,ward,AP-2,-53.49,-94.39,40.9,False,-67.09,-53.49,-61.23,-72.57,-70.84,-69.99,-69.75,-71.46
35,52,ward_B,ward,AP-2,-49.6,-94.23,44.63,False,-66.9,-49.6,-59.61,-74.82,-74.31,-67.66,-69.64,-70.48
36,52,ward_B,ward,AP-2,-52.58,-94.3,41.72,False,-66.58,-52.58,-57.74,-74.3,-70.49,-72.57,-67.63,-68.96
37,52,ward_B,ward,AP-2,-53.76,-89.57,35.81,False,-67.44,-53.76,-59.94,-70.08,-71.79,-69.36,-70.14,-69.85
38,52,ward_B,ward,AP-2,-53.21,-93.81,40.6,False,-67.55,-53.21,-59.68,-71.96,-71.59,-68.06,-65.65,-68.28
39,52,ward_B,ward,AP-2,-52.31,-94.5,42.19,False,-69.67,-52.31,-59.75,-72.86,-70.58,-67.33,-63.94,-69.2
40,52,ward_C,ward,AP-2,-56.97,-95.55,38.58,False,-72.51,-56.97,-57.92,-74.61,-72.47,-72.51,-64.67,-67.58
41,52,ward_C,ward,AP-3,-52.49,-91.39,38.9,False,-69.89,-54.87,-52.49,-75.8,-71.22,-72.67,-62.14,-68.11
42,52,ward_C,ward,AP-3,-54.65,-95.38,40.73,False,-68.39,-59.56,-54.65,-74.11,-69.63,-70.7,-64.26,-69.18
43,52,ward_C,ward,AP-2,-54.16,-97.65,43.49,False,-70.06,-54.16,-54.42,-72.86,-70.58,-72.33,-66.7,-68.22
44,52,ward_C,ward,AP-3,-50.66,-97.02,46.36,False,-71.37,-61.92,-50.66,-73.97,-74.01,-72.74,-65.21,-69.68
45,52,ward_C,ward,AP-3,-49.16,-94.94,45.78,False,-70.86,-61.54,-49.16,-71.88,-70.79,-70.79,-64.49,-66.56
46,52,ward_C,ward,AP-3,-48.57,-94.26,45.69,False,-71.09,-63.28,-48.57,-75.03,-75.54,-70.62,-62.37,-65.65
47,52,ward_C,ward,AP-3,-54.12,-96.52,42.4,False,-64.36,-59.49,-54.12,-76.68,-71.43,-71.29,-62.17,-68.16
48,52,ward_C,ward,AP-3,-51.09,-90.9,39.81,False,-72.85,-59.06,-51.09,-73.62,-73.9,-74.17,-65.17,-66.28
49,52,ward_C,ward,AP-3,-51.1,-93.83,42.73,False,-68.99,-62.17,-51.1,-70.52,-71.56,-69.51,-59.33,-68.5
50,52,ward_C,ward,AP-3,-49.79,-93.64,43.85,False,-73.74,-62.18,-49.79,-76.93,-73.83,-71.54,-58.68,-70.73
51,52,ward_C,ward,AP-3,-50.31,-95.05,44.74,False,-70.94,-62.63,-50.31,-73.77,-71.67,-71.09,-60.99,-67.9
52,52,ward_C,ward,AP-3,-53.44,-95.68,42.24,False,-70.46,-60.2,-53.44,-77.95,-72.94,-68.8,-58.77,-66.29
53,52,ward_C,ward,AP-3,-53.62,-96.8,43.18,False,-70.57,-63.42,-53.62,-73.0,-73.91,-69.1,-58.14,-65.54
54,52,ward_C,ward,AP-3,-53.82,-94.35,40.53,False,-70.01,-66.85,-53.82,-75.82,-72.97,-73.81,-59.18,-62.93
55,52,ward_C,ward,AP-3,-53.07,-92.75,39.68,False,-71.87,-61.98,-53.07,-78.37,-72.19,-74.21,-57.8,-62.7
56,52,ward_C,ward,AP-7,-51.16,-94.09,42.93,False,-71.88,-64.77,-51.43,-75.09,-74.06,-70.88,-51.16,-64.66
57,52,ward_C,ward,AP-3,-51.06,-95.3,44.24,False,-75.03,-68.33,-51.06,-78.01,-72.21,-72.18,-55.87,-63.01
58,52,ward_C,ward,AP-7,-52.49,-96.15,43.66,False,-71.87,-63.58,-57.86,-76.2,-72.76,-69.83,-52.49,-65.5
59,52,ward_C,ward,AP-7,-50.01,-94.56,44.55,False,-73.33,-66.5,-56.08,-73.87,-75.35,-69.62,-50.01,-61.53
60,52,theatre_1,theatre,AP-7,-48.84,-92.81,43.97,False,-72.43,-68.6,-58.03,-74.82,-70.67,-69.95,-48.84,-62.22
61,52,theatre_1,theatre,AP-7,-42.46,-97.53,55.07,False,-74.32,-66.96,-57.23,-73.27,-74.6,-70.68,-42.46,-66.63
62,52,theatre_1,theatre,AP-7,-48.28,-96.18,47.9,False,-72.43,-70.39,-60.43,-73.84,-74.78,-73.49,-48.28,-67.05
63,52,theatre_1,theatre,AP-7,-41.17,-95.68,54.51,False,-75.61,-69.37,-59.83,-76.35,-71.42,-72.81,-41.17,-63.84
64,52,theatre_1,theatre,AP-7,-35.27,-93.04,57.77,False,-71.19,-69.97,-57.04,-76.0,-72.63,-70.64,-35.27,-61.11
65,52,theatre_1,theatre,AP-7,-36.36,-96.12,59.76,False,-73.5,-68.99,-59.95,-78.2,-72.59,-71.58,-36.36,-62.2
66,52,theatre_1,theatre,AP-7,-33.88,-95.12,61.24,False,-79.43,-72.09,-58.95,-80.62,-75.43,-75.71,-33.88,-62.61
67,52,theatre_1,theatre,AP-7,-36.03,-97.6,61.57,False,-76.49,-67.41,-64.8,-80.86,-75.84,-73.59,-36.03,-64.61
68,52,theatre_1,theatre,AP-7,-36.81,-90.95,54.14,False,-72.26,-69.17,-61.75,-80.33,-73.75,-68.32,-36.81,-62.22
69,52,theatre_1,theatre,AP-7,-40.33,-95.12,54.79,False,-76.19,-72.71,-63.37,-80.13,-75.17,-71.38,-40.33,-61.58
70,52,theatre_1,theatre,AP-7,-43.69,-94.35,50.66,False,-73.45,-71.86,-61.27,-75.77,-77.81,-72.47,-43.69,-65.04
71,52,theatre_1,theatre,AP-7,-48.9,-97.64,48.74,False,-75.66,-70.79,-59.11,-77.21,-76.62,-72.87,-48.9,-63.05
72,52,corridor_v,corridor,AP-7,-49.89,-94.83,44.94,False,-81.12,-75.19,-70.62,-86.42,-81.92,-74.51,-49.89,-65.7
73,52,corridor_v,corridor,AP-7,-53.29,-94.42,41.13,False,-78.69,-73.75,-66.84,-82.29,-77.83,-74.95,-53.29,-63.02
74,52,corridor_v,corridor,AP-7,-54.52,-94.67,40.15,False,-79.98,-75.68,-68.54,-81.0,-81.0,-73.77,-54.52,-67.11
75,52,corridor_v,corridor,AP-7,-55.35,-95.89,40.54,False,-78.94,-76.22,-71.33,-82.37,-79.83,-77.37,-55.35,-68.1
76,52,corridor_v,corridor,AP-7,-58.37,-94.31,35.94,False,-79.95,-76.04,-65.96,-83.97,-81.8,-76.84,-58.37,-68.86
77,52,corridor_v,corridor,AP-7,-56.69,-92.37,35.68,False,-79.26,-78.15,-69.18,-88.82,-78.31,-77.98,-56.69,-69.39
78,52,corridor_v,corridor,AP-7,-57.98,-93.21,35.23,False,-79.7,-77.01,-66.43,-82.18,-81.38,-75.23,-57.98,-68.39
79,52,corridor_v,corridor,AP-7,-59.81,-100.23,40.42,False,-83.18,-75.82,-65.99,-80.83,-78.61,-73.62,-59.81,-70.62
0,53,ward_A,ward,AP-1,-54.32,-95.02,40.7,False,-54.32,-67.94,-74.44,-70.28,-75.66,-77.98,-77.51,-81.42
1,53,ward_A,ward,AP-1,-55.55,-95.76,40.21,False,-55.55,-70.16,-73.25,-71.17,-73.65,-74.35,-77.5,-78.39
2,53,ward_A,ward,AP-1,-58.61,-94.2,35.59,False,-58.61,-65.1,-76.81,-73.36,-72.16,-77.38,-74.45,-78.46
3,53,ward_A,ward,AP-1,-54.41,-96.26,41.85,False,-54.41,-65.53,-72.25,-72.0,-67.97,-76.74,-74.77,-81.44
4,53,ward_A,ward,AP-1,-53.91,-96.07,42.16,False,-53.91,-64.26,-72.29,-72.97,-72.66,-80.88,-74.86,-79.21
5,53,ward_A,ward,AP-1,-54.39,-99.05,44.66,False,-54.39,-64.19,-73.7,-69.37,-74.16,-76.64,-76.78,-74.46
6,53,ward_A,ward,AP-1,-49.86,-96.59,46.73,False,-49.86,-67.11,-70.39,-70.8,-75.74,-76.68,-78.84,-78.98
7,53,ward_A,ward,AP-1,-47.06,-96.51,49.45,False,-47.06,-66.74,-67.86,-73.69,-73.4,-75.57,-79.11,-74.96
8,53,ward_A,ward,AP-1,-50.17,-95.5,45.33,False,-50.17,-68.75,-71.79,-69.4,-74.12,-72.73,-72.07,-76.27
9,53,ward_A,ward,AP-1,-54.77,-95.95,41.18,False,-54.77,-62.84,-73.31,-71.49,-71.32,-73.83,-75.45,-73.52
10,53,ward_A,ward,AP-1,-46.82,-95.85,49.03,False,-46.82,-66.37,-67.09,-73.29,-73.49,-77.01,-74.47,-77.43
11,53,ward_A,ward,AP-1,-51.84,-94.07,42.23,False,-51.84,-61.29,-69.44,-72.88,-72.3,-75.31,-77.73,-70.2
12,53,ward_A,ward,AP-1,-47.89,-95.2,47.31,False,-47.89,-60.42,-69.95,-71.76,-70.91,-76.23,-74.96,-75.97
13,53,ward_A,ward,AP-1,-52.35,-94.98,42.63,False,-52.35,-60.27,-69.49,-70.08,-76.93,-76.29,-72.41,-74.67
14,53,ward_A,ward,AP-1,-51.01,-94.67,43.66,False,-51.01,-60.63,-66.72,-70.75,-72.06,-72.73,-75.46,-76.49
15,53,ward_A,ward,AP-1,-54.89,-95.65,40.76,False,-54.89,-56.86,-70.26,-72.35,-70.38,-68.16,-73.06,-77.5
16,53,ward_A,ward,AP-1,-52.7,-96.97,44.27,False,-52.7,-61.34,-67.75,-69.65,-66.97,-72.39,-76.61,-75.3
17,53,ward_A,ward,AP-1,-56.69,-93.03,36.34,False,-56.69,-57.11,-67.58,-69.29,-68.01,-73.65,-75.23,-73.22
18,53,ward_A,ward,AP-1,-52.69,-92.67,39.98,False,-52.69,-57.33,-69.7,-70.05,-70.17,-73.82,-73.3,-73.96
19,53,ward_A,ward,AP-2,-55.6,-94.75,39.15,False,-59.64,-55.6,-67.12,-69.5,-70.64,-74.64,-67.99,-77.5
20,53,ward_B,ward,AP-1,-57.34,-94.85,37.51,False,-57.34,-58.94,-66.47,-68.31,-70.38,-76.32,-74.1,-77.83
21,53,ward_B,ward,AP-2,-56.2,-93.95,37.75,False,-58.87,-56.2,-64.72,-72.12,-71.02,-76.94,-68.38,-71.74
22,53,ward_B,ward,AP-2,-56.25,-95.01,38.76,False,-57.01,-56.25,-68.33,-72.54,-71.16,-76.33,-74.67,-75.57
23,53,ward_B,ward,AP-2,-52.39,-96.06,43.67,False,-57.41,-52.39,-67.47,-70.04,-67.41,-72.54,-71.39,-72.79
24,53,ward_B,ward,AP-2,-53.62,-93.91,40.29,False,-60.77,-53.62,-63.32,-72.89,-71.69,-70.9,-72.32,-76.61
25,53,ward_B,ward,AP-2,-53.29,-95.59,42.3,False,-58.24,-53.29,-67.49,-74.74,-72.67,-73.44,-67.4,-68.49
26,53,ward_B,ward,AP-2,-53.4,-94.12,40.72,False,-62.57,-53.4,-63.26,-73.68,-71.86,-71.23,-70.7,-75.08
27,53,ward_B,ward,AP-2,-49.48,-94.99,45.51,False,-62.53,-49.48,-65.29,-73.12,-72.47,-72.99,-74.15,-72.73
28,53,ward_B,ward,AP-2,-52.51,-96.0,43.49,False,-59.0,-52.51,-67.26,-71.81,-72.2,-74.7,-68.97,-75.82
29,53,ward_B,ward,AP-2,-53.09,-95.18,42.09,False,-62.52,-53.09,-64.17,-72.49,-70.02,-71.85,-69.34,-72.87
30,53,ward_B,ward,AP-2,-49.49,-93.07,43.58,False,-61.57,-49.49,-65.35,-71.72,-70.39,-74.43,-70.29,-73.54
31,53,ward_B,ward,AP-2,-53.67,-96.01,42.34,False,-62.86,-53.67,-64.21,-71.61,-71.88,-71.77,-70.14,-73.96
32,53,ward_B,ward,AP-2,-49.52,-94.18,44.66,False,-63.79,-49.52,-60.68,-74.44,-70.83,-72.36,-68.34,-73.16
33,53,ward_B,ward,AP-2,-49.98,-97.17,47.19,False,-66.17,-49.98,-59.76,-71.59,-72.93,-71.3,-72.02,-71.2
34,53,ward_B,ward,AP-2,-54.47,-93.81,39.34,False,-64.33,-54.47,-59.42,-72.44,-71.57,-69.86,-63.82,-71.6
35,53,ward_B,ward,AP-2,-54.62,-95.06,40.44,False,-65.77,-54.62,-58.71,-70.29,-75.16,-66.94,-65.99,-67.08
36,53,ward_B,ward,AP-2,-55.77,-94.05,38.28,False,-66.76,-55.77,-58.29,-73.55,-71.84,-69.01,-66.74,-73.15
37,53,ward_B,ward,AP-2,-54.32,-92.53,38.21,False,-67.79,-54.32,-60.11,-75.49,-69.51,-76.6,-66.7,-70.25
38,53,ward_B,ward,AP-2,-53.68,-94.31,40.63,False,-67.19,-53.68,-59.98,-70.92,-76.07,-70.84,-63.79,-70.74
39,53,ward_B,ward,AP-2,-58.21,-97.2,38.99,False,-63.73,-58.21,-62.68,-69.27,-71.34,-75.6,-59.19,-65.41
40,53,ward_C,ward,AP-3,-54.54,-96.93,42.39,False,-67.18,-59.98,-54.54,-69.86,-73.9,-71.03,-66.61,-72.44
41,53,ward_C,ward,AP-2,-59.66,-97.51,37.85,False,-67.72,-59.66,-59.88,-78.73,-71.5,-77.19,-67.3,-66.68
42,53,ward_C,ward,AP-3,-57.3,-94.77,37.47,False,-68.76,-61.3,-57.3,-73.12,-71.2,-66.83,-63.79,-70.9
43,53,ward_C,ward,AP-3,-54.06,-95.63,41.57,False,-70.1,-62.07,-54.06,-75.04,-69.38,-73.47,-66.87,-64.81
44,53,ward_C,ward,AP-3,-49.11,-98.01,48.9,False,-69.87,-56.8,-49.11,-72.86,-73.41,-72.48,-62.18,-66.93
45,53,ward_C,ward,AP-3,-52.77,-95.06,42.29,False,-68.97,-62.82,-52.77,-72.98,-70.11,-72.67,-62.33,-65.14
46,53,ward_C,ward,AP-3,-54.25,-94.82,40.57,False,-73.55,-57.97,-54.25,-73.83,-70.14,-73.61,-61.95,-69.27
47,53,ward_C,ward,AP-3,-51.56,-94.61,43.05,False,-69.68,-62.25,-51.56,-76.8,-71.1,-68.58,-60.87,-66.85
48,53,ward_C,ward,AP-3,-50.35,-94.34,43.99,False,-70.68,-62.59,-50.35,-74.37,-71.2,-72.54,-61.33,-67.4
49,53,ward_C,ward,AP-3,-50.17,-93.8,43.63,False,-67.46,-63.16,-50.17,-72.45,-72.53,-71.85,-63.91,-67.05
50,53,ward_C,ward,AP-3,-53.17,-93.67,40.5,False,-71.9,-63.59,-53.17,-73.4,-74.08,-68.94,-57.78,-64.57
51,53,ward_C,ward,AP-3,-50.61,-95.13,44.52,False,-67.92,-65.2,-50.61,-75.25,-66.42,-73.59,-59.82,-61.92
52,53,ward_C,ward,AP-3,-52.39,-98.01,45.62,False,-72.01,-59.9,-52.39,-75.98,-71.7,-70.6,-56.97,-69.51
53,53,ward_C,ward,AP-3,-52.8,-95.42,42.62,False,-73.6,-58.56,-52.8,-77.22,-73.99,-73.11,-56.61,-66.81
54,53,ward_C,ward,AP-3,-51.43,-94.07,42.64,False,-76.29,-67.32,-51.43,-78.06,-72.33,-68.98,-54.37,-67.62
55,53,ward_C,ward,AP-3,-51.29,-95.8,44.51,False,-73.55,-64.44,-51.29,-77.64,-71.56,-72.92,-55.35,-68.66
56,53,ward_C,ward,AP-7,-52.18,-93.04,40.86,False,-71.31,-65.65,-52.67,-79.06,-71.6,-72.88,-52.18,-62.47
57,53,ward_C,ward,AP-7,-52.17,-94.05,41.88,False,-73.05,-65.78,-56.59,-79.29,-69.53,-71.95,-52.17,-67.44
58,53,ward_C,ward,AP-7,-52.47,-92.71,40.24,False,-70.8,-63.82,-56.44,-77.79,-73.11,-73.73,-52.47,-65.84
59,53,ward_C,ward,AP-7,-52.35,-97.59,45.24,False,-74.37,-67.19,-58.54,-74.09,-75.75,-69.64,-52.35,-62.69
60,53,theatre_1,theatre,AP-7,-49.28,-96.55,47.27,False,-72.63,-67.17,-59.1,-77.03,-72.58,-69.49,-49.28,-60.99
61,53,theatre_1,theatre,AP-7,-50.05,-97.81,47.76,False,-72.09,-67.77,-57.6,-79.77,-71.1,-70.98,-50.05,-61.04
62,53,theatre_1,theatre,AP-7,-45.87,-94.7,48.83,False,-75.1,-67.63,-58.44,-77.89,-74.6,-70.35,-45.87,-64.84
63,53,theatre_1,theatre,AP-7,-42.42,-96.07,53.65,False,-74.35,-65.09,-57.13,-78.01,-73.94,-69.28,-42.42,-63.7
64,53,theatre_1,theatre,AP-7,-39.32,-94.75,55.43,False,-75.45,-71.23,-58.53,-77.35,-75.94,-69.96,-39.32,-62.52
65,53,theatre_1,theatre,AP-7,-40.4,-94.13,53.73,False,-72.98,-66.93,-59.94,-80.35,-71.32,-72.16,-40.4,-62.78
66,53,theatre_1,theatre,AP-7,-38.76,-95.18,56.42,False,-75.7,-67.95,-58.3,-81.68,-73.43,-71.23,-38.76,-63.89
67,53,theatre_1,theatre,AP-7,-40.55,-95.81,55.26,False,-75.96,-71.31,-63.56,-78.48,-75.12,-70.3,-40.55,-60.69
68,53,theatre_1,theatre,AP-7,-40.21,-94.35,54.14,False,-75.24,-70.48,-59.29,-78.9,-77.05,-78.84,-40.21,-64.37
69,53,theatre_1,theatre,AP-7,-44.2,-95.84,51.64,False,-71.99,-73.59,-62.44,-74.27,-74.0,-71.68,-44.2,-63.0
70,53,theatre_1,theatre,AP-7,-42.32,-95.51,53.19,False,-75.32,-70.05,-60.71,-83.03,-76.08,-73.22,-42.32,-67.95
71,53,theatre_1,theatre,AP-7,-44.37,-94.32,49.95,False,-77.47,-69.3,-64.05,-77.73,-73.46,-72.94,-44.37,-66.21
72,53,corridor_v,corridor,AP-7,-51.44,-94.7,43.26,False,-78.48,-72.36,-63.71,-86.42,-79.28,-74.2,-51.44,-70.99
73,53,corridor_v,corridor,AP-7,-52.92,-94.35,41.43,False,-80.8,-73.69,-70.34,-78.81,-78.52,-74.39,-52.92,-65.9
74,53,corridor_v,corridor,AP-7,-50.37,-97.35,46.98,False,-80.23,-74.73,-64.42,-79.29,-82.72,-79.12,-50.37,-68.44
75,53,corridor_v,corridor,AP-7,-56.82,-96.12,39.3,False,-78.37,-74.59,-66.89,-81.87,-83.03,-76.89,-56.82,-64.75
76,53,corridor_v,corridor,AP-7,-55.04,-95.57,40.53,False,-77.93,-76.11,-72.38,-80.76,-79.77,-74.2,-55.04,-69.19
77,53,corridor_v,corridor,AP-7,-59.66,-96.55,36.89,False,-79.16,-75.69,-70.51,-84.3,-76.1,-76.62,-59.66,-66.06
78,53,corridor_v,corridor,AP-7,-56.36,-93.6,37.24,False,-81.78,-78.53,-67.41,-80.92,-83.9,-76.66,-56.36,-70.65
79,53,corridor_v,corridor,AP-7,-59.35,-95.07,35.72,False,-78.31,-76.09,-69.7,-86.58,-81.56,-76.45,-59.35,-68.23
0,54,ward_A,ward,AP-1,-55.5,-97.79,42.29,False,-55.5,-66.79,-73.35,-73.51,-73.44,-77.11,-75.83,-75.64
1,54,ward_A,ward,AP-1,-58.08,-94.2,36.12,False,-58.08,-67.77,-72.96,-71.92,-72.16,-73.1,-79.27,-77.72
2,54,ward_A,ward,AP-1,-54.71,-94.68,39.97,False,-54.71,-67.36,-72.02,-70.04,-73.57,-76.89,-79.59,-78.1
3,54,ward_A,ward,AP-1,-56.17,-94.39,38.22,False,-56.17,-66.09,-74.32,-73.02,-76.09,-72.27,-76.92,-78.48
4,54,ward_A,ward,AP-1,-59.66,-93.08,33.42,False,-59.66,-70.59,-71.69,-71.26,-70.43,-74.99,-76.7,-77.87
5,54,ward_A,ward,AP-1,-50.81,-95.7,44.89,False,-50.81,-60.41,-72.32,-71.95,-73.96,-76.42,-76.49,-81.05
6,54,ward_A,ward,AP-1,-53.44,-95.18,41.74,False,-53.44,-63.57,-75.19,-70.97,-72.64,-72.65,-75.34,-78.61
7,54,ward_A,ward,AP-1,-56.36,-94.75,38.39,False,-56.36,-65.37,-71.04,-72.27,-72.81,-72.32,-74.75,-77.24
8,54,ward_A,ward,AP-1,-51.91,-96.12,44.21,False,-51.91,-66.43,-71.66,-72.41,-73.1,-79.76,-73.2,-76.24
9,54,ward_A,ward,AP-1,-52.52,-94.72,42.2,False,-52.52,-69.42,-71.66,-72.83,-71.16,-77.58,-75.56,-79.7
10,54,ward_A,ward,AP-1,-54.81,-95.64,40.83,False,-54.81,-62.59,-72.17,-73.95,-70.65,-72.2,-76.33,-76.43
11,54,ward_A,ward,AP-1,-53.29,-93.72,40.43,False,-53.29,-61.66,-66.13,-72.39,-73.19,-76.64,-73.07,-74.92
12,54,ward_A,ward,AP-1,-54.4,-95.31,40.91,False,-54.4,-62.35,-73.87,-69.69,-71.08,-75.92,-76.13,-79.51
13,54,ward_A,ward,AP-1,-54.17,-96.86,42.69,False,-54.17,-62.17,-70.8,-74.49,-74.36,-73.83,-77.15,-77.78
14,54,ward_A,ward,AP-1,-57.06,-94.84,37.78,False,-57.06,-63.46,-67.44,-71.66,-69.74,-73.17,-72.36,-72.31
15,54,ward_A,ward,AP-1,-55.01,-95.38,40.37,False,-55.01,-60.59,-68.72,-68.97,-71.93,-72.81,-73.38,-74.76
16,54,ward_A,ward,AP-1,-53.09,-92.2,39.11,False,-53.09,-59.31,-71.16,-74.11,-72.26,-76.5,-73.55,-74.1
17,54,ward_A,ward,AP-1,-58.23,-96.6,38.37,False,-58.23,-62.6,-71.76,-72.85,-73.21,-77.68,-70.65,-74.57
18,54,ward_A,ward,AP-2,-55.96,-98.33,42.37,False,-61.11,-55.96,-71.59,-69.63,-74.18,-70.97,-70.16,-75.94
19,54,ward_A,ward,AP-1,-53.04,-96.94,43.9,False,-53.04,-56.99,-66.83,-69.78,-72.07,-78.63,-72.5,-73.19
20,54,ward_B,ward,AP-2,-53.93,-96.46,42.53,False,-55.81,-53.93,-70.16,-68.97,-67.34,-74.1,-73.78,-72.97
21,54,ward_B,ward,AP-2,-53.55,-93.36,39.81,False,-59.92,-53.55,-69.03,-69.92,-75.61,-72.28,-74.11,-70.65
22,54,ward_B,ward,AP-1,-56.46,-96.75,40.29,False,-56.46,-57.69,-67.33,-70.94,-71.04,-73.44,-70.06,-73.52
23,54,ward_B,ward,AP-2,-50.34,-95.71,45.37,False,-60.15,-50.34,-66.95,-71.81,-68.45,-72.6,-74.17,-70.14
24,54,ward_B,ward,AP-2,-54.23,-93.73,39.5,False,-60.29,-54.23,-66.81,-73.72,-72.77,-75.08,-72.19,-75.8
25,54,ward_B,ward,AP-2,-52.84,-96.18,43.34,False,-63.03,-52.84,-67.14,-75.73,-73.07,-73.21,-69.26,-72.45
26,54,ward_B,ward,AP-2,-53.24,-93.27,40.03,False,-64.06,-53.24,-61.85,-71.07,-72.49,-70.81,-70.82,-71.15
27,54,ward_B,ward,AP-2,-53.77,-94.9,41.13,False,-61.72,-53.77,-65.06,-71.13,-73.17,-77.76,-65.44,-67.68
28,54,ward_B,ward,AP-2,-51.66,-96.26,44.6,False,-58.18,-51.66,-63.32,-76.55,-69.39,-71.01,-68.68,-73.04
29,54,ward_B,ward,AP-2,-52.15,-93.8,41.65,False,-62.92,-52.15,-61.61,-72.17,-73.9,-72.06,-68.41,-73.8
30,54,ward_B,ward,AP-2,-52.73,-95.84,43.11,False,-67.03,-52.73,-65.26,-72.04,-71.38,-72.35,-71.41,-76.59
31,54,ward_B,ward,AP-2,-53.24,-94.32,41.08,False,-62.68,-53.24,-62.52,-72.35,-70.35,-73.42,-69.12,-73.77
32,54,ward_B,ward,AP-2,-57.94,-93.47,35.53,False,-67.13,-57.94,-64.29,-70.27,-67.32,-68.48,-71.15,-73.45
33,54,ward_B,ward,AP-2,-52.96,-97.73,44.77,False,-66.95,-52.96,-61.7,-73.06,-75.18,-72.01,-68.33,-71.94
34,54,ward_B,ward,AP-2,-53.66,-94.45,40.79,False,-68.25,-53.66,-59.82,-72.73,-70.74,-72.36,-70.66,-69.64
35,54,ward_B,ward,AP-2,-54.03,-96.23,42.2,False,-67.05,-54.03,-63.02,-73.62,-72.58,-71.77,-70.38,-68.52
36,54,ward_B,ward,AP-2,-54.17,-96.16,41.99,False,-68.55,-54.17,-59.47,-74.55,-72.6,-72.54,-70.11,-67.5
37,54,ward_B,ward,AP-2,-53.62,-95.71,42.09,False,-67.87,-53.62,-58.9,-74.05,-71.28,-70.51,-66.22,-69.7
38,54,ward_B,ward,AP-2,-55.85,-93.83,37.98,False,-69.81,-55.85,-59.16,-72.85,-73.16,-73.87,-65.61,-72.23
39,54,ward_B,ward,AP-3,-56.99,-94.35,37.36,False,-68.72,-57.21,-56.99,-75.34,-66.69,-73.64,-63.7,-68.12
40,54,ward_C,ward,AP-3,-52.26,-93.16,40.9,False,-67.98,-59.32,-52.26,-74.99,-72.69,-66.92,-66.69,-69.67
41,54,ward_C,ward,AP-3,-56.04,-93.98,37.94,False,-67.73,-58.66,-56.04,-74.91,-68.84,-70.57,-69.73,-67.39
42,54,ward_C,ward,AP-3,-57.46,-93.44,35.98,False,-70.76,-59.62,-57.46,-73.45,-68.57,-72.16,-64.62,-68.66
43,54,ward_C,ward,AP-3,-54.16,-93.32,39.16,False,-65.84,-59.47,-54.16,-77.16,-72.31,-71.4,-61.35,-71.18
44,54,ward_C,ward,AP-3,-55.2,-93.3,38.1,False,-70.51,-57.72,-55.2,-75.62,-71.86,-71.53,-63.5,-69.81
45,54,ward_C,ward,AP-3,-55.25,-94.76,39.51,False,-73.44,-58.87,-55.25,-74.82,-71.62,-72.67,-63.22,-66.94
46,54,ward_C,ward,AP-3,-57.67,-96.84,39.17,False,-71.21,-58.38,-57.67,-77.83,-71.56,-69.22,-65.96,-63.67
47,54,ward_C,ward,AP-3,-56.22,-95.14,38.92,False,-70.02,-60.03,-56.22,-73.81,-72.52,-70.01,-58.4,-68.03
48,54,ward_C,ward,AP-3,-54.6,-95.53,40.93,False,-75.44,-66.47,-54.6,-75.5,-75.28,-71.44,-62.31,-67.15
49,54,ward_C,ward,AP-3,-51.2,-96.29,45.09,False,-72.72,-60.97,-51.2,-77.4,-76.02,-73.83,-64.34,-66.01
50,54,ward_C,ward,AP-3,-51.37,-92.42,41.05,False,-76.86,-64.52,-51.37,-72.79,-70.76,-70.56,-58.19,-67.5
51,54,ward_C,ward,AP-3,-55.1,-94.96,39.86,False,-71.12,-60.87,-55.1,-79.87,-72.9,-67.42,-57.64,-67.25
52,54,ward_C,ward,AP-3,-51.58,-93.54,41.96,False,-71.88,-65.69,-51.58,-73.01,-74.6,-69.8,-56.06,-66.04
53,54,ward_C,ward,AP-3,-51.23,-94.63,43.4,False,-70.98,-63.09,-51.23,-73.57,-71.4,-70.03,-63.89,-67.5
54,54,ward_C,ward,AP-3,-53.19,-95.17,41.98,False,-71.55,-65.24,-53.19,-73.45,-70.64,-71.42,-54.39,-69.34
55,54,ward_C,ward,AP-3,-54.55,-95.21,40.66,False,-68.14,-63.34,-54.55,-72.52,-72.25,-67.5,-57.33,-67.06
56,54,ward_C,ward,AP-7,-54.42,-94.54,40.12,False,-75.85,-64.5,-59.27,-77.31,-76.55,-70.7,-54.42,-65.07
57,54,ward_C,ward,AP-7,-55.46,-93.06,37.6,False,-72.57,-63.65,-55.65,-78.22,-72.55,-71.84,-55.46,-66.65
58,54,ward_C,ward,AP-7,-56.23,-94.56,38.33,False,-71.57,-68.61,-56.81,-77.81,-71.34,-71.29,-56.23,-66.58
59,54,ward_C,ward,AP-7,-50.41,-93.49,43.08,False,-71.14,-64.95,-58.26,-78.94,-69.9,-71.65,-50.41,-68.69
60,54,theatre_1,theatre,AP-7,-54.89,-93.27,38.38,False,-76.06,-68.24,-58.57,-72.66,-76.43,-67.46,-54.89,-64.58
61,54,theatre_1,theatre,AP-7,-49.27,-96.3,47.03,False,-72.34,-71.17,-57.08,-77.19,-72.89,-68.07,-49.27,-65.85
62,54,theatre_1,theatre,AP-7,-42.87,-94.42,51.55,False,-72.72,-66.85,-63.06,-80.19,-74.23,-70.59,-42.87,-61.28
63,54,theatre_1,theatre,AP-7,-45.35,-94.76,49.41,False,-73.23,-68.28,-61.29,-75.73,-76.07,-72.45,-45.35,-64.84
64,54,theatre_1,theatre,AP-7,-45.27,-96.23,50.96,False,-72.6,-70.57,-60.62,-79.34,-71.78,-74.12,-45.27,-62.77
65,54,theatre_1,theatre,AP-7,-44.74,-92.71,47.97,False,-73.77,-67.55,-58.93,-80.44,-74.37,-71.15,-44.74,-61.59
66,54,theatre_1,theatre,AP-7,-44.84,-93.43,48.59,False,-75.95,-71.37,-61.58,-75.08,-76.72,-71.22,-44.84,-66.29
67,54,theatre_1,theatre,AP-7,-43.03,-92.62,49.59,False,-74.54,-68.14,-59.54,-79.35,-74.65,-72.75,-43.03,-65.99
68,54,theatre_1,theatre,AP-7,-45.56,-94.93,49.37,False,-73.59,-69.08,-66.69,-76.2,-74.85,-70.42,-45.56,-65.0
69,54,theatre_1,theatre,AP-7,-44.12,-96.07,51.95,False,-74.63,-70.12,-60.64,-78.05,-77.65,-71.34,-44.12,-63.18
70,54,theatre_1,theatre,AP-7,-48.29,-95.22,46.93,False,-77.99,-71.15,-67.43,-79.82,-74.65,-72.75,-48.29,-63.31
71,54,theatre_1,theatre,AP-7,-52.2,-95.74,43.54,False,-73.57,-73.03,-64.66,-82.88,-75.23,-73.82,-52.2,-66.69
72,54,corridor_v,corridor,AP-7,-50.82,-95.33,44.51,False,-82.68,-74.64,-65.24,-82.16,-78.43,-76.0,-50.82,-69.64
73,54,corridor_v,corridor,AP-7,-55.7,-95.13,39.43,False,-78.15,-74.01,-70.1,-83.85,-78.69,-75.85,-55.7,-67.78
74,54,corridor_v,corridor,AP-7,-50.14,-95.0,44.86,False,-82.03,-76.77,-70.07,-80.16,-78.3,-77.75,-50.14,-69.72
75,54,corridor_v,corridor,AP-7,-59.11,-97.96,38.85,False,-79.82,-78.22,-68.33,-82.88,-77.65,-78.93,-59.11,-68.81
76,54,corridor_v,corridor,AP-7,-54.93,-96.7,41.77,False,-81.37,-77.05,-67.23,-86.74,-81.28,-73.38,-54.93,-66.26
77,54,corridor_v,corridor,AP-7,-59.35,-92.06,32.71,False,-81.61,-73.99,-71.51,-82.61,-80.57,-76.73,-59.35,-63.82
78,54,corridor_v,corridor,AP-7,-61.14,-97.7,36.56,False,-83.48,-74.18,-73.41,-80.6,-78.03,-76.45,-61.14,-71.0
79,54,corridor_v,corridor,AP-7,-57.13,-92.13,35.0,False,-78.78,-74.48,-73.21,-80.72,-78.63,-77.27,-57.13,-72.13
0,55,ward_A,ward,AP-1,-59.23,-95.78,36.55,False,-59.23,-67.29,-67.45,-72.89,-72.84,-77.76,-77.93,-75.31
1,55,ward_A,ward,AP-1,-54.79,-93.35,38.56,False,-54.79,-69.97,-69.76,-74.02,-77.93,-75.15,-76.12,-76.75
2,55,ward_A,ward,AP-1,-60.87,-93.98,33.11,False,-60.87,-66.99,-67.48,-68.74,-71.49,-76.41,-77.83,-81.32
3,55,ward_A,ward,AP-1,-52.83,-94.95,42.12,False,-52.83,-64.77,-74.51,-72.21,-75.54,-79.98,-78.91,-78.99
4,55,ward_A,ward,AP-1,-54.68,-95.22,40.54,False,-54.68,-66.97,-72.87,-71.07,-74.6,-74.89,-71.18,-78.3
5,55,ward_A,ward,AP-1,-59.16,-91.73,32.57,False,-59.16,-65.29,-71.32,-71.48,-74.34,-74.79,-76.75,-76.39
6,55,ward_A,ward,AP-1,-54.75,-94.67,39.92,False,-54.75,-60.39,-68.93,-67.99,-74.93,-75.65,-76.83,-78.03
7,55,ward_A,ward,AP-1,-51.35,-94.98,43.63,False,-51.35,-63.26,-69.57,-72.99,-71.42,-79.97,-73.66,-79.44
8,55,ward_A,ward,AP-1,-54.85,-95.94,41.09,False,-54.85,-61.64,-72.86,-67.94,-75.3,-75.41,-75.61,-73.55
9,55,ward_A,ward,AP-1,-53.05,-93.15,40.1,False,-53.05,-65.07,-72.27,-69.51,-75.44,-78.59,-75.37,-76.94
10,55,ward_A,ward,AP-1,-51.79,-95.24,43.45,False,-51.79,-63.63,-68.85,-73.47,-72.45,-75.28,-77.28,-77.16
11,55,ward_A,ward,AP-1,-52.85,-95.03,42.18,False,-52.85,-65.9,-71.05,-71.69,-70.85,-75.43,-73.75,-77.95
12,55,ward_A,ward,AP-1,-59.3,-93.76,34.46,False,-59.3,-62.95,-74.01,-71.08,-68.77,-76.04,-73.51,-73.49
13,55,ward_A,ward,AP-1,-53.71,-93.83,40.12,False,-53.71,-63.93,-68.37,-73.47,-73.38,-73.66,-76.31,-75.59
14,55,ward_A,ward,AP-1,-50.67,-95.38,44.71,False,-50.67,-62.02,-70.6,-70.96,-70.44,-72.2,-75.11,-70.93
15,55,ward_A,ward,AP-1,-52.2,-97.0,44.8,False,-52.2,-61.6,-69.6,-71.51,-74.46,-75.25,-74.48,-75.37
16,55,ward_A,ward,AP-1,-57.13,-93.32,36.19,False,-57.13,-61.64,-70.33,-69.87,-72.34,-77.59,-73.83,-73.14
17,55,ward_A,ward,AP-1,-56.11,-94.35,38.24,False,-56.11,-56.77,-69.1,-70.14,-70.54,-73.71,-72.96,-72.91
18,55,ward_A,ward,AP-1,-57.57,-94.66,37.09,False,-57.57,-60.08,-69.12,-72.61,-72.3,-70.98,-70.78,-74.89
19,55,ward_A,ward,AP-1,-55.4,-95.78,40.38,False,-55.4,-58.16,-68.46,-68.3,-70.69,-76.88,-71.9,-71.29
20,55,ward_B,ward,AP-1,-61.19,-94.64,33.45,False,-61.19,-61.74,-69.03,-71.11,-73.22,-73.69,-72.71,-71.19
21,55,ward_B,ward,AP-2,-56.35,-93.26,36.91,False,-64.74,-56.35,-66.29,-69.22,-67.85,-76.44,-72.28,-73.98
22,55,ward_B,ward,AP-2,-56.66,-96.11,39.45,False,-62.17,-56.66,-66.24,-75.92,-71.78,-71.15,-74.4,-73.95
23,55,ward_B,ward,AP-1,-57.26,-93.85,36.59,False,-57.26,-58.01,-69.11,-74.99,-74.51,-72.86,-69.37,-71.61
24,55,ward_B,ward,AP-2,-54.64,-91.89,37.25,False,-61.6,-54.64,-64.02,-75.03,-73.2,-74.01,-73.41,-73.36
25,55,ward_B,ward,AP-2,-54.65,-95.35,40.7,False,-61.85,-54.65,-65.03,-71.23,-74.87,-71.41,-70.99,-72.24
26,55,ward_B,ward,AP-2,-56.47,-93.63,37.16,False,-63.79,-56.47,-63.28,-68.54,-75.16,-72.18,-67.81,-78.42
27,55,ward_B,ward,AP-2,-55.2,-95.57,40.37,False,-62.74,-55.2,-63.92,-71.86,-71.93,-74.81,-72.72,-72.51
28,55,ward_B,ward,AP-2,-56.68,-94.07,37.39,False,-64.22,-56.68,-63.98,-74.33,-72.27,-72.64,-68.68,-75.3
29,55,ward_B,ward,AP-2,-54.8,-95.23,40.43,False,-64.78,-54.8,-65.05,-71.63,-75.12,-72.74,-71.19,-73.86
30,55,ward_B,ward,AP-2,-55.63,-94.24,38.61,False,-65.74,-55.63,-60.94,-75.31,-73.33,-75.85,-69.18,-72.42
31,55,ward_B,ward,AP-2,-52.79,-93.06,40.27,False,-64.21,-52.79,-62.01,-75.91,-71.95,-70.33,-71.82,-70.76
32,55,ward_B,ward,AP-2,-54.14,-97.18,43.04,False,-60.41,-54.14,-59.88,-75.6,-73.73,-70.89,-67.77,-69.25
33,55,ward_B,ward,AP-2,-55.78,-95.93,40.15,False,-68.41,-55.78,-65.11,-71.15,-72.81,-74.2,-71.81,-71.06
34,55,ward_B,ward,AP-2,-56.48,-94.5,38.02,False,-63.05,-56.48,-63.0,-73.17,-68.11,-70.59,-67.47,-69.69
35,55,ward_B,ward,AP-2,-53.39,-95.97,42.58,False,-68.42,-53.39,-58.97,-75.53,-71.06,-72.1,-67.05,-69.7
36,55,ward_B,ward,AP-2,-57.15,-98.58,41.43,False,-67.33,-57.15,-60.37,-74.58,-72.36,-74.2,-68.17,-65.31
37,55,ward_B,ward,AP-2,-56.24,-96.57,40.33,False,-69.26,-56.24,-61.96,-75.73,-74.08,-72.46,-67.18,-74.44
38,55,ward_B,ward,AP-2,-59.99,-96.15,36.16,False,-65.61,-59.99,-62.2,-72.89,-70.71,-73.99,-64.07,-71.43
39,55,ward_B,ward,AP-2,-58.01,-96.45,38.44,False,-66.69,-58.01,-59.36,-75.95,-75.75,-71.62,-65.55,-66.86
40,55,ward_C,ward,AP-2,-58.52,-94.31,35.79,False,-67.18,-58.52,-60.35,-74.56,-69.76,-72.08,-67.23,-70.34
41,55,ward_C,ward,AP-3,-55.7,-98.78,43.08,False,-70.04,-62.78,-55.7,-76.91,-74.57,-72.39,-68.38,-67.83
42,55,ward_C,ward,AP-3,-57.19,-96.14,38.95,False,-68.82,-60.06,-57.19,-72.82,-71.35,-71.92,-62.89,-69.25
43,55,ward_C,ward,AP-3,-58.49,-93.74,35.25,False,-67.45,-60.76,-58.49,-77.04,-70.85,-71.31,-68.94,-70.29
44,55,ward_C,ward,AP-3,-57.27,-95.14,37.87,False,-68.98,-59.55,-57.27,-76.46,-73.4,-68.6,-64.99,-66.79
45,55,ward_C,ward,AP-3,-58.56,-93.96,35.4,False,-69.32,-61.1,-58.56,-74.77,-71.75,-70.92,-67.46,-71.15
46,55,ward_C,ward,AP-3,-57.5,-93.12,35.62,False,-67.7,-59.61,-57.5,-77.97,-70.5,-75.02,-61.06,-68.68
47,55,ward_C,ward,AP-3,-50.77,-95.0,44.23,False,-73.77,-61.52,-50.77,-73.74,-72.49,-70.56,-63.38,-67.92
48,55,ward_C,ward,AP-3,-56.72,-96.0,39.28,False,-73.07,-62.62,-56.72,-78.06,-71.9,-70.65,-58.27,-69.1
49,55,ward_C,ward,AP-3,-53.7,-92.14,38.44,False,-69.62,-62.36,-53.7,-74.2,-74.58,-69.76,-59.05,-66.71
50,55,ward_C,ward,AP-3,-53.04,-96.49,43.45,False,-72.94,-63.31,-53.04,-75.15,-76.62,-70.77,-62.19,-69.54
51,55,ward_C,ward,AP-3,-51.47,-94.69,43.22,False,-70.75,-63.46,-51.47,-73.6,-73.29,-67.2,-58.62,-67.47
52,55,ward_C,ward,AP-3,-52.35,-95.84,43.49,False,-74.45,-64.04,-52.35,-79.31,-70.78,-68.51,-59.19,-66.81
53,55,ward_C,ward,AP-3,-54.84,-93.95,39.11,False,-74.07,-68.3,-54.84,-78.39,-72.49,-74.11,-58.13,-66.63
54,55,ward_C,ward,AP-3,-56.84,-98.55,41.71,False,-73.48,-63.94,-56.84,-76.46,-75.96,-77.93,-58.62,-65.88
55,55,ward_C,ward,AP-3,-51.29,-92.25,40.96,False,-72.63,-65.63,-51.29,-73.77,-74.37,-75.79,-54.71,-66.37
56,55,ward_C,ward,AP-3,-51.05,-93.72,42.67,False,-74.4,-67.45,-51.05,-72.09,-71.46,-74.72,-54.87,-63.88
57,55,ward_C,ward,AP-7,-54.66,-95.73,41.07,False,-70.68,-65.21,-55.69,-79.56,-72.66,-70.3,-54.66,-70.11
58,55,ward_C,ward,AP-7,-52.23,-96.04,43.81,False,-72.63,-65.71,-56.14,-78.13,-76.78,-74.31,-52.23,-69.23
59,55,ward_C,ward,AP-7,-48.98,-94.31,45.33,False,-75.24,-69.17,-56.73,-79.49,-75.23,-70.17,-48.98,-65.38
60,55,theatre_1,theatre,AP-7,-48.2,-94.34,46.14,False,-72.08,-69.12,-57.68,-71.21,-72.91,-71.31,-48.2,-68.0
61,55,theatre_1,theatre,AP-7,-49.53,-94.83,45.3,False,-73.66,-68.79,-61.91,-78.99,-72.47,-70.51,-49.53,-65.94
62,55,theatre_1,theatre,AP-7,-47.72,-94.86,47.14,False,-75.8,-67.98,-59.98,-77.6,-76.47,-69.21,-47.72,-64.91
63,55,theatre_1,theatre,AP-7,-49.52,-93.18,43.66,False,-77.23,-67.08,-61.28,-78.15,-74.88,-70.39,-49.52,-60.27
64,55,theatre_1,theatre,AP-7,-49.14,-96.78,47.64,False,-72.81,-66.38,-61.23,-77.62,-77.42,-75.03,-49.14,-63.81
65,55,theatre_1,theatre,AP-7,-43.72,-93.93,50.21,False,-77.8,-73.87,-61.74,-76.76,-76.3,-68.69,-43.72,-68.0
66,55,theatre_1,theatre,AP-7,-41.36,-96.88,55.52,False,-73.24,-68.72,-62.82,-77.51,-75.87,-73.26,-41.36,-65.07
67,55,theatre_1,theatre,AP-7,-39.71,-94.85,55.14,False,-74.83,-67.09,-61.63,-77.95,-76.92,-68.39,-39.71,-62.35
68,55,theatre_1,theatre,AP-7,-45.93,-94.42,48.49,False,-78.66,-70.22,-65.4,-79.68,-75.6,-73.89,-45.93,-65.17
69,55,theatre_1,theatre,AP-7,-45.33,-93.98,48.65,False,-75.43,-67.69,-61.89,-77.57,-76.03,-74.27,-45.33,-68.37
70,55,theatre_1,theatre,AP-7,-50.62,-93.35,42.73,False,-77.01,-73.74,-65.27,-79.96,-75.95,-67.86,-50.62,-66.98
71,55,theatre_1,theatre,AP-7,-49.7,-97.1,47.4,False,-79.46,-70.34,-64.77,-80.18,-73.6,-72.74,-49.7,-63.02
72,55,corridor_v,corridor,AP-7,-56.12,-93.74,37.62,False,-79.75,-73.49,-68.24,-83.06,-76.6,-72.95,-56.12,-67.99
73,55,corridor_v,corridor,AP-7,-56.23,-96.17,39.94,False,-79.52,-76.36,-65.13,-83.54,-78.92,-79.07,-56.23,-68.49
74,55,corridor_v,corridor,AP-7,-53.12,-95.81,42.69,False,-80.85,-77.06,-68.22,-83.44,-79.83,-76.78,-53.12,-66.56
75,55,corridor_v,corridor,AP-7,-54.68,-96.42,41.74,False,-78.79,-76.04,-67.98,-78.78,-80.67,-74.65,-54.68,-68.56
76,55,corridor_v,corridor,AP-7,-57.29,-94.92,37.63,False,-84.42,-72.14,-66.75,-78.97,-80.28,-76.95,-57.29,-71.62
77,55,corridor_v,corridor,AP-7,-56.86,-94.16,37.3,False,-78.68,-73.49,-71.97,-79.7,-75.57,-76.85,-56.86,-69.08
78,55,corridor_v,corridor,AP-7,-58.27,-94.01,35.74,False,-81.28,-79.28,-69.5,-85.34,-82.14,-78.27,-58.27,-69.69
79,55,corridor_v,corridor,AP-7,-63.5,-95.44,31.94,False,-81.23,-76.88,-70.2,-84.64,-79.66,-78.67,-63.5,-69.59
0,56,ward_A,ward,AP-1,-56.07,-94.06,37.99,False,-56.07,-70.28,-71.82,-68.59,-70.5,-76.01,-79.32,-78.42
1,56,ward_A,ward,AP-1,-55.25,-93.9,38.65,False,-55.25,-71.04,-74.05,-75.81,-76.05,-76.9,-77.23,-80.65
2,56,ward_A,ward,AP-1,-59.02,-93.49,34.47,False,-59.02,-68.75,-75.59,-72.29,-73.98,-76.37,-74.88,-76.79
3,56,ward_A,ward,AP-1,-54.98,-94.78,39.8,False,-54.98,-69.91,-71.47,-69.42,-75.08,-70.36,-77.53,-77.6
4,56,ward_A,ward,AP-1,-55.58,-92.32,36.74,False,-55.58,-65.93,-69.74,-68.52,-73.92,-82.45,-75.85,-75.5
5,56,ward_A,ward,AP-1,-53.83,-95.13,41.3,False,-53.83,-67.26,-67.95,-73.87,-73.43,-78.6,-73.9,-79.98
6,56,ward_A,ward,AP-1,-55.34,-93.56,38.22,False,-55.34,-63.54,-72.18,-69.9,-75.67,-77.54,-75.33,-76.79
7,56,ward_A,ward,AP-1,-60.54,-94.24,33.7,False,-60.54,-66.54,-70.04,-74.59,-74.12,-76.13,-76.41,-76.13
8,56,ward_A,ward,AP-1,-55.05,-94.27,39.22,False,-55.05,-66.31,-73.32,-74.32,-72.79,-77.63,-76.14,-78.23
9,56,ward_A,ward,AP-1,-52.48,-92.63,40.15,False,-52.48,-63.96,-73.48,-71.38,-74.93,-74.83,-73.71,-79.81
10,56,ward_A,ward,AP-1,-53.71,-93.01,39.3,False,-53.71,-61.96,-70.31,-72.94,-73.53,-73.65,-75.06,-74.53
11,56,ward_A,ward,AP-1,-55.48,-95.16,39.68,False,-55.48,-64.3,-72.82,-71.83,-72.37,-72.84,-73.41,-75.37
12,56,ward_A,ward,AP-1,-55.68,-94.42,38.74,False,-55.68,-65.63,-70.31,-73.29,-74.42,-76.44,-72.64,-75.3
13,56,ward_A,ward,AP-1,-56.66,-94.11,37.45,False,-56.66,-63.07,-73.12,-71.01,-72.36,-82.86,-78.66,-76.8
14,56,ward_A,ward,AP-1,-54.96,-93.55,38.59,False,-54.96,-59.86,-71.18,-75.44,-72.21,-74.69,-75.25,-74.77
15,56,ward_A,ward,AP-1,-56.13,-96.01,39.88,False,-56.13,-64.0,-65.49,-71.92,-77.08,-75.19,-73.39,-77.6
16,56,ward_A,ward,AP-1,-55.48,-92.05,36.57,False,-55.48,-60.38,-68.26,-69.97,-74.84,-76.82,-72.31,-77.7
17,56,ward_A,ward,AP-1,-58.67,-94.98,36.31,False,-58.67,-60.31,-71.55,-72.52,-72.17,-70.93,-71.66,-73.9
18,56,ward_A,ward,AP-1,-58.74,-97.49,38.75,False,-58.74,-60.61,-65.79,-72.99,-69.0,-74.02,-73.57,-74.37
19,56,ward_A,ward,AP-2,-60.21,-97.82,37.61,False,-62.83,-60.21,-69.86,-71.93,-73.93,-73.7,-75.09,-73.71
20,56,ward_B,ward,AP-2,-55.29,-94.41,39.12,False,-56.98,-55.29,-68.63,-74.58,-74.38,-74.26,-70.35,-76.85
21,56,ward_B,ward,AP-1,-54.63,-93.94,39.31,False,-54.63,-58.43,-68.52,-71.77,-72.56,-74.99,-70.12,-74.45
22,56,ward_B,ward,AP-1,-59.15,-94.43,35.28,False,-59.15,-63.39,-69.47,-73.42,-70.32,-74.56,-72.44,-75.34
23,56,ward_B,ward,AP-2,-57.18,-96.37,39.19,False,-59.77,-57.18,-67.51,-71.06,-75.75,-76.14,-71.45,-76.19
24,56,ward_B,ward,AP-2,-58.07,-92.86,34.79,False,-61.5,-58.07,-62.9,-68.97,-74.02,-71.41,-71.64,-73.18
25,56,ward_B,ward,AP-2,-55.67,-97.89,42.22,False,-60.45,-55.67,-65.72,-74.81,-72.45,-73.68,-72.98,-74.36
26,56,ward_B,ward,AP-2,-55.83,-94.42,38.59,False,-63.79,-55.83,-66.63,-72.99,-70.51,-72.74,-70.8,-73.39
27,56,ward_B,ward,AP-2,-54.21,-95.08,40.87,False,-58.69,-54.21,-64.13,-72.04,-72.93,-75.48,-69.13,-73.02
28,56,ward_B,ward,AP-2,-54.59,-95.48,40.89,False,-63.56,-54.59,-59.72,-71.51,-70.99,-75.33,-71.05,-73.61
29,56,ward_B,ward,AP-2,-54.37,-95.26,40.89,False,-62.26,-54.37,-65.38,-72.05,-69.26,-70.62,-68.71,-71.13
30,56,ward_B,ward,AP-2,-57.49,-95.35,37.86,False,-62.3,-57.49,-67.62,-74.57,-71.14,-74.64,-65.75,-70.09
31,56,ward_B,ward,AP-2,-52.47,-94.98,42.51,False,-61.75,-52.47,-62.0,-73.03,-72.49,-74.12,-69.15,-72.43
32,56,ward_B,ward,AP-2,-57.24,-96.24,39.0,False,-65.01,-57.24,-63.92,-75.81,-74.03,-73.61,-68.3,-72.79
33,56,ward_B,ward,AP-2,-54.9,-92.01,37.11,False,-69.18,-54.9,-57.52,-74.1,-71.28,-73.9,-67.95,-67.78
34,56,ward_B,ward,AP-2,-55.04,-92.84,37.8,False,-62.03,-55.04,-63.78,-74.48,-70.95,-71.73,-66.96,-72.52
35,56,ward_B,ward,AP-2,-57.0,-97.63,40.63,False,-64.74,-57.0,-60.37,-73.96,-72.48,-73.73,-67.14,-67.89
36,56,ward_B,ward,AP-3,-57.79,-96.06,38.27,False,-64.69,-59.95,-57.79,-69.41,-72.98,-72.46,-66.58,-72.26
37,56,ward_B,ward,AP-2,-57.97,-95.39,37.42,False,-68.53,-57.97,-59.2,-70.55,-71.05,-71.64,-61.64,-68.69
38,56,ward_B,ward,AP-2,-56.33,-94.34,38.01,False,-67.62,-56.33,-58.49,-73.02,-75.31,-72.52,-64.27,-69.84
39,56,ward_B,ward,AP-3,-58.03,-93.59,35.56,False,-67.08,-59.61,-58.03,-72.75,-71.3,-75.23,-66.7,-70.26
40,56,ward_C,ward,AP-3,-58.56,-95.5,36.94,False,-64.7,-59.56,-58.56,-72.8,-76.2,-76.62,-64.64,-71.21
41,56,ward_C,ward,AP-2,-57.46,-98.32,40.86,False,-71.61,-57.46,-58.86,-74.57,-75.23,-70.04,-64.61,-69.22
42,56,ward_C,ward,AP-3,-55.78,-95.22,39.44,False,-67.43,-59.72,-55.78,-74.55,-74.0,-69.98,-67.6,-70.15
43,56,ward_C,ward,AP-3,-59.38,-95.21,35.83,False,-68.94,-63.7,-59.38,-74.66,-73.02,-71.16,-64.7,-66.5
44,56,ward_C,ward,AP-2,-57.87,-94.55,36.68,False,-67.53,-57.87,-59.47,-74.16,-72.06,-73.64,-62.35,-67.77
45,56,ward_C,ward,AP-3,-58.11,-93.46,35.35,False,-68.84,-63.09,-58.11,-69.15,-74.73,-72.39,-66.46,-70.06
46,56,ward_C,ward,AP-3,-54.49,-92.96,38.47,False,-70.22,-64.89,-54.49,-77.6,-72.49,-73.22,-62.83,-68.29
47,56,ward_C,ward,AP-3,-55.68,-93.58,37.9,False,-74.39,-61.75,-55.68,-73.84,-72.57,-71.65,-64.14,-68.62
48,56,ward_C,ward,AP-3,-54.63,-91.75,37.12,False,-71.13,-61.59,-54.63,-78.51,-73.75,-75.22,-58.5,-65.1
49,56,ward_C,ward,AP-3,-54.57,-95.12,40.55,False,-72.85,-63.92,-54.57,-76.28,-70.51,-75.08,-57.18,-67.14
50,56,ward_C,ward,AP-3,-51.98,-94.3,42.32,False,-74.24,-67.09,-51.98,-76.06,-74.46,-70.17,-58.42,-67.89
51,56,ward_C,ward,AP-3,-54.84,-96.24,41.4,False,-72.09,-65.51,-54.84,-75.85,-71.18,-67.86,-57.08,-69.33
52,56,ward_C,ward,AP-3,-53.06,-94.2,41.14,False,-70.39,-65.49,-53.06,-75.09,-73.54,-69.89,-59.27,-66.59
53,56,ward_C,ward,AP-3,-55.21,-92.19,36.98,False,-73.89,-66.27,-55.21,-74.1,-72.7,-71.08,-56.69,-69.19
54,56,ward_C,ward,AP-3,-54.65,-96.12,41.47,False,-71.5,-62.98,-54.65,-73.16,-74.8,-71.65,-57.37,-66.33
55,56,ward_C,ward,AP-7,-51.2,-95.92,44.72,False,-73.4,-64.45,-55.47,-76.74,-74.51,-71.98,-51.2,-68.0
56,56,ward_C,ward,AP-7,-53.95,-97.39,43.44,False,-75.3,-67.38,-58.77,-77.21,-74.86,-73.01,-53.95,-69.13
57,56,ward_C,ward,AP-7,-52.66,-98.33,45.67,False,-76.05,-62.59,-56.47,-76.21,-78.85,-70.78,-52.66,-69.44
58,56,ward_C,ward,AP-7,-54.34,-93.4,39.06,False,-74.25,-66.99,-56.39,-79.99,-72.53,-72.77,-54.34,-64.13
59,56,ward_C,ward,AP-7,-54.5,-95.24,40.74,False,-74.41,-67.9,-55.71,-77.65,-73.23,-70.2,-54.5,-65.41
60,56,theatre_1,theatre,AP-7,-49.41,-94.05,44.64,False,-75.06,-70.73,-54.02,-77.08,-74.24,-66.54,-49.41,-66.49
61,56,theatre_1,theatre,AP-7,-50.21,-93.88,43.67,False,-72.21,-65.84,-59.09,-75.38,-76.05,-71.55,-50.21,-66.83
62,56,theatre_1,theatre,AP-7,-48.72,-92.3,43.58,False,-73.54,-70.12,-63.79,-78.02,-75.37,-70.81,-48.72,-65.65
63,56,theatre_1,theatre,AP-7,-50.14,-97.25,47.11,False,-76.34,-71.12,-60.98,-76.95,-75.58,-72.42,-50.14,-63.8
64,56,theatre_1,theatre,AP-7,-45.54,-95.14,49.6,False,-78.15,-70.1,-59.45,-73.96,-73.59,-75.78,-45.54,-68.27
65,56,theatre_1,theatre,AP-7,-47.28,-95.7,48.42,False,-74.65,-71.07,-60.95,-74.75,-74.7,-72.56,-47.28,-67.87
66,56,theatre_1,theatre,AP-7,-48.04,-94.49,46.45,False,-71.91,-69.72,-63.5,-79.55,-76.02,-72.11,-48.04,-66.28
67,56,theatre_1,theatre,AP-7,-47.23,-95.17,47.94,False,-76.13,-70.09,-62.52,-78.91,-75.19,-75.46,-47.23,-63.96
68,56,theatre_1,theatre,AP-7,-47.42,-95.65,48.23,False,-74.12,-71.61,-61.57,-78.75,-73.82,-75.1,-47.42,-65.71
69,56,theatre_1,theatre,AP-7,-47.07,-96.85,49.78,False,-73.55,-70.32,-65.69,-79.87,-76.07,-70.75,-47.07,-67.89
70,56,theatre_1,theatre,AP-7,-52.35,-94.65,42.3,False,-77.6,-69.6,-66.12,-80.09,-76.82,-72.85,-52.35,-63.46
71,56,theatre_1,theatre,AP-7,-50.17,-95.46,45.29,False,-73.02,-70.55,-59.43,-76.32,-76.54,-70.35,-50.17,-66.36
72,56,corridor_v,corridor,AP-7,-52.44,-95.51,43.07,False,-80.24,-75.61,-70.57,-80.57,-81.72,-81.72,-52.44,-69.49
73,56,corridor_v,corridor,AP-7,-52.79,-95.07,42.28,False,-81.73,-73.23,-67.89,-86.46,-80.1,-75.32,-52.79,-70.85
74,56,corridor_v,corridor,AP-7,-57.82,-95.18,37.36,False,-80.64,-76.48,-70.05,-84.26,-76.47,-78.48,-57.82,-70.91
75,56,corridor_v,corridor,AP-7,-55.84,-93.89,38.05,False,-80.51,-76.5,-70.23,-82.57,-76.63,-80.12,-55.84,-68.84
76,56,corridor_v,corridor,AP-7,-59.66,-95.58,35.92,False,-79.4,-75.83,-63.67,-79.98,-79.82,-76.49,-59.66,-66.85
77,56,corridor_v,corridor,AP-7,-58.93,-95.42,36.49,False,-84.47,-76.49,-71.03,-82.42,-79.57,-75.14,-58.93,-68.41
78,56,corridor_v,corridor,AP-7,-60.43,-91.61,31.18,False,-82.57,-76.23,-74.37,-84.24,-80.39,-80.75,-60.43,-68.19
79,56,corridor_v,corridor,AP-7,-60.7,-94.13,33.43,False,-82.34,-76.44,-72.73,-84.84,-76.48,-76.91,-60.7,-68.24
0,57,ward_A,ward,AP-1,-62.02,-94.1,32.08,False,-62.02,-68.81,-75.09,-71.74,-74.76,-77.45,-79.76,-78.68
1,57,ward_A,ward,AP-1,-59.93,-95.97,36.04,False,-59.93,-68.47,-73.84,-73.39,-71.55,-80.24,-76.28,-76.14
2,57,ward_A,ward,AP-1,-58.2,-96.81,38.61,False,-58.2,-67.69,-74.03,-72.57,-76.36,-81.21,-74.72,-78.98
3,57,ward_A,ward,AP-1,-60.27,-94.51,34.24,False,-60.27,-67.93,-74.61,-68.98,-75.3,-75.78,-74.19,-77.03
4,57,ward_A,ward,AP-1,-56.7,-93.3,36.6,False,-56.7,-63.82,-68.31,-71.37,-75.37,-77.01,-74.88,-80.76
5,57,ward_A,ward,AP-1,-55.95,-92.64,36.69,False,-55.95,-67.28,-74.93,-70.72,-69.82,-76.26,-78.71,-76.06
6,57,ward_A,ward,AP-1,-55.02,-94.53,39.51,False,-55.02,-65.9,-72.53,-72.45,-71.84,-77.81,-75.97,-78.5
7,57,ward_A,ward,AP-1,-56.03,-93.49,37.46,False,-56.03,-66.04,-70.16,-75.11,-75.24,-75.22,-72.75,-79.76
8,57,ward_A,ward,AP-1,-55.94,-96.79,40.85,False,-55.94,-63.75,-72.31,-75.15,-72.67,-76.85,-78.52,-76.3
9,57,ward_A,ward,AP-1,-57.16,-94.8,37.64,False,-57.16,-67.52,-68.41,-72.96,-74.55,-76.88,-77.53,-75.16
10,57,ward_A,ward,AP-1,-55.48,-96.51,41.03,False,-55.48,-62.08,-73.79,-70.68,-73.3,-74.08,-73.08,-77.37
11,57,ward_A,ward,AP-1,-56.51,-96.7,40.19,False,-56.51,-62.51,-69.15,-72.55,-73.46,-73.3,-71.07,-76.99
12,57,ward_A,ward,AP-1,-54.72,-94.91,40.19,False,-54.72,-62.58,-68.18,-71.78,-75.33,-74.31,-73.48,-73.72
13,57,ward_A,ward,AP-1,-53.82,-94.32,40.5,False,-53.82,-62.37,-67.65,-73.65,-70.59,-74.85,-71.05,-73.28
14,57,ward_A,ward,AP-1,-53.99,-95.94,41.95,False,-53.99,-58.21,-69.32,-70.32,-72.13,-75.53,-75.79,-74.65
15,57,ward_A,ward,AP-1,-58.0,-94.2,36.2,False,-58.0,-61.52,-72.53,-72.54,-74.39,-73.94,-74.16,-77.92
16,57,ward_A,ward,AP-1,-56.74,-92.44,35.7,False,-56.74,-63.32,-69.04,-73.03,-76.65,-73.27,-71.96,-78.15
17,57,ward_A,ward,AP-1,-52.64,-94.85,42.21,False,-52.64,-60.1,-71.06,-73.11,-72.99,-76.64,-74.34,-74.1
18,57,ward_A,ward,AP-1,-58.66,-94.73,36.07,False,-58.66,-61.18,-66.48,-69.07,-71.02,-74.75,-68.62,-71.18
19,57,ward_A,ward,AP-1,-59.33,-92.46,33.13,False,-59.33,-63.02,-69.86,-70.76,-70.8,-75.26,-71.26,-73.09
20,57,ward_B,ward,AP-2,-60.9,-94.67,33.77,False,-64.63,-60.9,-68.92,-72.22,-69.33,-76.11,-71.17,-72.74
21,57,ward_B,ward,AP-1,-59.99,-93.09,33.1,False,-59.99,-61.82,-66.19,-74.84,-74.37,-74.75,-71.77,-73.98
22,57,ward_B,ward,AP-2,-58.92,-93.5,34.58,False,-60.01,-58.92,-68.97,-70.94,-70.62,-73.33,-74.89,-74.81
23,57,ward_B,ward,AP-2,-56.62,-93.47,36.85,False,-61.46,-56.62,-67.78,-72.69,-69.13,-73.11,-73.68,-70.33
24,57,ward_B,ward,AP-2,-56.15,-95.23,39.08,False,-61.62,-56.15,-69.05,-72.57,-74.81,-73.96,-74.41,-74.71
25,57,ward_B,ward,AP-2,-57.09,-94.52,37.43,False,-60.12,-57.09,-65.6,-68.38,-73.12,-76.99,-71.57,-74.94
26,57,ward_B,ward,AP-1,-59.32,-93.6,34.28,False,-59.32,-59.88,-64.96,-70.41,-71.77,-73.83,-69.95,-71.97
27,57,ward_B,ward,AP-2,-55.22,-96.79,41.57,False,-62.84,-55.22,-67.49,-72.14,-71.91,-76.07,-70.41,-75.52
28,57,ward_B,ward,AP-2,-57.68,-94.77,37.09,False,-65.51,-57.68,-63.34,-72.3,-72.15,-73.47,-70.1,-69.52
29,57,ward_B,ward,AP-2,-56.61,-93.88,37.27,False,-62.68,-56.61,-63.35,-71.62,-78.34,-73.54,-70.6,-72.14
30,57,ward_B,ward,AP-2,-57.71,-93.46,35.75,False,-65.79,-57.71,-62.31,-74.95,-69.03,-73.17,-71.44,-68.68
31,57,ward_B,ward,AP-2,-54.57,-96.75,42.18,False,-64.52,-54.57,-66.03,-77.19,-74.75,-70.93,-69.41,-72.42
32,57,ward_B,ward,AP-2,-57.32,-95.36,38.04,False,-66.12,-57.32,-62.45,-73.07,-72.68,-72.03,-70.99,-71.49
33,57,ward_B,ward,AP-2,-52.54,-95.14,42.6,False,-63.75,-52.54,-61.78,-75.47,-71.05,-74.58,-67.06,-72.98
34,57,ward_B,ward,AP-2,-56.22,-92.07,35.85,False,-65.52,-56.22,-58.06,-73.5,-75.64,-72.9,-66.58,-71.36
35,57,ward_B,ward,AP-2,-54.89,-94.52,39.63,False,-64.85,-54.89,-62.05,-76.68,-72.75,-71.34,-68.48,-69.24
36,57,ward_B,ward,AP-3,-58.04,-97.37,39.33,False,-66.18,-60.81,-58.04,-75.66,-76.9,-69.88,-68.0,-71.61
37,57,ward_B,ward,AP-2,-59.88,-96.38,36.5,False,-62.37,-59.88,-60.17,-73.74,-73.54,-73.26,-65.4,-73.23
38,57,ward_B,ward,AP-2,-57.98,-95.64,37.66,False,-66.82,-57.98,-59.63,-70.98,-69.53,-74.93,-63.23,-74.53
39,57,ward_B,ward,AP-2,-58.5,-94.72,36.22,False,-66.3,-58.5,-61.41,-73.95,-74.43,-71.36,-63.24,-70.1
40,57,ward_C,ward,AP-2,-55.6,-95.34,39.74,False,-66.85,-55.6,-62.91,-75.56,-73.72,-69.66,-63.48,-70.83
41,57,ward_C,ward,AP-2,-61.02,-95.04,34.02,False,-68.14,-61.02,-62.68,-75.09,-75.63,-75.86,-65.87,-70.36
42,57,ward_C,ward,AP-3,-56.46,-94.52,38.06,False,-66.7,-58.62,-56.46,-69.48,-70.43,-73.39,-65.18,-68.66
43,57,ward_C,ward,AP-2,-57.47,-97.05,39.58,False,-71.14,-57.47,-60.23,-73.04,-74.8,-71.63,-65.52,-69.51
44,57,ward_C,ward,AP-3,-58.19,-95.45,37.26,False,-67.61,-63.29,-58.19,-76.56,-72.12,-72.64,-62.32,-66.13
45,57,ward_C,ward,AP-3,-53.79,-93.76,39.97,False,-66.04,-63.6,-53.79,-77.26,-74.58,-70.36,-64.74,-70.02
46,57,ward_C,ward,AP-7,-61.38,-92.33,30.95,False,-68.19,-65.1,-61.54,-74.84,-70.32,-71.31,-61.38,-69.39
47,57,ward_C,ward,AP-3,-56.29,-93.28,36.99,False,-74.61,-63.62,-56.29,-75.81,-73.95,-71.91,-64.15,-68.3
48,57,ward_C,ward,AP-3,-58.25,-93.86,35.61,False,-72.73,-63.16,-58.25,-75.38,-75.87,-73.76,-61.67,-67.29
49,57,ward_C,ward,AP-3,-57.6,-93.73,36.13,False,-71.55,-65.66,-57.6,-78.29,-72.73,-74.03,-61.07,-73.49
50,57,ward_C,ward,AP-3,-57.62,-96.23,38.61,False,-71.18,-64.74,-57.62,-76.91,-75.54,-76.23,-63.48,-68.55
51,57,ward_C,ward,AP-3,-51.87,-94.25,42.38,False,-75.62,-63.4,-51.87,-77.86,-73.81,-74.0,-61.18,-67.88
52,57,ward_C,ward,AP-3,-56.67,-93.74,37.07,False,-72.8,-66.91,-56.67,-73.58,-75.7,-71.22,-57.44,-67.63
53,57,ward_C,ward,AP-3,-56.29,-96.24,39.95,False,-73.92,-67.65,-56.29,-76.96,-74.0,-71.32,-59.01,-67.95
54,57,ward_C,ward,AP-7,-58.08,-96.59,38.51,False,-69.31,-65.22,-58.8,-78.27,-75.15,-75.58,-58.08,-65.54
55,57,ward_C,ward,AP-3,-55.95,-93.56,37.61,False,-72.11,-67.42,-55.95,-76.82,-76.17,-72.95,-56.83,-68.11
56,57,ward_C,ward,AP-3,-57.67,-93.66,35.99,False,-74.43,-68.81,-57.67,-75.96,-74.38,-71.58,-58.48,-68.64
57,57,ward_C,ward,AP-7,-56.55,-93.11,36.56,False,-74.0,-64.97,-57.88,-75.5,-71.91,-71.35,-56.55,-70.89
58,57,ward_C,ward,AP-7,-54.78,-95.27,40.49,False,-74.19,-68.15,-56.32,-78.34,-75.75,-74.43,-54.78,-66.56
59,57,ward_C,ward,AP-7,-56.52,-95.14,38.62,False,-75.51,-65.83,-57.29,-77.68,-75.61,-71.59,-56.52,-64.46
60,57,theatre_1,theatre,AP-3,-51.89,-94.74,42.85,False,-70.28,-69.45,-51.89,-80.68,-77.91,-72.09,-52.46,-69.96
61,57,theatre_1,theatre,AP-7,-50.35,-97.91,47.56,False,-74.93,-65.14,-60.29,-75.44,-73.8,-75.32,-50.35,-66.63
62,57,theatre_1,theatre,AP-7,-52.81,-94.23,41.42,False,-76.07,-67.85,-60.25,-76.0,-76.02,-73.2,-52.81,-66.51
63,57,theatre_1,theatre,AP-7,-50.44,-93.49,43.05,False,-74.98,-68.93,-61.92,-78.66,-77.42,-73.17,-50.44,-66.17
64,57,theatre_1,theatre,AP-7,-50.71,-94.99,44.28,False,-74.19,-71.07,-61.91,-77.65,-75.79,-70.98,-50.71,-61.14
65,57,theatre_1,theatre,AP-7,-49.5,-96.22,46.72,False,-73.45,-71.56,-62.62,-77.06,-74.57,-74.1,-49.5,-63.66
66,57,theatre_1,theatre,AP-7,-49.5,-92.78,43.28,False,-73.41,-72.73,-60.59,-80.04,-71.71,-75.7,-49.5,-65.83
67,57,theatre_1,theatre,AP-7,-49.31,-94.07,44.76,False,-74.97,-70.29,-62.56,-78.04,-73.44,-70.29,-49.31,-67.77
68,57,theatre_1,theatre,AP-7,-49.73,-94.91,45.18,False,-76.11,-70.51,-60.93,-79.42,-74.62,-74.08,-49.73,-67.79
69,57,theatre_1,theatre,AP-7,-47.96,-95.79,47.83,False,-76.13,-71.77,-58.93,-75.79,-76.92,-74.69,-47.96,-66.51
70,57,theatre_1,theatre,AP-7,-47.04,-97.64,50.6,False,-77.85,-70.4,-62.64,-80.88,-74.81,-71.42,-47.04,-68.66
71,57,theatre_1,theatre,AP-7,-53.6,-94.45,40.85,False,-77.87,-71.16,-66.07,-77.59,-77.83,-72.53,-53.6,-65.76
72,57,corridor_v,corridor,AP-7,-55.9,-92.85,36.95,False,-80.39,-71.64,-72.81,-80.85,-76.17,-74.94,-55.9,-73.94
73,57,corridor_v,corridor,AP-7,-55.29,-95.12,39.83,False,-82.74,-72.53,-70.17,-80.69,-79.12,-75.82,-55.29,-70.05
74,57,corridor_v,corridor,AP-7,-56.14,-96.05,39.91,False,-82.79,-79.08,-70.34,-82.66,-79.08,-75.35,-56.14,-70.69
75,57,corridor_v,corridor,AP-7,-55.58,-94.04,38.46,False,-82.17,-77.31,-73.34,-83.57,-76.84,-75.29,-55.58,-66.47
76,57,corridor_v,corridor,AP-7,-54.73,-92.65,37.92,False,-83.94,-77.14,-72.23,-81.47,-81.8,-76.78,-54.73,-68.46
77,57,corridor_v,corridor,AP-7,-61.32,-98.76,37.44,False,-82.13,-78.86,-72.2,-85.9,-80.55,-75.22,-61.32,-67.27
78,57,corridor_v,corridor,AP-7,-63.66,-97.93,34.27,False,-83.12,-73.7,-70.59,-82.06,-84.07,-81.46,-63.66,-68.49
79,57,corridor_v,corridor,AP-7,-59.35,-100.51,41.16,False,-82.16,-76.07,-73.59,-89.5,-80.54,-74.93,-59.35,-68.77
0,58,ward_A,ward,AP-1,-60.66,-95.09,34.43,False,-60.66,-65.3,-72.87,-76.54,-74.58,-73.88,-76.67,-80.14
1,58,ward_A,ward,AP-1,-58.7,-92.48,33.78,False,-58.7,-66.85,-75.0,-75.65,-71.66,-76.33,-77.56,-78.0
2,58,ward_A,ward,AP-1,-59.95,-95.44,35.49,False,-59.95,-69.22,-73.87,-69.58,-73.84,-76.69,-78.83,-79.59
3,58,ward_A,ward,AP-1,-59.47,-92.66,33.19,False,-59.47,-69.81,-75.7,-74.23,-72.16,-76.46,-74.35,-79.13
4,58,ward_A,ward,AP-1,-58.15,-94.9,36.75,False,-58.15,-65.22,-73.25,-70.94,-71.59,-77.32,-76.27,-73.07
5,58,ward_A,ward,AP-1,-60.52,-95.72,35.2,False,-60.52,-67.16,-74.17,-69.97,-73.83,-74.38,-72.29,-77.11
6,58,ward_A,ward,AP-1,-60.51,-94.59,34.08,False,-60.51,-62.59,-70.04,-73.28,-73.82,-72.37,-76.58,-75.88
7,58,ward_A,ward,AP-1,-57.39,-95.57,38.18,False,-57.39,-65.63,-75.08,-72.45,-75.26,-75.26,-73.1,-75.99
8,58,ward_A,ward,AP-1,-54.94,-94.03,39.09,False,-54.94,-67.26,-71.76,-74.45,-76.4,-72.44,-71.78,-76.8
9,58,ward_A,ward,AP-1,-58.3,-95.11,36.81,False,-58.3,-66.94,-71.69,-75.09,-69.93,-77.44,-75.67,-75.02
10,58,ward_A,ward,AP-1,-57.05,-95.99,38.94,False,-57.05,-61.92,-71.64,-71.79,-75.23,-76.84,-72.72,-76.71
11,58,ward_A,ward,AP-1,-55.48,-95.69,40.21,False,-55.48,-68.31,-69.51,-72.0,-75.89,-73.98,-77.21,-78.21
12,58,ward_A,ward,AP-1,-57.88,-96.29,38.41,False,-57.88,-67.4,-70.78,-70.38,-72.44,-72.83,-72.17,-74.76
13,58,ward_A,ward,AP-1,-56.7,-97.82,41.12,False,-56.7,-65.68,-73.69,-73.27,-74.82,-75.47,-77.23,-76.2
14,58,ward_A,ward,AP-1,-57.68,-93.61,35.93,False,-57.68,-64.6,-72.9,-71.14,-74.07,-77.2,-78.34,-74.72
15,58,ward_A,ward,AP-2,-58.95,-96.83,37.88,False,-59.15,-58.95,-71.35,-74.48,-73.24,-77.02,-73.41,-74.69
16,58,ward_A,ward,AP-1,-57.3,-95.4,38.1,False,-57.3,-61.64,-73.84,-72.26,-73.62,-76.08,-73.75,-71.66
17,58,ward_A,ward,AP-1,-59.04,-90.06,31.02,False,-59.04,-62.99,-68.99,-75.15,-74.38,-73.0,-77.45,-75.08
18,58,ward_A,ward,AP-1,-58.68,-94.94,36.26,False,-58.68,-59.79,-67.38,-70.45,-73.08,-70.68,-73.58,-71.83
19,58,ward_A,ward,AP-1,-58.63,-94.65,36.02,False,-58.63,-64.81,-68.28,-74.67,-75.6,-74.07,-72.97,-73.41
20,58,ward_B,ward,AP-2,-57.36,-93.87,36.51,False,-63.51,-57.36,-72.46,-76.21,-71.01,-73.82,-72.2,-75.89
21,58,ward_B,ward,AP-2,-56.12,-94.58,38.46,False,-58.94,-56.12,-68.5,-75.17,-70.92,-74.69,-71.73,-71.23
22,58,ward_B,ward,AP-2,-57.87,-96.27,38.4,False,-60.68,-57.87,-68.73,-71.33,-69.59,-74.68,-73.11,-74.32
23,58,ward_B,ward,AP-2,-58.72,-94.36,35.64,False,-65.28,-58.72,-67.63,-69.74,-72.57,-70.82,-69.99,-73.71
24,58,ward_B,ward,AP-2,-56.17,-95.28,39.11,False,-60.44,-56.17,-63.3,-71.97,-73.4,-74.19,-71.95,-77.74
25,58,ward_B,ward,AP-2,-55.61,-94.01,38.4,False,-63.85,-55.61,-67.37,-71.49,-72.35,-76.88,-72.39,-71.55
26,58,ward_B,ward,AP-2,-53.92,-94.86,40.94,False,-61.86,-53.92,-67.38,-69.61,-72.6,-72.38,-69.61,-71.96
27,58,ward_B,ward,AP-2,-60.24,-94.66,34.42,False,-63.92,-60.24,-64.98,-75.51,-72.44,-76.62,-71.33,-72.14
28,58,ward_B,ward,AP-2,-56.84,-95.45,38.61,False,-63.16,-56.84,-63.94,-71.08,-74.09,-73.83,-73.96,-76.15
29,58,ward_B,ward,AP-2,-56.5,-96.16,39.66,False,-64.25,-56.5,-64.43,-71.79,-71.85,-75.42,-68.75,-71.19
30,58,ward_B,ward,AP-2,-54.71,-97.1,42.39,False,-65.93,-54.71,-66.38,-73.05,-76.02,-75.88,-69.36,-73.77
31,58,ward_B,ward,AP-2,-58.34,-92.99,34.65,False,-67.9,-58.34,-61.71,-73.91,-74.14,-76.21,-69.34,-67.57
32,58,ward_B,ward,AP-2,-60.39,-97.85,37.46,False,-63.98,-60.39,-64.24,-76.38,-74.87,-75.74,-66.9,-72.89
33,58,ward_B,ward,AP-2,-58.04,-93.97,35.93,False,-66.77,-58.04,-61.95,-73.71,-72.51,-73.87,-67.57,-71.92
34,58,ward_B,ward,AP-2,-54.04,-96.33,42.29,False,-66.51,-54.04,-61.16,-70.87,-72.51,-73.34,-65.68,-67.51
35,58,ward_B,ward,AP-2,-59.28,-94.16,34.88,False,-66.22,-59.28,-61.87,-74.82,-75.28,-71.96,-71.45,-69.59
36,58,ward_B,ward,AP-2,-58.68,-94.35,35.67,False,-68.75,-58.68,-58.74,-71.84,-68.94,-68.54,-67.37,-69.9
37,58,ward_B,ward,AP-2,-55.68,-94.53,38.85,False,-69.54,-55.68,-59.46,-73.44,-70.91,-72.77,-65.88,-67.58
38,58,ward_B,ward,AP-2,-57.54,-93.62,36.08,False,-63.12,-57.54,-58.71,-75.7,-69.1,-73.55,-66.65,-70.74
39,58,ward_B,ward,AP-3,-59.13,-96.04,36.91,False,-69.59,-62.33,-59.13,-71.89,-70.62,-74.57,-66.59,-70.93
40,58,ward_C,ward,AP-3,-58.93,-95.59,36.66,False,-69.79,-58.95,-58.93,-76.66,-73.7,-72.73,-65.51,-69.57
41,58,ward_C,ward,AP-3,-61.25,-97.38,36.13,False,-68.19,-64.4,-61.25,-71.01,-73.74,-67.5,-71.17,-65.68
42,58,ward_C,ward,AP-3,-61.45,-95.16,33.71,False,-68.16,-61.46,-61.45,-70.93,-76.67,-72.34,-66.01,-69.62
43,58,ward_C,ward,AP-3,-57.46,-94.0,36.54,False,-69.31,-63.01,-57.46,-76.04,-74.27,-68.91,-64.99,-67.81
44,58,ward_C,ward,AP-3,-57.21,-95.72,38.51,False,-69.31,-57.79,-57.21,-76.97,-74.26,-73.19,-69.7,-68.28
45,58,ward_C,ward,AP-3,-57.34,-95.98,38.64,False,-68.54,-64.15,-57.34,-77.57,-74.44,-73.69,-66.82,-68.68
46,58,ward_C,ward,AP-7,-60.45,-96.36,35.91,False,-69.37,-64.48,-61.0,-72.66,-70.09,-71.9,-60.45,-69.48
47,58,ward_C,ward,AP-3,-57.19,-94.39,37.2,False,-73.33,-61.69,-57.19,-76.23,-77.4,-74.3,-60.48,-66.81
48,58,ward_C,ward,AP-3,-59.42,-94.82,35.4,False,-71.37,-64.31,-59.42,-78.39,-76.9,-75.88,-62.61,-71.4
49,58,ward_C,ward,AP-3,-59.08,-93.84,34.76,False,-69.77,-65.47,-59.08,-77.64,-73.4,-73.2,-62.08,-66.01
50,58,ward_C,ward,AP-3,-58.87,-94.35,35.48,False,-74.88,-68.83,-58.87,-73.44,-72.68,-73.66,-60.45,-71.61
51,58,ward_C,ward,AP-3,-60.24,-92.75,32.51,False,-71.16,-64.85,-60.24,-80.79,-76.26,-72.24,-60.65,-66.74
52,58,ward_C,ward,AP-3,-58.0,-93.32,35.32,False,-73.74,-65.49,-58.0,-78.15,-70.24,-71.31,-59.4,-68.11
53,58,ward_C,ward,AP-7,-55.62,-93.91,38.29,False,-73.3,-66.29,-56.81,-77.9,-74.11,-71.43,-55.62,-67.26
54,58,ward_C,ward,AP-3,-55.29,-95.18,39.89,False,-73.16,-65.91,-55.29,-76.54,-76.64,-71.59,-58.23,-72.03
55,58,ward_C,ward,AP-7,-54.89,-94.93,40.04,False,-71.66,-65.31,-58.91,-77.26,-76.25,-70.39,-54.89,-69.03
56,58,ward_C,ward,AP-3,-59.4,-95.33,35.93,False,-70.98,-66.69,-59.4,-76.75,-74.92,-73.49,-60.17,-67.8
57,58,ward_C,ward,AP-7,-55.66,-95.42,39.76,False,-73.31,-67.87,-61.52,-78.45,-75.24,-73.74,-55.66,-67.24
58,58,ward_C,ward,AP-7,-54.81,-94.3,39.49,False,-74.08,-66.24,-58.64,-78.9,-78.48,-71.07,-54.81,-63.06
59,58,ward_C,ward,AP-7,-53.46,-93.85,40.39,False,-71.48,-65.71,-57.05,-74.75,-78.27,-74.36,-53.46,-67.02
60,58,theatre_1,theatre,AP-7,-54.67,-94.85,40.18,False,-72.23,-67.07,-58.97,-78.41,-72.72,-73.9,-54.67,-65.71
61,58,theatre_1,theatre,AP-7,-51.5,-94.41,42.91,False,-75.86,-67.59,-62.13,-75.99,-79.34,-70.86,-51.5,-64.93
62,58,theatre_1,theatre,AP-7,-52.93,-95.94,43.01,False,-75.86,-68.69,-61.34,-78.57,-76.62,-73.52,-52.93,-67.0
63,58,theatre_1,theatre,AP-7,-49.94,-94.58,44.64,False,-75.88,-70.69,-62.71,-76.51,-76.09,-74.22,-49.94,-64.57
64,58,theatre_1,theatre,AP-7,-52.23,-96.07,43.84,False,-75.68,-67.64,-62.28,-76.44,-75.69,-73.95,-52.23,-66.36
65,58,theatre_1,theatre,AP-7,-55.77,-94.06,38.29,False,-75.37,-70.97,-60.99,-75.94,-71.32,-72.27,-55.77,-67.57
66,58,theatre_1,theatre,AP-7,-52.26,-93.77,41.51,False,-72.03,-71.27,-64.7,-78.52,-74.15,-73.11,-52.26,-65.36
67,58,theatre_1,theatre,AP-7,-49.3,-95.32,46.02,False,-74.13,-69.77,-64.75,-76.97,-74.6,-70.6,-49.3,-66.79
68,58,theatre_1,theatre,AP-7,-50.56,-97.46,46.9,False,-73.23,-69.13,-65.06,-77.99,-77.61,-75.74,-50.56,-65.95
69,58,theatre_1,theatre,AP-7,-52.4,-95.72,43.32,False,-77.57,-70.84,-60.52,-80.07,-76.03,-70.36,-52.4,-67.06
70,58,theatre_1,theatre,AP-7,-56.59,-94.03,37.44,False,-77.11,-71.28,-66.72,-77.76,-74.57,-72.51,-56.59,-71.88
71,58,theatre_1,theatre,AP-7,-52.93,-91.69,38.76,False,-72.68,-69.05,-64.9,-79.39,-77.57,-78.06,-52.93,-66.76
72,58,corridor_v,corridor,AP-7,-54.59,-93.54,38.95,False,-78.72,-75.26,-66.77,-87.73,-79.7,-79.89,-54.59,-67.5
73,58,corridor_v,corridor,AP-7,-57.29,-96.06,38.77,False,-79.67,-74.27,-71.04,-82.59,-81.72,-77.32,-57.29,-70.3
74,58,corridor_v,corridor,AP-7,-62.13,-94.77,32.64,False,-81.98,-74.99,-67.82,-85.45,-84.99,-79.2,-62.13,-70.62
75,58,corridor_v,corridor,AP-7,-59.04,-95.61,36.57,False,-76.53,-76.63,-68.34,-88.09,-77.19,-79.34,-59.04,-72.9
76,58,corridor_v,corridor,AP-7,-59.85,-96.83,36.98,False,-79.03,-74.69,-70.19,-83.25,-80.38,-77.69,-59.85,-69.03
77,58,corridor_v,corridor,AP-7,-63.81,-92.29,28.48,False,-81.6,-78.57,-68.81,-84.45,-80.36,-78.41,-63.81,-67.86
78,58,corridor_v,corridor,AP-7,-63.66,-94.06,30.4,False,-80.9,-76.88,-65.43,-80.92,-84.8,-79.04,-63.66,-68.99
79,58,corridor_v,corridor,AP-7,-60.46,-91.63,31.17,False,-81.87,-77.72,-73.21,-81.67,-81.48,-76.84,-60.46,-73.87
0,59,ward_A,ward,AP-1,-58.18,-95.66,37.48,False,-58.18,-67.45,-76.02,-73.88,-73.29,-79.96,-74.77,-75.67
1,59,ward_A,ward,AP-1,-61.0,-92.77,31.77,False,-61.0,-67.03,-76.2,-70.32,-78.53,-78.35,-78.6,-79.53
2,59,ward_A,ward,AP-1,-59.58,-95.73,36.15,False,-59.58,-65.22,-74.12,-74.88,-77.84,-78.4,-78.3,-79.58
3,59,ward_A,ward,AP-1,-60.68,-93.58,32.9,False,-60.68,-68.73,-70.86,-71.89,-74.17,-76.8,-77.91,-77.41
4,59,ward_A,ward,AP-1,-60.93,-97.05,36.12,False,-60.93,-67.43,-72.44,-73.83,-75.83,-77.02,-77.42,-76.55
5,59,ward_A,ward,AP-1,-59.07,-94.78,35.71,False,-59.07,-66.15,-73.37,-74.37,-75.4,-74.29,-76.73,-77.46
6,59,ward_A,ward,AP-1,-60.29,-92.79,32.5,False,-60.29,-68.41,-69.85,-71.2,-76.91,-78.63,-71.85,-77.54
7,59,ward_A,ward,AP-1,-61.98,-94.42,32.44,False,-61.98,-66.65,-70.31,-75.39,-75.24,-76.17,-75.21,-80.28
8,59,ward_A,ward,AP-1,-61.22,-91.39,30.17,False,-61.22,-65.79,-72.66,-74.3,-71.33,-80.01,-74.83,-76.34
9,59,ward_A,ward,AP-1,-59.59,-93.85,34.26,False,-59.59,-66.41,-71.61,-73.45,-70.47,-77.27,-72.18,-76.74
10,59,ward_A,ward,AP-1,-56.64,-92.74,36.1,False,-56.64,-67.03,-70.96,-71.66,-71.76,-77.39,-77.69,-74.42
11,59,ward_A,ward,AP-1,-62.82,-94.92,32.1,False,-62.82,-65.7,-71.21,-72.13,-73.63,-76.26,-75.2,-76.59
12,59,ward_A,ward,AP-1,-60.32,-96.14,35.82,False,-60.32,-65.0,-67.59,-76.7,-77.16,-81.24,-77.52,-75.02
13,59,ward_A,ward,AP-1,-60.66,-94.65,33.99,False,-60.66,-66.69,-65.06,-70.04,-75.45,-74.27,-75.93,-72.84
14,59,ward_A,ward,AP-1,-58.98,-95.63,36.65,False,-58.98,-59.48,-70.43,-72.95,-75.02,-73.14,-71.54,-73.43
15,59,ward_A,ward,AP-1,-58.01,-94.88,36.87,False,-58.01,-63.2,-71.71,-74.72,-75.79,-74.83,-76.92,-70.12
16,59,ward_A,ward,AP-2,-60.13,-91.63,31.5,False,-60.56,-60.13,-65.69,-71.84,-74.35,-75.01,-74.94,-78.59
17,59,ward_A,ward,AP-1,-57.95,-93.56,35.61,False,-57.95,-61.03,-71.62,-74.1,-73.13,-75.76,-71.28,-75.61
18,59,ward_A,ward,AP-1,-54.99,-97.19,42.2,False,-54.99,-62.89,-66.88,-73.82,-73.71,-74.19,-73.74,-75.06
19,59,ward_A,ward,AP-2,-61.25,-96.62,35.37,False,-62.85,-61.25,-69.35,-73.77,-75.06,-75.23,-70.81,-76.85
20,59,ward_B,ward,AP-2,-60.69,-97.82,37.13,False,-64.28,-60.69,-67.71,-73.76,-73.58,-75.93,-69.3,-74.23
21,59,ward_B,ward,AP-2,-61.51,-93.37,31.86,False,-62.58,-61.51,-67.83,-72.76,-75.12,-77.49,-73.5,-73.47
22,59,ward_B,ward,AP-2,-59.56,-96.4,36.84,False,-63.24,-59.56,-70.92,-72.17,-74.0,-73.17,-73.76,-73.28
23,59,ward_B,ward,AP-2,-54.48,-93.68,39.2,False,-60.19,-54.48,-66.74,-73.13,-74.5,-72.3,-72.44,-73.0
24,59,ward_B,ward,AP-1,-60.6,-95.61,35.01,False,-60.6,-60.79,-66.68,-72.92,-71.17,-73.81,-71.9,-70.94
25,59,ward_B,ward,AP-2,-59.42,-93.39,33.97,False,-61.44,-59.42,-64.06,-74.94,-70.71,-77.91,-75.53,-74.1
26,59,ward_B,ward,AP-2,-57.57,-93.03,35.46,False,-63.38,-57.57,-67.01,-75.3,-74.42,-71.3,-70.83,-72.12
27,59,ward_B,ward,AP-2,-58.82,-95.35,36.53,False,-62.9,-58.82,-65.21,-72.69,-72.45,-74.9,-70.22,-75.31
28,59,ward_B,ward,AP-2,-60.26,-94.92,34.66,False,-61.94,-60.26,-67.13,-71.53,-71.46,-71.76,-67.8,-74.11
29,59,ward_B,ward,AP-2,-57.64,-94.05,36.41,False,-59.8,-57.64,-64.59,-74.82,-74.73,-71.74,-70.77,-70.73
30,59,ward_B,ward,AP-2,-60.5,-95.18,34.68,False,-62.8,-60.5,-67.05,-71.66,-77.41,-72.65,-69.7,-71.99
31,59,ward_B,ward,AP-2,-55.42,-96.79,41.37,False,-62.45,-55.42,-64.38,-74.48,-71.79,-72.46,-68.7,-73.44
32,59,ward_B,ward,AP-2,-56.68,-97.07,40.39,False,-65.84,-56.68,-68.19,-77.22,-73.59,-71.48,-70.06,-74.47
33,59,ward_B,ward,AP-2,-60.08,-94.68,34.6,False,-67.59,-60.08,-62.6,-74.35,-75.92,-75.8,-69.31,-73.64
34,59,ward_B,ward,AP-2,-60.96,-92.89,31.93,False,-66.75,-60.96,-61.59,-73.64,-70.42,-72.11,-69.38,-72.66
35,59,ward_B,ward,AP-2,-57.1,-93.83,36.73,False,-65.52,-57.1,-65.51,-74.61,-73.23,-74.67,-65.57,-70.17
36,59,ward_B,ward,AP-2,-56.85,-93.13,36.28,False,-69.27,-56.85,-63.0,-74.38,-67.48,-76.92,-72.38,-72.26
37,59,ward_B,ward,AP-3,-63.09,-94.49,31.4,False,-68.75,-64.54,-63.09,-76.97,-72.0,-76.1,-64.61,-70.13
38,59,ward_B,ward,AP-2,-59.93,-96.95,37.02,False,-69.29,-59.93,-62.91,-74.61,-72.33,-73.9,-70.13,-71.32
39,59,ward_B,ward,AP-2,-57.65,-92.39,34.74,False,-64.55,-57.65,-58.93,-74.2,-79.0,-74.61,-63.89,-69.63
40,59,ward_C,ward,AP-3,-60.59,-92.26,31.67,False,-68.77,-61.21,-60.59,-76.53,-74.06,-70.93,-63.33,-72.21
41,59,ward_C,ward,AP-3,-59.43,-95.91,36.48,False,-69.01,-64.35,-59.43,-77.18,-69.31,-73.23,-64.85,-69.72
42,59,ward_C,ward,AP-3,-59.17,-93.59,34.42,False,-69.86,-61.4,-59.17,-72.96,-76.52,-76.71,-63.16,-67.7
43,59,ward_C,ward,AP-2,-61.09,-95.09,34.0,False,-68.96,-61.09,-63.27,-78.11,-70.81,-73.13,-63.62,-69.95
44,59,ward_C,ward,AP-3,-59.19,-95.77,36.58,False,-72.89,-66.49,-59.19,-80.67,-72.48,-69.8,-65.14,-69.22
45,59,ward_C,ward,AP-3,-61.58,-98.01,36.43,False,-69.4,-61.72,-61.58,-79.13,-73.28,-73.3,-63.25,-70.23
46,59,ward_C,ward,AP-3,-59.23,-96.31,37.08,False,-70.75,-60.31,-59.23,-80.41,-72.92,-73.55,-62.62,-68.32
47,59,ward_C,ward,AP-3,-57.47,-96.86,39.39,False,-69.09,-60.46,-57.47,-75.26,-75.21,-74.12,-61.52,-71.33
48,59,ward_C,ward,AP-3,-59.66,-95.23,35.57,False,-68.28,-69.57,-59.66,-73.33,-72.94,-71.81,-60.77,-68.52
49,59,ward_C,ward,AP-3,-59.46,-95.09,35.63,False,-73.13,-63.85,-59.46,-75.61,-77.95,-66.65,-63.46,-68.86
50,59,ward_C,ward,AP-3,-59.87,-93.58,33.71,False,-73.17,-62.99,-59.87,-77.49,-73.13,-73.79,-61.63,-66.18
51,59,ward_C,ward,AP-7,-56.56,-93.97,37.41,False,-71.38,-69.23,-59.75,-74.81,-73.97,-75.28,-56.56,-70.31
52,59,ward_C,ward,AP-3,-57.87,-94.51,36.64,False,-72.68,-66.02,-57.87,-78.9,-71.96,-74.66,-59.88,-69.85
53,59,ward_C,ward,AP-3,-57.27,-97.75,40.48,False,-74.88,-62.09,-57.27,-76.98,-76.37,-69.21,-60.5,-65.68
54,59,ward_C,ward,AP-3,-58.65,-95.04,36.39,False,-69.79,-66.35,-58.65,-77.66,-74.27,-72.91,-59.04,-68.14
55,59,ward_C,ward,AP-7,-56.26,-93.91,37.65,False,-68.68,-67.42,-58.12,-76.63,-74.64,-76.12,-56.26,-68.76
56,59,ward_C,ward,AP-3,-58.55,-93.35,34.8,False,-75.35,-68.7,-58.55,-77.0,-76.4,-71.41,-59.72,-66.0
57,59,ward_C,ward,AP-7,-56.53,-93.64,37.11,False,-75.8,-67.78,-60.59,-76.4,-73.43,-72.94,-56.53,-69.95
58,59,ward_C,ward,AP-7,-56.34,-94.92,38.58,False,-77.14,-69.66,-57.98,-80.61,-78.44,-72.23,-56.34,-68.87
59,59,ward_C,ward,AP-7,-55.7,-94.13,38.43,False,-75.6,-65.57,-58.76,-76.01,-78.41,-71.9,-55.7,-63.65
60,59,theatre_1,theatre,AP-7,-52.01,-95.29,43.28,False,-74.93,-68.82,-60.02,-78.68,-77.72,-74.07,-52.01,-68.88
61,59,theatre_1,theatre,AP-7,-51.65,-94.02,42.37,False,-71.08,-67.75,-59.78,-78.05,-74.04,-73.31,-51.65,-66.4
62,59,theatre_1,theatre,AP-7,-58.26,-93.96,35.7,False,-72.63,-66.72,-61.32,-78.33,-73.83,-72.96,-58.26,-65.51
63,59,theatre_1,theatre,AP-7,-55.56,-96.07,40.51,False,-72.09,-67.94,-59.35,-79.21,-72.75,-71.91,-55.56,-67.32
64,59,theatre_1,theatre,AP-7,-55.25,-93.18,37.93,False,-74.73,-68.63,-63.15,-76.16,-76.87,-75.05,-55.25,-65.54
65,59,theatre_1,theatre,AP-7,-54.24,-95.62,41.38,False,-76.99,-70.62,-59.5,-77.54,-77.04,-71.38,-54.24,-63.05
66,59,theatre_1,theatre,AP-7,-52.74,-96.97,44.23,False,-73.8,-72.04,-61.88,-78.73,-74.15,-72.79,-52.74,-66.94
67,59,theatre_1,theatre,AP-7,-52.65,-92.25,39.6,False,-74.91,-74.02,-60.91,-78.25,-75.06,-74.83,-52.65,-63.13
68,59,theatre_1,theatre,AP-7,-52.58,-94.19,41.61,False,-79.09,-69.21,-63.61,-77.78,-75.97,-78.06,-52.58,-65.74
69,59,theatre_1,theatre,AP-7,-52.64,-97.3,44.66,False,-74.5,-73.31,-65.87,-80.7,-75.58,-76.12,-52.64,-67.16
70,59,theatre_1,theatre,AP-7,-48.97,-94.4,45.43,False,-75.28,-69.32,-62.87,-77.84,-77.11,-74.48,-48.97,-67.3
71,59,theatre_1,theatre,AP-7,-53.26,-90.89,37.63,False,-77.33,-71.96,-66.05,-83.39,-76.24,-73.37,-53.26,-70.48
72,59,corridor_v,corridor,AP-7,-56.76,-95.13,38.37,False,-81.8,-73.84,-65.87,-82.26,-81.21,-81.75,-56.76,-70.66
73,59,corridor_v,corridor,AP-7,-52.25,-93.56,41.31,False,-81.15,-75.78,-68.11,-84.56,-75.89,-75.21,-52.25,-70.24
74,59,corridor_v,corridor,AP-7,-55.84,-95.7,39.86,False,-80.9,-75.75,-70.75,-85.46,-79.67,-74.57,-55.84,-72.07
75,59,corridor_v,corridor,AP-7,-60.85,-92.79,31.94,False,-79.34,-73.59,-71.36,-84.09,-81.23,-79.15,-60.85,-67.01
76,59,corridor_v,corridor,AP-7,-62.2,-93.66,31.46,False,-79.25,-78.4,-68.5,-87.08,-79.63,-78.91,-62.2,-70.92
77,59,corridor_v,corridor,AP-7,-57.7,-96.18,38.48,False,-81.71,-79.0,-72.75,-82.41,-83.23,-79.82,-57.7,-73.63
78,59,corridor_v,corridor,AP-7,-60.44,-94.61,34.17,False,-82.46,-75.01,-71.48,-83.8,-81.2,-79.34,-60.44,-73.01
79,59,corridor_v,corridor,AP-7,-62.49,-93.92,31.43,False,-78.16,-77.34,-71.52,-86.17,-80.65,-77.71,-62.49,-74.41
