cell_x_m,cell_y_m,prior_rssi_dbm,posterior_rssi_dbm,posterior_var_db2,confidence,is_dead_zone,sample_count,used_posterior
0,0,-71.4,-71.4,4.0,0.0,False,0,False
1,0,-70.91,-70.91,4.0,0.0,False,0,False
2,0,-70.43,-70.16,3.2,0.2,False,1,False
3,0,-69.98,-69.98,4.0,0.0,False,0,False
4,0,-69.55,-69.55,4.0,0.0,False,0,False
5,0,-69.17,-69.06,3.6,0.1,False,1,False
6,0,-68.84,-68.84,4.0,0.0,False,0,False
7,0,-68.57,-68.88,3.2727,0.1818,False,2,False
8,0,-68.36,-68.36,4.0,0.0,False,0,False
9,0,-68.24,-68.24,4.0,0.0,False,0,False
10,0,-68.2,-67.88,3.4483,0.1379,False,1,False
11,0,-68.24,-68.24,4.0,0.0,False,0,False
12,0,-68.36,-68.36,4.0,0.0,False,0,False
13,0,-68.57,-68.58,3.2,0.2,False,1,False
14,0,-68.84,-68.84,4.0,0.0,False,0,False
15,0,-61.92,-61.92,4.0,0.0,False,0,False
16,0,-61.42,-61.42,4.0,0.0,False,0,False
17,0,-60.92,-60.92,4.0,0.0,False,0,False
18,0,-60.41,-60.41,4.0,0.0,False,0,False
19,0,-59.9,-59.9,4.0,0.0,False,0,False
20,0,-59.4,-59.4,4.0,0.0,False,0,False
21,0,-58.91,-58.48,3.6,0.1,False,1,False
22,0,-58.43,-58.43,4.0,0.0,False,0,False
23,0,-57.98,-57.98,4.0,0.0,False,0,False
24,0,-57.55,-57.55,4.0,0.0,False,0,False
25,0,-57.17,-57.17,4.0,0.0,False,0,False
26,0,-56.84,-56.84,4.0,0.0,False,0,False
27,0,-56.57,-56.57,4.0,0.0,False,0,False
28,0,-56.36,-56.29,3.2727,0.1818,False,2,False
29,0,-56.24,-56.24,4.0,0.0,False,0,False
30,0,-56.2,-56.09,3.6,0.1,False,1,False
31,0,-56.24,-56.43,3.2,0.2,False,1,False
32,0,-56.36,-56.36,4.0,0.0,False,0,False
33,0,-56.57,-56.57,4.0,0.0,False,0,False
34,0,-56.84,-56.84,4.0,0.0,False,0,False
35,0,-57.17,-57.17,4.0,0.0,False,0,False
36,0,-57.55,-57.55,4.0,0.0,False,0,False
37,0,-57.98,-57.81,3.2727,0.1818,False,2,False
38,0,-58.43,-58.21,2.7692,0.3077,False,1,False
39,0,-58.91,-58.91,4.0,0.0,False,0,False
40,0,-59.4,-59.4,4.0,0.0,False,0,False
41,0,-58.91,-58.91,4.0,0.0,False,0,False
42,0,-58.43,-58.43,4.0,0.0,False,0,False
43,0,-57.98,-57.98,4.0,0.0,False,0,False
44,0,-57.55,-57.55,4.0,0.0,False,0,False
45,0,-57.17,-57.17,4.0,0.0,False,0,False
46,0,-56.84,-56.84,4.0,0.0,False,0,False
47,0,-56.57,-56.48,3.2,0.2,False,1,False
48,0,-56.36,-56.36,4.0,0.0,False,0,False
49,0,-56.24,-56.24,4.0,0.0,False,0,False
50,0,-56.2,-56.28,3.6,0.1,False,1,False
51,0,-56.24,-56.24,4.0,0.0,False,0,False
52,0,-56.36,-56.36,4.0,0.0,False,0,False
53,0,-56.57,-55.78,3.2,0.2,False,1,False
54,0,-56.84,-56.84,4.0,0.0,False,0,False
55,0,-57.17,-57.17,4.0,0.0,False,0,False
56,0,-57.55,-57.55,4.0,0.0,False,0,False
57,0,-57.98,-57.98,4.0,0.0,False,0,False
58,0,-58.43,-58.43,4.0,0.0,False,0,False
59,0,-58.91,-59.14,3.4483,0.1379,False,1,False
60,0,-84.4,-84.4,4.0,0.0,True,0,False
61,0,-84.9,-84.9,4.0,0.0,True,0,False
62,0,-85.41,-85.35,3.6,0.1,True,1,False
63,0,-85.92,-85.92,4.0,0.0,True,0,False
64,0,-86.42,-86.44,3.6,0.1,True,1,False
65,0,-86.92,-86.92,4.0,0.0,True,0,False
66,0,-87.41,-87.14,3.4483,0.1379,True,1,False
67,0,-87.89,-87.89,4.0,0.0,True,0,False
68,0,-88.36,-88.36,4.0,0.0,True,0,False
69,0,-88.83,-88.83,4.0,0.0,True,0,False
70,0,-89.28,-89.08,3.6,0.1,True,1,False
71,0,-89.72,-89.72,4.0,0.0,True,0,False
72,0,-90.15,-90.01,3.4483,0.1379,True,1,False
73,0,-90.57,-90.24,2.1176,0.4706,True,2,False
74,0,-90.98,-90.76,3.4483,0.1379,True,1,False
75,0,-91.38,-90.26,3.0303,0.2424,True,2,False
76,0,-73.79,-73.79,4.0,0.0,False,0,False
77,0,-73.84,-73.16,2.7692,0.3077,False,1,False
78,0,-73.89,-74.49,2.7027,0.3243,False,3,False
79,0,-73.95,-73.95,4.0,0.0,False,0,False
0,1,-70.8,-71.1,3.6,0.1,False,1,False
1,1,-70.25,-70.3,3.4483,0.1379,False,1,False
2,1,-69.72,-69.72,4.0,0.0,False,0,False
3,1,-69.21,-69.31,3.6,0.1,False,1,False
4,1,-68.72,-68.72,4.0,0.0,False,0,False
5,1,-68.28,-68.35,3.6,0.1,False,1,False
6,1,-67.89,-68.32,3.6,0.1,False,1,False
7,1,-67.57,-67.55,2.7692,0.3077,False,1,False
8,1,-67.34,-67.34,4.0,0.0,False,0,False
9,1,-67.19,-67.1,3.2,0.2,False,1,False
10,1,-67.14,-67.14,4.0,0.0,False,0,False
11,1,-67.19,-67.19,4.0,0.0,False,0,False
12,1,-67.34,-67.34,4.0,0.0,False,0,False
13,1,-67.57,-67.57,4.0,0.0,False,0,False
14,1,-67.89,-67.89,4.0,0.0,False,0,False
15,1,-61.53,-61.53,4.0,0.0,False,0,False
16,1,-60.99,-60.99,4.0,0.0,False,0,False
17,1,-60.45,-60.45,4.0,0.0,False,0,False
18,1,-59.9,-59.9,4.0,0.0,False,0,False
19,1,-59.35,-59.35,4.0,0.0,False,0,False
20,1,-58.8,-59.3,2.9388,0.2653,False,2,False
21,1,-58.25,-57.87,3.6,0.1,False,1,False
22,1,-57.72,-57.72,4.0,0.0,False,0,False
23,1,-57.21,-57.52,2.7692,0.3077,False,1,False
24,1,-56.72,-57.48,2.7692,0.3077,False,1,False
25,1,-56.28,-56.28,4.0,0.0,False,0,False
26,1,-55.89,-55.89,4.0,0.0,False,0,False
27,1,-55.57,-55.57,4.0,0.0,False,0,False
28,1,-55.34,-55.34,4.0,0.0,False,0,False
29,1,-55.19,-55.19,4.0,0.0,False,0,False
30,1,-55.14,-55.14,4.0,0.0,False,0,False
31,1,-55.19,-55.19,4.0,0.0,False,0,False
32,1,-55.34,-55.34,4.0,0.0,False,0,False
33,1,-55.57,-55.57,4.0,0.0,False,0,False
34,1,-55.89,-55.89,4.0,0.0,False,0,False
35,1,-56.28,-56.28,4.0,0.0,False,0,False
36,1,-56.72,-56.69,3.6,0.1,False,1,False
37,1,-57.21,-57.21,4.0,0.0,False,0,False
38,1,-57.72,-57.72,4.0,0.0,False,0,False
39,1,-58.25,-58.25,4.0,0.0,False,0,False
40,1,-58.8,-58.89,3.6,0.1,False,1,False
41,1,-58.25,-58.25,4.0,0.0,False,0,False
42,1,-57.72,-57.72,4.0,0.0,False,0,False
43,1,-57.21,-57.33,3.6,0.1,False,1,False
44,1,-56.72,-56.72,4.0,0.0,False,0,False
45,1,-56.28,-56.28,4.0,0.0,False,0,False
46,1,-55.89,-56.14,3.6,0.1,False,1,False
47,1,-55.57,-55.57,4.0,0.0,False,0,False
48,1,-55.34,-55.34,4.0,0.0,False,0,False
49,1,-55.19,-55.46,3.1469,0.2133,False,2,False
50,1,-55.14,-55.33,3.6,0.1,False,1,False
51,1,-55.19,-55.19,4.0,0.0,False,0,False
52,1,-55.34,-55.14,2.5714,0.3571,False,2,False
53,1,-55.57,-55.79,3.4483,0.1379,False,1,False
54,1,-55.89,-55.89,4.0,0.0,False,0,False
55,1,-56.28,-56.55,3.2,0.2,False,1,False
56,1,-56.72,-56.72,4.0,0.0,False,0,False
57,1,-57.21,-57.21,4.0,0.0,False,0,False
58,1,-57.72,-58.0,3.6,0.1,False,1,False
59,1,-58.25,-58.25,4.0,0.0,False,0,False
60,1,-83.8,-83.8,4.0,0.0,True,0,False
61,1,-84.35,-84.35,4.0,0.0,True,0,False
62,1,-84.9,-85.33,3.6,0.1,True,1,False
63,1,-85.45,-85.45,4.0,0.0,True,0,False
64,1,-85.99,-86.14,3.6,0.1,True,1,False
65,1,-86.53,-86.53,4.0,0.0,True,0,False
66,1,-87.05,-87.05,4.0,0.0,True,0,False
67,1,-87.56,-87.56,4.0,0.0,True,0,False
68,1,-88.06,-88.06,4.0,0.0,True,0,False
69,1,-88.54,-88.54,4.0,0.0,True,0,False
70,1,-89.02,-88.81,3.6,0.1,True,1,False
71,1,-89.48,-89.48,4.0,0.0,True,0,False
72,1,-89.92,-90.16,3.4483,0.1379,True,1,False
73,1,-90.36,-90.36,4.0,0.0,True,0,False
74,1,-90.78,-90.98,2.7692,0.3077,True,1,False
75,1,-91.2,-91.21,3.0303,0.2424,True,2,False
76,1,-73.55,-73.55,4.0,0.0,False,0,False
77,1,-73.6,-73.77,2.7692,0.3077,False,1,False
78,1,-73.66,-73.66,4.0,0.0,False,0,False
79,1,-73.72,-73.88,3.4483,0.1379,False,1,False
0,2,-70.19,-70.12,3.6,0.1,False,1,False
1,2,-69.59,-69.59,4.0,0.0,False,0,False
2,2,-68.99,-68.99,4.0,0.0,False,0,False
3,2,-68.4,-68.74,3.6,0.1,False,1,False
4,2,-67.85,-67.85,4.0,0.0,False,0,False
5,2,-67.34,-67.34,4.0,0.0,False,0,False
6,2,-66.88,-66.88,4.0,0.0,False,0,False
7,2,-66.5,-66.5,4.0,0.0,False,0,False
8,2,-66.22,-66.51,3.6,0.1,False,1,False
9,2,-66.04,-66.04,4.0,0.0,False,0,False
10,2,-65.98,-66.06,3.6,0.1,False,1,False
11,2,-66.04,-66.04,4.0,0.0,False,0,False
12,2,-66.22,-65.78,2.6667,0.3333,False,2,False
13,2,-66.5,-66.5,4.0,0.0,False,0,False
14,2,-66.88,-66.88,4.0,0.0,False,0,False
15,2,-61.15,-61.15,4.0,0.0,False,0,False
16,2,-60.58,-61.42,3.6,0.1,False,1,False
17,2,-60.0,-60.0,4.0,0.0,False,0,False
18,2,-59.4,-59.6,3.6,0.1,False,1,False
19,2,-58.8,-58.8,4.0,0.0,False,0,False
20,2,-58.19,-58.01,3.6,0.1,False,1,False
21,2,-57.59,-57.59,4.0,0.0,False,0,False
22,2,-56.99,-56.71,2.7692,0.3077,False,1,False
23,2,-56.4,-56.4,4.0,0.0,False,0,False
24,2,-55.85,-55.85,4.0,0.0,False,0,False
25,2,-55.34,-55.34,4.0,0.0,False,0,False
26,2,-54.88,-54.88,4.0,0.0,False,0,False
27,2,-54.5,-54.57,3.6,0.1,False,1,False
28,2,-54.22,-54.54,3.6,0.1,False,1,False
29,2,-54.04,-54.01,3.6,0.1,False,1,False
30,2,-53.98,-53.98,4.0,0.0,False,0,False
31,2,-54.04,-54.04,4.0,0.0,False,0,False
32,2,-54.22,-54.22,4.0,0.0,False,0,False
33,2,-54.5,-54.5,4.0,0.0,False,0,False
34,2,-54.88,-54.49,3.6,0.1,False,1,False
35,2,-55.34,-55.25,3.2,0.2,False,1,False
36,2,-55.85,-55.85,3.6,0.1,False,1,False
37,2,-56.4,-55.56,2.7692,0.3077,False,1,False
38,2,-56.99,-56.99,4.0,0.0,False,0,False
39,2,-57.59,-57.59,4.0,0.0,False,0,False
40,2,-58.19,-58.19,4.0,0.0,False,0,False
41,2,-57.59,-57.51,3.6,0.1,False,1,False
42,2,-56.99,-57.32,2.9388,0.2653,False,2,False
43,2,-56.4,-56.4,3.6,0.1,False,1,False
44,2,-55.85,-55.85,4.0,0.0,False,0,False
45,2,-55.34,-55.43,3.2,0.2,False,1,False
46,2,-54.88,-54.88,4.0,0.0,False,0,False
47,2,-54.5,-54.5,4.0,0.0,False,0,False
48,2,-54.22,-54.22,4.0,0.0,False,0,False
49,2,-54.04,-54.04,4.0,0.0,False,0,False
50,2,-53.98,-53.98,4.0,0.0,False,0,False
51,2,-54.04,-54.04,4.0,0.0,False,0,False
52,2,-54.22,-54.55,3.6,0.1,False,1,False
53,2,-54.5,-54.5,4.0,0.0,False,0,False
54,2,-54.88,-55.06,3.6,0.1,False,1,False
55,2,-55.34,-55.34,4.0,0.0,False,0,False
56,2,-55.85,-55.85,4.0,0.0,False,0,False
57,2,-56.4,-56.4,4.0,0.0,False,0,False
58,2,-56.99,-56.99,4.0,0.0,False,0,False
59,2,-57.59,-57.59,4.0,0.0,False,0,False
60,2,-83.19,-83.19,4.0,0.0,True,0,False
61,2,-83.8,-83.8,4.0,0.0,True,0,False
62,2,-84.4,-84.4,4.0,0.0,True,0,False
63,2,-85.0,-85.13,3.6,0.1,True,1,False
64,2,-85.58,-85.58,4.0,0.0,True,0,False
65,2,-86.15,-86.15,4.0,0.0,True,0,False
66,2,-86.7,-86.24,3.4483,0.1379,True,1,False
67,2,-87.24,-86.81,3.2727,0.1818,True,2,False
68,2,-87.76,-87.76,4.0,0.0,True,0,False
69,2,-88.27,-88.18,3.2727,0.1818,True,2,False
70,2,-88.76,-88.81,3.0,0.25,True,3,False
71,2,-89.24,-89.24,4.0,0.0,True,0,False
72,2,-89.71,-89.71,4.0,0.0,True,0,False
73,2,-90.16,-90.16,4.0,0.0,True,0,False
74,2,-90.6,-91.2,3.0303,0.2424,True,2,False
75,2,-91.02,-90.72,2.7692,0.3077,True,1,False
76,2,-73.31,-73.23,3.0303,0.2424,False,2,False
77,2,-73.37,-73.37,4.0,0.0,False,0,False
78,2,-73.42,-73.42,4.0,0.0,False,0,False
79,2,-73.48,-73.31,3.6,0.1,False,1,False
0,3,-69.59,-69.84,3.2,0.2,False,1,False
1,3,-68.91,-68.38,2.5714,0.3571,False,2,False
2,3,-68.24,-68.24,4.0,0.0,False,0,False
3,3,-67.57,-67.57,4.0,0.0,False,0,False
4,3,-66.93,-66.76,3.6,0.1,False,1,False
5,3,-66.33,-66.33,4.0,0.0,False,0,False
6,3,-65.79,-65.44,2.7692,0.3077,False,1,False
7,3,-65.34,-65.34,4.0,0.0,False,0,False
8,3,-64.99,-65.11,3.6,0.1,False,1,False
9,3,-64.77,-64.77,4.0,0.0,False,0,False
10,3,-64.7,-64.7,4.0,0.0,False,0,False
11,3,-64.77,-64.9,3.6,0.1,False,1,False
12,3,-64.99,-64.99,4.0,0.0,False,0,False
13,3,-65.34,-65.34,4.0,0.0,False,0,False
14,3,-65.79,-65.79,4.0,0.0,False,0,False
15,3,-60.78,-60.78,4.0,0.0,False,0,False
16,3,-60.17,-60.17,4.0,0.0,False,0,False
17,3,-59.55,-59.55,4.0,0.0,False,0,False
18,3,-58.91,-58.78,3.2,0.2,False,1,False
19,3,-58.25,-58.25,4.0,0.0,False,0,False
20,3,-57.59,-57.59,4.0,0.0,False,0,False
21,3,-56.91,-56.78,3.6,0.1,False,1,False
22,3,-56.24,-56.24,4.0,0.0,False,0,False
23,3,-55.57,-55.57,4.0,0.0,False,0,False
24,3,-54.93,-55.79,2.3607,0.4098,False,2,False
25,3,-54.33,-54.07,3.6,0.1,False,1,False
26,3,-53.79,-53.52,3.6,0.1,False,1,False
27,3,-53.34,-53.34,4.0,0.0,False,0,False
28,3,-52.99,-52.99,4.0,0.0,False,0,False
29,3,-52.77,-52.77,4.0,0.0,False,0,False
30,3,-52.7,-52.7,4.0,0.0,False,0,False
31,3,-52.77,-52.77,4.0,0.0,False,0,False
32,3,-52.99,-53.24,3.6,0.1,False,1,False
33,3,-53.34,-53.0,3.2,0.2,False,1,False
34,3,-53.79,-53.79,4.0,0.0,False,0,False
35,3,-54.33,-54.24,3.6,0.1,False,1,False
36,3,-54.93,-54.93,4.0,0.0,False,0,False
37,3,-55.57,-55.57,4.0,0.0,False,0,False
38,3,-56.24,-56.73,2.7692,0.3077,False,1,False
39,3,-56.91,-56.17,3.2,0.2,False,1,False
40,3,-57.59,-57.59,4.0,0.0,False,0,False
41,3,-56.91,-56.73,3.2727,0.1818,False,2,False
42,3,-56.24,-56.24,4.0,0.0,False,0,False
43,3,-55.57,-55.57,4.0,0.0,False,0,False
44,3,-54.93,-54.93,4.0,0.0,False,0,False
45,3,-54.33,-54.33,4.0,0.0,False,0,False
46,3,-53.79,-53.97,3.6,0.1,False,1,False
47,3,-53.34,-53.34,4.0,0.0,False,0,False
48,3,-52.99,-52.09,2.9388,0.2653,False,2,False
49,3,-52.77,-52.56,3.6,0.1,False,1,False
50,3,-52.7,-52.7,4.0,0.0,False,0,False
51,3,-52.77,-52.77,4.0,0.0,False,0,False
52,3,-52.99,-52.99,4.0,0.0,False,0,False
53,3,-53.34,-53.34,4.0,0.0,False,0,False
54,3,-53.79,-53.79,4.0,0.0,False,0,False
55,3,-54.33,-54.33,4.0,0.0,False,0,False
56,3,-54.93,-54.93,4.0,0.0,False,0,False
57,3,-55.57,-55.57,4.0,0.0,False,0,False
58,3,-56.24,-56.24,4.0,0.0,False,0,False
59,3,-56.91,-56.91,4.0,0.0,False,0,False
60,3,-82.59,-82.59,4.0,0.0,True,0,False
61,3,-83.25,-83.25,4.0,0.0,True,0,False
62,3,-83.91,-83.91,4.0,0.0,True,0,False
63,3,-84.55,-84.74,2.7692,0.3077,True,1,False
64,3,-85.17,-85.01,3.6,0.1,True,1,False
65,3,-85.78,-85.78,4.0,0.0,True,0,False
66,3,-86.37,-86.37,4.0,0.0,True,0,False
67,3,-86.93,-86.93,4.0,0.0,True,0,False
68,3,-87.48,-87.21,3.6,0.1,True,1,False
69,3,-88.02,-88.02,4.0,0.0,True,0,False
70,3,-88.53,-88.27,2.1176,0.4706,True,2,False
71,3,-89.03,-89.57,3.2727,0.1818,True,2,False
72,3,-89.51,-89.27,3.4483,0.1379,True,1,False
73,3,-89.97,-90.89,2.5478,0.3631,True,3,False
74,3,-90.43,-89.89,3.2,0.2,True,1,False
75,3,-90.86,-90.55,3.6,0.1,True,1,False
76,3,-73.07,-72.96,3.2727,0.1818,False,2,False
77,3,-73.12,-73.17,3.4483,0.1379,False,1,False
78,3,-73.18,-73.24,3.4483,0.1379,False,1,False
79,3,-73.25,-73.25,3.4483,0.1379,False,1,False
0,4,-68.99,-68.99,4.0,0.0,False,0,False
1,4,-68.24,-68.24,4.0,0.0,False,0,False
2,4,-67.48,-66.5,2.5714,0.3571,False,2,False
3,4,-66.72,-66.95,3.6,0.1,False,1,False
4,4,-65.98,-65.69,3.4483,0.1379,False,1,False
5,4,-65.27,-65.27,4.0,0.0,False,0,False
6,4,-64.62,-64.62,4.0,0.0,False,0,False
7,4,-64.07,-64.12,3.6,0.1,False,1,False
8,4,-63.63,-63.63,4.0,0.0,False,0,False
9,4,-63.36,-63.35,2.7692,0.3077,False,1,False
10,4,-63.27,-63.27,4.0,0.0,False,0,False
11,4,-63.36,-63.51,3.2,0.2,False,1,False
12,4,-63.63,-63.63,4.0,0.0,False,0,False
13,4,-64.07,-64.07,4.0,0.0,False,0,False
14,4,-64.62,-64.62,4.0,0.0,False,0,False
15,4,-60.43,-60.43,4.0,0.0,False,0,False
16,4,-59.79,-59.79,4.0,0.0,False,0,False
17,4,-59.12,-59.12,4.0,0.0,False,0,False
18,4,-58.43,-58.43,4.0,0.0,False,0,False
19,4,-56.24,-56.61,2.7692,0.3077,False,1,False
20,4,-56.99,-56.99,4.0,0.0,False,0,False
21,4,-56.24,-56.24,4.0,0.0,False,0,False
22,4,-55.48,-55.48,4.0,0.0,False,0,False
23,4,-54.72,-54.72,4.0,0.0,False,0,False
24,4,-53.98,-53.98,4.0,0.0,False,0,False
25,4,-53.27,-52.94,2.7692,0.3077,False,1,False
26,4,-52.62,-52.8,3.6,0.1,False,1,False
27,4,-52.07,-52.07,4.0,0.0,False,0,False
28,4,-51.63,-51.63,4.0,0.0,False,0,False
29,4,-51.36,-51.51,3.1469,0.2133,False,2,False
30,4,-51.27,-50.69,3.6,0.1,False,1,False
31,4,-51.36,-51.36,4.0,0.0,False,0,False
32,4,-51.63,-51.63,4.0,0.0,False,0,False
33,4,-52.07,-51.83,3.2,0.2,False,1,False
34,4,-52.62,-53.16,3.6,0.1,False,1,False
35,4,-53.27,-53.27,4.0,0.0,False,0,False
36,4,-53.98,-53.98,4.0,0.0,False,0,False
37,4,-54.72,-54.71,3.6,0.1,False,1,False
38,4,-55.48,-55.48,4.0,0.0,False,0,False
39,4,-56.24,-56.24,4.0,0.0,False,0,False
40,4,-56.99,-56.99,4.0,0.0,False,0,False
41,4,-56.24,-56.21,3.6,0.1,False,1,False
42,4,-55.48,-55.48,4.0,0.0,False,0,False
43,4,-54.72,-54.88,3.6,0.1,False,1,False
44,4,-53.98,-53.98,4.0,0.0,False,0,False
45,4,-53.27,-53.27,4.0,0.0,False,0,False
46,4,-52.62,-52.78,3.2,0.2,False,1,False
47,4,-52.07,-51.8,3.6,0.1,False,1,False
48,4,-51.63,-51.59,3.6,0.1,False,1,False
49,4,-51.36,-51.42,3.6,0.1,False,1,False
50,4,-51.27,-51.27,4.0,0.0,False,0,False
51,4,-51.36,-51.36,4.0,0.0,False,0,False
52,4,-51.63,-51.91,3.6,0.1,False,1,False
53,4,-52.07,-51.49,2.9388,0.2653,False,2,False
54,4,-52.62,-52.62,4.0,0.0,False,0,False
55,4,-53.27,-53.68,3.2,0.2,False,1,False
56,4,-53.98,-53.98,4.0,0.0,False,0,False
57,4,-54.72,-54.72,4.0,0.0,False,0,False
58,4,-55.48,-55.48,4.0,0.0,False,0,False
59,4,-56.24,-56.24,4.0,0.0,False,0,False
60,4,-81.99,-81.99,4.0,0.0,True,0,False
61,4,-82.72,-82.65,3.6,0.1,True,1,False
62,4,-83.43,-83.43,4.0,0.0,True,0,False
63,4,-84.12,-84.12,4.0,0.0,True,0,False
64,4,-84.79,-84.79,4.0,0.0,True,0,False
65,4,-85.43,-85.43,4.0,0.0,True,0,False
66,4,-86.05,-86.05,4.0,0.0,True,0,False
67,4,-86.65,-86.1,3.6,0.1,True,1,False
68,4,-87.22,-87.22,4.0,0.0,True,0,False
69,4,-87.78,-87.63,3.6,0.1,True,1,False
70,4,-88.31,-88.31,4.0,0.0,True,0,False
71,4,-88.83,-88.53,2.7692,0.3077,True,1,False
72,4,-89.32,-89.57,3.4483,0.1379,True,1,False
73,4,-89.8,-89.63,3.4483,0.1379,True,1,False
74,4,-90.27,-90.27,4.0,0.0,True,0,False
75,4,-72.77,-72.96,3.1469,0.2133,False,2,False
76,4,-72.82,-72.87,3.6,0.1,False,1,False
77,4,-72.87,-72.54,3.4483,0.1379,False,1,False
78,4,-72.94,-72.94,4.0,0.0,False,0,False
79,4,-73.0,-73.0,4.0,0.0,False,0,False
0,5,-68.4,-68.4,4.0,0.0,False,0,False
1,5,-67.57,-67.57,4.0,0.0,False,0,False
2,5,-66.72,-66.72,4.0,0.0,False,0,False
3,5,-65.86,-65.86,4.0,0.0,False,0,False
4,5,-64.99,-64.99,4.0,0.0,False,0,False
5,5,-64.15,-64.15,4.0,0.0,False,0,False
6,5,-63.36,-63.09,3.6,0.1,False,1,False
7,5,-62.67,-62.67,4.0,0.0,False,0,False
8,5,-62.12,-62.36,3.6,0.1,False,1,False
9,5,-61.76,-61.87,3.6,0.1,False,1,False
10,5,-61.64,-61.64,4.0,0.0,False,0,False
11,5,-61.76,-61.76,4.0,0.0,False,0,False
12,5,-62.12,-62.12,4.0,0.0,False,0,False
13,5,-62.67,-62.67,4.0,0.0,False,0,False
14,5,-63.36,-63.36,4.0,0.0,False,0,False
15,5,-60.11,-60.11,4.0,0.0,False,0,False
16,5,-59.43,-59.43,4.0,0.0,False,0,False
17,5,-58.72,-58.72,4.0,0.0,False,0,False
18,5,-57.98,-57.98,4.0,0.0,False,0,False
19,5,-55.57,-55.57,4.0,0.0,False,0,False
20,5,-56.4,-56.4,4.0,0.0,False,0,False
21,5,-55.57,-55.12,3.2727,0.1818,False,2,False
22,5,-54.72,-54.72,4.0,0.0,False,0,False
23,5,-53.86,-54.04,3.6,0.1,False,1,False
24,5,-52.99,-52.99,4.0,0.0,False,0,False
25,5,-52.15,-53.47,3.2,0.2,False,1,False
26,5,-51.36,-51.36,4.0,0.0,False,0,False
27,5,-50.67,-51.01,3.1469,0.2133,False,2,False
28,5,-50.12,-50.12,4.0,0.0,False,0,False
29,5,-49.76,-49.77,3.6,0.1,False,1,False
30,5,-49.64,-49.76,3.6,0.1,False,1,False
31,5,-49.76,-49.63,3.2,0.2,False,1,False
32,5,-50.12,-50.09,3.6,0.1,False,1,False
33,5,-50.67,-50.67,4.0,0.0,False,0,False
34,5,-51.36,-50.97,3.6,0.1,False,1,False
35,5,-52.15,-52.15,4.0,0.0,False,0,False
36,5,-52.99,-53.35,3.2,0.2,False,1,False
37,5,-53.86,-53.86,4.0,0.0,False,0,False
38,5,-54.72,-54.72,4.0,0.0,False,0,False
39,5,-55.57,-55.57,4.0,0.0,False,0,False
40,5,-56.4,-56.4,4.0,0.0,False,0,False
41,5,-55.57,-55.57,4.0,0.0,False,0,False
42,5,-54.72,-54.72,4.0,0.0,False,0,False
43,5,-53.86,-53.86,4.0,0.0,False,0,False
44,5,-52.99,-52.99,4.0,0.0,False,0,False
45,5,-52.15,-52.15,4.0,0.0,False,0,False
46,5,-51.36,-51.36,4.0,0.0,False,0,False
47,5,-50.67,-50.67,4.0,0.0,False,0,False
48,5,-50.12,-50.12,4.0,0.0,False,0,False
49,5,-49.76,-49.77,3.6,0.1,False,1,False
50,5,-49.64,-49.08,3.1469,0.2133,False,2,False
51,5,-49.76,-49.43,2.6667,0.3333,False,2,False
52,5,-50.12,-50.12,4.0,0.0,False,0,False
53,5,-50.67,-50.67,4.0,0.0,False,0,False
54,5,-51.36,-51.36,4.0,0.0,False,0,False
55,5,-52.15,-51.75,3.1469,0.2133,False,2,False
56,5,-52.99,-52.99,4.0,0.0,False,0,False
57,5,-53.86,-53.86,4.0,0.0,False,0,False
58,5,-54.72,-54.72,4.0,0.0,False,0,False
59,5,-55.57,-55.57,4.0,0.0,False,0,False
60,5,-81.4,-81.4,4.0,0.0,True,0,False
61,5,-82.21,-82.21,4.0,0.0,True,0,False
62,5,-82.98,-83.13,3.6,0.1,True,1,False
63,5,-83.72,-83.72,4.0,0.0,True,0,False
64,5,-84.43,-84.43,4.0,0.0,True,0,False
65,5,-85.11,-85.11,4.0,0.0,True,0,False
66,5,-85.76,-85.76,4.0,0.0,True,0,False
67,5,-86.38,-86.5,2.7692,0.3077,True,1,False
68,5,-86.98,-86.98,4.0,0.0,True,0,False
69,5,-87.56,-87.56,4.0,0.0,True,0,False
70,5,-88.11,-88.11,4.0,0.0,True,0,False
71,5,-88.64,-90.24,2.7692,0.3077,True,1,False
72,5,-89.15,-89.15,4.0,0.0,True,0,False
73,5,-89.65,-89.5,3.6,0.1,True,1,False
74,5,-90.12,-89.95,3.6,0.1,True,1,False
75,5,-72.51,-72.51,4.0,0.0,False,0,False
76,5,-72.56,-72.61,3.6,0.1,False,1,False
77,5,-72.62,-72.85,3.6,0.1,False,1,False
78,5,-72.69,-72.17,2.5714,0.3571,False,2,False
79,5,-72.76,-73.07,3.6,0.1,False,1,False
0,6,-67.85,-67.85,4.0,0.0,False,0,False
1,6,-66.93,-67.11,3.6,0.1,False,1,False
2,6,-65.98,-65.98,4.0,0.0,False,0,False
3,6,-64.99,-64.99,4.0,0.0,False,0,False
4,6,-63.98,-63.98,4.0,0.0,False,0,False
5,6,-62.97,-62.29,2.7692,0.3077,False,1,False
6,6,-62.0,-62.0,4.0,0.0,False,0,False
7,6,-61.12,-61.12,4.0,0.0,False,0,False
8,6,-60.41,-60.41,4.0,0.0,False,0,False
9,6,-59.93,-60.08,3.2,0.2,False,1,False
10,6,-59.77,-59.77,4.0,0.0,False,0,False
11,6,-59.93,-59.93,4.0,0.0,False,0,False
12,6,-60.41,-60.41,4.0,0.0,False,0,False
13,6,-61.12,-60.74,3.2,0.2,False,1,False
14,6,-62.0,-61.86,3.6,0.1,False,1,False
15,6,-59.81,-59.55,3.2,0.2,False,1,False
16,6,-59.1,-59.1,4.0,0.0,False,0,False
17,6,-58.34,-58.34,4.0,0.0,False,0,False
18,6,-53.98,-53.98,4.0,0.0,False,0,False
19,6,-54.93,-54.76,3.6,0.1,False,1,False
20,6,-55.85,-55.85,4.0,0.0,False,0,False
21,6,-54.93,-54.93,4.0,0.0,False,0,False
22,6,-53.98,-53.98,4.0,0.0,False,0,False
23,6,-52.99,-52.99,4.0,0.0,False,0,False
24,6,-51.98,-51.98,4.0,0.0,False,0,False
25,6,-50.97,-52.23,2.4,0.4,False,3,False
26,6,-50.0,-49.79,2.717,0.3208,False,3,False
27,6,-49.12,-48.81,3.6,0.1,False,1,False
28,6,-48.41,-48.41,4.0,0.0,False,0,False
29,6,-47.93,-47.38,3.6,0.1,False,1,False
30,6,-47.77,-47.38,3.6,0.1,False,1,False
31,6,-47.93,-47.93,4.0,0.0,False,0,False
32,6,-48.41,-48.49,2.7692,0.3077,False,1,False
33,6,-49.12,-49.12,4.0,0.0,False,0,False
34,6,-50.0,-49.91,2.4,0.4,False,3,False
35,6,-50.97,-50.87,3.2,0.2,False,1,False
36,6,-51.98,-51.98,4.0,0.0,False,0,False
37,6,-52.99,-52.99,4.0,0.0,False,0,False
38,6,-53.98,-53.98,4.0,0.0,False,0,False
39,6,-54.93,-54.93,4.0,0.0,False,0,False
40,6,-55.85,-55.85,4.0,0.0,False,0,False
41,6,-54.93,-54.93,4.0,0.0,False,0,False
42,6,-53.98,-53.98,4.0,0.0,False,0,False
43,6,-52.99,-53.11,3.6,0.1,False,1,False
44,6,-51.98,-53.05,2.7692,0.3077,False,1,False
45,6,-50.97,-50.97,4.0,0.0,False,0,False
46,6,-50.0,-49.93,3.6,0.1,False,1,False
47,6,-49.12,-49.12,4.0,0.0,False,0,False
48,6,-48.41,-48.41,4.0,0.0,False,0,False
49,6,-47.93,-47.93,4.0,0.0,False,0,False
50,6,-47.77,-47.77,4.0,0.0,False,0,False
51,6,-47.93,-47.93,4.0,0.0,False,0,False
52,6,-48.41,-48.41,4.0,0.0,False,0,False
53,6,-49.12,-49.54,3.4483,0.1379,False,1,False
54,6,-50.0,-50.0,4.0,0.0,False,0,False
55,6,-50.97,-50.97,4.0,0.0,False,0,False
56,6,-51.98,-51.98,4.0,0.0,False,0,False
57,6,-52.99,-52.92,3.6,0.1,False,1,False
58,6,-53.98,-53.98,4.0,0.0,False,0,False
59,6,-54.93,-55.12,3.6,0.1,False,1,False
60,6,-80.85,-80.85,4.0,0.0,True,0,False
61,6,-81.72,-81.72,4.0,0.0,True,0,False
62,6,-82.55,-82.55,4.0,0.0,True,0,False
63,6,-83.34,-83.03,3.6,0.1,True,1,False
64,6,-84.1,-84.1,4.0,0.0,True,0,False
65,6,-84.81,-84.79,3.6,0.1,True,1,False
66,6,-85.49,-85.11,3.2727,0.1818,True,2,False
67,6,-86.15,-85.7,3.6,0.1,True,1,False
68,6,-86.77,-86.77,4.0,0.0,True,0,False
69,6,-87.36,-87.36,4.0,0.0,True,0,False
70,6,-87.93,-87.51,3.6,0.1,True,1,False
71,6,-88.48,-88.63,3.6,0.1,True,1,False
72,6,-89.0,-88.51,3.4483,0.1379,True,1,False
73,6,-89.51,-89.46,3.4483,0.1379,True,1,False
74,6,-89.99,-89.99,4.0,0.0,True,0,False
75,6,-72.25,-71.95,3.4483,0.1379,False,1,False
76,6,-72.3,-72.3,4.0,0.0,False,0,False
77,6,-72.36,-72.36,4.0,0.0,False,0,False
78,6,-72.43,-72.43,4.0,0.0,False,0,False
79,6,-72.5,-72.5,4.0,0.0,False,0,False
0,7,-67.34,-67.34,4.0,0.0,False,0,False
1,7,-66.33,-66.33,4.0,0.0,False,0,False
2,7,-65.27,-65.27,4.0,0.0,False,0,False
3,7,-64.15,-64.1,3.6,0.1,False,1,False
4,7,-62.97,-62.97,4.0,0.0,False,0,False
5,7,-61.76,-61.76,4.0,0.0,False,0,False
6,7,-60.56,-60.41,3.6,0.1,False,1,False
7,7,-59.42,-59.42,4.0,0.0,False,0,False
8,7,-58.45,-58.45,3.6,0.1,False,1,False
9,7,-57.79,-57.79,3.6,0.1,False,1,False
10,7,-57.55,-57.61,2.4,0.4,False,3,False
11,7,-57.79,-57.79,4.0,0.0,False,0,False
12,7,-58.45,-58.38,3.6,0.1,False,1,False
13,7,-59.42,-59.42,4.0,0.0,False,0,False
14,7,-60.56,-60.56,4.0,0.0,False,0,False
15,7,-59.55,-59.91,3.2,0.2,False,1,False
16,7,-50.97,-50.91,3.2,0.2,False,1,False
17,7,-52.15,-52.01,3.2,0.2,False,1,False
18,7,-53.27,-53.28,3.6,0.1,False,1,False
19,7,-54.33,-54.33,4.0,0.0,False,0,False
20,7,-55.34,-55.34,4.0,0.0,False,0,False
21,7,-54.33,-54.33,4.0,0.0,False,0,False
22,7,-53.27,-53.27,4.0,0.0,False,0,False
23,7,-52.15,-52.15,4.0,0.0,False,0,False
24,7,-50.97,-50.97,4.0,0.0,False,0,False
25,7,-49.76,-49.76,4.0,0.0,False,0,False
26,7,-48.56,-48.32,3.4483,0.1379,False,1,False
27,7,-47.42,-47.42,4.0,0.0,False,0,False
28,7,-46.45,-46.45,4.0,0.0,False,0,False
29,7,-45.79,-46.17,3.6,0.1,False,1,False
30,7,-45.55,-45.64,3.4483,0.1379,False,1,False
31,7,-45.79,-45.79,4.0,0.0,False,0,False
32,7,-46.45,-46.45,4.0,0.0,False,0,False
33,7,-47.42,-47.13,3.6,0.1,False,1,False
34,7,-48.56,-48.56,4.0,0.0,False,0,False
35,7,-49.76,-49.95,3.6,0.1,False,1,False
36,7,-50.97,-50.97,4.0,0.0,False,0,False
37,7,-52.15,-52.15,4.0,0.0,False,0,False
38,7,-53.27,-53.27,4.0,0.0,False,0,False
39,7,-54.33,-54.43,2.3607,0.4098,False,2,False
40,7,-55.34,-55.34,4.0,0.0,False,0,False
41,7,-54.33,-54.33,4.0,0.0,False,0,False
42,7,-53.27,-53.23,3.4483,0.1379,False,1,False
43,7,-52.15,-52.15,4.0,0.0,False,0,False
44,7,-50.97,-50.85,3.6,0.1,False,1,False
45,7,-49.76,-49.76,4.0,0.0,False,0,False
46,7,-48.56,-48.56,4.0,0.0,False,0,False
47,7,-47.42,-47.42,4.0,0.0,False,0,False
48,7,-46.45,-46.45,4.0,0.0,False,0,False
49,7,-45.79,-45.79,4.0,0.0,False,0,False
50,7,-45.55,-45.47,3.6,0.1,False,1,False
51,7,-45.79,-45.95,3.6,0.1,False,1,False
52,7,-46.45,-46.66,3.6,0.1,False,1,False
53,7,-47.42,-47.42,4.0,0.0,False,0,False
54,7,-48.56,-48.56,4.0,0.0,False,0,False
55,7,-49.76,-49.78,3.6,0.1,False,1,False
56,7,-50.97,-50.97,4.0,0.0,False,0,False
57,7,-52.15,-52.15,4.0,0.0,False,0,False
58,7,-53.27,-53.27,4.0,0.0,False,0,False
59,7,-54.33,-54.33,4.0,0.0,False,0,False
60,7,-80.34,-80.31,3.6,0.1,True,1,False
61,7,-81.28,-81.28,4.0,0.0,True,0,False
62,7,-82.17,-82.17,4.0,0.0,True,0,False
63,7,-83.01,-83.22,3.6,0.1,True,1,False
64,7,-83.8,-83.8,4.0,0.0,True,0,False
65,7,-84.55,-84.55,4.0,0.0,True,0,False
66,7,-85.26,-85.44,3.2727,0.1818,True,2,False
67,7,-85.94,-85.94,4.0,0.0,True,0,False
68,7,-86.58,-86.84,3.6,0.1,True,1,False
69,7,-87.19,-87.19,4.0,0.0,True,0,False
70,7,-87.78,-87.78,4.0,0.0,True,0,False
71,7,-88.34,-88.34,4.0,0.0,True,0,False
72,7,-88.87,-88.87,4.0,0.0,True,0,False
73,7,-89.39,-89.1,3.0303,0.2424,True,2,False
74,7,-89.88,-89.88,4.0,0.0,True,0,False
75,7,-71.98,-71.91,3.4483,0.1379,False,1,False
76,7,-72.04,-71.84,3.4483,0.1379,False,1,False
77,7,-72.1,-72.36,2.7692,0.3077,False,1,False
78,7,-72.17,-72.17,4.0,0.0,False,0,False
79,7,-72.25,-71.93,3.1469,0.2133,False,2,False
0,8,-54.88,-54.88,4.0,0.0,False,0,False
1,8,-53.79,-53.72,3.2,0.2,False,1,False
2,8,-52.62,-51.95,2.6667,0.3333,False,2,False
3,8,-51.36,-51.23,3.4483,0.1379,False,1,False
4,8,-50.0,-50.01,3.6,0.1,False,1,False
5,8,-48.56,-48.8,3.6,0.1,False,1,False
6,8,-47.05,-47.05,4.0,0.0,False,0,False
7,8,-45.55,-45.55,4.0,0.0,False,0,False
8,8,-44.19,-44.19,4.0,0.0,False,0,False
9,8,-43.21,-43.21,4.0,0.0,False,0,False
10,8,-42.84,-42.84,4.0,0.0,False,0,False
11,8,-43.21,-43.21,4.0,0.0,False,0,False
12,8,-44.19,-44.19,4.0,0.0,False,0,False
13,8,-45.55,-45.58,3.6,0.1,False,1,False
14,8,-47.05,-46.67,3.2,0.2,False,1,False
15,8,-48.56,-48.56,4.0,0.0,False,0,False
16,8,-50.0,-50.0,4.0,0.0,False,0,False
17,8,-51.36,-51.36,4.0,0.0,False,0,False
18,8,-52.62,-52.62,4.0,0.0,False,0,False
19,8,-53.79,-54.22,2.717,0.3208,False,3,False
20,8,-54.88,-54.88,4.0,0.0,False,0,False
21,8,-53.79,-53.79,4.0,0.0,False,0,False
22,8,-52.62,-52.66,3.6,0.1,False,1,False
23,8,-51.36,-51.35,3.6,0.1,False,1,False
24,8,-50.0,-50.0,4.0,0.0,False,0,False
25,8,-48.56,-48.36,3.2,0.2,False,1,False
26,8,-47.05,-47.05,4.0,0.0,False,0,False
27,8,-45.55,-45.51,3.6,0.1,False,1,False
28,8,-44.19,-44.19,4.0,0.0,False,0,False
29,8,-43.21,-43.21,4.0,0.0,False,0,False
30,8,-42.84,-42.84,4.0,0.0,False,0,False
31,8,-43.21,-42.79,2.7692,0.3077,False,1,False
32,8,-44.19,-44.19,4.0,0.0,False,0,False
33,8,-45.55,-44.88,3.2,0.2,False,1,False
34,8,-47.05,-46.86,3.6,0.1,False,1,False
35,8,-48.56,-48.56,4.0,0.0,False,0,False
36,8,-50.0,-49.72,3.6,0.1,False,1,False
37,8,-51.36,-51.36,4.0,0.0,False,0,False
38,8,-52.62,-52.62,4.0,0.0,False,0,False
39,8,-53.79,-53.79,4.0,0.0,False,0,False
40,8,-54.88,-54.81,3.6,0.1,False,1,False
41,8,-53.79,-53.79,4.0,0.0,False,0,False
42,8,-52.62,-52.71,3.2727,0.1818,False,2,False
43,8,-51.36,-51.36,4.0,0.0,False,0,False
44,8,-50.0,-50.0,4.0,0.0,False,0,False
45,8,-48.56,-48.58,3.6,0.1,False,1,False
46,8,-47.05,-47.05,4.0,0.0,False,0,False
47,8,-45.55,-45.36,3.6,0.1,False,1,False
48,8,-44.19,-44.19,4.0,0.0,False,0,False
49,8,-43.21,-43.21,4.0,0.0,False,0,False
50,8,-42.84,-42.86,3.6,0.1,False,1,False
51,8,-43.21,-43.16,3.6,0.1,False,1,False
52,8,-44.19,-44.19,4.0,0.0,False,0,False
53,8,-45.55,-45.64,3.2,0.2,False,1,False
54,8,-47.05,-47.25,3.6,0.1,False,1,False
55,8,-48.56,-48.56,4.0,0.0,False,0,False
56,8,-50.0,-50.0,4.0,0.0,False,0,False
57,8,-51.36,-51.36,4.0,0.0,False,0,False
58,8,-52.62,-52.98,3.4483,0.1379,False,1,False
59,8,-53.79,-53.79,4.0,0.0,False,0,False
60,8,-79.88,-79.91,3.4483,0.1379,True,1,False
61,8,-80.89,-80.89,4.0,0.0,True,0,False
62,8,-81.84,-82.73,2.7692,0.3077,True,1,False
63,8,-82.72,-82.31,3.6,0.1,True,1,False
64,8,-83.55,-83.55,4.0,0.0,True,0,False
65,8,-84.33,-84.33,4.0,0.0,True,0,False
66,8,-85.06,-85.06,4.0,0.0,True,0,False
67,8,-85.76,-85.76,4.0,0.0,True,0,False
68,8,-86.42,-86.42,4.0,0.0,True,0,False
69,8,-87.05,-87.05,4.0,0.0,True,0,False
70,8,-87.65,-87.65,4.0,0.0,True,0,False
71,8,-88.22,-88.22,4.0,0.0,True,0,False
72,8,-88.76,-89.05,3.4483,0.1379,True,1,False
73,8,-89.29,-89.29,4.0,0.0,True,0,False
74,8,-89.65,-88.83,2.7692,0.3077,True,1,False
75,8,-71.7,-71.7,4.0,0.0,False,0,False
76,8,-71.77,-71.77,4.0,0.0,False,0,False
77,8,-71.83,-72.02,3.0303,0.2424,False,2,False
78,8,-71.91,-71.81,3.1469,0.2133,False,2,False
79,8,-71.99,-71.78,3.4483,0.1379,False,1,False
0,9,-54.5,-54.5,4.0,0.0,False,0,False
1,9,-53.34,-53.34,4.0,0.0,False,0,False
2,9,-52.07,-51.97,3.6,0.1,False,1,False
3,9,-50.67,-50.9,3.6,0.1,False,1,False
4,9,-49.12,-48.65,3.2,0.2,False,1,False
5,9,-47.42,-47.42,4.0,0.0,False,0,False
6,9,-45.55,-45.55,4.0,0.0,False,0,False
7,9,-43.55,-43.55,4.0,0.0,False,0,False
8,9,-41.57,-41.57,4.0,0.0,False,0,False
9,9,-39.98,-40.02,3.6,0.1,False,1,False
10,9,-39.34,-39.34,4.0,0.0,False,0,False
11,9,-39.98,-39.98,4.0,0.0,False,0,False
12,9,-41.57,-41.45,3.6,0.1,False,1,False
13,9,-43.55,-43.55,4.0,0.0,False,0,False
14,9,-45.55,-45.55,4.0,0.0,False,0,False
15,9,-47.42,-47.42,4.0,0.0,False,0,False
16,9,-49.12,-49.12,4.0,0.0,False,0,False
17,9,-50.67,-50.67,4.0,0.0,False,0,False
18,9,-52.07,-52.07,4.0,0.0,False,0,False
19,9,-53.34,-53.34,4.0,0.0,False,0,False
20,9,-54.5,-54.5,4.0,0.0,False,0,False
21,9,-53.34,-53.34,4.0,0.0,False,0,False
22,9,-52.07,-52.07,4.0,0.0,False,0,False
23,9,-50.67,-50.67,4.0,0.0,False,0,False
24,9,-49.12,-49.12,4.0,0.0,False,0,False
25,9,-47.42,-47.09,3.6,0.1,False,1,False
26,9,-45.55,-45.55,4.0,0.0,False,0,False
27,9,-43.55,-43.55,4.0,0.0,False,0,False
28,9,-41.57,-41.42,3.6,0.1,False,1,False
29,9,-39.98,-40.05,3.6,0.1,False,1,False
30,9,-39.34,-39.34,4.0,0.0,False,0,False
31,9,-39.98,-47.54,2.7692,0.3077,False,1,False
32,9,-41.57,-41.57,4.0,0.0,False,0,False
33,9,-43.55,-43.55,4.0,0.0,False,0,False
34,9,-45.55,-45.55,4.0,0.0,False,0,False
35,9,-47.42,-47.42,4.0,0.0,False,0,False
36,9,-49.12,-49.25,3.6,0.1,False,1,False
37,9,-50.67,-50.67,4.0,0.0,False,0,False
38,9,-52.07,-52.07,4.0,0.0,False,0,False
39,9,-53.34,-53.34,4.0,0.0,False,0,False
40,9,-54.5,-54.5,4.0,0.0,False,0,False
41,9,-53.34,-53.14,3.6,0.1,False,1,False
42,9,-52.07,-52.07,4.0,0.0,False,0,False
43,9,-50.67,-50.67,4.0,0.0,False,0,False
44,9,-49.12,-49.12,4.0,0.0,False,0,False
45,9,-47.42,-47.34,3.4483,0.1379,False,1,False
46,9,-45.55,-45.95,2.4828,0.3793,False,3,False
47,9,-43.55,-43.55,4.0,0.0,False,0,False
48,9,-41.57,-41.57,4.0,0.0,False,0,False
49,9,-39.98,-39.98,4.0,0.0,False,0,False
50,9,-39.34,-39.34,4.0,0.0,False,0,False
51,9,-39.98,-40.23,3.2,0.2,False,1,False
52,9,-41.57,-41.57,4.0,0.0,False,0,False
53,9,-43.55,-43.55,4.0,0.0,False,0,False
54,9,-45.55,-45.55,4.0,0.0,False,0,False
55,9,-47.42,-47.42,4.0,0.0,False,0,False
56,9,-49.12,-49.12,4.0,0.0,False,0,False
57,9,-50.67,-50.67,4.0,0.0,False,0,False
58,9,-52.07,-52.07,4.0,0.0,False,0,False
59,9,-53.34,-53.34,4.0,0.0,False,0,False
60,9,-79.5,-79.75,3.6,0.1,True,1,False
61,9,-80.57,-80.51,3.4483,0.1379,True,1,False
62,9,-81.57,-81.57,4.0,0.0,True,0,False
63,9,-82.49,-82.31,3.6,0.1,True,1,False
64,9,-83.34,-83.34,4.0,0.0,True,0,False
65,9,-84.15,-84.15,4.0,0.0,True,0,False
66,9,-84.9,-84.57,2.7692,0.3077,True,1,False
67,9,-85.62,-85.47,2.7692,0.3077,True,1,False
68,9,-86.29,-86.04,3.4483,0.1379,True,1,False
69,9,-86.93,-86.93,4.0,0.0,True,0,False
70,9,-87.54,-87.54,4.0,0.0,True,0,False
71,9,-88.12,-88.12,4.0,0.0,True,0,False
72,9,-88.68,-88.68,4.0,0.0,True,0,False
73,9,-89.21,-89.5,3.4483,0.1379,True,1,False
74,9,-89.36,-89.01,2.5714,0.3571,True,2,False
75,9,-71.42,-71.42,4.0,0.0,False,0,False
76,9,-71.49,-71.49,4.0,0.0,False,0,False
77,9,-71.56,-72.03,2.4931,0.3767,False,2,False
78,9,-71.64,-71.64,4.0,0.0,False,0,False
79,9,-71.72,-72.24,3.4483,0.1379,False,1,False
0,10,-54.22,-54.22,4.0,0.0,False,0,False
1,10,-52.99,-52.99,4.0,0.0,False,0,False
2,10,-51.63,-51.59,3.6,0.1,False,1,False
3,10,-50.12,-50.06,3.6,0.1,False,1,False
4,10,-48.41,-49.21,3.2,0.2,False,1,False
5,10,-46.45,-46.37,3.4483,0.1379,False,1,False
6,10,-44.19,-44.19,4.0,0.0,False,0,False
7,10,-41.57,-41.57,4.0,0.0,False,0,False
8,10,-38.62,-38.62,4.0,0.0,False,0,False
9,10,-35.76,-35.76,4.0,0.0,False,0,False
10,10,-34.41,-34.41,4.0,0.0,False,0,False
11,10,-35.76,-35.76,4.0,0.0,False,0,False
12,10,-38.62,-38.62,4.0,0.0,False,0,False
13,10,-41.57,-41.57,4.0,0.0,False,0,False
14,10,-44.19,-44.19,4.0,0.0,False,0,False
15,10,-46.45,-46.45,4.0,0.0,False,0,False
16,10,-48.41,-48.41,4.0,0.0,False,0,False
17,10,-50.12,-50.12,4.0,0.0,False,0,False
18,10,-51.63,-51.63,4.0,0.0,False,0,False
19,10,-52.99,-52.87,3.6,0.1,False,1,False
20,10,-54.22,-54.22,4.0,0.0,False,0,False
21,10,-52.99,-52.63,3.6,0.1,False,1,False
22,10,-51.63,-51.63,4.0,0.0,False,0,False
23,10,-50.12,-50.12,4.0,0.0,False,0,False
24,10,-48.41,-48.41,4.0,0.0,False,0,False
25,10,-46.45,-46.45,4.0,0.0,False,0,False
26,10,-44.19,-44.79,2.9388,0.2653,False,2,False
27,10,-41.57,-41.57,4.0,0.0,False,0,False
28,10,-38.62,-38.71,3.6,0.1,False,1,False
29,10,-35.76,-35.76,4.0,0.0,False,0,False
30,10,-34.41,-34.41,4.0,0.0,False,0,False
31,10,-35.76,-35.76,4.0,0.0,False,0,False
32,10,-38.62,-38.62,4.0,0.0,False,0,False
33,10,-41.57,-41.51,3.6,0.1,False,1,False
34,10,-44.19,-44.19,4.0,0.0,False,0,False
35,10,-46.45,-46.45,4.0,0.0,False,0,False
36,10,-48.41,-48.53,3.6,0.1,False,1,False
37,10,-50.12,-49.41,2.7692,0.3077,False,1,False
38,10,-51.63,-51.63,4.0,0.0,False,0,False
39,10,-52.99,-53.03,3.6,0.1,False,1,False
40,10,-54.22,-54.22,4.0,0.0,False,0,False
41,10,-52.99,-52.99,4.0,0.0,False,0,False
42,10,-51.63,-51.63,4.0,0.0,False,0,False
43,10,-50.12,-50.12,4.0,0.0,False,0,False
44,10,-48.41,-48.41,4.0,0.0,False,0,False
45,10,-46.45,-46.45,4.0,0.0,False,0,False
46,10,-44.19,-44.19,4.0,0.0,False,0,False
47,10,-41.57,-41.57,4.0,0.0,False,0,False
48,10,-38.62,-38.62,4.0,0.0,False,0,False
49,10,-35.76,-35.86,2.5714,0.3571,False,2,False
50,10,-34.41,-34.41,4.0,0.0,False,0,False
51,10,-35.76,-35.76,4.0,0.0,False,0,False
52,10,-38.62,-38.62,4.0,0.0,False,0,False
53,10,-41.57,-41.57,4.0,0.0,False,0,False
54,10,-44.19,-43.94,3.4483,0.1379,False,1,False
55,10,-46.45,-46.45,4.0,0.0,False,0,False
56,10,-48.41,-48.46,3.2,0.2,False,1,False
57,10,-50.12,-50.12,4.0,0.0,False,0,False
58,10,-51.63,-51.52,3.2,0.2,False,1,False
59,10,-52.99,-52.99,4.0,0.0,False,0,False
60,10,-79.22,-79.22,4.0,0.0,True,0,False
61,10,-80.34,-80.34,4.0,0.0,True,0,False
62,10,-81.36,-80.94,2.7692,0.3077,True,1,False
63,10,-82.31,-82.31,4.0,0.0,True,0,False
64,10,-83.19,-83.19,4.0,0.0,True,0,False
65,10,-84.02,-84.02,4.0,0.0,True,0,False
66,10,-84.79,-84.84,3.6,0.1,True,1,False
67,10,-85.52,-85.52,4.0,0.0,True,0,False
68,10,-86.2,-86.2,4.0,0.0,True,0,False
69,10,-86.85,-86.85,4.0,0.0,True,0,False
70,10,-87.47,-87.64,3.6,0.1,True,1,False
71,10,-88.06,-87.99,3.2727,0.1818,True,2,False
72,10,-88.62,-88.62,4.0,0.0,True,0,False
73,10,-89.15,-88.78,3.6,0.1,True,1,False
74,10,-71.08,-71.67,3.0303,0.2424,False,2,False
75,10,-71.14,-71.14,4.0,0.0,False,0,False
76,10,-71.21,-70.94,2.4506,0.3873,False,4,False
77,10,-71.28,-70.39,2.7692,0.3077,False,1,False
78,10,-64.28,-64.33,3.4483,0.1379,False,1,False
79,10,-64.55,-64.51,3.1469,0.2133,False,2,False
0,11,-54.04,-54.04,4.0,0.0,False,0,False
1,11,-52.77,-52.77,4.0,0.0,False,0,False
2,11,-51.36,-51.36,4.0,0.0,False,0,False
3,11,-49.76,-49.76,4.0,0.0,False,0,False
4,11,-47.93,-47.93,4.0,0.0,False,0,False
5,11,-45.79,-46.2,3.2,0.2,False,1,False
6,11,-43.21,-42.59,3.4483,0.1379,False,1,False
7,11,-39.98,-39.98,4.0,0.0,False,0,False
8,11,-35.76,-35.76,4.0,0.0,False,0,False
9,11,-30.19,-30.24,2.3607,0.4098,False,2,False
10,11,-25.98,-25.98,4.0,0.0,False,0,False
11,11,-30.19,-30.19,4.0,0.0,False,0,False
12,11,-35.76,-35.76,4.0,0.0,False,0,False
13,11,-39.98,-39.95,3.6,0.1,False,1,False
14,11,-43.21,-42.59,2.4,0.4,False,3,False
15,11,-45.79,-45.69,3.6,0.1,False,1,False
16,11,-47.93,-48.25,3.6,0.1,False,1,False
17,11,-49.76,-50.0,3.6,0.1,False,1,False
18,11,-51.36,-51.36,4.0,0.0,False,0,False
19,11,-52.77,-52.77,4.0,0.0,False,0,False
20,11,-54.04,-54.04,4.0,0.0,False,0,False
21,11,-52.77,-52.92,3.2,0.2,False,1,False
22,11,-51.36,-51.36,4.0,0.0,False,0,False
23,11,-49.76,-49.76,4.0,0.0,False,0,False
24,11,-47.93,-47.93,4.0,0.0,False,0,False
25,11,-45.79,-45.79,4.0,0.0,False,0,False
26,11,-43.21,-43.21,4.0,0.0,False,0,False
27,11,-39.98,-39.98,4.0,0.0,False,0,False
28,11,-35.76,-35.69,3.2727,0.1818,False,2,False
29,11,-30.19,-30.19,4.0,0.0,False,0,False
30,11,-25.98,-25.98,4.0,0.0,False,0,False
31,11,-30.19,-30.19,4.0,0.0,False,0,False
32,11,-35.76,-35.76,4.0,0.0,False,0,False
33,11,-39.98,-39.98,4.0,0.0,False,0,False
34,11,-43.21,-43.17,3.2727,0.1818,False,2,False
35,11,-45.79,-45.4,3.2,0.2,False,1,False
36,11,-47.93,-47.93,4.0,0.0,False,0,False
37,11,-49.76,-49.76,4.0,0.0,False,0,False
38,11,-51.36,-51.36,4.0,0.0,False,0,False
39,11,-52.77,-52.15,2.7692,0.3077,False,1,False
40,11,-54.04,-53.84,3.4483,0.1379,False,1,False
41,11,-52.77,-52.77,4.0,0.0,False,0,False
42,11,-51.36,-51.36,4.0,0.0,False,0,False
43,11,-49.76,-49.76,4.0,0.0,False,0,False
44,11,-47.93,-47.93,4.0,0.0,False,0,False
45,11,-45.79,-45.79,4.0,0.0,False,0,False
46,11,-43.21,-43.37,3.6,0.1,False,1,False
47,11,-39.98,-39.81,2.7692,0.3077,False,1,False
48,11,-35.76,-35.76,4.0,0.0,False,0,False
49,11,-30.19,-30.19,4.0,0.0,False,0,False
50,11,-25.98,-25.74,3.1469,0.2133,False,2,False
51,11,-30.19,-30.14,3.6,0.1,False,1,False
52,11,-35.76,-35.57,3.2,0.2,False,1,False
53,11,-39.98,-39.98,4.0,0.0,False,0,False
54,11,-43.21,-43.21,4.0,0.0,False,0,False
55,11,-45.79,-45.98,3.4483,0.1379,False,1,False
56,11,-47.93,-47.93,4.0,0.0,False,0,False
57,11,-49.76,-49.76,4.0,0.0,False,0,False
58,11,-51.36,-51.36,4.0,0.0,False,0,False
59,11,-52.77,-52.38,3.6,0.1,False,1,False
60,11,-79.04,-79.04,4.0,0.0,True,0,False
61,11,-80.19,-79.6,2.7692,0.3077,True,1,False
62,11,-81.24,-81.24,4.0,0.0,True,0,False
63,11,-82.21,-82.21,4.0,0.0,True,0,False
64,11,-83.1,-83.1,4.0,0.0,True,0,False
65,11,-83.94,-83.94,4.0,0.0,True,0,False
66,11,-84.72,-84.72,4.0,0.0,True,0,False
67,11,-85.45,-85.45,4.0,0.0,True,0,False
68,11,-86.15,-85.88,3.4483,0.1379,True,1,False
69,11,-86.8,-86.38,3.6,0.1,True,1,False
70,11,-87.42,-87.13,3.6,0.1,True,1,False
71,11,-88.02,-88.02,4.0,0.0,True,0,False
72,11,-88.58,-88.28,3.6,0.1,True,1,False
73,11,-89.12,-89.12,4.0,0.0,True,0,False
74,11,-70.78,-71.0,3.4483,0.1379,False,1,False
75,11,-70.84,-70.92,3.0,0.25,False,3,False
76,11,-70.92,-70.66,3.4483,0.1379,False,1,False
77,11,-70.99,-70.99,4.0,0.0,False,0,False
78,11,-63.83,-63.83,4.0,0.0,False,0,False
79,11,-64.12,-64.13,3.0303,0.2424,False,2,False
0,12,-53.98,-53.97,3.4483,0.1379,False,1,False
1,12,-52.7,-52.7,4.0,0.0,False,0,False
2,12,-51.27,-51.2,3.6,0.1,False,1,False
3,12,-49.64,-49.43,3.6,0.1,False,1,False
4,12,-47.77,-47.77,4.0,0.0,False,0,False
5,12,-45.55,-45.55,4.0,0.0,False,0,False
6,12,-42.84,-43.3,2.7692,0.3077,False,1,False
7,12,-39.34,-39.34,4.0,0.0,False,0,False
8,12,-34.41,-34.41,4.0,0.0,False,0,False
9,12,-25.98,-25.98,4.0,0.0,False,0,False
10,12,-17.55,-17.55,4.0,0.0,False,0,False
11,12,-25.98,-25.98,4.0,0.0,False,0,False
12,12,-34.41,-34.41,4.0,0.0,False,0,False
13,12,-39.34,-39.61,3.4483,0.1379,False,1,False
14,12,-42.84,-42.87,3.6,0.1,False,1,False
15,12,-45.55,-46.17,3.2,0.2,False,1,False
16,12,-47.77,-47.62,3.6,0.1,False,1,False
17,12,-49.64,-49.64,4.0,0.0,False,0,False
18,12,-51.27,-51.27,4.0,0.0,False,0,False
19,12,-52.7,-52.6,3.6,0.1,False,1,False
20,12,-53.98,-53.72,3.6,0.1,False,1,False
21,12,-52.7,-52.7,4.0,0.0,False,0,False
22,12,-51.27,-51.27,4.0,0.0,False,0,False
23,12,-49.64,-49.64,4.0,0.0,False,0,False
24,12,-47.77,-47.77,4.0,0.0,False,0,False
25,12,-45.55,-45.55,4.0,0.0,False,0,False
26,12,-42.84,-42.84,4.0,0.0,False,0,False
27,12,-39.34,-39.34,4.0,0.0,False,0,False
28,12,-34.41,-34.97,2.9388,0.2653,False,2,False
29,12,-25.98,-25.98,4.0,0.0,False,0,False
30,12,-17.55,-17.55,4.0,0.0,False,0,False
31,12,-25.98,-25.98,4.0,0.0,False,0,False
32,12,-34.41,-34.41,4.0,0.0,False,0,False
33,12,-39.34,-39.34,4.0,0.0,False,0,False
34,12,-42.84,-42.84,4.0,0.0,False,0,False
35,12,-45.55,-45.1,2.9388,0.2653,False,2,False
36,12,-47.77,-48.22,3.2,0.2,False,1,False
37,12,-49.64,-49.38,3.6,0.1,False,1,False
38,12,-51.27,-51.27,4.0,0.0,False,0,False
39,12,-52.7,-52.7,4.0,0.0,False,0,False
40,12,-53.98,-53.98,4.0,0.0,False,0,False
41,12,-52.7,-52.76,3.6,0.1,False,1,False
42,12,-51.27,-51.27,4.0,0.0,False,0,False
43,12,-49.64,-49.64,4.0,0.0,False,0,False
44,12,-47.77,-48.11,3.6,0.1,False,1,False
45,12,-45.55,-45.77,3.2727,0.1818,False,2,False
46,12,-42.84,-42.84,4.0,0.0,False,0,False
47,12,-39.34,-39.34,4.0,0.0,False,0,False
48,12,-34.41,-34.41,4.0,0.0,False,0,False
49,12,-25.98,-26.29,3.6,0.1,False,1,False
50,12,-17.55,-17.55,4.0,0.0,False,0,False
51,12,-25.98,-26.22,3.6,0.1,False,1,False
52,12,-34.41,-34.41,4.0,0.0,False,0,False
53,12,-39.34,-39.34,4.0,0.0,False,0,False
54,12,-42.84,-42.84,4.0,0.0,False,0,False
55,12,-45.55,-45.55,4.0,0.0,False,0,False
56,12,-47.77,-47.77,4.0,0.0,False,0,False
57,12,-49.64,-49.73,3.6,0.1,False,1,False
58,12,-51.27,-51.27,4.0,0.0,False,0,False
59,12,-52.7,-52.7,4.0,0.0,False,0,False
60,12,-78.98,-78.76,3.6,0.1,True,1,False
61,12,-80.14,-79.62,2.7692,0.3077,True,1,False
62,12,-81.2,-81.2,4.0,0.0,True,0,False
63,12,-82.17,-82.17,4.0,0.0,True,0,False
64,12,-83.07,-83.07,4.0,0.0,True,0,False
65,12,-83.91,-83.91,4.0,0.0,True,0,False
66,12,-84.69,-84.15,2.7692,0.3077,True,1,False
67,12,-85.43,-85.58,3.6,0.1,True,1,False
68,12,-86.13,-86.13,4.0,0.0,True,0,False
69,12,-86.78,-86.55,3.6,0.1,True,1,False
70,12,-87.41,-87.41,4.0,0.0,True,0,False
71,12,-88.0,-88.0,4.0,0.0,True,0,False
72,12,-88.57,-88.68,3.4483,0.1379,True,1,False
73,12,-89.11,-89.44,3.4483,0.1379,True,1,False
74,12,-70.48,-71.33,2.7692,0.3077,False,1,False
75,12,-70.55,-70.55,4.0,0.0,False,0,False
76,12,-70.62,-70.62,4.0,0.0,False,0,False
77,12,-70.7,-70.64,3.6,0.1,False,1,False
78,12,-63.36,-63.36,4.0,0.0,False,0,False
79,12,-63.68,-63.88,3.4483,0.1379,False,1,False
0,13,-54.04,-54.99,2.7692,0.3077,False,1,False
1,13,-52.77,-52.77,4.0,0.0,False,0,False
2,13,-51.36,-51.36,4.0,0.0,False,0,False
3,13,-49.76,-49.76,4.0,0.0,False,0,False
4,13,-47.93,-48.21,3.6,0.1,False,1,False
5,13,-45.79,-45.79,4.0,0.0,False,0,False
6,13,-43.21,-42.75,2.7692,0.3077,False,1,False
7,13,-39.98,-39.98,4.0,0.0,False,0,False
8,13,-35.76,-36.61,2.3607,0.4098,False,2,False
9,13,-30.19,-30.07,3.6,0.1,False,1,False
10,13,-25.98,-25.98,4.0,0.0,False,0,False
11,13,-30.19,-30.19,4.0,0.0,False,0,False
12,13,-35.76,-35.76,4.0,0.0,False,0,False
13,13,-39.98,-40.55,3.2,0.2,False,1,False
14,13,-43.21,-43.21,4.0,0.0,False,0,False
15,13,-45.79,-45.79,4.0,0.0,False,0,False
16,13,-47.93,-47.95,3.2727,0.1818,False,2,False
17,13,-49.76,-49.76,4.0,0.0,False,0,False
18,13,-51.36,-51.26,2.7692,0.3077,False,1,False
19,13,-52.77,-52.77,4.0,0.0,False,0,False
20,13,-54.04,-53.69,3.6,0.1,False,1,False
21,13,-52.77,-53.04,2.5714,0.3571,False,2,False
22,13,-51.36,-51.1,3.6,0.1,False,1,False
23,13,-49.76,-49.76,4.0,0.0,False,0,False
24,13,-47.93,-47.93,4.0,0.0,False,0,False
25,13,-45.79,-45.79,4.0,0.0,False,0,False
26,13,-43.21,-43.21,4.0,0.0,False,0,False
27,13,-39.98,-39.98,4.0,0.0,False,0,False
28,13,-35.76,-35.74,2.7692,0.3077,False,1,False
29,13,-30.19,-30.19,4.0,0.0,False,0,False
30,13,-25.98,-25.98,4.0,0.0,False,0,False
31,13,-30.19,-30.19,4.0,0.0,False,0,False
32,13,-35.76,-35.72,3.6,0.1,False,1,False
33,13,-39.98,-39.98,4.0,0.0,False,0,False
34,13,-43.21,-43.21,4.0,0.0,False,0,False
35,13,-45.79,-45.79,4.0,0.0,False,0,False
36,13,-47.93,-48.23,3.6,0.1,False,1,False
37,13,-49.76,-49.76,4.0,0.0,False,0,False
38,13,-51.36,-51.36,4.0,0.0,False,0,False
39,13,-52.77,-52.77,4.0,0.0,False,0,False
40,13,-54.04,-53.88,3.6,0.1,False,1,False
41,13,-52.77,-52.63,3.6,0.1,False,1,False
42,13,-51.36,-51.36,4.0,0.0,False,0,False
43,13,-49.76,-49.76,4.0,0.0,False,0,False
44,13,-47.93,-47.93,4.0,0.0,False,0,False
45,13,-45.79,-46.07,3.2727,0.1818,False,2,False
46,13,-43.21,-43.21,4.0,0.0,False,0,False
47,13,-39.98,-39.98,4.0,0.0,False,0,False
48,13,-35.76,-35.76,4.0,0.0,False,0,False
49,13,-30.19,-29.53,2.9388,0.2653,False,2,False
50,13,-25.98,-25.98,4.0,0.0,False,0,False
51,13,-30.19,-30.19,4.0,0.0,False,0,False
52,13,-35.76,-35.68,2.9388,0.2653,False,2,False
53,13,-39.98,-39.98,4.0,0.0,False,0,False
54,13,-43.21,-43.25,3.6,0.1,False,1,False
55,13,-45.79,-45.79,4.0,0.0,False,0,False
56,13,-47.93,-47.82,2.7692,0.3077,False,1,False
57,13,-49.76,-49.76,4.0,0.0,False,0,False
58,13,-51.36,-51.36,4.0,0.0,False,0,False
59,13,-52.77,-52.77,4.0,0.0,False,0,False
60,13,-79.04,-78.5,3.6,0.1,True,1,False
61,13,-80.19,-80.28,3.6,0.1,True,1,False
62,13,-81.24,-82.25,2.7692,0.3077,True,1,False
63,13,-82.21,-82.21,4.0,0.0,True,0,False
64,13,-83.1,-83.1,4.0,0.0,True,0,False
65,13,-83.94,-83.94,4.0,0.0,True,0,False
66,13,-84.72,-84.72,4.0,0.0,True,0,False
67,13,-85.45,-85.45,4.0,0.0,True,0,False
68,13,-86.15,-86.15,4.0,0.0,True,0,False
69,13,-86.8,-86.8,4.0,0.0,True,0,False
70,13,-87.42,-87.42,4.0,0.0,True,0,False
71,13,-88.02,-88.02,4.0,0.0,True,0,False
72,13,-88.58,-88.88,3.6,0.1,True,1,False
73,13,-88.1,-87.9,3.4483,0.1379,True,1,False
74,13,-70.17,-70.22,3.4483,0.1379,False,1,False
75,13,-70.24,-70.24,4.0,0.0,False,0,False
76,13,-70.32,-70.37,3.1469,0.2133,False,2,False
77,13,-70.4,-69.79,3.1469,0.2133,False,2,False
78,13,-62.89,-62.74,3.4483,0.1379,False,1,False
79,13,-63.23,-63.23,4.0,0.0,False,0,False
0,14,-54.22,-54.22,4.0,0.0,False,0,False
1,14,-52.99,-52.99,4.0,0.0,False,0,False
2,14,-51.63,-51.63,4.0,0.0,False,0,False
3,14,-50.12,-50.12,4.0,0.0,False,0,False
4,14,-48.41,-48.41,4.0,0.0,False,0,False
5,14,-46.45,-46.45,4.0,0.0,False,0,False
6,14,-44.19,-45.29,2.7692,0.3077,False,1,False
7,14,-41.57,-41.92,2.6667,0.3333,False,2,False
8,14,-38.62,-38.62,4.0,0.0,False,0,False
9,14,-35.76,-35.81,2.5714,0.3571,False,2,False
10,14,-34.41,-34.34,1.8462,0.5385,False,5,False
11,14,-35.76,-35.76,4.0,0.0,False,0,False
12,14,-38.62,-38.78,3.2,0.2,False,1,False
13,14,-41.57,-41.57,4.0,0.0,False,0,False
14,14,-44.19,-44.19,4.0,0.0,False,0,False
15,14,-46.45,-46.45,4.0,0.0,False,0,False
16,14,-48.41,-48.68,3.6,0.1,False,1,False
17,14,-50.12,-50.12,4.0,0.0,False,0,False
18,14,-51.63,-51.63,4.0,0.0,False,0,False
19,14,-52.99,-53.37,3.2,0.2,False,1,False
20,14,-54.22,-54.22,4.0,0.0,False,0,False
21,14,-52.99,-53.08,3.2,0.2,False,1,False
22,14,-51.63,-51.63,4.0,0.0,False,0,False
23,14,-50.12,-50.12,4.0,0.0,False,0,False
24,14,-48.41,-48.65,3.2,0.2,False,1,False
25,14,-46.45,-46.45,4.0,0.0,False,0,False
26,14,-44.19,-44.1,3.6,0.1,False,1,False
27,14,-41.57,-41.57,4.0,0.0,False,0,False
28,14,-38.62,-38.62,4.0,0.0,False,0,False
29,14,-35.76,-35.76,4.0,0.0,False,0,False
30,14,-34.41,-34.41,4.0,0.0,False,0,False
31,14,-35.76,-35.76,4.0,0.0,False,0,False
32,14,-38.62,-38.62,4.0,0.0,False,0,False
33,14,-41.57,-41.57,4.0,0.0,False,0,False
34,14,-44.19,-44.27,3.6,0.1,False,1,False
35,14,-46.45,-46.06,2.9388,0.2653,False,2,False
36,14,-48.41,-48.41,4.0,0.0,False,0,False
37,14,-50.12,-50.12,4.0,0.0,False,0,False
38,14,-51.63,-52.02,3.1469,0.2133,False,2,False
39,14,-52.99,-53.09,3.6,0.1,False,1,False
40,14,-54.22,-54.22,4.0,0.0,False,0,False
41,14,-52.99,-52.99,4.0,0.0,False,0,False
42,14,-51.63,-51.63,4.0,0.0,False,0,False
43,14,-50.12,-50.07,3.6,0.1,False,1,False
44,14,-48.41,-48.48,3.6,0.1,False,1,False
45,14,-46.45,-46.45,4.0,0.0,False,0,False
46,14,-44.19,-44.19,4.0,0.0,False,0,False
47,14,-41.57,-41.57,4.0,0.0,False,0,False
48,14,-38.62,-38.0,3.2727,0.1818,False,2,False
49,14,-35.76,-35.76,4.0,0.0,False,0,False
50,14,-34.41,-34.71,2.2154,0.4462,False,3,False
51,14,-35.76,-35.38,3.2727,0.1818,False,2,False
52,14,-38.62,-38.54,2.5714,0.3571,False,2,False
53,14,-41.57,-42.23,2.7692,0.3077,False,1,False
54,14,-44.19,-44.19,4.0,0.0,False,0,False
55,14,-46.45,-46.45,4.0,0.0,False,0,False
56,14,-48.41,-48.41,4.0,0.0,False,0,False
57,14,-50.12,-49.33,3.2,0.2,False,1,False
58,14,-51.63,-51.63,4.0,0.0,False,0,False
59,14,-52.99,-52.8,3.6,0.1,False,1,False
60,14,-79.22,-79.22,4.0,0.0,True,0,False
61,14,-80.34,-80.34,4.0,0.0,True,0,False
62,14,-81.36,-81.69,3.1469,0.2133,True,2,False
63,14,-82.31,-82.31,4.0,0.0,True,0,False
64,14,-83.19,-83.26,2.7692,0.3077,True,1,False
65,14,-84.02,-84.02,4.0,0.0,True,0,False
66,14,-84.79,-84.79,4.0,0.0,True,0,False
67,14,-85.52,-85.86,3.6,0.1,True,1,False
68,14,-86.2,-86.2,4.0,0.0,True,0,False
69,14,-86.85,-86.85,4.0,0.0,True,0,False
70,14,-87.47,-87.92,3.6,0.1,True,1,False
71,14,-88.06,-88.35,3.6,0.1,True,1,False
72,14,-88.62,-88.62,4.0,0.0,True,0,False
73,14,-87.78,-87.57,2.5714,0.3571,True,2,False
74,14,-69.85,-70.06,3.4483,0.1379,False,1,False
75,14,-69.92,-69.92,4.0,0.0,False,0,False
76,14,-61.7,-61.7,4.0,0.0,False,0,False
77,14,-62.05,-62.05,4.0,0.0,False,0,False
78,14,-62.41,-62.37,3.6,0.1,False,1,False
79,14,-62.78,-62.26,3.1469,0.2133,False,2,False
0,15,-54.5,-53.78,3.2,0.2,False,1,False
1,15,-53.34,-53.34,4.0,0.0,False,0,False
2,15,-52.07,-52.07,3.6,0.1,False,1,False
3,15,-50.67,-50.67,4.0,0.0,False,0,False
4,15,-49.12,-49.15,3.6,0.1,False,1,False
5,15,-47.42,-47.42,4.0,0.0,False,0,False
6,15,-45.55,-45.55,4.0,0.0,False,0,False
7,15,-43.55,-43.55,4.0,0.0,False,0,False
8,15,-41.57,-41.57,4.0,0.0,False,0,False
9,15,-39.98,-39.98,4.0,0.0,False,0,False
10,15,-39.34,-39.34,4.0,0.0,False,0,False
11,15,-39.98,-40.03,3.2,0.2,False,1,False
12,15,-41.57,-41.62,2.5714,0.3571,False,2,False
13,15,-43.55,-43.55,4.0,0.0,False,0,False
14,15,-45.55,-45.55,4.0,0.0,False,0,False
15,15,-47.42,-47.42,4.0,0.0,False,0,False
16,15,-49.12,-49.12,4.0,0.0,False,0,False
17,15,-50.67,-50.67,4.0,0.0,False,0,False
18,15,-52.07,-52.07,4.0,0.0,False,0,False
19,15,-53.34,-53.34,4.0,0.0,False,0,False
20,15,-54.5,-54.29,3.6,0.1,False,1,False
21,15,-53.34,-53.34,4.0,0.0,False,0,False
22,15,-52.07,-52.24,3.2,0.2,False,1,False
23,15,-50.67,-50.67,4.0,0.0,False,0,False
24,15,-49.12,-49.12,4.0,0.0,False,0,False
25,15,-47.42,-47.34,3.4483,0.1379,False,1,False
26,15,-45.55,-45.55,4.0,0.0,False,0,False
27,15,-43.55,-43.55,4.0,0.0,False,0,False
28,15,-41.57,-41.57,4.0,0.0,False,0,False
29,15,-39.98,-39.98,4.0,0.0,False,0,False
30,15,-39.34,-39.34,4.0,0.0,False,0,False
31,15,-39.98,-39.98,4.0,0.0,False,0,False
32,15,-41.57,-41.57,4.0,0.0,False,0,False
33,15,-43.55,-43.55,4.0,0.0,False,0,False
34,15,-45.55,-45.36,2.9388,0.2653,False,2,False
35,15,-47.42,-47.42,4.0,0.0,False,0,False
36,15,-49.12,-49.12,4.0,0.0,False,0,False
37,15,-50.67,-50.67,4.0,0.0,False,0,False
38,15,-52.07,-52.07,4.0,0.0,False,0,False
39,15,-53.34,-53.34,4.0,0.0,False,0,False
40,15,-54.5,-54.13,3.2,0.2,False,1,False
41,15,-53.34,-53.47,3.6,0.1,False,1,False
42,15,-52.07,-52.07,4.0,0.0,False,0,False
43,15,-50.67,-50.67,4.0,0.0,False,0,False
44,15,-49.12,-49.12,4.0,0.0,False,0,False
45,15,-47.42,-47.42,4.0,0.0,False,0,False
46,15,-45.55,-45.61,3.6,0.1,False,1,False
47,15,-43.55,-43.55,4.0,0.0,False,0,False
48,15,-41.57,-41.57,4.0,0.0,False,0,False
49,15,-39.98,-39.98,4.0,0.0,False,0,False
50,15,-39.34,-39.34,4.0,0.0,False,0,False
51,15,-39.98,-39.16,2.7692,0.3077,False,1,False
52,15,-41.57,-41.75,3.6,0.1,False,1,False
53,15,-43.55,-43.94,3.6,0.1,False,1,False
54,15,-45.55,-45.47,3.6,0.1,False,1,False
55,15,-47.42,-47.42,4.0,0.0,False,0,False
56,15,-49.12,-49.12,4.0,0.0,False,0,False
57,15,-50.67,-50.67,4.0,0.0,False,0,False
58,15,-52.07,-51.8,2.5714,0.3571,False,2,False
59,15,-53.34,-53.34,4.0,0.0,False,0,False
60,15,-79.5,-79.44,3.6,0.1,True,1,False
61,15,-80.57,-80.9,3.6,0.1,True,1,False
62,15,-81.57,-81.57,4.0,0.0,True,0,False
63,15,-82.49,-82.3,3.6,0.1,True,1,False
64,15,-83.34,-83.24,3.2727,0.1818,True,2,False
65,15,-84.15,-84.15,4.0,0.0,True,0,False
66,15,-84.9,-84.9,4.0,0.0,True,0,False
67,15,-85.62,-85.62,4.0,0.0,True,0,False
68,15,-86.29,-86.29,4.0,0.0,True,0,False
69,15,-86.93,-86.85,3.2727,0.1818,True,2,False
70,15,-87.54,-87.35,3.4483,0.1379,True,1,False
71,15,-88.12,-88.12,4.0,0.0,True,0,False
72,15,-88.68,-88.68,4.0,0.0,True,0,False
73,15,-69.45,-71.85,3.4483,0.1379,False,1,False
74,15,-69.52,-69.52,4.0,0.0,False,0,False
75,15,-69.6,-69.6,4.0,0.0,False,0,False
76,15,-61.15,-61.15,4.0,0.0,False,0,False
77,15,-61.53,-61.53,4.0,0.0,False,0,False
78,15,-61.92,-61.92,4.0,0.0,False,0,False
79,15,-62.32,-62.02,3.4483,0.1379,False,1,False
0,16,-54.88,-55.15,3.6,0.1,False,1,False
1,16,-53.79,-53.73,3.6,0.1,False,1,False
2,16,-52.62,-52.62,4.0,0.0,False,0,False
3,16,-51.36,-51.36,4.0,0.0,False,0,False
4,16,-50.0,-50.21,3.6,0.1,False,1,False
5,16,-48.56,-48.56,4.0,0.0,False,0,False
6,16,-47.05,-47.05,4.0,0.0,False,0,False
7,16,-45.55,-45.55,4.0,0.0,False,0,False
8,16,-44.19,-44.19,4.0,0.0,False,0,False
9,16,-43.21,-43.14,2.9388,0.2653,False,2,False
10,16,-42.84,-43.68,3.2,0.2,False,1,False
11,16,-43.21,-43.21,4.0,0.0,False,0,False
12,16,-44.19,-44.19,4.0,0.0,False,0,False
13,16,-45.55,-45.37,3.6,0.1,False,1,False
14,16,-47.05,-47.05,4.0,0.0,False,0,False
15,16,-48.56,-48.56,4.0,0.0,False,0,False
16,16,-50.0,-50.0,4.0,0.0,False,0,False
17,16,-51.36,-51.36,4.0,0.0,False,0,False
18,16,-52.62,-52.27,2.7692,0.3077,False,1,False
19,16,-53.79,-53.79,4.0,0.0,False,0,False
20,16,-54.88,-54.88,4.0,0.0,False,0,False
21,16,-53.79,-53.79,4.0,0.0,False,0,False
22,16,-52.62,-52.62,4.0,0.0,False,0,False
23,16,-51.36,-52.4,2.3607,0.4098,False,2,False
24,16,-50.0,-50.0,4.0,0.0,False,0,False
25,16,-48.56,-47.67,3.2,0.2,False,1,False
26,16,-47.05,-47.05,4.0,0.0,False,0,False
27,16,-45.55,-45.55,4.0,0.0,False,0,False
28,16,-44.19,-44.0,2.7692,0.3077,False,1,False
29,16,-43.21,-43.21,4.0,0.0,False,0,False
30,16,-42.84,-42.91,3.6,0.1,False,1,False
31,16,-43.21,-42.93,2.7692,0.3077,False,1,False
32,16,-44.19,-44.19,4.0,0.0,False,0,False
33,16,-45.55,-45.47,3.6,0.1,False,1,False
34,16,-47.05,-46.87,3.6,0.1,False,1,False
35,16,-48.56,-48.56,4.0,0.0,False,0,False
36,16,-50.0,-50.0,4.0,0.0,False,0,False
37,16,-51.36,-51.36,4.0,0.0,False,0,False
38,16,-52.62,-52.62,4.0,0.0,False,0,False
39,16,-53.79,-53.57,2.9388,0.2653,False,2,False
40,16,-54.88,-54.61,3.4483,0.1379,False,1,False
41,16,-53.79,-53.79,4.0,0.0,False,0,False
42,16,-52.62,-52.03,2.7692,0.3077,False,1,False
43,16,-51.36,-51.36,4.0,0.0,False,0,False
44,16,-50.0,-50.15,3.1469,0.2133,False,2,False
45,16,-48.56,-48.29,3.2,0.2,False,1,False
46,16,-47.05,-47.05,4.0,0.0,False,0,False
47,16,-45.55,-45.55,4.0,0.0,False,0,False
48,16,-44.19,-44.19,4.0,0.0,False,0,False
49,16,-43.21,-43.21,4.0,0.0,False,0,False
50,16,-42.84,-42.86,3.6,0.1,False,1,False
51,16,-43.21,-43.07,3.6,0.1,False,1,False
52,16,-44.19,-44.39,3.6,0.1,False,1,False
53,16,-45.55,-45.6,3.6,0.1,False,1,False
54,16,-47.05,-47.05,4.0,0.0,False,0,False
55,16,-48.56,-48.44,3.2,0.2,False,1,False
56,16,-50.0,-50.06,2.7692,0.3077,False,1,False
57,16,-51.36,-51.36,4.0,0.0,False,0,False
58,16,-52.62,-53.17,3.2,0.2,False,1,False
59,16,-53.79,-53.7,3.6,0.1,False,1,False
60,16,-79.88,-79.88,4.0,0.0,True,0,False
61,16,-80.89,-80.89,4.0,0.0,True,0,False
62,16,-81.84,-81.84,4.0,0.0,True,0,False
63,16,-82.72,-82.72,4.0,0.0,True,0,False
64,16,-83.55,-83.55,4.0,0.0,True,0,False
65,16,-84.33,-84.54,2.1176,0.4706,True,2,False
66,16,-85.06,-85.06,4.0,0.0,True,0,False
67,16,-85.76,-85.76,4.0,0.0,True,0,False
68,16,-86.42,-86.28,3.2727,0.1818,True,2,False
69,16,-87.05,-86.77,3.6,0.1,True,1,False
70,16,-87.65,-88.0,3.6,0.1,True,1,False
71,16,-88.22,-88.22,4.0,0.0,True,0,False
72,16,-88.76,-88.92,2.7027,0.3243,True,3,False
73,16,-69.11,-68.54,2.8939,0.2765,False,3,False
74,16,-69.19,-69.0,3.4483,0.1379,False,1,False
75,16,-69.27,-69.5,3.4483,0.1379,False,1,False
76,16,-60.58,-60.68,3.0303,0.2424,False,2,False
77,16,-60.99,-60.99,4.0,0.0,False,0,False
78,16,-61.42,-61.17,2.7027,0.3243,False,3,False
79,16,-61.85,-62.17,3.4483,0.1379,False,1,False
0,17,-55.34,-55.83,3.2,0.2,False,1,False
1,17,-54.33,-54.45,3.6,0.1,False,1,False
2,17,-53.27,-52.92,2.9388,0.2653,False,2,False
3,17,-52.15,-52.15,4.0,0.0,False,0,False
4,17,-50.97,-51.28,3.2,0.2,False,1,False
5,17,-49.76,-49.76,4.0,0.0,False,0,False
6,17,-48.56,-48.37,3.6,0.1,False,1,False
7,17,-47.42,-47.42,4.0,0.0,False,0,False
8,17,-46.45,-46.45,4.0,0.0,False,0,False
9,17,-45.79,-45.79,4.0,0.0,False,0,False
10,17,-45.55,-45.62,3.2727,0.1818,False,2,False
11,17,-45.79,-45.79,4.0,0.0,False,0,False
12,17,-46.45,-46.45,4.0,0.0,False,0,False
13,17,-47.42,-46.92,3.2,0.2,False,1,False
14,17,-48.56,-48.55,3.6,0.1,False,1,False
15,17,-49.76,-49.82,3.6,0.1,False,1,False
16,17,-50.97,-50.97,4.0,0.0,False,0,False
17,17,-52.15,-52.15,4.0,0.0,False,0,False
18,17,-53.27,-53.62,3.2,0.2,False,1,False
19,17,-54.33,-54.33,4.0,0.0,False,0,False
20,17,-55.34,-55.34,4.0,0.0,False,0,False
21,17,-54.33,-54.33,4.0,0.0,False,0,False
22,17,-53.27,-52.26,2.7692,0.3077,False,1,False
23,17,-52.15,-52.15,4.0,0.0,False,0,False
24,17,-50.97,-50.97,4.0,0.0,False,0,False
25,17,-49.76,-49.76,4.0,0.0,False,0,False
26,17,-48.56,-48.56,4.0,0.0,False,0,False
27,17,-47.42,-47.42,4.0,0.0,False,0,False
28,17,-46.45,-47.08,2.7692,0.3077,False,1,False
29,17,-45.79,-45.79,4.0,0.0,False,0,False
30,17,-45.55,-45.55,4.0,0.0,False,0,False
31,17,-45.79,-45.96,3.6,0.1,False,1,False
32,17,-46.45,-46.45,4.0,0.0,False,0,False
33,17,-47.42,-47.53,3.6,0.1,False,1,False
34,17,-48.56,-48.56,4.0,0.0,False,0,False
35,17,-49.76,-50.39,3.4483,0.1379,False,1,False
36,17,-50.97,-50.97,4.0,0.0,False,0,False
37,17,-52.15,-51.56,2.7692,0.3077,False,1,False
38,17,-53.27,-53.27,4.0,0.0,False,0,False
39,17,-54.33,-54.33,4.0,0.0,False,0,False
40,17,-55.34,-55.34,4.0,0.0,False,0,False
41,17,-54.33,-54.33,4.0,0.0,False,0,False
42,17,-53.27,-52.92,3.6,0.1,False,1,False
43,17,-52.15,-52.15,4.0,0.0,False,0,False
44,17,-50.97,-50.97,4.0,0.0,False,0,False
45,17,-49.76,-49.76,4.0,0.0,False,0,False
46,17,-48.56,-48.56,4.0,0.0,False,0,False
47,17,-47.42,-47.42,4.0,0.0,False,0,False
48,17,-46.45,-46.45,4.0,0.0,False,0,False
49,17,-45.79,-46.19,3.2727,0.1818,False,2,False
50,17,-45.55,-45.55,4.0,0.0,False,0,False
51,17,-45.79,-46.02,3.6,0.1,False,1,False
52,17,-46.45,-46.45,4.0,0.0,False,0,False
53,17,-47.42,-47.42,4.0,0.0,False,0,False
54,17,-48.56,-48.56,4.0,0.0,False,0,False
55,17,-49.76,-49.89,3.4483,0.1379,False,1,False
56,17,-50.97,-50.97,4.0,0.0,False,0,False
57,17,-52.15,-52.15,4.0,0.0,False,0,False
58,17,-53.27,-53.48,2.7692,0.3077,False,1,False
59,17,-54.33,-54.33,4.0,0.0,False,0,False
60,17,-98.34,-97.77,3.2727,0.1818,True,2,False
61,17,-99.28,-99.28,4.0,0.0,True,0,False
62,17,-100.17,-99.8,3.6,0.1,True,1,False
63,17,-100.49,-100.49,4.0,0.0,True,0,False
64,17,-100.31,-100.31,4.0,0.0,True,0,False
65,17,-100.21,-100.21,4.0,0.0,True,0,False
66,17,-100.17,-100.34,3.6,0.1,True,1,False
67,17,-100.21,-100.21,4.0,0.0,True,0,False
68,17,-100.31,-100.31,4.0,0.0,True,0,False
69,17,-100.49,-100.49,4.0,0.0,True,0,False
70,17,-100.72,-100.72,4.0,0.0,True,0,False
71,17,-101.01,-101.01,4.0,0.0,True,0,False
72,17,-86.7,-86.7,4.0,0.0,True,0,False
73,17,-68.77,-69.41,3.4483,0.1379,False,1,False
74,17,-68.85,-68.85,4.0,0.0,False,0,False
75,17,-59.55,-59.96,3.6,0.1,False,1,False
76,17,-60.0,-60.0,4.0,0.0,False,0,False
77,17,-60.45,-60.45,4.0,0.0,False,0,False
78,17,-60.92,-60.82,3.6,0.1,False,1,False
79,17,-61.38,-61.05,3.0303,0.2424,False,2,False
0,18,-55.85,-55.66,2.7692,0.3077,False,1,False
1,18,-54.93,-54.93,4.0,0.0,False,0,False
2,18,-53.98,-53.98,4.0,0.0,False,0,False
3,18,-52.99,-53.11,2.1176,0.4706,False,2,False
4,18,-51.98,-51.98,4.0,0.0,False,0,False
5,18,-50.97,-50.97,4.0,0.0,False,0,False
6,18,-50.0,-50.0,4.0,0.0,False,0,False
7,18,-49.12,-47.88,2.7692,0.3077,False,1,False
8,18,-48.41,-48.41,4.0,0.0,False,0,False
9,18,-47.93,-48.06,3.6,0.1,False,1,False
10,18,-47.77,-47.99,3.6,0.1,False,1,False
11,18,-47.93,-47.93,4.0,0.0,False,0,False
12,18,-48.41,-48.41,4.0,0.0,False,0,False
13,18,-49.12,-49.12,4.0,0.0,False,0,False
14,18,-50.0,-50.0,4.0,0.0,False,0,False
15,18,-50.97,-50.97,4.0,0.0,False,0,False
16,18,-51.98,-51.98,4.0,0.0,False,0,False
17,18,-52.99,-52.99,4.0,0.0,False,0,False
18,18,-53.98,-53.98,4.0,0.0,False,0,False
19,18,-54.93,-54.93,4.0,0.0,False,0,False
20,18,-55.85,-55.8,3.6,0.1,False,1,False
21,18,-54.93,-54.93,4.0,0.0,False,0,False
22,18,-53.98,-53.98,4.0,0.0,False,0,False
23,18,-52.99,-52.99,4.0,0.0,False,0,False
24,18,-51.98,-51.98,4.0,0.0,False,0,False
25,18,-50.97,-50.97,4.0,0.0,False,0,False
26,18,-50.0,-50.0,4.0,0.0,False,0,False
27,18,-49.12,-49.06,3.6,0.1,False,1,False
28,18,-48.41,-48.73,3.6,0.1,False,1,False
29,18,-47.93,-47.93,4.0,0.0,False,0,False
30,18,-47.77,-47.77,4.0,0.0,False,0,False
31,18,-47.93,-47.93,4.0,0.0,False,0,False
32,18,-48.41,-48.41,4.0,0.0,False,0,False
33,18,-49.12,-49.12,4.0,0.0,False,0,False
34,18,-50.0,-51.06,3.6,0.1,False,1,False
35,18,-50.97,-50.97,4.0,0.0,False,0,False
36,18,-51.98,-51.98,4.0,0.0,False,0,False
37,18,-52.99,-52.99,4.0,0.0,False,0,False
38,18,-53.98,-53.95,3.6,0.1,False,1,False
39,18,-54.93,-54.87,3.2727,0.1818,False,2,False
40,18,-55.85,-55.85,4.0,0.0,False,0,False
41,18,-54.93,-54.93,4.0,0.0,False,0,False
42,18,-53.98,-54.46,3.2,0.2,False,1,False
43,18,-52.99,-52.67,3.6,0.1,False,1,False
44,18,-51.98,-51.98,4.0,0.0,False,0,False
45,18,-50.97,-52.09,2.7692,0.3077,False,1,False
46,18,-50.0,-50.0,4.0,0.0,False,0,False
47,18,-49.12,-49.12,4.0,0.0,False,0,False
48,18,-48.41,-48.41,4.0,0.0,False,0,False
49,18,-47.93,-47.93,4.0,0.0,False,0,False
50,18,-47.77,-47.77,4.0,0.0,False,0,False
51,18,-47.93,-47.93,4.0,0.0,False,0,False
52,18,-48.41,-48.41,4.0,0.0,False,0,False
53,18,-49.12,-49.01,3.4483,0.1379,False,1,False
54,18,-50.0,-49.65,2.087,0.4783,False,4,False
55,18,-50.97,-50.97,4.0,0.0,False,0,False
56,18,-51.98,-51.68,3.6,0.1,False,1,False
57,18,-52.99,-52.99,4.0,0.0,False,0,False
58,18,-53.98,-53.98,4.0,0.0,False,0,False
59,18,-54.93,-55.65,2.7692,0.3077,False,1,False
60,18,-98.85,-98.85,4.0,0.0,True,0,False
61,18,-99.72,-99.72,4.0,0.0,True,0,False
62,18,-99.84,-99.84,4.0,0.0,True,0,False
63,18,-99.57,-99.57,4.0,0.0,True,0,False
64,18,-99.36,-99.46,3.6,0.1,True,1,False
65,18,-99.24,-99.24,4.0,0.0,True,0,False
66,18,-99.2,-99.2,4.0,0.0,True,0,False
67,18,-99.24,-99.16,3.6,0.1,True,1,False
68,18,-99.36,-99.36,4.0,0.0,True,0,False
69,18,-99.57,-99.57,4.0,0.0,True,0,False
70,18,-99.84,-99.84,4.0,0.0,True,0,False
71,18,-100.17,-100.17,4.0,0.0,True,0,False
72,18,-86.33,-86.33,4.0,0.0,True,0,False
73,18,-68.41,-68.41,4.0,0.0,False,0,False
74,18,-68.49,-68.55,3.1469,0.2133,False,2,False
75,18,-58.91,-59.17,3.1469,0.2133,False,2,False
76,18,-59.4,-58.98,3.1469,0.2133,False,2,False
77,18,-59.9,-59.15,2.7692,0.3077,False,1,False
78,18,-60.41,-61.16,2.7692,0.3077,False,1,False
79,18,-60.92,-60.92,4.0,0.0,False,0,False
0,19,-56.4,-56.4,4.0,0.0,False,0,False
1,19,-55.57,-55.57,4.0,0.0,False,0,False
2,19,-54.72,-54.72,4.0,0.0,False,0,False
3,19,-53.86,-53.86,4.0,0.0,False,0,False
4,19,-52.99,-52.99,4.0,0.0,False,0,False
5,19,-52.15,-52.15,4.0,0.0,False,0,False
6,19,-51.36,-51.26,2.9388,0.2653,False,2,False
7,19,-50.67,-50.67,4.0,0.0,False,0,False
8,19,-50.12,-50.03,3.6,0.1,False,1,False
9,19,-49.76,-49.76,4.0,0.0,False,0,False
10,19,-49.64,-49.64,4.0,0.0,False,0,False
11,19,-49.76,-49.76,4.0,0.0,False,0,False
12,19,-50.12,-50.12,4.0,0.0,False,0,False
13,19,-50.67,-50.65,3.6,0.1,False,1,False
14,19,-51.36,-51.51,3.6,0.1,False,1,False
15,19,-52.15,-52.15,4.0,0.0,False,0,False
16,19,-52.99,-53.1,3.6,0.1,False,1,False
17,19,-53.86,-53.86,4.0,0.0,False,0,False
18,19,-54.72,-54.58,3.6,0.1,False,1,False
19,19,-55.57,-55.57,4.0,0.0,False,0,False
20,19,-56.4,-56.58,3.6,0.1,False,1,False
21,19,-55.57,-55.57,4.0,0.0,False,0,False
22,19,-54.72,-54.72,4.0,0.0,False,0,False
23,19,-53.86,-53.86,4.0,0.0,False,0,False
24,19,-52.99,-52.69,3.2727,0.1818,False,2,False
25,19,-52.15,-52.28,3.6,0.1,False,1,False
26,19,-51.36,-51.36,4.0,0.0,False,0,False
27,19,-50.67,-50.67,4.0,0.0,False,0,False
28,19,-50.12,-51.26,3.6,0.1,False,1,False
29,19,-49.76,-49.42,2.7692,0.3077,False,1,False
30,19,-49.64,-49.64,4.0,0.0,False,0,False
31,19,-49.76,-49.76,4.0,0.0,False,0,False
32,19,-50.12,-50.12,4.0,0.0,False,0,False
33,19,-50.67,-50.77,3.1469,0.2133,False,2,False
34,19,-51.36,-51.36,4.0,0.0,False,0,False
35,19,-52.15,-52.15,3.6,0.1,False,1,False
36,19,-52.99,-52.99,4.0,0.0,False,0,False
37,19,-53.86,-53.89,3.6,0.1,False,1,False
38,19,-54.72,-54.65,3.6,0.1,False,1,False
39,19,-55.57,-55.53,3.6,0.1,False,1,False
40,19,-56.4,-55.98,2.9388,0.2653,False,2,False
41,19,-55.57,-55.48,3.6,0.1,False,1,False
42,19,-54.72,-54.72,4.0,0.0,False,0,False
43,19,-53.86,-53.8,3.4483,0.1379,False,1,False
44,19,-52.99,-53.19,3.6,0.1,False,1,False
45,19,-52.15,-52.15,4.0,0.0,False,0,False
46,19,-51.36,-51.36,4.0,0.0,False,0,False
47,19,-50.67,-50.67,4.0,0.0,False,0,False
48,19,-50.12,-50.12,4.0,0.0,False,0,False
49,19,-49.76,-49.76,4.0,0.0,False,0,False
50,19,-49.64,-49.64,4.0,0.0,False,0,False
51,19,-49.76,-49.76,4.0,0.0,False,0,False
52,19,-50.12,-51.16,2.7692,0.3077,False,1,False
53,19,-50.67,-50.67,4.0,0.0,False,0,False
54,19,-51.36,-51.36,4.0,0.0,False,0,False
55,19,-52.15,-52.15,4.0,0.0,False,0,False
56,19,-52.99,-52.99,4.0,0.0,False,0,False
57,19,-53.86,-53.86,4.0,0.0,False,0,False
58,19,-54.72,-54.98,3.2,0.2,False,1,False
59,19,-55.57,-55.65,2.7692,0.3077,False,1,False
60,19,-99.4,-99.13,3.6,0.1,True,1,False
61,19,-99.28,-99.26,3.6,0.1,True,1,False
62,19,-98.89,-98.89,4.0,0.0,True,0,False
63,19,-98.57,-98.57,4.0,0.0,True,0,False
64,19,-98.34,-98.2,3.6,0.1,True,1,False
65,19,-98.19,-98.19,4.0,0.0,True,0,False
66,19,-98.14,-98.14,4.0,0.0,True,0,False
67,19,-98.19,-98.19,4.0,0.0,True,0,False
68,19,-98.34,-98.6,3.6,0.1,True,1,False
69,19,-98.57,-98.57,4.0,0.0,True,0,False
70,19,-98.89,-98.89,4.0,0.0,True,0,False
71,19,-99.28,-99.39,3.6,0.1,True,1,False
72,19,-67.96,-67.96,4.0,0.0,False,0,False
73,19,-68.04,-68.04,4.0,0.0,False,0,False
74,19,-57.72,-57.82,3.6,0.1,False,1,False
75,19,-58.25,-57.71,3.1469,0.2133,False,2,False
76,19,-58.8,-58.91,3.4483,0.1379,False,1,False
77,19,-59.35,-59.35,4.0,0.0,False,0,False
78,19,-59.9,-60.02,3.4483,0.1379,False,1,False
79,19,-60.45,-60.45,4.0,0.0,False,0,False
0,20,-56.99,-56.94,2.9388,0.2653,False,2,False
1,20,-56.24,-56.4,3.6,0.1,False,1,False
2,20,-55.48,-55.48,4.0,0.0,False,0,False
3,20,-54.72,-55.0,3.6,0.1,False,1,False
4,20,-53.98,-54.34,3.2,0.2,False,1,False
5,20,-53.27,-53.27,4.0,0.0,False,0,False
6,20,-52.62,-52.04,3.4483,0.1379,False,1,False
7,20,-52.07,-52.4,3.6,0.1,False,1,False
8,20,-51.63,-51.63,4.0,0.0,False,0,False
9,20,-51.36,-51.36,4.0,0.0,False,0,False
10,20,-51.27,-51.27,4.0,0.0,False,0,False
11,20,-51.36,-51.36,4.0,0.0,False,0,False
12,20,-51.63,-51.63,4.0,0.0,False,0,False
13,20,-52.07,-52.07,4.0,0.0,False,0,False
14,20,-52.62,-52.62,4.0,0.0,False,0,False
15,20,-53.27,-53.42,2.4828,0.3793,False,3,False
16,20,-53.98,-53.98,4.0,0.0,False,0,False
17,20,-54.72,-54.72,4.0,0.0,False,0,False
18,20,-55.48,-55.26,3.6,0.1,False,1,False
19,20,-56.24,-56.24,4.0,0.0,False,0,False
20,20,-56.99,-56.93,3.6,0.1,False,1,False
21,20,-56.24,-56.12,3.6,0.1,False,1,False
22,20,-55.48,-55.48,4.0,0.0,False,0,False
23,20,-54.72,-54.72,4.0,0.0,False,0,False
24,20,-53.98,-53.98,4.0,0.0,False,0,False
25,20,-53.27,-53.27,4.0,0.0,False,0,False
26,20,-52.62,-52.62,4.0,0.0,False,0,False
27,20,-52.07,-52.07,4.0,0.0,False,0,False
28,20,-51.63,-51.63,4.0,0.0,False,0,False
29,20,-51.36,-51.49,3.6,0.1,False,1,False
30,20,-51.27,-51.27,4.0,0.0,False,0,False
31,20,-51.36,-51.36,4.0,0.0,False,0,False
32,20,-51.63,-51.63,4.0,0.0,False,0,False
33,20,-52.07,-52.07,4.0,0.0,False,0,False
34,20,-52.62,-52.53,3.6,0.1,False,1,False
35,20,-53.27,-53.57,3.6,0.1,False,1,False
36,20,-53.98,-54.42,3.2727,0.1818,False,2,False
37,20,-54.72,-54.46,2.7692,0.3077,False,1,False
38,20,-55.48,-55.34,3.6,0.1,False,1,False
39,20,-56.24,-56.08,3.6,0.1,False,1,False
40,20,-56.99,-56.99,4.0,0.0,False,0,False
41,20,-56.24,-56.01,2.3607,0.4098,False,2,False
42,20,-55.48,-55.48,4.0,0.0,False,0,False
43,20,-54.72,-54.72,4.0,0.0,False,0,False
44,20,-53.98,-53.98,4.0,0.0,False,0,False
45,20,-53.27,-53.27,4.0,0.0,False,0,False
46,20,-52.62,-52.92,3.6,0.1,False,1,False
47,20,-52.07,-52.07,4.0,0.0,False,0,False
48,20,-51.63,-51.63,4.0,0.0,False,0,False
49,20,-51.36,-51.3,3.6,0.1,False,1,False
50,20,-51.27,-51.27,4.0,0.0,False,0,False
51,20,-51.36,-51.44,3.2727,0.1818,False,2,False
52,20,-51.63,-51.95,2.7692,0.3077,False,1,False
53,20,-52.07,-52.35,3.6,0.1,False,1,False
54,20,-52.62,-52.62,4.0,0.0,False,0,False
55,20,-53.27,-52.98,3.4483,0.1379,False,1,False
56,20,-53.98,-53.98,4.0,0.0,False,0,False
57,20,-54.72,-54.72,4.0,0.0,False,0,False
58,20,-55.48,-55.48,4.0,0.0,False,0,False
59,20,-56.24,-55.78,3.6,0.1,False,1,False
60,20,-73.85,-73.54,2.7692,0.3077,False,1,False
61,20,-73.34,-73.34,4.0,0.0,False,0,False
62,20,-72.88,-72.88,4.0,0.0,False,0,False
63,20,-72.5,-72.5,4.0,0.0,False,0,False
64,20,-72.22,-73.09,2.7692,0.3077,False,1,False
65,20,-72.04,-70.8,2.7692,0.3077,False,1,False
66,20,-71.98,-71.87,3.4483,0.1379,False,1,False
67,20,-72.04,-72.04,4.0,0.0,False,0,False
68,20,-72.22,-72.22,4.0,0.0,False,0,False
69,20,-72.5,-72.5,4.0,0.0,False,0,False
70,20,-72.88,-72.88,4.0,0.0,False,0,False
71,20,-73.34,-73.34,4.0,0.0,False,0,False
72,20,-70.55,-70.55,4.0,0.0,False,0,False
73,20,-58.58,-58.58,4.0,0.0,False,0,False
74,20,-59.2,-59.2,4.0,0.0,False,0,False
75,20,-59.84,-59.84,4.0,0.0,False,0,False
76,20,-60.49,-60.49,4.0,0.0,False,0,False
77,20,-61.15,-61.15,4.0,0.0,False,0,False
78,20,-61.79,-61.79,4.0,0.0,False,0,False
79,20,-62.43,-62.43,4.0,0.0,False,0,False
0,21,-57.59,-57.66,3.6,0.1,False,1,False
1,21,-56.91,-56.91,4.0,0.0,False,0,False
2,21,-56.24,-56.37,3.6,0.1,False,1,False
3,21,-55.57,-55.88,3.2,0.2,False,1,False
4,21,-54.93,-54.74,3.6,0.1,False,1,False
5,21,-54.33,-54.33,4.0,0.0,False,0,False
6,21,-53.79,-53.79,4.0,0.0,False,0,False
7,21,-53.34,-53.34,4.0,0.0,False,0,False
8,21,-52.99,-52.99,4.0,0.0,False,0,False
9,21,-52.77,-52.77,4.0,0.0,False,0,False
10,21,-52.7,-52.56,3.6,0.1,False,1,False
11,21,-52.77,-52.77,4.0,0.0,False,0,False
12,21,-52.99,-52.5,3.6,0.1,False,1,False
13,21,-53.34,-53.34,4.0,0.0,False,0,False
14,21,-53.79,-53.79,4.0,0.0,False,0,False
15,21,-54.33,-54.33,4.0,0.0,False,0,False
16,21,-54.93,-54.93,4.0,0.0,False,0,False
17,21,-55.57,-55.55,2.7692,0.3077,False,1,False
18,21,-56.24,-55.77,3.6,0.1,False,1,False
19,21,-56.91,-56.91,4.0,0.0,False,0,False
20,21,-57.59,-57.59,4.0,0.0,False,0,False
21,21,-56.91,-57.26,2.7692,0.3077,False,1,False
22,21,-56.24,-56.24,4.0,0.0,False,0,False
23,21,-55.57,-55.57,4.0,0.0,False,0,False
24,21,-54.93,-54.93,4.0,0.0,False,0,False
25,21,-54.33,-54.66,3.6,0.1,False,1,False
26,21,-53.79,-53.64,3.2727,0.1818,False,2,False
27,21,-53.34,-53.34,4.0,0.0,False,0,False
28,21,-52.99,-52.99,4.0,0.0,False,0,False
29,21,-52.77,-52.4,3.6,0.1,False,1,False
30,21,-52.7,-52.7,4.0,0.0,False,0,False
31,21,-52.77,-52.77,4.0,0.0,False,0,False
32,21,-52.99,-52.99,4.0,0.0,False,0,False
33,21,-53.34,-53.34,4.0,0.0,False,0,False
34,21,-53.79,-53.79,4.0,0.0,False,0,False
35,21,-54.33,-55.71,3.4483,0.1379,False,1,False
36,21,-54.93,-54.93,4.0,0.0,False,0,False
37,21,-55.57,-55.57,4.0,0.0,False,0,False
38,21,-56.24,-56.24,4.0,0.0,False,0,False
39,21,-56.91,-56.9,2.9388,0.2653,False,2,False
40,21,-57.59,-57.59,4.0,0.0,False,0,False
41,21,-56.91,-56.91,4.0,0.0,False,0,False
42,21,-56.24,-56.24,4.0,0.0,False,0,False
43,21,-55.57,-54.87,2.7692,0.3077,False,1,False
44,21,-54.93,-54.93,4.0,0.0,False,0,False
45,21,-54.33,-54.33,4.0,0.0,False,0,False
46,21,-53.79,-53.45,2.7692,0.3077,False,1,False
47,21,-53.34,-53.13,3.2,0.2,False,1,False
48,21,-52.99,-52.99,4.0,0.0,False,0,False
49,21,-52.77,-52.77,4.0,0.0,False,0,False
50,21,-52.7,-52.7,4.0,0.0,False,0,False
51,21,-52.77,-52.77,4.0,0.0,False,0,False
52,21,-52.99,-52.99,4.0,0.0,False,0,False
53,21,-53.34,-53.22,3.2,0.2,False,1,False
54,21,-53.79,-53.95,2.7692,0.3077,False,1,False
55,21,-54.33,-54.33,4.0,0.0,False,0,False
56,21,-54.93,-54.57,3.6,0.1,False,1,False
57,21,-55.57,-55.57,4.0,0.0,False,0,False
58,21,-56.24,-56.24,4.0,0.0,False,0,False
59,21,-55.57,-55.74,3.6,0.1,False,1,False
60,21,-72.93,-72.93,4.0,0.0,False,0,False
61,21,-72.33,-72.33,4.0,0.0,False,0,False
62,21,-71.79,-71.79,4.0,0.0,False,0,False
63,21,-71.34,-71.34,4.0,0.0,False,0,False
64,21,-70.99,-70.99,4.0,0.0,False,0,False
65,21,-70.77,-70.77,4.0,0.0,False,0,False
66,21,-70.7,-70.7,4.0,0.0,False,0,False
67,21,-70.77,-70.77,4.0,0.0,False,0,False
68,21,-70.99,-70.99,4.0,0.0,False,0,False
69,21,-71.34,-71.34,4.0,0.0,False,0,False
70,21,-71.79,-71.79,4.0,0.0,False,0,False
71,21,-72.33,-72.33,4.0,0.0,False,0,False
72,21,-70.12,-70.12,4.0,0.0,False,0,False
73,21,-57.69,-57.69,4.0,0.0,False,0,False
74,21,-58.4,-58.4,4.0,0.0,False,0,False
75,21,-59.12,-59.12,4.0,0.0,False,0,False
76,21,-59.84,-59.84,4.0,0.0,False,0,False
77,21,-60.56,-60.56,4.0,0.0,False,0,False
78,21,-61.26,-61.26,4.0,0.0,False,0,False
79,21,-61.95,-61.95,4.0,0.0,False,0,False
0,22,-58.19,-58.19,4.0,0.0,False,0,False
1,22,-57.59,-57.97,3.6,0.1,False,1,False
2,22,-56.99,-56.99,4.0,0.0,False,0,False
3,22,-56.4,-55.86,2.9388,0.2653,False,2,False
4,22,-55.85,-55.85,4.0,0.0,False,0,False
5,22,-55.34,-55.34,4.0,0.0,False,0,False
6,22,-54.88,-54.88,4.0,0.0,False,0,False
7,22,-54.5,-54.8,3.6,0.1,False,1,False
8,22,-54.22,-54.39,3.6,0.1,False,1,False
9,22,-54.04,-54.04,4.0,0.0,False,0,False
10,22,-53.98,-54.17,3.4483,0.1379,False,1,False
11,22,-54.04,-54.24,3.6,0.1,False,1,False
12,22,-54.22,-54.22,4.0,0.0,False,0,False
13,22,-54.5,-55.31,2.7692,0.3077,False,1,False
14,22,-54.88,-54.72,3.6,0.1,False,1,False
15,22,-55.34,-55.54,3.6,0.1,False,1,False
16,22,-55.85,-55.64,3.6,0.1,False,1,False
17,22,-56.4,-56.4,4.0,0.0,False,0,False
18,22,-56.99,-56.62,3.2,0.2,False,1,False
19,22,-57.59,-57.59,4.0,0.0,False,0,False
20,22,-58.19,-58.19,4.0,0.0,False,0,False
21,22,-57.59,-57.59,4.0,0.0,False,0,False
22,22,-56.99,-56.99,4.0,0.0,False,0,False
23,22,-56.4,-56.4,4.0,0.0,False,0,False
24,22,-55.85,-55.85,4.0,0.0,False,0,False
25,22,-55.34,-54.85,3.6,0.1,False,1,False
26,22,-54.88,-54.88,4.0,0.0,False,0,False
27,22,-54.5,-54.5,4.0,0.0,False,0,False
28,22,-54.22,-54.22,4.0,0.0,False,0,False
29,22,-54.04,-54.04,4.0,0.0,False,0,False
30,22,-53.98,-53.98,4.0,0.0,False,0,False
31,22,-54.04,-53.57,3.2727,0.1818,False,2,False
32,22,-54.22,-56.27,3.2,0.2,False,1,False
33,22,-54.5,-54.41,3.2,0.2,False,1,False
34,22,-54.88,-54.88,4.0,0.0,False,0,False
35,22,-55.34,-55.34,4.0,0.0,False,0,False
36,22,-55.85,-55.85,4.0,0.0,False,0,False
37,22,-56.4,-56.4,4.0,0.0,False,0,False
38,22,-56.99,-56.29,2.9388,0.2653,False,2,False
39,22,-57.59,-57.59,4.0,0.0,False,0,False
40,22,-58.19,-58.19,4.0,0.0,False,0,False
41,22,-57.59,-57.59,4.0,0.0,False,0,False
42,22,-56.99,-56.9,3.4483,0.1379,False,1,False
43,22,-56.4,-56.0,2.9388,0.2653,False,2,False
44,22,-55.85,-55.85,4.0,0.0,False,0,False
45,22,-55.34,-55.34,4.0,0.0,False,0,False
46,22,-54.88,-54.88,4.0,0.0,False,0,False
47,22,-54.5,-54.5,4.0,0.0,False,0,False
48,22,-54.22,-54.22,3.6,0.1,False,1,False
49,22,-54.04,-54.04,4.0,0.0,False,0,False
50,22,-53.98,-53.98,4.0,0.0,False,0,False
51,22,-54.04,-54.04,4.0,0.0,False,0,False
52,22,-54.22,-54.22,4.0,0.0,False,0,False
53,22,-54.5,-54.5,4.0,0.0,False,0,False
54,22,-54.88,-55.1,3.2727,0.1818,False,2,False
55,22,-55.34,-55.34,4.0,0.0,False,0,False
56,22,-55.85,-55.75,3.2727,0.1818,False,2,False
57,22,-56.24,-55.95,3.2,0.2,False,1,False
58,22,-55.48,-55.48,4.0,0.0,False,0,False
59,22,-54.72,-54.72,4.0,0.0,False,0,False
60,22,-53.98,-53.98,4.0,0.0,False,0,False
61,22,-53.27,-53.27,4.0,0.0,False,0,False
62,22,-52.62,-52.62,4.0,0.0,False,0,False
63,22,-52.07,-52.07,4.0,0.0,False,0,False
64,22,-51.63,-51.63,4.0,0.0,False,0,False
65,22,-51.36,-51.36,4.0,0.0,False,0,False
66,22,-51.27,-51.27,4.0,0.0,False,0,False
67,22,-51.36,-51.36,4.0,0.0,False,0,False
68,22,-51.63,-51.63,4.0,0.0,False,0,False
69,22,-52.07,-52.07,4.0,0.0,False,0,False
70,22,-52.62,-52.82,2.7692,0.3077,False,1,False
71,22,-53.27,-53.27,4.0,0.0,False,0,False
72,22,-55.98,-55.98,4.0,0.0,False,0,False
73,22,-56.78,-56.78,4.0,0.0,False,0,False
74,22,-57.59,-57.59,4.0,0.0,False,0,False
75,22,-58.4,-58.4,4.0,0.0,False,0,False
76,22,-59.2,-59.66,3.2,0.2,False,1,False
77,22,-59.99,-59.94,3.2,0.2,False,1,False
78,22,-60.75,-60.75,4.0,0.0,False,0,False
79,22,-61.49,-61.49,4.0,0.0,False,0,False
0,23,-58.8,-58.67,3.2,0.2,False,1,False
1,23,-58.25,-58.25,4.0,0.0,False,0,False
2,23,-57.72,-57.67,3.6,0.1,False,1,False
3,23,-57.21,-57.21,4.0,0.0,False,0,False
4,23,-56.72,-57.16,3.6,0.1,False,1,False
5,23,-56.28,-56.28,4.0,0.0,False,0,False
6,23,-55.89,-55.89,4.0,0.0,False,0,False
7,23,-55.57,-55.57,4.0,0.0,False,0,False
8,23,-55.34,-55.34,4.0,0.0,False,0,False
9,23,-55.19,-55.19,4.0,0.0,False,0,False
10,23,-55.14,-55.14,4.0,0.0,False,0,False
11,23,-55.19,-55.19,4.0,0.0,False,0,False
12,23,-55.34,-55.34,4.0,0.0,False,0,False
13,23,-55.57,-55.73,3.6,0.1,False,1,False
14,23,-55.89,-55.89,4.0,0.0,False,0,False
15,23,-56.28,-56.28,4.0,0.0,False,0,False
16,23,-56.72,-56.57,3.6,0.1,False,1,False
17,23,-57.21,-57.31,3.6,0.1,False,1,False
18,23,-57.72,-57.72,4.0,0.0,False,0,False
19,23,-58.25,-58.25,4.0,0.0,False,0,False
20,23,-58.8,-58.8,4.0,0.0,False,0,False
21,23,-58.25,-58.25,4.0,0.0,False,0,False
22,23,-57.72,-57.59,3.6,0.1,False,1,False
23,23,-57.21,-57.53,3.6,0.1,False,1,False
24,23,-56.72,-56.72,4.0,0.0,False,0,False
25,23,-56.28,-56.28,4.0,0.0,False,0,False
26,23,-55.89,-55.93,3.6,0.1,False,1,False
27,23,-55.57,-56.27,3.2,0.2,False,1,False
28,23,-55.34,-55.34,4.0,0.0,False,0,False
29,23,-55.19,-55.19,4.0,0.0,False,0,False
30,23,-55.14,-55.14,4.0,0.0,False,0,False
31,23,-55.19,-56.01,3.1469,0.2133,False,2,False
32,23,-55.34,-55.34,4.0,0.0,False,0,False
33,23,-55.57,-55.57,4.0,0.0,False,0,False
34,23,-55.89,-55.86,3.6,0.1,False,1,False
35,23,-56.28,-56.28,4.0,0.0,False,0,False
36,23,-56.72,-56.94,3.6,0.1,False,1,False
37,23,-57.21,-57.21,4.0,0.0,False,0,False
38,23,-57.72,-57.72,4.0,0.0,False,0,False
39,23,-58.25,-58.25,4.0,0.0,False,0,False
40,23,-58.8,-59.06,3.2,0.2,False,1,False
41,23,-58.25,-58.25,4.0,0.0,False,0,False
42,23,-57.72,-57.72,4.0,0.0,False,0,False
43,23,-57.21,-57.21,4.0,0.0,False,0,False
44,23,-56.72,-56.72,4.0,0.0,False,0,False
45,23,-56.28,-56.35,3.6,0.1,False,1,False
46,23,-55.89,-55.89,4.0,0.0,False,0,False
47,23,-55.57,-55.57,4.0,0.0,False,0,False
48,23,-55.34,-55.34,4.0,0.0,False,0,False
49,23,-55.19,-55.01,3.6,0.1,False,1,False
50,23,-55.14,-55.9,3.1469,0.2133,False,2,False
51,23,-55.19,-54.99,3.6,0.1,False,1,False
52,23,-55.34,-54.81,3.2,0.2,False,1,False
53,23,-55.57,-55.52,3.6,0.1,False,1,False
54,23,-55.89,-55.89,4.0,0.0,False,0,False
55,23,-56.28,-56.28,4.0,0.0,False,0,False
56,23,-56.4,-56.4,4.0,0.0,False,0,False
57,23,-55.57,-55.57,4.0,0.0,False,0,False
58,23,-54.72,-54.72,4.0,0.0,False,0,False
59,23,-53.86,-53.3,2.6667,0.3333,False,2,False
60,23,-52.99,-52.99,4.0,0.0,False,0,False
61,23,-52.15,-52.15,4.0,0.0,False,0,False
62,23,-51.36,-51.36,4.0,0.0,False,0,False
63,23,-50.67,-50.67,4.0,0.0,False,0,False
64,23,-50.12,-50.12,4.0,0.0,False,0,False
65,23,-49.76,-49.76,4.0,0.0,False,0,False
66,23,-49.64,-49.64,4.0,0.0,False,0,False
67,23,-49.76,-49.76,4.0,0.0,False,0,False
68,23,-50.12,-50.12,4.0,0.0,False,0,False
69,23,-50.67,-50.67,4.0,0.0,False,0,False
70,23,-51.36,-51.36,4.0,0.0,False,0,False
71,23,-52.15,-52.15,4.0,0.0,False,0,False
72,23,-54.92,-54.92,4.0,0.0,False,0,False
73,23,-55.85,-55.85,4.0,0.0,False,0,False
74,23,-56.78,-56.78,4.0,0.0,False,0,False
75,23,-57.69,-57.69,4.0,0.0,False,0,False
76,23,-58.58,-58.58,4.0,0.0,False,0,False
77,23,-59.44,-59.44,4.0,0.0,False,0,False
78,23,-60.26,-60.26,4.0,0.0,False,0,False
79,23,-61.06,-61.06,4.0,0.0,False,0,False
0,24,-59.4,-59.4,4.0,0.0,False,0,False
1,24,-58.91,-58.91,4.0,0.0,False,0,False
2,24,-58.43,-58.21,3.6,0.1,False,1,False
3,24,-57.98,-57.98,4.0,0.0,False,0,False
4,24,-57.55,-57.5,3.2,0.2,False,1,False
5,24,-57.17,-57.05,3.2727,0.1818,False,2,False
6,24,-56.84,-56.84,4.0,0.0,False,0,False
7,24,-56.57,-56.27,3.6,0.1,False,1,False
8,24,-56.36,-56.36,4.0,0.0,False,0,False
9,24,-56.24,-56.44,3.2,0.2,False,1,False
10,24,-56.2,-56.2,4.0,0.0,False,0,False
11,24,-56.24,-56.24,4.0,0.0,False,0,False
12,24,-56.36,-56.48,3.2,0.2,False,1,False
13,24,-56.57,-56.57,4.0,0.0,False,0,False
14,24,-56.84,-56.88,3.6,0.1,False,1,False
15,24,-57.17,-57.17,4.0,0.0,False,0,False
16,24,-57.55,-57.55,4.0,0.0,False,0,False
17,24,-57.98,-57.41,3.6,0.1,False,1,False
18,24,-58.43,-58.43,4.0,0.0,False,0,False
19,24,-58.91,-57.95,2.7692,0.3077,False,1,False
20,24,-59.4,-59.4,4.0,0.0,False,0,False
21,24,-58.91,-58.91,4.0,0.0,False,0,False
22,24,-58.43,-58.43,4.0,0.0,False,0,False
23,24,-57.98,-57.98,4.0,0.0,False,0,False
24,24,-57.55,-57.55,4.0,0.0,False,0,False
25,24,-57.17,-57.33,3.6,0.1,False,1,False
26,24,-56.84,-56.7,3.4483,0.1379,False,1,False
27,24,-56.57,-56.73,3.6,0.1,False,1,False
28,24,-56.36,-56.36,4.0,0.0,False,0,False
29,24,-56.24,-56.24,4.0,0.0,False,0,False
30,24,-56.2,-56.04,3.2727,0.1818,False,2,False
31,24,-56.24,-55.9,3.2,0.2,False,1,False
32,24,-56.36,-56.36,4.0,0.0,False,0,False
33,24,-56.57,-57.95,2.7692,0.3077,False,1,False
34,24,-56.84,-56.84,4.0,0.0,False,0,False
35,24,-57.17,-57.46,3.2,0.2,False,1,False
36,24,-57.55,-57.17,2.9388,0.2653,False,2,False
37,24,-57.98,-57.98,4.0,0.0,False,0,False
38,24,-58.43,-58.43,4.0,0.0,False,0,False
39,24,-58.91,-58.91,4.0,0.0,False,0,False
40,24,-59.4,-59.4,4.0,0.0,False,0,False
41,24,-58.91,-58.91,4.0,0.0,False,0,False
42,24,-58.43,-58.43,4.0,0.0,False,0,False
43,24,-57.98,-57.98,4.0,0.0,False,0,False
44,24,-57.55,-57.55,4.0,0.0,False,0,False
45,24,-57.17,-56.88,3.2,0.2,False,1,False
46,24,-56.84,-56.97,3.6,0.1,False,1,False
47,24,-56.57,-56.47,3.6,0.1,False,1,False
48,24,-56.36,-56.11,3.6,0.1,False,1,False
49,24,-56.24,-56.24,4.0,0.0,False,0,False
50,24,-56.2,-56.2,4.0,0.0,False,0,False
51,24,-56.24,-56.24,4.0,0.0,False,0,False
52,24,-56.36,-56.36,4.0,0.0,False,0,False
53,24,-56.57,-56.57,4.0,0.0,False,0,False
54,24,-56.84,-56.84,4.0,0.0,False,0,False
55,24,-56.72,-56.72,4.0,0.0,False,0,False
56,24,-55.85,-55.7,3.6,0.1,False,1,False
57,24,-54.93,-54.93,4.0,0.0,False,0,False
58,24,-53.98,-53.98,4.0,0.0,False,0,False
59,24,-52.99,-53.28,3.6,0.1,False,1,False
60,24,-51.98,-51.98,4.0,0.0,False,0,False
61,24,-50.97,-50.97,4.0,0.0,False,0,False
62,24,-50.0,-50.0,4.0,0.0,False,0,False
63,24,-49.12,-49.12,4.0,0.0,False,0,False
64,24,-48.41,-48.41,4.0,0.0,False,0,False
65,24,-47.93,-48.28,2.7692,0.3077,False,1,False
66,24,-47.77,-47.77,4.0,0.0,False,0,False
67,24,-47.93,-47.93,4.0,0.0,False,0,False
68,24,-48.41,-48.41,4.0,0.0,False,0,False
69,24,-49.12,-49.12,4.0,0.0,False,0,False
70,24,-50.0,-50.0,4.0,0.0,False,0,False
71,24,-50.97,-50.97,4.0,0.0,False,0,False
72,24,-53.84,-53.84,4.0,0.0,False,0,False
73,24,-54.92,-54.92,4.0,0.0,False,0,False
74,24,-55.98,-55.98,4.0,0.0,False,0,False
75,24,-57.0,-57.0,4.0,0.0,False,0,False
76,24,-57.98,-57.98,4.0,0.0,False,0,False
77,24,-58.92,-58.92,4.0,0.0,False,0,False
78,24,-59.81,-59.81,4.0,0.0,False,0,False
79,24,-60.66,-60.66,4.0,0.0,False,0,False
0,25,-62.43,-62.43,4.0,0.0,False,0,False
1,25,-61.95,-61.95,4.0,0.0,False,0,False
2,25,-61.49,-61.49,4.0,0.0,False,0,False
3,25,-61.06,-61.06,4.0,0.0,False,0,False
4,25,-60.66,-60.66,4.0,0.0,False,0,False
5,25,-60.3,-59.84,3.4483,0.1379,False,1,False
6,25,-59.99,-59.99,4.0,0.0,False,0,False
7,25,-59.74,-59.74,4.0,0.0,False,0,False
8,25,-59.55,-59.93,3.4483,0.1379,False,1,False
9,25,-59.44,-59.44,4.0,0.0,False,0,False
10,25,-59.4,-59.4,4.0,0.0,False,0,False
11,25,-59.44,-59.92,3.4483,0.1379,False,1,False
12,25,-59.55,-59.55,4.0,0.0,False,0,False
13,25,-59.74,-59.74,4.0,0.0,False,0,False
14,25,-59.99,-59.99,4.0,0.0,False,0,False
15,25,-60.3,-60.81,3.2,0.2,False,1,False
16,25,-60.66,-60.66,4.0,0.0,False,0,False
17,25,-61.06,-61.06,3.4483,0.1379,False,1,False
18,25,-61.49,-61.49,4.0,0.0,False,0,False
19,25,-61.95,-62.04,3.4483,0.1379,False,1,False
20,25,-62.43,-62.43,4.0,0.0,False,0,False
21,25,-61.95,-62.02,2.3607,0.4098,False,2,False
22,25,-61.49,-61.49,4.0,0.0,False,0,False
23,25,-61.06,-61.06,4.0,0.0,False,0,False
24,25,-60.66,-60.66,4.0,0.0,False,0,False
25,25,-60.3,-60.3,4.0,0.0,False,0,False
26,25,-59.99,-59.79,3.4483,0.1379,False,1,False
27,25,-59.74,-59.74,4.0,0.0,False,0,False
28,25,-59.55,-59.21,3.4483,0.1379,False,1,False
29,25,-59.44,-59.64,3.2,0.2,False,1,False
30,25,-59.4,-59.4,4.0,0.0,False,0,False
31,25,-59.44,-59.44,4.0,0.0,False,0,False
32,25,-59.55,-59.55,4.0,0.0,False,0,False
33,25,-59.74,-59.74,4.0,0.0,False,0,False
34,25,-59.99,-59.99,4.0,0.0,False,0,False
35,25,-60.3,-60.3,4.0,0.0,False,0,False
36,25,-60.66,-60.66,4.0,0.0,False,0,False
37,25,-61.06,-60.2,3.2,0.2,False,1,False
38,25,-61.49,-61.49,4.0,0.0,False,0,False
39,25,-61.95,-61.95,4.0,0.0,False,0,False
40,25,-62.43,-62.43,4.0,0.0,False,0,False
41,25,-61.95,-61.95,4.0,0.0,False,0,False
42,25,-61.49,-61.49,4.0,0.0,False,0,False
43,25,-61.06,-61.06,4.0,0.0,False,0,False
44,25,-60.66,-60.66,4.0,0.0,False,0,False
45,25,-60.3,-60.62,3.4483,0.1379,False,1,False
46,25,-59.99,-59.99,4.0,0.0,False,0,False
47,25,-59.74,-59.74,4.0,0.0,False,0,False
48,25,-59.55,-59.55,4.0,0.0,False,0,False
49,25,-59.44,-59.44,4.0,0.0,False,0,False
50,25,-59.4,-59.4,4.0,0.0,False,0,False
51,25,-59.44,-59.21,3.2,0.2,False,1,False
52,25,-59.55,-59.55,4.0,0.0,False,0,False
53,25,-59.74,-59.74,4.0,0.0,False,0,False
54,25,-59.4,-59.4,4.0,0.0,False,0,False
55,25,-58.44,-58.42,3.2,0.2,False,1,False
56,25,-57.43,-57.43,4.0,0.0,False,0,False
57,25,-56.36,-56.36,4.0,0.0,False,0,False
58,25,-55.22,-55.22,4.0,0.0,False,0,False
59,25,-54.02,-54.02,4.0,0.0,False,0,False
60,25,-50.97,-51.06,3.0303,0.2424,False,2,False
61,25,-49.76,-49.11,3.4483,0.1379,False,1,False
62,25,-48.56,-48.56,4.0,0.0,False,0,False
63,25,-47.42,-47.42,4.0,0.0,False,0,False
64,25,-46.45,-46.59,3.4483,0.1379,False,1,False
65,25,-45.79,-46.44,2.7692,0.3077,False,1,False
66,25,-45.55,-45.46,3.2,0.2,False,1,False
67,25,-45.79,-45.2,2.7692,0.3077,False,1,False
68,25,-46.45,-46.15,3.4483,0.1379,False,1,False
69,25,-47.42,-46.96,2.4931,0.3767,False,2,False
70,25,-48.56,-48.56,4.0,0.0,False,0,False
71,25,-49.76,-49.76,4.0,0.0,False,0,False
72,25,-52.76,-52.76,4.0,0.0,False,0,False
73,25,-54.02,-54.02,4.0,0.0,False,0,False
74,25,-55.22,-54.84,3.2,0.2,False,1,False
75,25,-56.36,-56.19,3.2,0.2,False,1,False
76,25,-57.43,-57.43,4.0,0.0,False,0,False
77,25,-58.44,-58.74,3.2,0.2,False,1,False
78,25,-59.4,-59.4,4.0,0.0,False,0,False
79,25,-60.3,-60.49,3.2,0.2,False,1,False
0,26,-63.05,-63.05,4.0,0.0,False,0,False
1,26,-62.62,-62.62,4.0,0.0,False,0,False
2,26,-62.2,-62.2,4.0,0.0,False,0,False
3,26,-61.82,-61.36,2.267,0.4332,False,3,False
4,26,-61.46,-61.54,3.4483,0.1379,False,1,False
5,26,-61.15,-60.73,3.4483,0.1379,False,1,False
6,26,-60.87,-60.87,4.0,0.0,False,0,False
7,26,-60.66,-60.66,4.0,0.0,False,0,False
8,26,-60.49,-60.49,4.0,0.0,False,0,False
9,26,-60.4,-60.4,4.0,0.0,False,0,False
10,26,-60.36,-60.36,4.0,0.0,False,0,False
11,26,-60.4,-60.4,4.0,0.0,False,0,False
12,26,-60.49,-60.49,4.0,0.0,False,0,False
13,26,-60.66,-60.66,4.0,0.0,False,0,False
14,26,-60.87,-60.26,3.2,0.2,False,1,False
15,26,-61.15,-61.15,4.0,0.0,False,0,False
16,26,-61.46,-61.46,4.0,0.0,False,0,False
17,26,-61.82,-61.82,4.0,0.0,False,0,False
18,26,-62.2,-62.2,4.0,0.0,False,0,False
19,26,-62.62,-62.29,2.7692,0.3077,False,1,False
20,26,-63.05,-63.05,4.0,0.0,False,0,False
21,26,-62.62,-62.62,4.0,0.0,False,0,False
22,26,-62.2,-61.87,2.7692,0.3077,False,1,False
23,26,-61.82,-61.82,4.0,0.0,False,0,False
24,26,-61.46,-61.46,4.0,0.0,False,0,False
25,26,-61.15,-61.15,4.0,0.0,False,0,False
26,26,-60.87,-60.59,2.7692,0.3077,False,1,False
27,26,-60.66,-60.71,3.4483,0.1379,False,1,False
28,26,-60.49,-60.49,4.0,0.0,False,0,False
29,26,-60.4,-60.4,4.0,0.0,False,0,False
30,26,-60.36,-60.36,4.0,0.0,False,0,False
31,26,-60.4,-60.4,4.0,0.0,False,0,False
32,26,-60.49,-61.31,2.4931,0.3767,False,2,False
33,26,-60.66,-60.66,4.0,0.0,False,0,False
34,26,-60.87,-60.18,3.2,0.2,False,1,False
35,26,-61.15,-61.15,4.0,0.0,False,0,False
36,26,-61.46,-60.92,3.4483,0.1379,False,1,False
37,26,-61.82,-62.13,3.2,0.2,False,1,False
38,26,-62.2,-62.2,4.0,0.0,False,0,False
39,26,-62.62,-62.62,4.0,0.0,False,0,False
40,26,-63.05,-63.05,4.0,0.0,False,0,False
41,26,-62.62,-62.59,3.4483,0.1379,False,1,False
42,26,-62.2,-62.37,2.4931,0.3767,False,2,False
43,26,-61.82,-61.82,4.0,0.0,False,0,False
44,26,-61.46,-61.46,4.0,0.0,False,0,False
45,26,-61.15,-61.15,4.0,0.0,False,0,False
46,26,-60.87,-60.87,4.0,0.0,False,0,False
47,26,-60.66,-60.66,4.0,0.0,False,0,False
48,26,-60.49,-60.49,4.0,0.0,False,0,False
49,26,-60.4,-60.4,4.0,0.0,False,0,False
50,26,-60.36,-60.36,4.0,0.0,False,0,False
51,26,-60.4,-60.4,4.0,0.0,False,0,False
52,26,-60.49,-60.49,4.0,0.0,False,0,False
53,26,-59.99,-59.99,4.0,0.0,False,0,False
54,26,-59.04,-59.12,3.4483,0.1379,False,1,False
55,26,-58.03,-58.03,4.0,0.0,False,0,False
56,26,-56.95,-56.63,3.4483,0.1379,False,1,False
57,26,-55.78,-55.78,4.0,0.0,False,0,False
58,26,-54.53,-54.53,4.0,0.0,False,0,False
59,26,-53.17,-53.23,3.0303,0.2424,False,2,False
60,26,-50.0,-50.0,4.0,0.0,False,0,False
61,26,-48.56,-48.56,4.0,0.0,False,0,False
62,26,-47.05,-47.48,3.2,0.2,False,1,False
63,26,-45.55,-45.55,4.0,0.0,False,0,False
64,26,-44.19,-44.11,3.4483,0.1379,False,1,False
65,26,-43.21,-43.21,4.0,0.0,False,0,False
66,26,-42.84,-42.65,2.1176,0.4706,False,2,False
67,26,-43.21,-43.17,3.4483,0.1379,False,1,False
68,26,-44.19,-44.21,3.4483,0.1379,False,1,False
69,26,-45.55,-46.12,3.2,0.2,False,1,False
70,26,-47.05,-47.05,4.0,0.0,False,0,False
71,26,-48.56,-48.8,3.4483,0.1379,False,1,False
72,26,-51.72,-51.72,4.0,0.0,False,0,False
73,26,-53.17,-53.17,4.0,0.0,False,0,False
74,26,-54.53,-54.53,4.0,0.0,False,0,False
75,26,-55.78,-55.78,4.0,0.0,False,0,False
76,26,-56.95,-56.95,4.0,0.0,False,0,False
77,26,-58.03,-58.03,4.0,0.0,False,0,False
78,26,-59.04,-59.04,4.0,0.0,False,0,False
79,26,-59.99,-60.73,3.2,0.2,False,1,False
0,27,-63.66,-63.66,4.0,0.0,False,0,False
1,27,-63.27,-63.05,3.4483,0.1379,False,1,False
2,27,-62.89,-62.89,4.0,0.0,False,0,False
3,27,-62.55,-62.55,4.0,0.0,False,0,False
4,27,-62.23,-62.64,3.4483,0.1379,False,1,False
5,27,-61.95,-61.95,4.0,0.0,False,0,False
6,27,-61.71,-61.16,3.2,0.2,False,1,False
7,27,-61.52,-61.52,4.0,0.0,False,0,False
8,27,-61.38,-61.38,4.0,0.0,False,0,False
9,27,-61.29,-61.29,4.0,0.0,False,0,False
10,27,-61.26,-61.26,4.0,0.0,False,0,False
11,27,-61.29,-61.29,4.0,0.0,False,0,False
12,27,-61.38,-61.38,4.0,0.0,False,0,False
13,27,-61.52,-61.52,4.0,0.0,False,0,False
14,27,-61.71,-61.71,4.0,0.0,False,0,False
15,27,-61.95,-62.1,3.4483,0.1379,False,1,False
16,27,-62.23,-62.42,3.2,0.2,False,1,False
17,27,-62.55,-62.55,4.0,0.0,False,0,False
18,27,-62.89,-62.55,3.4483,0.1379,False,1,False
19,27,-63.27,-63.23,2.8369,0.2908,False,2,False
20,27,-63.66,-63.66,4.0,0.0,False,0,False
21,27,-63.27,-63.27,4.0,0.0,False,0,False
22,27,-62.89,-62.89,4.0,0.0,False,0,False
23,27,-62.55,-62.55,4.0,0.0,False,0,False
24,27,-62.23,-62.23,4.0,0.0,False,0,False
25,27,-61.95,-61.95,4.0,0.0,False,0,False
26,27,-61.71,-61.71,4.0,0.0,False,0,False
27,27,-61.52,-61.52,4.0,0.0,False,0,False
28,27,-61.38,-61.85,3.0303,0.2424,False,2,False
29,27,-61.29,-61.29,4.0,0.0,False,0,False
30,27,-61.26,-61.26,4.0,0.0,False,0,False
31,27,-61.29,-61.29,4.0,0.0,False,0,False
32,27,-61.38,-61.38,4.0,0.0,False,0,False
33,27,-61.52,-61.52,4.0,0.0,False,0,False
34,27,-61.71,-61.49,3.2,0.2,False,1,False
35,27,-61.95,-62.1,3.2,0.2,False,1,False
36,27,-62.23,-61.9,3.2,0.2,False,1,False
37,27,-62.55,-62.56,3.4483,0.1379,False,1,False
38,27,-62.89,-62.89,4.0,0.0,False,0,False
39,27,-63.27,-63.27,4.0,0.0,False,0,False
40,27,-63.66,-63.66,4.0,0.0,False,0,False
41,27,-63.27,-63.27,4.0,0.0,False,0,False
42,27,-62.89,-62.81,3.4483,0.1379,False,1,False
43,27,-62.55,-62.43,2.7692,0.3077,False,1,False
44,27,-62.23,-62.07,3.2,0.2,False,1,False
45,27,-61.95,-62.13,3.2,0.2,False,1,False
46,27,-61.71,-61.7,3.4483,0.1379,False,1,False
47,27,-61.52,-61.23,3.2,0.2,False,1,False
48,27,-61.38,-61.38,4.0,0.0,False,0,False
49,27,-61.29,-61.29,4.0,0.0,False,0,False
50,27,-61.26,-61.26,3.4483,0.1379,False,1,False
51,27,-61.29,-61.3,3.2,0.2,False,1,False
52,27,-60.66,-60.66,4.0,0.0,False,0,False
53,27,-59.74,-59.74,4.0,0.0,False,0,False
54,27,-58.75,-58.75,4.0,0.0,False,0,False
55,27,-57.69,-57.69,4.0,0.0,False,0,False
56,27,-56.54,-56.55,3.4483,0.1379,False,1,False
57,27,-55.29,-55.29,4.0,0.0,False,0,False
58,27,-53.93,-54.07,3.4483,0.1379,False,1,False
59,27,-52.43,-51.54,2.8369,0.2908,False,2,False
60,27,-49.12,-48.6,2.7692,0.3077,False,1,False
61,27,-47.42,-47.42,4.0,0.0,False,0,False
62,27,-45.55,-45.6,3.4483,0.1379,False,1,False
63,27,-43.55,-43.94,3.4483,0.1379,False,1,False
64,27,-41.57,-41.57,4.0,0.0,False,0,False
65,27,-39.98,-39.84,3.4483,0.1379,False,1,False
66,27,-39.34,-38.82,3.0303,0.2424,False,2,False
67,27,-39.98,-39.7,3.4483,0.1379,False,1,False
68,27,-41.57,-41.22,3.4483,0.1379,False,1,False
69,27,-43.55,-43.55,4.0,0.0,False,0,False
70,27,-45.55,-45.55,4.0,0.0,False,0,False
71,27,-47.42,-47.3,2.4096,0.3976,False,3,False
72,27,-50.78,-50.78,4.0,0.0,False,0,False
73,27,-52.43,-52.43,4.0,0.0,False,0,False
74,27,-53.93,-53.93,4.0,0.0,False,0,False
75,27,-55.29,-55.29,4.0,0.0,False,0,False
76,27,-56.54,-56.54,4.0,0.0,False,0,False
77,27,-57.69,-57.69,4.0,0.0,False,0,False
78,27,-58.75,-58.75,4.0,0.0,False,0,False
79,27,-59.74,-59.63,2.6667,0.3333,False,2,False
0,28,-64.25,-64.25,4.0,0.0,False,0,False
1,28,-63.89,-63.89,4.0,0.0,False,0,False
2,28,-63.56,-63.25,3.4483,0.1379,False,1,False
3,28,-63.24,-63.24,4.0,0.0,False,0,False
4,28,-62.96,-62.96,4.0,0.0,False,0,False
5,28,-62.71,-62.26,3.4483,0.1379,False,1,False
6,28,-62.5,-62.5,4.0,0.0,False,0,False
7,28,-62.33,-62.33,4.0,0.0,False,0,False
8,28,-62.2,-62.2,4.0,0.0,False,0,False
9,28,-62.13,-62.13,4.0,0.0,False,0,False
10,28,-62.1,-60.93,2.7692,0.3077,False,1,False
11,28,-62.13,-61.82,3.4483,0.1379,False,1,False
12,28,-62.2,-62.2,4.0,0.0,False,0,False
13,28,-62.33,-62.33,4.0,0.0,False,0,False
14,28,-62.5,-62.5,4.0,0.0,False,0,False
15,28,-62.71,-62.63,3.4483,0.1379,False,1,False
16,28,-62.96,-62.96,4.0,0.0,False,0,False
17,28,-63.24,-63.24,4.0,0.0,False,0,False
18,28,-63.56,-63.32,3.4483,0.1379,False,1,False
19,28,-63.89,-63.89,4.0,0.0,False,0,False
20,28,-64.25,-64.25,4.0,0.0,False,0,False
21,28,-63.89,-64.04,3.4483,0.1379,False,1,False
22,28,-63.56,-63.56,4.0,0.0,False,0,False
23,28,-63.24,-63.24,4.0,0.0,False,0,False
24,28,-62.96,-62.96,4.0,0.0,False,0,False
25,28,-62.71,-62.7,3.4483,0.1379,False,1,False
26,28,-62.5,-62.8,2.8369,0.2908,False,2,False
27,28,-62.33,-62.33,4.0,0.0,False,0,False
28,28,-62.2,-62.2,4.0,0.0,False,0,False
29,28,-62.13,-62.13,4.0,0.0,False,0,False
30,28,-62.1,-62.1,4.0,0.0,False,0,False
31,28,-62.13,-62.13,4.0,0.0,False,0,False
32,28,-62.2,-62.2,4.0,0.0,False,0,False
33,28,-62.33,-62.33,4.0,0.0,False,0,False
34,28,-62.5,-62.5,4.0,0.0,False,0,False
35,28,-62.71,-62.46,3.2,0.2,False,1,False
36,28,-62.96,-63.02,3.4483,0.1379,False,1,False
37,28,-63.24,-63.24,4.0,0.0,False,0,False
38,28,-63.56,-63.35,3.4483,0.1379,False,1,False
39,28,-63.89,-63.67,3.4483,0.1379,False,1,False
40,28,-64.25,-64.25,4.0,0.0,False,0,False
41,28,-63.89,-63.6,3.4483,0.1379,False,1,False
42,28,-63.56,-63.56,4.0,0.0,False,0,False
43,28,-63.24,-63.24,4.0,0.0,False,0,False
44,28,-62.96,-62.96,4.0,0.0,False,0,False
45,28,-62.71,-62.71,4.0,0.0,False,0,False
46,28,-62.5,-62.85,3.2,0.2,False,1,False
47,28,-62.33,-62.3,3.4483,0.1379,False,1,False
48,28,-62.2,-62.2,4.0,0.0,False,0,False
49,28,-62.13,-62.13,4.0,0.0,False,0,False
50,28,-62.1,-62.1,4.0,0.0,False,0,False
51,28,-61.38,-61.38,4.0,0.0,False,0,False
52,28,-60.49,-60.57,3.4483,0.1379,False,1,False
53,28,-59.55,-59.13,3.4483,0.1379,False,1,False
54,28,-58.53,-58.46,2.7692,0.3077,False,1,False
55,28,-57.43,-57.43,4.0,0.0,False,0,False
56,28,-56.23,-56.23,4.0,0.0,False,0,False
57,28,-54.92,-55.35,3.2,0.2,False,1,False
58,28,-53.47,-53.64,3.4483,0.1379,False,1,False
59,28,-51.84,-51.84,4.0,0.0,False,0,False
60,28,-48.41,-48.41,4.0,0.0,False,0,False
61,28,-46.45,-46.68,3.4483,0.1379,False,1,False
62,28,-44.19,-44.19,4.0,0.0,False,0,False
63,28,-41.57,-41.57,4.0,0.0,False,0,False
64,28,-38.62,-37.31,2.1176,0.4706,False,2,False
65,28,-35.76,-35.76,4.0,0.0,False,0,False
66,28,-34.41,-33.88,3.4483,0.1379,False,1,False
67,28,-35.76,-35.76,4.0,0.0,False,0,False
68,28,-38.62,-38.95,3.4483,0.1379,False,1,False
69,28,-41.57,-41.57,4.0,0.0,False,0,False
70,28,-44.19,-44.19,4.0,0.0,False,0,False
71,28,-46.45,-47.04,2.267,0.4332,False,3,False
72,28,-50.01,-50.01,4.0,0.0,False,0,False
73,28,-51.84,-51.84,4.0,0.0,False,0,False
74,28,-53.47,-53.47,4.0,0.0,False,0,False
75,28,-54.92,-54.92,4.0,0.0,False,0,False
76,28,-56.23,-56.16,2.7692,0.3077,False,1,False
77,28,-57.43,-57.43,4.0,0.0,False,0,False
78,28,-58.53,-58.53,4.0,0.0,False,0,False
79,28,-59.55,-59.55,4.0,0.0,False,0,False
0,29,-64.25,-64.25,4.0,0.0,False,0,False
1,29,-63.89,-63.32,3.2,0.2,False,1,False
2,29,-63.56,-63.56,4.0,0.0,False,0,False
3,29,-63.24,-63.24,4.0,0.0,False,0,False
4,29,-62.96,-62.96,4.0,0.0,False,0,False
5,29,-62.71,-62.57,3.4483,0.1379,False,1,False
6,29,-62.5,-61.98,3.0303,0.2424,False,2,False
7,29,-62.33,-62.33,4.0,0.0,False,0,False
8,29,-62.2,-62.38,3.4483,0.1379,False,1,False
9,29,-62.13,-62.13,4.0,0.0,False,0,False
10,29,-62.1,-62.1,4.0,0.0,False,0,False
11,29,-62.13,-62.13,4.0,0.0,False,0,False
12,29,-62.2,-62.2,4.0,0.0,False,0,False
13,29,-62.33,-62.33,4.0,0.0,False,0,False
14,29,-62.5,-61.7,3.2,0.2,False,1,False
15,29,-62.71,-62.71,4.0,0.0,False,0,False
16,29,-62.96,-62.96,4.0,0.0,False,0,False
17,29,-63.24,-63.24,4.0,0.0,False,0,False
18,29,-63.56,-63.56,4.0,0.0,False,0,False
19,29,-63.89,-63.4,3.2,0.2,False,1,False
20,29,-64.25,-64.25,4.0,0.0,False,0,False
21,29,-63.89,-63.28,3.2,0.2,False,1,False
22,29,-63.56,-63.19,3.2,0.2,False,1,False
23,29,-63.24,-63.24,4.0,0.0,False,0,False
24,29,-62.96,-62.96,4.0,0.0,False,0,False
25,29,-62.71,-62.71,4.0,0.0,False,0,False
26,29,-62.5,-62.5,4.0,0.0,False,0,False
27,29,-62.33,-62.33,4.0,0.0,False,0,False
28,29,-62.2,-62.15,3.4483,0.1379,False,1,False
29,29,-62.13,-62.13,4.0,0.0,False,0,False
30,29,-62.1,-62.0,2.8369,0.2908,False,2,False
31,29,-62.13,-62.13,4.0,0.0,False,0,False
32,29,-62.2,-62.2,4.0,0.0,False,0,False
33,29,-62.33,-62.33,4.0,0.0,False,0,False
34,29,-62.5,-62.5,4.0,0.0,False,0,False
35,29,-62.71,-62.71,4.0,0.0,False,0,False
36,29,-62.96,-62.96,4.0,0.0,False,0,False
37,29,-63.24,-63.24,4.0,0.0,False,0,False
38,29,-63.56,-63.56,4.0,0.0,False,0,False
39,29,-63.89,-63.74,3.4483,0.1379,False,1,False
40,29,-64.25,-64.25,4.0,0.0,False,0,False
41,29,-63.89,-63.89,4.0,0.0,False,0,False
42,29,-63.56,-63.23,3.0303,0.2424,False,2,False
43,29,-63.24,-63.24,4.0,0.0,False,0,False
44,29,-62.96,-62.96,4.0,0.0,False,0,False
45,29,-62.71,-61.89,2.8369,0.2908,False,2,False
46,29,-62.5,-62.06,3.2,0.2,False,1,False
47,29,-62.33,-62.33,4.0,0.0,False,0,False
48,29,-62.2,-62.2,4.0,0.0,False,0,False
49,29,-62.13,-62.13,4.0,0.0,False,0,False
50,29,-62.1,-62.1,4.0,0.0,False,0,False
51,29,-61.29,-61.29,4.0,0.0,False,0,False
52,29,-60.4,-60.4,4.0,0.0,False,0,False
53,29,-59.44,-59.44,4.0,0.0,False,0,False
54,29,-58.4,-58.4,4.0,0.0,False,0,False
55,29,-57.27,-57.27,4.0,0.0,False,0,False
56,29,-56.04,-56.01,3.4483,0.1379,False,1,False
57,29,-54.69,-54.69,4.0,0.0,False,0,False
58,29,-53.17,-53.5,3.0303,0.2424,False,2,False
59,29,-51.46,-51.46,4.0,0.0,False,0,False
60,29,-47.93,-47.42,2.7692,0.3077,False,1,False
61,29,-45.79,-45.9,2.8369,0.2908,False,2,False
62,29,-43.21,-43.21,4.0,0.0,False,0,False
63,29,-39.98,-39.98,4.0,0.0,False,0,False
64,29,-35.76,-36.03,3.2,0.2,False,1,False
65,29,-30.19,-29.69,3.2,0.2,False,1,False
66,29,-25.98,-26.02,3.4483,0.1379,False,1,False
67,29,-30.19,-30.19,4.0,0.0,False,0,False
68,29,-35.76,-35.57,3.4483,0.1379,False,1,False
69,29,-39.98,-39.8,3.4483,0.1379,False,1,False
70,29,-43.21,-43.34,3.2,0.2,False,1,False
71,29,-45.79,-45.79,4.0,0.0,False,0,False
72,29,-49.5,-49.36,3.2,0.2,False,1,False
73,29,-51.46,-51.46,4.0,0.0,False,0,False
74,29,-53.17,-53.17,4.0,0.0,False,0,False
75,29,-54.69,-54.69,4.0,0.0,False,0,False
76,29,-56.04,-56.04,4.0,0.0,False,0,False
77,29,-57.27,-57.27,4.0,0.0,False,0,False
78,29,-58.4,-58.4,4.0,0.0,False,0,False
79,29,-59.44,-59.44,4.0,0.0,False,0,False
0,30,-61.15,-61.15,4.0,0.0,False,0,False
1,30,-60.78,-61.02,3.6,0.1,False,1,False
2,30,-60.43,-60.37,3.6,0.1,False,1,False
3,30,-60.11,-60.06,3.6,0.1,False,1,False
4,30,-59.81,-59.81,4.0,0.0,False,0,False
5,30,-59.55,-59.33,3.6,0.1,False,1,False
6,30,-59.33,-59.33,4.0,0.0,False,0,False
7,30,-59.15,-59.15,4.0,0.0,False,0,False
8,30,-59.02,-59.02,4.0,0.0,False,0,False
9,30,-58.94,-58.94,4.0,0.0,False,0,False
10,30,-58.91,-58.99,3.6,0.1,False,1,False
11,30,-58.94,-59.38,2.7692,0.3077,False,1,False
12,30,-59.02,-59.1,2.7692,0.3077,False,1,False
13,30,-59.15,-58.84,3.6,0.1,False,1,False
14,30,-59.33,-59.33,4.0,0.0,False,0,False
15,30,-59.55,-59.55,4.0,0.0,False,0,False
16,30,-59.81,-59.76,3.2,0.2,False,1,False
17,30,-60.11,-60.11,4.0,0.0,False,0,False
18,30,-60.43,-60.43,4.0,0.0,False,0,False
19,30,-60.78,-60.78,4.0,0.0,False,0,False
20,30,-61.15,-61.15,4.0,0.0,False,0,False
21,30,-60.78,-60.78,4.0,0.0,False,0,False
22,30,-60.43,-60.32,3.4483,0.1379,False,1,False
23,30,-60.11,-60.11,4.0,0.0,False,0,False
24,30,-59.81,-59.81,4.0,0.0,False,0,False
25,30,-59.55,-59.42,3.6,0.1,False,1,False
26,30,-59.33,-59.33,4.0,0.0,False,0,False
27,30,-59.15,-59.15,4.0,0.0,False,0,False
28,30,-59.02,-59.02,4.0,0.0,False,0,False
29,30,-58.94,-58.94,4.0,0.0,False,0,False
30,30,-58.91,-58.91,4.0,0.0,False,0,False
31,30,-58.94,-59.5,3.2,0.2,False,1,False
32,30,-59.02,-59.02,4.0,0.0,False,0,False
33,30,-59.15,-59.15,4.0,0.0,False,0,False
34,30,-59.33,-59.33,4.0,0.0,False,0,False
35,30,-59.55,-59.52,3.6,0.1,False,1,False
36,30,-59.81,-59.81,4.0,0.0,False,0,False
37,30,-60.11,-60.11,4.0,0.0,False,0,False
38,30,-60.43,-60.43,4.0,0.0,False,0,False
39,30,-60.78,-60.78,4.0,0.0,False,0,False
40,30,-61.15,-60.93,3.2,0.2,False,1,False
41,30,-60.78,-60.77,3.6,0.1,False,1,False
42,30,-60.43,-60.43,4.0,0.0,False,0,False
43,30,-60.11,-60.14,3.6,0.1,False,1,False
44,30,-59.81,-59.81,4.0,0.0,False,0,False
45,30,-59.55,-58.99,2.7692,0.3077,False,1,False
46,30,-59.33,-59.33,4.0,0.0,False,0,False
47,30,-59.15,-59.15,4.0,0.0,False,0,False
48,30,-59.02,-59.02,4.0,0.0,False,0,False
49,30,-58.94,-58.94,4.0,0.0,False,0,False
50,30,-58.91,-58.91,4.0,0.0,False,0,False
51,30,-58.91,-58.91,4.0,0.0,False,0,False
52,30,-58.07,-58.07,4.0,0.0,False,0,False
53,30,-57.17,-57.17,4.0,0.0,False,0,False
54,30,-56.2,-56.2,4.0,0.0,False,0,False
55,30,-55.14,-55.14,4.0,0.0,False,0,False
56,30,-53.98,-53.98,4.0,0.0,False,0,False
57,30,-52.7,-52.25,3.2,0.2,False,1,False
58,30,-51.27,-50.65,3.2,0.2,False,1,False
59,30,-49.64,-49.64,4.0,0.0,False,0,False
60,30,-47.77,-47.77,4.0,0.0,False,0,False
61,30,-45.55,-45.55,4.0,0.0,False,0,False
62,30,-42.84,-42.84,4.0,0.0,False,0,False
63,30,-39.34,-39.34,4.0,0.0,False,0,False
64,30,-34.41,-34.41,4.0,0.0,False,0,False
65,30,-25.98,-25.98,4.0,0.0,False,0,False
66,30,-17.55,-17.55,4.0,0.0,False,0,False
67,30,-25.98,-25.98,4.0,0.0,False,0,False
68,30,-34.41,-34.41,4.0,0.0,False,0,False
69,30,-39.34,-39.34,4.0,0.0,False,0,False
70,30,-42.84,-42.84,4.0,0.0,False,0,False
71,30,-45.55,-45.55,4.0,0.0,False,0,False
72,30,-49.32,-49.33,3.2,0.2,False,1,False
73,30,-51.33,-51.33,4.0,0.0,False,0,False
74,30,-53.07,-53.07,4.0,0.0,False,0,False
75,30,-54.61,-54.61,4.0,0.0,False,0,False
76,30,-55.98,-55.98,4.0,0.0,False,0,False
77,30,-57.22,-57.22,4.0,0.0,False,0,False
78,30,-58.35,-58.35,4.0,0.0,False,0,False
79,30,-59.4,-59.54,3.2,0.2,False,1,False
0,31,-60.58,-60.25,3.6,0.1,False,1,False
1,31,-60.17,-60.17,4.0,0.0,False,0,False
2,31,-59.79,-59.71,3.6,0.1,False,1,False
3,31,-59.43,-60.08,2.7692,0.3077,False,1,False
4,31,-59.1,-59.1,4.0,0.0,False,0,False
5,31,-58.8,-58.8,4.0,0.0,False,0,False
6,31,-58.55,-58.55,4.0,0.0,False,0,False
7,31,-58.34,-58.35,2.9388,0.2653,False,2,False
8,31,-58.19,-58.1,3.2,0.2,False,1,False
9,31,-58.1,-58.1,4.0,0.0,False,0,False
10,31,-58.07,-58.07,4.0,0.0,False,0,False
11,31,-58.1,-58.98,2.7692,0.3077,False,1,False
12,31,-58.19,-57.77,3.6,0.1,False,1,False
13,31,-58.34,-59.06,3.2,0.2,False,1,False
14,31,-58.55,-58.55,4.0,0.0,False,0,False
15,31,-58.8,-58.8,4.0,0.0,False,0,False
16,31,-59.1,-59.1,4.0,0.0,False,0,False
17,31,-59.43,-59.37,3.6,0.1,False,1,False
18,31,-59.79,-59.93,3.6,0.1,False,1,False
19,31,-60.17,-60.17,4.0,0.0,False,0,False
20,31,-60.58,-59.87,2.7692,0.3077,False,1,False
21,31,-60.17,-60.17,4.0,0.0,False,0,False
22,31,-59.79,-59.79,4.0,0.0,False,0,False
23,31,-59.43,-59.43,4.0,0.0,False,0,False
24,31,-59.1,-59.1,4.0,0.0,False,0,False
25,31,-58.8,-58.94,3.6,0.1,False,1,False
26,31,-58.55,-58.55,4.0,0.0,False,0,False
27,31,-58.34,-58.34,4.0,0.0,False,0,False
28,31,-58.19,-58.19,4.0,0.0,False,0,False
29,31,-58.1,-58.1,4.0,0.0,False,0,False
30,31,-58.07,-58.07,4.0,0.0,False,0,False
31,31,-58.1,-58.1,4.0,0.0,False,0,False
32,31,-58.19,-58.19,4.0,0.0,False,0,False
33,31,-58.34,-58.34,4.0,0.0,False,0,False
34,31,-58.55,-58.55,4.0,0.0,False,0,False
35,31,-58.8,-58.62,3.2,0.2,False,1,False
36,31,-59.1,-59.1,4.0,0.0,False,0,False
37,31,-59.43,-59.43,4.0,0.0,False,0,False
38,31,-59.79,-59.59,2.8939,0.2765,False,3,False
39,31,-60.17,-60.17,4.0,0.0,False,0,False
40,31,-60.58,-60.58,4.0,0.0,False,0,False
41,31,-60.17,-60.17,4.0,0.0,False,0,False
42,31,-59.79,-59.79,4.0,0.0,False,0,False
43,31,-59.43,-59.25,2.7692,0.3077,False,1,False
44,31,-59.1,-59.1,4.0,0.0,False,0,False
45,31,-58.8,-58.8,4.0,0.0,False,0,False
46,31,-58.55,-58.55,4.0,0.0,False,0,False
47,31,-58.34,-58.18,2.5714,0.3571,False,2,False
48,31,-58.19,-58.19,4.0,0.0,False,0,False
49,31,-58.1,-58.1,3.6,0.1,False,1,False
50,31,-58.07,-58.07,4.0,0.0,False,0,False
51,31,-58.1,-58.14,3.6,0.1,False,1,False
52,31,-58.1,-58.1,4.0,0.0,False,0,False
53,31,-57.21,-57.21,4.0,0.0,False,0,False
54,31,-56.24,-56.52,3.2727,0.1818,False,2,False
55,31,-55.19,-55.29,2.9388,0.2653,False,2,False
56,31,-54.04,-54.04,4.0,0.0,False,0,False
57,31,-52.77,-52.77,4.0,0.0,False,0,False
58,31,-51.36,-51.36,4.0,0.0,False,0,False
59,31,-49.76,-49.76,4.0,0.0,False,0,False
60,31,-47.93,-47.93,4.0,0.0,False,0,False
61,31,-45.79,-45.79,4.0,0.0,False,0,False
62,31,-43.21,-43.21,4.0,0.0,False,0,False
63,31,-39.98,-39.98,4.0,0.0,False,0,False
64,31,-35.76,-35.76,4.0,0.0,False,0,False
65,31,-30.19,-30.19,4.0,0.0,False,0,False
66,31,-25.98,-25.98,4.0,0.0,False,0,False
67,31,-30.19,-30.3,3.4483,0.1379,False,1,False
68,31,-35.76,-35.76,4.0,0.0,False,0,False
69,31,-39.98,-39.98,4.0,0.0,False,0,False
70,31,-43.21,-43.21,4.0,0.0,False,0,False
71,31,-45.79,-46.1,2.4931,0.3767,False,2,False
72,31,-49.5,-49.5,4.0,0.0,False,0,False
73,31,-51.46,-51.46,4.0,0.0,False,0,False
74,31,-53.17,-53.17,4.0,0.0,False,0,False
75,31,-54.69,-54.69,4.0,0.0,False,0,False
76,31,-56.04,-56.04,4.0,0.0,False,0,False
77,31,-57.27,-57.27,4.0,0.0,False,0,False
78,31,-58.4,-58.4,4.0,0.0,False,0,False
79,31,-59.44,-59.44,4.0,0.0,False,0,False
0,32,-60.0,-60.0,4.0,0.0,False,0,False
1,32,-59.55,-59.55,4.0,0.0,False,0,False
2,32,-59.12,-59.12,4.0,0.0,False,0,False
3,32,-58.72,-58.72,4.0,0.0,False,0,False
4,32,-58.34,-58.42,3.6,0.1,False,1,False
5,32,-58.01,-58.24,3.6,0.1,False,1,False
6,32,-57.72,-57.45,2.9388,0.2653,False,2,False
7,32,-57.49,-57.49,4.0,0.0,False,0,False
8,32,-57.31,-57.31,4.0,0.0,False,0,False
9,32,-57.21,-57.22,3.6,0.1,False,1,False
10,32,-57.17,-57.17,4.0,0.0,False,0,False
11,32,-57.21,-57.21,4.0,0.0,False,0,False
12,32,-57.31,-57.31,4.0,0.0,False,0,False
13,32,-57.49,-57.49,4.0,0.0,False,0,False
14,32,-57.72,-57.72,4.0,0.0,False,0,False
15,32,-58.01,-58.01,4.0,0.0,False,0,False
16,32,-58.34,-58.34,4.0,0.0,False,0,False
17,32,-58.72,-58.56,3.6,0.1,False,1,False
18,32,-59.12,-59.12,4.0,0.0,False,0,False
19,32,-59.55,-59.25,3.2,0.2,False,1,False
20,32,-60.0,-60.0,4.0,0.0,False,0,False
21,32,-59.55,-59.55,4.0,0.0,False,0,False
22,32,-59.12,-58.94,3.6,0.1,False,1,False
23,32,-58.72,-58.72,4.0,0.0,False,0,False
24,32,-58.34,-58.34,4.0,0.0,False,0,False
25,32,-58.01,-58.01,4.0,0.0,False,0,False
26,32,-57.72,-57.72,4.0,0.0,False,0,False
27,32,-57.49,-57.49,4.0,0.0,False,0,False
28,32,-57.31,-57.31,4.0,0.0,False,0,False
29,32,-57.21,-57.21,4.0,0.0,False,0,False
30,32,-57.17,-57.17,4.0,0.0,False,0,False
31,32,-57.21,-57.21,4.0,0.0,False,0,False
32,32,-57.31,-57.22,3.2727,0.1818,False,2,False
33,32,-57.49,-57.49,4.0,0.0,False,0,False
34,32,-57.72,-58.26,2.7692,0.3077,False,1,False
35,32,-58.01,-58.01,4.0,0.0,False,0,False
36,32,-58.34,-58.34,4.0,0.0,False,0,False
37,32,-58.72,-58.72,4.0,0.0,False,0,False
38,32,-59.12,-59.12,4.0,0.0,False,0,False
39,32,-59.55,-59.65,3.6,0.1,False,1,False
40,32,-60.0,-60.0,4.0,0.0,False,0,False
41,32,-59.55,-59.55,4.0,0.0,False,0,False
42,32,-59.12,-59.12,4.0,0.0,False,0,False
43,32,-58.72,-58.72,4.0,0.0,False,0,False
44,32,-58.34,-58.34,4.0,0.0,False,0,False
45,32,-58.01,-58.01,4.0,0.0,False,0,False
46,32,-57.72,-57.72,4.0,0.0,False,0,False
47,32,-57.49,-57.49,4.0,0.0,False,0,False
48,32,-57.31,-56.93,3.6,0.1,False,1,False
49,32,-57.21,-57.21,4.0,0.0,False,0,False
50,32,-57.17,-56.64,3.6,0.1,False,1,False
51,32,-57.21,-57.21,4.0,0.0,False,0,False
52,32,-57.31,-57.31,4.0,0.0,False,0,False
53,32,-57.31,-57.31,4.0,0.0,False,0,False
54,32,-56.36,-56.16,3.6,0.1,False,1,False
55,32,-55.34,-55.34,4.0,0.0,False,0,False
56,32,-54.22,-54.21,3.4483,0.1379,False,1,False
57,32,-52.99,-52.83,3.6,0.1,False,1,False
58,32,-51.63,-51.48,2.5714,0.3571,False,2,False
59,32,-50.12,-50.12,4.0,0.0,False,0,False
60,32,-48.41,-48.41,4.0,0.0,False,0,False
61,32,-46.45,-46.3,2.3607,0.4098,False,2,False
62,32,-44.19,-44.19,4.0,0.0,False,0,False
63,32,-41.57,-41.57,4.0,0.0,False,0,False
64,32,-38.62,-38.62,4.0,0.0,False,0,False
65,32,-35.76,-34.43,2.3607,0.4098,False,2,False
66,32,-34.41,-34.41,4.0,0.0,False,0,False
67,32,-35.76,-35.76,4.0,0.0,False,0,False
68,32,-38.62,-38.62,4.0,0.0,False,0,False
69,32,-41.57,-41.57,4.0,0.0,False,0,False
70,32,-44.19,-44.19,4.0,0.0,False,0,False
71,32,-46.45,-46.45,4.0,0.0,False,0,False
72,32,-50.01,-50.01,4.0,0.0,False,0,False
73,32,-51.84,-51.84,4.0,0.0,False,0,False
74,32,-53.47,-53.47,4.0,0.0,False,0,False
75,32,-54.92,-54.92,4.0,0.0,False,0,False
76,32,-56.23,-56.23,4.0,0.0,False,0,False
77,32,-57.43,-57.43,4.0,0.0,False,0,False
78,32,-58.53,-58.53,4.0,0.0,False,0,False
79,32,-59.55,-59.55,4.0,0.0,False,0,False
0,33,-59.4,-59.4,4.0,0.0,False,0,False
1,33,-58.91,-59.02,3.2,0.2,False,1,False
2,33,-58.43,-58.43,4.0,0.0,False,0,False
3,33,-57.98,-57.98,4.0,0.0,False,0,False
4,33,-57.55,-57.27,2.5714,0.3571,False,2,False
5,33,-57.17,-57.17,4.0,0.0,False,0,False
6,33,-56.84,-56.84,4.0,0.0,False,0,False
7,33,-56.57,-56.57,4.0,0.0,False,0,False
8,33,-56.36,-56.36,4.0,0.0,False,0,False
9,33,-56.24,-56.15,3.6,0.1,False,1,False
10,33,-56.2,-56.2,4.0,0.0,False,0,False
11,33,-56.24,-56.31,2.9388,0.2653,False,2,False
12,33,-56.36,-56.36,4.0,0.0,False,0,False
13,33,-56.57,-56.14,3.6,0.1,False,1,False
14,33,-56.84,-56.84,4.0,0.0,False,0,False
15,33,-57.17,-57.17,4.0,0.0,False,0,False
16,33,-57.55,-57.55,4.0,0.0,False,0,False
17,33,-57.98,-57.98,4.0,0.0,False,0,False
18,33,-58.43,-58.43,4.0,0.0,False,0,False
19,33,-58.91,-58.91,4.0,0.0,False,0,False
20,33,-59.4,-59.4,4.0,0.0,False,0,False
21,33,-58.91,-58.91,4.0,0.0,False,0,False
22,33,-58.43,-58.43,4.0,0.0,False,0,False
23,33,-57.98,-57.98,4.0,0.0,False,0,False
24,33,-57.55,-57.55,4.0,0.0,False,0,False
25,33,-57.17,-57.17,4.0,0.0,False,0,False
26,33,-56.84,-56.06,3.2,0.2,False,1,False
27,33,-56.57,-56.57,4.0,0.0,False,0,False
28,33,-56.36,-56.36,4.0,0.0,False,0,False
29,33,-56.24,-56.24,4.0,0.0,False,0,False
30,33,-56.2,-56.2,4.0,0.0,False,0,False
31,33,-56.24,-56.24,4.0,0.0,False,0,False
32,33,-56.36,-56.36,4.0,0.0,False,0,False
33,33,-56.57,-56.39,3.2,0.2,False,1,False
34,33,-56.84,-56.63,3.2,0.2,False,1,False
35,33,-57.17,-57.15,3.4483,0.1379,False,1,False
36,33,-57.55,-57.55,4.0,0.0,False,0,False
37,33,-57.98,-57.85,3.6,0.1,False,1,False
38,33,-58.43,-58.43,4.0,0.0,False,0,False
39,33,-58.91,-58.91,4.0,0.0,False,0,False
40,33,-59.4,-59.4,4.0,0.0,False,0,False
41,33,-58.91,-58.91,4.0,0.0,False,0,False
42,33,-58.43,-58.43,4.0,0.0,False,0,False
43,33,-57.98,-57.98,4.0,0.0,False,0,False
44,33,-57.55,-57.55,4.0,0.0,False,0,False
45,33,-57.17,-57.17,4.0,0.0,False,0,False
46,33,-56.84,-56.84,4.0,0.0,False,0,False
47,33,-56.57,-56.57,4.0,0.0,False,0,False
48,33,-56.36,-56.36,4.0,0.0,False,0,False
49,33,-56.24,-56.24,4.0,0.0,False,0,False
50,33,-56.2,-56.2,4.0,0.0,False,0,False
51,33,-56.24,-56.24,4.0,0.0,False,0,False
52,33,-56.36,-56.05,3.2727,0.1818,False,2,False
53,33,-56.57,-57.42,2.7692,0.3077,False,1,False
54,33,-56.57,-56.57,4.0,0.0,False,0,False
55,33,-55.57,-55.57,4.0,0.0,False,0,False
56,33,-54.5,-54.41,3.2,0.2,False,1,False
57,33,-53.34,-53.34,4.0,0.0,False,0,False
58,33,-52.07,-52.07,4.0,0.0,False,0,False
59,33,-50.67,-50.67,4.0,0.0,False,0,False
60,33,-49.12,-49.12,4.0,0.0,False,0,False
61,33,-47.42,-47.42,4.0,0.0,False,0,False
62,33,-45.55,-45.55,4.0,0.0,False,0,False
63,33,-43.55,-43.55,4.0,0.0,False,0,False
64,33,-41.57,-41.57,4.0,0.0,False,0,False
65,33,-39.98,-39.98,4.0,0.0,False,0,False
66,33,-39.34,-39.34,4.0,0.0,False,0,False
67,33,-39.98,-39.98,4.0,0.0,False,0,False
68,33,-41.57,-41.57,4.0,0.0,False,0,False
69,33,-43.55,-43.55,4.0,0.0,False,0,False
70,33,-45.55,-45.55,4.0,0.0,False,0,False
71,33,-47.42,-47.42,4.0,0.0,False,0,False
72,33,-50.78,-50.78,4.0,0.0,False,0,False
73,33,-52.43,-52.43,4.0,0.0,False,0,False
74,33,-53.93,-53.63,3.4483,0.1379,False,1,False
75,33,-55.29,-55.29,4.0,0.0,False,0,False
76,33,-56.54,-56.54,4.0,0.0,False,0,False
77,33,-57.69,-57.69,4.0,0.0,False,0,False
78,33,-58.75,-58.75,4.0,0.0,False,0,False
79,33,-59.74,-59.74,4.0,0.0,False,0,False
0,34,-58.8,-58.8,4.0,0.0,False,0,False
1,34,-58.25,-58.35,3.6,0.1,False,1,False
2,34,-57.72,-57.72,4.0,0.0,False,0,False
3,34,-57.21,-57.06,3.6,0.1,False,1,False
4,34,-56.72,-56.72,4.0,0.0,False,0,False
5,34,-56.28,-56.81,2.9388,0.2653,False,2,False
6,34,-55.89,-55.89,4.0,0.0,False,0,False
7,34,-55.57,-55.53,3.6,0.1,False,1,False
8,34,-55.34,-55.34,4.0,0.0,False,0,False
9,34,-55.19,-55.03,3.6,0.1,False,1,False
10,34,-55.14,-55.14,4.0,0.0,False,0,False
11,34,-55.19,-55.24,3.6,0.1,False,1,False
12,34,-55.34,-55.34,4.0,0.0,False,0,False
13,34,-55.57,-55.57,4.0,0.0,False,0,False
14,34,-55.89,-55.89,4.0,0.0,False,0,False
15,34,-56.28,-56.47,3.6,0.1,False,1,False
16,34,-56.72,-56.72,4.0,0.0,False,0,False
17,34,-57.21,-57.35,2.4828,0.3793,False,3,False
18,34,-57.72,-57.72,4.0,0.0,False,0,False
19,34,-58.25,-58.25,4.0,0.0,False,0,False
20,34,-58.8,-58.8,4.0,0.0,False,0,False
21,34,-58.25,-58.25,4.0,0.0,False,0,False
22,34,-57.72,-57.73,3.2,0.2,False,1,False
23,34,-57.21,-57.45,3.6,0.1,False,1,False
24,34,-56.72,-56.44,3.6,0.1,False,1,False
25,34,-56.28,-56.28,4.0,0.0,False,0,False
26,34,-55.89,-55.89,4.0,0.0,False,0,False
27,34,-55.57,-55.57,4.0,0.0,False,0,False
28,34,-55.34,-55.34,4.0,0.0,False,0,False
29,34,-55.19,-55.54,3.6,0.1,False,1,False
30,34,-55.14,-55.34,3.6,0.1,False,1,False
31,34,-55.19,-55.19,4.0,0.0,False,0,False
32,34,-55.34,-55.68,3.4483,0.1379,False,1,False
33,34,-55.57,-55.58,3.6,0.1,False,1,False
34,34,-55.89,-55.89,4.0,0.0,False,0,False
35,34,-56.28,-56.28,4.0,0.0,False,0,False
36,34,-56.72,-56.72,4.0,0.0,False,0,False
37,34,-57.21,-57.32,3.6,0.1,False,1,False
38,34,-57.72,-57.58,3.2,0.2,False,1,False
39,34,-58.25,-58.25,4.0,0.0,False,0,False
40,34,-58.8,-58.8,4.0,0.0,False,0,False
41,34,-58.25,-58.25,4.0,0.0,False,0,False
42,34,-57.72,-57.72,4.0,0.0,False,0,False
43,34,-57.21,-57.21,4.0,0.0,False,0,False
44,34,-56.72,-56.73,3.6,0.1,False,1,False
45,34,-56.28,-56.28,4.0,0.0,False,0,False
46,34,-55.89,-55.89,4.0,0.0,False,0,False
47,34,-55.57,-55.57,4.0,0.0,False,0,False
48,34,-55.34,-55.34,4.0,0.0,False,0,False
49,34,-55.19,-55.19,4.0,0.0,False,0,False
50,34,-55.14,-55.14,4.0,0.0,False,0,False
51,34,-55.19,-55.19,4.0,0.0,False,0,False
52,34,-55.34,-55.28,3.2,0.2,False,1,False
53,34,-55.57,-55.57,4.0,0.0,False,0,False
54,34,-55.89,-55.89,4.0,0.0,False,0,False
55,34,-55.89,-55.5,3.2,0.2,False,1,False
56,34,-54.88,-54.78,3.6,0.1,False,1,False
57,34,-53.79,-53.79,4.0,0.0,False,0,False
58,34,-52.62,-52.62,4.0,0.0,False,0,False
59,34,-51.36,-51.36,4.0,0.0,False,0,False
60,34,-50.0,-50.53,2.7692,0.3077,False,1,False
61,34,-48.56,-48.56,4.0,0.0,False,0,False
62,34,-47.05,-47.05,4.0,0.0,False,0,False
63,34,-45.55,-45.55,4.0,0.0,False,0,False
64,34,-44.19,-44.69,2.7692,0.3077,False,1,False
65,34,-43.21,-43.21,4.0,0.0,False,0,False
66,34,-42.84,-42.84,4.0,0.0,False,0,False
67,34,-43.21,-43.21,4.0,0.0,False,0,False
68,34,-44.19,-44.19,4.0,0.0,False,0,False
69,34,-45.55,-45.55,4.0,0.0,False,0,False
70,34,-47.05,-47.0,3.4483,0.1379,False,1,False
71,34,-48.56,-48.76,2.7692,0.3077,False,1,False
72,34,-51.72,-51.63,3.2,0.2,False,1,False
73,34,-53.17,-53.17,4.0,0.0,False,0,False
74,34,-54.53,-53.7,2.6667,0.3333,False,2,False
75,34,-55.78,-55.78,4.0,0.0,False,0,False
76,34,-56.95,-56.95,4.0,0.0,False,0,False
77,34,-58.03,-58.03,4.0,0.0,False,0,False
78,34,-59.04,-59.04,4.0,0.0,False,0,False
79,34,-59.99,-59.99,4.0,0.0,False,0,False
0,35,-58.19,-58.19,4.0,0.0,False,0,False
1,35,-57.59,-57.59,4.0,0.0,False,0,False
2,35,-56.99,-56.99,4.0,0.0,False,0,False
3,35,-56.4,-56.4,4.0,0.0,False,0,False
4,35,-55.85,-55.85,4.0,0.0,False,0,False
5,35,-55.34,-55.34,4.0,0.0,False,0,False
6,35,-54.88,-54.88,4.0,0.0,False,0,False
7,35,-54.5,-54.5,4.0,0.0,False,0,False
8,35,-54.22,-54.22,4.0,0.0,False,0,False
9,35,-54.04,-54.04,4.0,0.0,False,0,False
10,35,-53.98,-53.98,4.0,0.0,False,0,False
11,35,-54.04,-53.98,3.2,0.2,False,1,False
12,35,-54.22,-54.22,4.0,0.0,False,0,False
13,35,-54.5,-54.5,4.0,0.0,False,0,False
14,35,-54.88,-54.88,4.0,0.0,False,0,False
15,35,-55.34,-55.34,4.0,0.0,False,0,False
16,35,-55.85,-55.85,4.0,0.0,False,0,False
17,35,-56.4,-56.4,4.0,0.0,False,0,False
18,35,-56.99,-56.99,4.0,0.0,False,0,False
19,35,-57.59,-57.58,3.6,0.1,False,1,False
20,35,-58.19,-58.19,4.0,0.0,False,0,False
21,35,-57.59,-57.59,4.0,0.0,False,0,False
22,35,-56.99,-56.99,4.0,0.0,False,0,False
23,35,-56.4,-56.4,4.0,0.0,False,0,False
24,35,-55.85,-55.87,3.6,0.1,False,1,False
25,35,-55.34,-55.34,4.0,0.0,False,0,False
26,35,-54.88,-54.88,4.0,0.0,False,0,False
27,35,-54.5,-54.5,4.0,0.0,False,0,False
28,35,-54.22,-54.07,3.2727,0.1818,False,2,False
29,35,-54.04,-53.69,3.2,0.2,False,1,False
30,35,-53.98,-54.09,3.2,0.2,False,1,False
31,35,-54.04,-54.04,4.0,0.0,False,0,False
32,35,-54.22,-55.41,2.7692,0.3077,False,1,False
33,35,-54.5,-54.5,4.0,0.0,False,0,False
34,35,-54.88,-54.65,3.6,0.1,False,1,False
35,35,-55.34,-55.34,4.0,0.0,False,0,False
36,35,-55.85,-55.85,4.0,0.0,False,0,False
37,35,-56.4,-56.4,4.0,0.0,False,0,False
38,35,-56.99,-56.99,4.0,0.0,False,0,False
39,35,-57.59,-57.59,4.0,0.0,False,0,False
40,35,-58.19,-58.19,4.0,0.0,False,0,False
41,35,-57.59,-57.58,3.6,0.1,False,1,False
42,35,-56.99,-56.99,4.0,0.0,False,0,False
43,35,-56.4,-56.4,4.0,0.0,False,0,False
44,35,-55.85,-55.85,4.0,0.0,False,0,False
45,35,-55.34,-55.34,4.0,0.0,False,0,False
46,35,-54.88,-54.88,4.0,0.0,False,0,False
47,35,-54.5,-54.5,4.0,0.0,False,0,False
48,35,-54.22,-54.22,4.0,0.0,False,0,False
49,35,-54.04,-54.04,4.0,0.0,False,0,False
50,35,-53.98,-53.8,3.4483,0.1379,False,1,False
51,35,-54.04,-54.04,4.0,0.0,False,0,False
52,35,-54.22,-54.89,2.2154,0.4462,False,3,False
53,35,-54.5,-54.53,3.4483,0.1379,False,1,False
54,35,-54.88,-54.73,3.6,0.1,False,1,False
55,35,-55.34,-55.34,4.0,0.0,False,0,False
56,35,-55.34,-55.34,4.0,0.0,False,0,False
57,35,-54.33,-54.33,4.0,0.0,False,0,False
58,35,-53.27,-53.27,4.0,0.0,False,0,False
59,35,-52.15,-52.15,4.0,0.0,False,0,False
60,35,-50.97,-50.97,4.0,0.0,False,0,False
61,35,-49.76,-49.76,4.0,0.0,False,0,False
62,35,-48.56,-47.84,2.7692,0.3077,False,1,False
63,35,-47.42,-47.42,4.0,0.0,False,0,False
64,35,-46.45,-46.45,4.0,0.0,False,0,False
65,35,-45.79,-45.79,4.0,0.0,False,0,False
66,35,-45.55,-45.63,2.7692,0.3077,False,1,False
67,35,-45.79,-45.79,4.0,0.0,False,0,False
68,35,-46.45,-46.45,4.0,0.0,False,0,False
69,35,-47.42,-47.42,4.0,0.0,False,0,False
70,35,-48.56,-48.56,4.0,0.0,False,0,False
71,35,-49.76,-49.76,4.0,0.0,False,0,False
72,35,-52.76,-52.58,3.2,0.2,False,1,False
73,35,-54.02,-54.02,4.0,0.0,False,0,False
74,35,-55.22,-55.22,4.0,0.0,False,0,False
75,35,-56.36,-56.36,4.0,0.0,False,0,False
76,35,-57.43,-57.43,4.0,0.0,False,0,False
77,35,-58.44,-58.44,4.0,0.0,False,0,False
78,35,-59.4,-59.4,4.0,0.0,False,0,False
79,35,-60.3,-60.3,4.0,0.0,False,0,False
0,36,-57.59,-57.59,4.0,0.0,False,0,False
1,36,-56.91,-56.91,4.0,0.0,False,0,False
2,36,-56.24,-56.16,3.2,0.2,False,1,False
3,36,-55.57,-55.57,4.0,0.0,False,0,False
4,36,-54.93,-54.93,4.0,0.0,False,0,False
5,36,-54.33,-54.33,4.0,0.0,False,0,False
6,36,-53.79,-53.79,4.0,0.0,False,0,False
7,36,-53.34,-53.34,4.0,0.0,False,0,False
8,36,-52.99,-52.99,4.0,0.0,False,0,False
9,36,-52.77,-52.77,4.0,0.0,False,0,False
10,36,-52.7,-52.56,2.7692,0.3077,False,1,False
11,36,-52.77,-52.77,4.0,0.0,False,0,False
12,36,-52.99,-52.89,3.6,0.1,False,1,False
13,36,-53.34,-53.34,4.0,0.0,False,0,False
14,36,-53.79,-53.79,4.0,0.0,False,0,False
15,36,-54.33,-53.64,2.5714,0.3571,False,2,False
16,36,-54.93,-54.96,3.6,0.1,False,1,False
17,36,-55.57,-55.57,4.0,0.0,False,0,False
18,36,-56.24,-56.24,4.0,0.0,False,0,False
19,36,-56.91,-56.91,4.0,0.0,False,0,False
20,36,-57.59,-57.59,4.0,0.0,False,0,False
21,36,-56.91,-56.91,4.0,0.0,False,0,False
22,36,-56.24,-56.41,3.6,0.1,False,1,False
23,36,-55.57,-55.57,4.0,0.0,False,0,False
24,36,-54.93,-54.48,2.5714,0.3571,False,2,False
25,36,-54.33,-54.43,3.6,0.1,False,1,False
26,36,-53.79,-53.89,3.6,0.1,False,1,False
27,36,-53.34,-53.34,4.0,0.0,False,0,False
28,36,-52.99,-53.27,3.6,0.1,False,1,False
29,36,-52.77,-52.66,3.2,0.2,False,1,False
30,36,-52.7,-52.64,3.6,0.1,False,1,False
31,36,-52.77,-52.77,4.0,0.0,False,0,False
32,36,-52.99,-53.49,3.2,0.2,False,1,False
33,36,-53.34,-53.34,4.0,0.0,False,0,False
34,36,-53.79,-53.82,3.1469,0.2133,False,2,False
35,36,-54.33,-54.33,4.0,0.0,False,0,False
36,36,-54.93,-54.93,4.0,0.0,False,0,False
37,36,-55.57,-55.57,4.0,0.0,False,0,False
38,36,-56.24,-56.29,3.6,0.1,False,1,False
39,36,-56.91,-56.91,4.0,0.0,False,0,False
40,36,-57.59,-56.22,2.7692,0.3077,False,1,False
41,36,-56.91,-56.27,2.9388,0.2653,False,2,False
42,36,-56.24,-55.83,2.5714,0.3571,False,2,False
43,36,-55.57,-55.57,4.0,0.0,False,0,False
44,36,-54.93,-54.93,4.0,0.0,False,0,False
45,36,-54.33,-54.33,4.0,0.0,False,0,False
46,36,-53.79,-53.53,3.6,0.1,False,1,False
47,36,-53.34,-53.48,3.2,0.2,False,1,False
48,36,-52.99,-52.99,4.0,0.0,False,0,False
49,36,-52.77,-53.02,3.2,0.2,False,1,False
50,36,-52.7,-52.7,4.0,0.0,False,0,False
51,36,-52.77,-52.77,4.0,0.0,False,0,False
52,36,-52.99,-52.99,4.0,0.0,False,0,False
53,36,-53.34,-53.34,4.0,0.0,False,0,False
54,36,-53.79,-53.79,4.0,0.0,False,0,False
55,36,-54.33,-54.12,2.6667,0.3333,False,2,False
56,36,-54.93,-54.93,4.0,0.0,False,0,False
57,36,-54.93,-54.93,4.0,0.0,False,0,False
58,36,-53.98,-53.98,4.0,0.0,False,0,False
59,36,-52.99,-52.99,4.0,0.0,False,0,False
60,36,-51.98,-52.55,2.3607,0.4098,False,2,False
61,36,-50.97,-50.97,4.0,0.0,False,0,False
62,36,-50.0,-50.0,4.0,0.0,False,0,False
63,36,-49.12,-49.12,4.0,0.0,False,0,False
64,36,-48.41,-48.41,4.0,0.0,False,0,False
65,36,-47.93,-47.93,4.0,0.0,False,0,False
66,36,-47.77,-47.77,4.0,0.0,False,0,False
67,36,-47.93,-47.93,4.0,0.0,False,0,False
68,36,-48.41,-48.41,4.0,0.0,False,0,False
69,36,-49.12,-49.12,4.0,0.0,False,0,False
70,36,-50.0,-50.0,4.0,0.0,False,0,False
71,36,-50.97,-50.97,4.0,0.0,False,0,False
72,36,-53.84,-53.84,4.0,0.0,False,0,False
73,36,-54.92,-54.92,4.0,0.0,False,0,False
74,36,-55.98,-55.98,4.0,0.0,False,0,False
75,36,-57.0,-56.52,3.2,0.2,False,1,False
76,36,-57.98,-57.98,4.0,0.0,False,0,False
77,36,-58.92,-58.92,4.0,0.0,False,0,False
78,36,-59.81,-59.81,4.0,0.0,False,0,False
79,36,-60.66,-60.66,4.0,0.0,False,0,False
0,37,-56.99,-57.0,3.6,0.1,False,1,False
1,37,-56.24,-56.24,4.0,0.0,False,0,False
2,37,-55.48,-55.48,4.0,0.0,False,0,False
3,37,-54.72,-54.72,4.0,0.0,False,0,False
4,37,-53.98,-53.98,4.0,0.0,False,0,False
5,37,-53.27,-53.27,4.0,0.0,False,0,False
6,37,-52.62,-52.26,3.6,0.1,False,1,False
7,37,-52.07,-52.05,3.6,0.1,False,1,False
8,37,-51.63,-51.63,4.0,0.0,False,0,False
9,37,-51.36,-51.36,4.0,0.0,False,0,False
10,37,-51.27,-51.27,4.0,0.0,False,0,False
11,37,-51.36,-51.36,4.0,0.0,False,0,False
12,37,-51.63,-51.63,4.0,0.0,False,0,False
13,37,-52.07,-52.07,4.0,0.0,False,0,False
14,37,-52.62,-52.62,4.0,0.0,False,0,False
15,37,-53.27,-53.27,4.0,0.0,False,0,False
16,37,-53.98,-53.71,3.6,0.1,False,1,False
17,37,-54.72,-54.23,2.7692,0.3077,False,1,False
18,37,-55.48,-55.52,3.6,0.1,False,1,False
19,37,-56.24,-56.24,4.0,0.0,False,0,False
20,37,-56.99,-56.99,4.0,0.0,False,0,False
21,37,-56.24,-56.18,3.2727,0.1818,False,2,False
22,37,-55.48,-55.43,3.6,0.1,False,1,False
23,37,-54.72,-52.75,2.5714,0.3571,False,2,False
24,37,-53.98,-53.92,3.6,0.1,False,1,False
25,37,-53.27,-53.27,4.0,0.0,False,0,False
26,37,-52.62,-52.62,4.0,0.0,False,0,False
27,37,-52.07,-52.07,4.0,0.0,False,0,False
28,37,-51.63,-51.63,4.0,0.0,False,0,False
29,37,-51.36,-51.58,3.6,0.1,False,1,False
30,37,-51.27,-51.27,4.0,0.0,False,0,False
31,37,-51.36,-51.36,4.0,0.0,False,0,False
32,37,-51.63,-51.62,2.9388,0.2653,False,2,False
33,37,-52.07,-52.07,4.0,0.0,False,0,False
34,37,-52.62,-52.62,4.0,0.0,False,0,False
35,37,-53.27,-53.27,4.0,0.0,False,0,False
36,37,-53.98,-53.98,4.0,0.0,False,0,False
37,37,-54.72,-54.48,3.6,0.1,False,1,False
38,37,-55.48,-55.48,4.0,0.0,False,0,False
39,37,-56.24,-56.3,3.6,0.1,False,1,False
40,37,-56.99,-56.99,4.0,0.0,False,0,False
41,37,-56.24,-56.24,4.0,0.0,False,0,False
42,37,-55.48,-55.1,3.2,0.2,False,1,False
43,37,-54.72,-55.85,2.7692,0.3077,False,1,False
44,37,-53.98,-53.98,4.0,0.0,False,0,False
45,37,-53.27,-53.21,3.6,0.1,False,1,False
46,37,-52.62,-52.62,4.0,0.0,False,0,False
47,37,-52.07,-52.07,4.0,0.0,False,0,False
48,37,-51.63,-51.63,4.0,0.0,False,0,False
49,37,-51.36,-51.36,4.0,0.0,False,0,False
50,37,-51.27,-51.52,3.4483,0.1379,False,1,False
51,37,-51.36,-51.36,4.0,0.0,False,0,False
52,37,-51.63,-51.75,3.2727,0.1818,False,2,False
53,37,-52.07,-52.07,4.0,0.0,False,0,False
54,37,-52.62,-52.62,4.0,0.0,False,0,False
55,37,-53.27,-52.99,3.6,0.1,False,1,False
56,37,-53.98,-53.98,4.0,0.0,False,0,False
57,37,-54.72,-54.72,4.0,0.0,False,0,False
58,37,-54.72,-54.72,4.0,0.0,False,0,False
59,37,-53.86,-53.86,4.0,0.0,False,0,False
60,37,-52.99,-52.99,4.0,0.0,False,0,False
61,37,-52.15,-52.15,4.0,0.0,False,0,False
62,37,-51.36,-51.36,4.0,0.0,False,0,False
63,37,-50.67,-50.67,4.0,0.0,False,0,False
64,37,-50.12,-50.12,4.0,0.0,False,0,False
65,37,-49.76,-49.76,4.0,0.0,False,0,False
66,37,-49.64,-49.64,4.0,0.0,False,0,False
67,37,-49.76,-49.76,4.0,0.0,False,0,False
68,37,-50.12,-49.92,3.2,0.2,False,1,False
69,37,-50.67,-50.67,4.0,0.0,False,0,False
70,37,-51.36,-51.1,2.3607,0.4098,False,2,False
71,37,-52.15,-52.82,2.7692,0.3077,False,1,False
72,37,-54.92,-54.24,2.7692,0.3077,False,1,False
73,37,-55.85,-55.47,3.2,0.2,False,1,False
74,37,-56.78,-56.86,3.2,0.2,False,1,False
75,37,-57.69,-57.69,4.0,0.0,False,0,False
76,37,-58.58,-58.9,2.6667,0.3333,False,2,False
77,37,-59.44,-59.44,4.0,0.0,False,0,False
78,37,-60.26,-60.26,4.0,0.0,False,0,False
79,37,-61.06,-61.06,4.0,0.0,False,0,False
0,38,-56.4,-56.4,4.0,0.0,False,0,False
1,38,-55.57,-55.81,3.6,0.1,False,1,False
2,38,-54.72,-54.72,4.0,0.0,False,0,False
3,38,-53.86,-53.86,4.0,0.0,False,0,False
4,38,-52.99,-52.99,4.0,0.0,False,0,False
5,38,-52.15,-52.15,4.0,0.0,False,0,False
6,38,-51.36,-51.36,4.0,0.0,False,0,False
7,38,-50.67,-50.57,3.2,0.2,False,1,False
8,38,-50.12,-50.12,4.0,0.0,False,0,False
9,38,-49.76,-49.76,4.0,0.0,False,0,False
10,38,-49.64,-49.64,4.0,0.0,False,0,False
11,38,-49.76,-49.76,4.0,0.0,False,0,False
12,38,-50.12,-50.12,4.0,0.0,False,0,False
13,38,-50.67,-50.67,4.0,0.0,False,0,False
14,38,-51.36,-51.36,4.0,0.0,False,0,False
15,38,-52.15,-51.91,3.6,0.1,False,1,False
16,38,-52.99,-53.64,2.7692,0.3077,False,1,False
17,38,-53.86,-53.86,4.0,0.0,False,0,False
18,38,-54.72,-54.72,4.0,0.0,False,0,False
19,38,-55.57,-55.53,3.6,0.1,False,1,False
20,38,-56.4,-56.4,4.0,0.0,False,0,False
21,38,-55.57,-55.57,4.0,0.0,False,0,False
22,38,-54.72,-54.72,3.6,0.1,False,1,False
23,38,-53.86,-53.86,4.0,0.0,False,0,False
24,38,-52.99,-52.99,4.0,0.0,False,0,False
25,38,-52.15,-52.15,4.0,0.0,False,0,False
26,38,-51.36,-51.01,2.6667,0.3333,False,2,False
27,38,-50.67,-50.67,4.0,0.0,False,0,False
28,38,-50.12,-50.12,4.0,0.0,False,0,False
29,38,-49.76,-49.76,4.0,0.0,False,0,False
30,38,-49.64,-50.67,2.7692,0.3077,False,1,False
31,38,-49.76,-49.76,4.0,0.0,False,0,False
32,38,-50.12,-50.38,3.6,0.1,False,1,False
33,38,-50.67,-50.67,4.0,0.0,False,0,False
34,38,-51.36,-51.36,4.0,0.0,False,0,False
35,38,-52.15,-52.15,4.0,0.0,False,0,False
36,38,-52.99,-52.99,4.0,0.0,False,0,False
37,38,-53.86,-53.86,4.0,0.0,False,0,False
38,38,-54.72,-54.91,3.6,0.1,False,1,False
39,38,-55.57,-55.57,4.0,0.0,False,0,False
40,38,-56.4,-56.17,3.6,0.1,False,1,False
41,38,-55.57,-55.57,4.0,0.0,False,0,False
42,38,-54.72,-54.72,4.0,0.0,False,0,False
43,38,-53.86,-53.86,4.0,0.0,False,0,False
44,38,-52.99,-52.99,4.0,0.0,False,0,False
45,38,-52.15,-51.65,2.6667,0.3333,False,2,False
46,38,-51.36,-51.22,3.6,0.1,False,1,False
47,38,-50.67,-50.67,4.0,0.0,False,0,False
48,38,-50.12,-50.12,4.0,0.0,False,0,False
49,38,-49.76,-49.76,4.0,0.0,False,0,False
50,38,-49.64,-49.4,3.2,0.2,False,1,False
51,38,-49.76,-49.76,4.0,0.0,False,0,False
52,38,-50.12,-50.12,4.0,0.0,False,0,False
53,38,-50.67,-50.67,4.0,0.0,False,0,False
54,38,-51.36,-51.36,4.0,0.0,False,0,False
55,38,-52.15,-52.15,4.0,0.0,False,0,False
56,38,-52.99,-52.99,4.0,0.0,False,0,False
57,38,-53.86,-53.86,4.0,0.0,False,0,False
58,38,-54.72,-54.77,3.4483,0.1379,False,1,False
59,38,-54.72,-54.72,4.0,0.0,False,0,False
60,38,-53.98,-53.98,4.0,0.0,False,0,False
61,38,-53.27,-53.27,4.0,0.0,False,0,False
62,38,-52.62,-52.62,4.0,0.0,False,0,False
63,38,-52.07,-52.07,4.0,0.0,False,0,False
64,38,-51.63,-52.63,2.7692,0.3077,False,1,False
65,38,-51.36,-51.36,4.0,0.0,False,0,False
66,38,-51.27,-51.27,4.0,0.0,False,0,False
67,38,-51.36,-51.36,4.0,0.0,False,0,False
68,38,-51.63,-51.63,4.0,0.0,False,0,False
69,38,-52.07,-52.07,4.0,0.0,False,0,False
70,38,-52.62,-52.62,4.0,0.0,False,0,False
71,38,-53.27,-53.27,4.0,0.0,False,0,False
72,38,-55.98,-56.25,3.2,0.2,False,1,False
73,38,-56.78,-56.78,4.0,0.0,False,0,False
74,38,-57.59,-57.6,3.2,0.2,False,1,False
75,38,-58.4,-58.4,4.0,0.0,False,0,False
76,38,-59.2,-59.2,4.0,0.0,False,0,False
77,38,-59.99,-59.99,4.0,0.0,False,0,False
78,38,-60.75,-60.75,4.0,0.0,False,0,False
79,38,-61.49,-61.46,3.2,0.2,False,1,False
0,39,-55.85,-55.85,4.0,0.0,False,0,False
1,39,-54.93,-54.93,4.0,0.0,False,0,False
2,39,-53.98,-53.98,4.0,0.0,False,0,False
3,39,-52.99,-53.38,3.2,0.2,False,1,False
4,39,-51.98,-51.98,4.0,0.0,False,0,False
5,39,-50.97,-50.97,4.0,0.0,False,0,False
6,39,-50.0,-50.16,3.4483,0.1379,False,1,False
7,39,-49.12,-49.12,4.0,0.0,False,0,False
8,39,-48.41,-48.41,4.0,0.0,False,0,False
9,39,-47.93,-47.93,4.0,0.0,False,0,False
10,39,-47.77,-47.86,3.6,0.1,False,1,False
11,39,-47.93,-47.93,4.0,0.0,False,0,False
12,39,-48.41,-48.41,4.0,0.0,False,0,False
13,39,-49.12,-49.12,4.0,0.0,False,0,False
14,39,-50.0,-50.0,4.0,0.0,False,0,False
15,39,-50.97,-50.97,4.0,0.0,False,0,False
16,39,-51.98,-51.98,4.0,0.0,False,0,False
17,39,-52.99,-53.36,3.6,0.1,False,1,False
18,39,-53.98,-53.98,4.0,0.0,False,0,False
19,39,-54.93,-54.93,4.0,0.0,False,0,False
20,39,-55.85,-55.85,4.0,0.0,False,0,False
21,39,-54.93,-54.93,4.0,0.0,False,0,False
22,39,-53.98,-53.98,4.0,0.0,False,0,False
23,39,-52.99,-52.99,4.0,0.0,False,0,False
24,39,-51.98,-51.8,3.2,0.2,False,1,False
25,39,-50.97,-50.97,4.0,0.0,False,0,False
26,39,-50.0,-50.0,4.0,0.0,False,0,False
27,39,-49.12,-49.12,4.0,0.0,False,0,False
28,39,-48.41,-48.41,4.0,0.0,False,0,False
29,39,-47.93,-47.88,3.6,0.1,False,1,False
30,39,-47.77,-47.77,4.0,0.0,False,0,False
31,39,-47.93,-47.93,4.0,0.0,False,0,False
32,39,-48.41,-48.41,4.0,0.0,False,0,False
33,39,-49.12,-49.12,4.0,0.0,False,0,False
34,39,-50.0,-50.0,4.0,0.0,False,0,False
35,39,-50.97,-50.97,4.0,0.0,False,0,False
36,39,-51.98,-51.86,3.6,0.1,False,1,False
37,39,-52.99,-52.41,3.6,0.1,False,1,False
38,39,-53.98,-53.98,4.0,0.0,False,0,False
39,39,-54.93,-54.93,4.0,0.0,False,0,False
40,39,-55.85,-55.85,4.0,0.0,False,0,False
41,39,-54.93,-54.93,4.0,0.0,False,0,False
42,39,-53.98,-53.98,4.0,0.0,False,0,False
43,39,-52.99,-52.99,4.0,0.0,False,0,False
44,39,-51.98,-51.98,4.0,0.0,False,0,False
45,39,-50.97,-50.97,4.0,0.0,False,0,False
46,39,-50.0,-50.0,4.0,0.0,False,0,False
47,39,-49.12,-49.2,3.4483,0.1379,False,1,False
48,39,-48.41,-48.41,4.0,0.0,False,0,False
49,39,-47.93,-47.93,4.0,0.0,False,0,False
50,39,-47.77,-47.54,3.6,0.1,False,1,False
51,39,-47.93,-47.93,4.0,0.0,False,0,False
52,39,-48.41,-48.41,4.0,0.0,False,0,False
53,39,-49.12,-48.86,3.4483,0.1379,False,1,False
54,39,-50.0,-50.0,4.0,0.0,False,0,False
55,39,-50.97,-51.01,3.6,0.1,False,1,False
56,39,-51.98,-51.98,4.0,0.0,False,0,False
57,39,-52.99,-52.99,4.0,0.0,False,0,False
58,39,-53.98,-53.98,4.0,0.0,False,0,False
59,39,-54.93,-54.93,4.0,0.0,False,0,False
60,39,-54.93,-54.93,4.0,0.0,False,0,False
61,39,-54.33,-54.33,4.0,0.0,False,0,False
62,39,-53.79,-53.79,4.0,0.0,False,0,False
63,39,-53.34,-53.34,4.0,0.0,False,0,False
64,39,-52.99,-52.99,4.0,0.0,False,0,False
65,39,-52.77,-52.77,4.0,0.0,False,0,False
66,39,-52.7,-52.7,4.0,0.0,False,0,False
67,39,-52.77,-52.77,4.0,0.0,False,0,False
68,39,-52.99,-52.99,4.0,0.0,False,0,False
69,39,-53.34,-53.98,2.7692,0.3077,False,1,False
70,39,-53.79,-53.8,2.7692,0.3077,False,1,False
71,39,-54.33,-54.33,4.0,0.0,False,0,False
72,39,-57.0,-57.0,4.0,0.0,False,0,False
73,39,-57.69,-57.28,3.2,0.2,False,1,False
74,39,-58.4,-58.4,4.0,0.0,False,0,False
75,39,-59.12,-59.12,4.0,0.0,False,0,False
76,39,-59.84,-59.84,4.0,0.0,False,0,False
77,39,-60.56,-60.56,4.0,0.0,False,0,False
78,39,-61.26,-61.26,4.0,0.0,False,0,False
79,39,-61.95,-61.95,4.0,0.0,False,0,False
0,40,-55.34,-55.34,4.0,0.0,False,0,False
1,40,-54.33,-54.33,4.0,0.0,False,0,False
2,40,-53.27,-53.27,4.0,0.0,False,0,False
3,40,-52.15,-52.17,3.6,0.1,False,1,False
4,40,-50.97,-51.27,3.6,0.1,False,1,False
5,40,-49.76,-49.76,4.0,0.0,False,0,False
6,40,-48.56,-48.26,3.6,0.1,False,1,False
7,40,-47.42,-47.25,3.6,0.1,False,1,False
8,40,-46.45,-46.42,3.6,0.1,False,1,False
9,40,-45.79,-45.79,4.0,0.0,False,0,False
10,40,-45.55,-45.55,4.0,0.0,False,0,False
11,40,-45.79,-45.76,3.6,0.1,False,1,False
12,40,-46.45,-46.45,4.0,0.0,False,0,False
13,40,-47.42,-47.66,2.7692,0.3077,False,1,False
14,40,-48.56,-48.56,4.0,0.0,False,0,False
15,40,-49.76,-49.82,3.6,0.1,False,1,False
16,40,-50.97,-50.97,4.0,0.0,False,0,False
17,40,-52.15,-52.27,3.2,0.2,False,1,False
18,40,-53.27,-53.27,4.0,0.0,False,0,False
19,40,-54.33,-54.33,4.0,0.0,False,0,False
20,40,-55.34,-55.34,4.0,0.0,False,0,False
21,40,-54.33,-54.42,3.6,0.1,False,1,False
22,40,-53.27,-53.27,4.0,0.0,False,0,False
23,40,-52.15,-52.15,4.0,0.0,False,0,False
24,40,-50.97,-50.97,4.0,0.0,False,0,False
25,40,-49.76,-49.76,4.0,0.0,False,0,False
26,40,-48.56,-48.56,4.0,0.0,False,0,False
27,40,-47.42,-47.42,4.0,0.0,False,0,False
28,40,-46.45,-45.15,2.7692,0.3077,False,1,False
29,40,-45.79,-45.79,4.0,0.0,False,0,False
30,40,-45.55,-45.58,3.6,0.1,False,1,False
31,40,-45.79,-45.79,4.0,0.0,False,0,False
32,40,-46.45,-47.1,3.4483,0.1379,False,1,False
33,40,-47.42,-47.42,4.0,0.0,False,0,False
34,40,-48.56,-48.56,4.0,0.0,False,0,False
35,40,-49.76,-49.76,4.0,0.0,False,0,False
36,40,-50.97,-50.97,4.0,0.0,False,0,False
37,40,-52.15,-52.15,4.0,0.0,False,0,False
38,40,-53.27,-52.95,3.6,0.1,False,1,False
39,40,-54.33,-54.32,3.6,0.1,False,1,False
40,40,-55.34,-55.34,4.0,0.0,False,0,False
41,40,-54.33,-54.33,4.0,0.0,False,0,False
42,40,-53.27,-53.27,4.0,0.0,False,0,False
43,40,-52.15,-52.15,4.0,0.0,False,0,False
44,40,-50.97,-50.75,3.6,0.1,False,1,False
45,40,-49.76,-49.76,4.0,0.0,False,0,False
46,40,-48.56,-48.56,4.0,0.0,False,0,False
47,40,-47.42,-47.42,4.0,0.0,False,0,False
48,40,-46.45,-46.45,4.0,0.0,False,0,False
49,40,-45.79,-45.79,4.0,0.0,False,0,False
50,40,-45.55,-45.55,4.0,0.0,False,0,False
51,40,-45.79,-45.79,4.0,0.0,False,0,False
52,40,-46.45,-46.66,3.2,0.2,False,1,False
53,40,-47.42,-47.33,3.6,0.1,False,1,False
54,40,-48.56,-48.54,3.4483,0.1379,False,1,False
55,40,-49.76,-49.76,4.0,0.0,False,0,False
56,40,-50.97,-50.83,3.2,0.2,False,1,False
57,40,-52.15,-52.01,2.9388,0.2653,False,2,False
58,40,-53.27,-53.27,4.0,0.0,False,0,False
59,40,-54.33,-54.18,3.6,0.1,False,1,False
60,40,-55.34,-55.34,4.0,0.0,False,0,False
61,40,-55.34,-55.34,4.0,0.0,False,0,False
62,40,-54.88,-54.88,4.0,0.0,False,0,False
63,40,-54.5,-54.5,4.0,0.0,False,0,False
64,40,-54.22,-54.22,4.0,0.0,False,0,False
65,40,-54.04,-54.04,4.0,0.0,False,0,False
66,40,-53.98,-53.98,4.0,0.0,False,0,False
67,40,-54.04,-54.04,4.0,0.0,False,0,False
68,40,-54.22,-54.22,4.0,0.0,False,0,False
69,40,-54.5,-54.5,4.0,0.0,False,0,False
70,40,-54.88,-54.88,4.0,0.0,False,0,False
71,40,-55.34,-55.21,3.2,0.2,False,1,False
72,40,-57.98,-57.98,4.0,0.0,False,0,False
73,40,-58.58,-58.58,4.0,0.0,False,0,False
74,40,-59.2,-59.2,4.0,0.0,False,0,False
75,40,-59.84,-59.84,4.0,0.0,False,0,False
76,40,-60.49,-60.49,4.0,0.0,False,0,False
77,40,-61.15,-61.15,4.0,0.0,False,0,False
78,40,-61.79,-61.79,4.0,0.0,False,0,False
79,40,-62.43,-62.43,4.0,0.0,False,0,False
0,41,-54.88,-54.5,3.2,0.2,False,1,False
1,41,-53.79,-53.79,3.2,0.2,False,1,False
2,41,-52.62,-52.62,4.0,0.0,False,0,False
3,41,-51.36,-51.36,4.0,0.0,False,0,False
4,41,-50.0,-50.0,4.0,0.0,False,0,False
5,41,-48.56,-48.73,2.7692,0.3077,False,1,False
6,41,-47.05,-47.05,4.0,0.0,False,0,False
7,41,-45.55,-45.55,4.0,0.0,False,0,False
8,41,-44.19,-44.19,4.0,0.0,False,0,False
9,41,-43.21,-43.21,4.0,0.0,False,0,False
10,41,-42.84,-42.84,4.0,0.0,False,0,False
11,41,-43.21,-43.16,3.6,0.1,False,1,False
12,41,-44.19,-44.06,2.0,0.5,False,3,False
13,41,-45.55,-44.87,2.7692,0.3077,False,1,False
14,41,-47.05,-47.05,3.6,0.1,False,1,False
15,41,-48.56,-48.78,3.6,0.1,False,1,False
16,41,-50.0,-50.0,4.0,0.0,False,0,False
17,41,-51.36,-51.36,4.0,0.0,False,0,False
18,41,-52.62,-52.66,2.9388,0.2653,False,2,False
19,41,-53.79,-53.79,4.0,0.0,False,0,False
20,41,-54.88,-54.88,4.0,0.0,False,0,False
21,41,-53.79,-53.79,4.0,0.0,False,0,False
22,41,-52.62,-52.62,4.0,0.0,False,0,False
23,41,-51.36,-51.36,4.0,0.0,False,0,False
24,41,-50.0,-50.0,4.0,0.0,False,0,False
25,41,-48.56,-48.56,4.0,0.0,False,0,False
26,41,-47.05,-47.05,4.0,0.0,False,0,False
27,41,-45.55,-45.55,4.0,0.0,False,0,False
28,41,-44.19,-44.19,4.0,0.0,False,0,False
29,41,-43.21,-43.21,4.0,0.0,False,0,False
30,41,-42.84,-42.84,4.0,0.0,False,0,False
31,41,-43.21,-43.21,4.0,0.0,False,0,False
32,41,-44.19,-44.19,4.0,0.0,False,0,False
33,41,-45.55,-45.55,4.0,0.0,False,0,False
34,41,-47.05,-45.81,2.5714,0.3571,False,2,False
35,41,-48.56,-48.56,4.0,0.0,False,0,False
36,41,-50.0,-51.15,2.7692,0.3077,False,1,False
37,41,-51.36,-51.36,4.0,0.0,False,0,False
38,41,-52.62,-52.62,4.0,0.0,False,0,False
39,41,-53.79,-53.27,2.1176,0.4706,False,2,False
40,41,-54.88,-54.88,4.0,0.0,False,0,False
41,41,-53.79,-53.93,2.5714,0.3571,False,2,False
42,41,-52.62,-52.62,4.0,0.0,False,0,False
43,41,-51.36,-51.36,4.0,0.0,False,0,False
44,41,-50.0,-50.0,4.0,0.0,False,0,False
45,41,-48.56,-48.56,4.0,0.0,False,0,False
46,41,-47.05,-46.59,3.2,0.2,False,1,False
47,41,-45.55,-45.55,4.0,0.0,False,0,False
48,41,-44.19,-44.64,2.9388,0.2653,False,2,False
49,41,-43.21,-43.21,4.0,0.0,False,0,False
50,41,-42.84,-42.74,3.4483,0.1379,False,1,False
51,41,-43.21,-43.21,4.0,0.0,False,0,False
52,41,-44.19,-43.92,3.6,0.1,False,1,False
53,41,-45.55,-45.55,4.0,0.0,False,0,False
54,41,-47.05,-47.05,4.0,0.0,False,0,False
55,41,-48.56,-48.56,4.0,0.0,False,0,False
56,41,-50.0,-50.0,4.0,0.0,False,0,False
57,41,-51.36,-51.36,4.0,0.0,False,0,False
58,41,-52.62,-52.62,4.0,0.0,False,0,False
59,41,-53.79,-53.79,4.0,0.0,False,0,False
60,41,-54.88,-54.88,4.0,0.0,False,0,False
61,41,-54.33,-54.33,4.0,0.0,False,0,False
62,41,-53.79,-53.79,4.0,0.0,False,0,False
63,41,-53.34,-53.34,4.0,0.0,False,0,False
64,41,-52.99,-52.88,2.7692,0.3077,False,1,False
65,41,-52.77,-52.77,4.0,0.0,False,0,False
66,41,-52.7,-52.7,4.0,0.0,False,0,False
67,41,-52.77,-52.77,4.0,0.0,False,0,False
68,41,-52.99,-52.99,4.0,0.0,False,0,False
69,41,-53.34,-53.34,4.0,0.0,False,0,False
70,41,-53.79,-53.79,4.0,0.0,False,0,False
71,41,-54.33,-54.33,4.0,0.0,False,0,False
72,41,-57.0,-57.0,4.0,0.0,False,0,False
73,41,-57.69,-57.69,4.0,0.0,False,0,False
74,41,-58.4,-58.4,4.0,0.0,False,0,False
75,41,-59.12,-59.12,4.0,0.0,False,0,False
76,41,-59.84,-59.84,4.0,0.0,False,0,False
77,41,-60.56,-60.56,4.0,0.0,False,0,False
78,41,-61.26,-61.26,4.0,0.0,False,0,False
79,41,-61.95,-62.47,3.2,0.2,False,1,False
0,42,-54.5,-54.5,4.0,0.0,False,0,False
1,42,-53.34,-53.34,4.0,0.0,False,0,False
2,42,-52.07,-52.07,4.0,0.0,False,0,False
3,42,-50.67,-50.67,4.0,0.0,False,0,False
4,42,-49.12,-49.12,4.0,0.0,False,0,False
5,42,-47.42,-47.82,3.2,0.2,False,1,False
6,42,-45.55,-45.55,4.0,0.0,False,0,False
7,42,-43.55,-43.55,4.0,0.0,False,0,False
8,42,-41.57,-41.57,4.0,0.0,False,0,False
9,42,-39.98,-39.98,4.0,0.0,False,0,False
10,42,-39.34,-39.34,4.0,0.0,False,0,False
11,42,-39.98,-39.65,3.6,0.1,False,1,False
12,42,-41.57,-41.57,4.0,0.0,False,0,False
13,42,-43.55,-43.55,4.0,0.0,False,0,False
14,42,-45.55,-45.55,4.0,0.0,False,0,False
15,42,-47.42,-47.42,4.0,0.0,False,0,False
16,42,-49.12,-49.12,4.0,0.0,False,0,False
17,42,-50.67,-50.67,4.0,0.0,False,0,False
18,42,-52.07,-52.43,3.6,0.1,False,1,False
19,42,-53.34,-53.34,4.0,0.0,False,0,False
20,42,-54.5,-54.5,4.0,0.0,False,0,False
21,42,-53.34,-53.34,4.0,0.0,False,0,False
22,42,-52.07,-52.07,4.0,0.0,False,0,False
23,42,-50.67,-50.67,4.0,0.0,False,0,False
24,42,-49.12,-49.12,4.0,0.0,False,0,False
25,42,-47.42,-47.42,4.0,0.0,False,0,False
26,42,-45.55,-45.9,3.2,0.2,False,1,False
27,42,-43.55,-43.55,4.0,0.0,False,0,False
28,42,-41.57,-41.57,4.0,0.0,False,0,False
29,42,-39.98,-41.7,2.7692,0.3077,False,1,False
30,42,-39.34,-39.34,4.0,0.0,False,0,False
31,42,-39.98,-39.98,4.0,0.0,False,0,False
32,42,-41.57,-41.16,3.6,0.1,False,1,False
33,42,-43.55,-43.55,4.0,0.0,False,0,False
34,42,-45.55,-45.55,4.0,0.0,False,0,False
35,42,-47.42,-47.42,4.0,0.0,False,0,False
36,42,-49.12,-49.12,4.0,0.0,False,0,False
37,42,-50.67,-49.77,2.9388,0.2653,False,2,False
38,42,-52.07,-52.38,3.2,0.2,False,1,False
39,42,-53.34,-53.34,4.0,0.0,False,0,False
40,42,-54.5,-54.5,4.0,0.0,False,0,False
41,42,-53.34,-53.34,4.0,0.0,False,0,False
42,42,-52.07,-52.07,4.0,0.0,False,0,False
43,42,-50.67,-50.67,4.0,0.0,False,0,False
44,42,-49.12,-49.12,4.0,0.0,False,0,False
45,42,-47.42,-47.42,4.0,0.0,False,0,False
46,42,-45.55,-45.43,3.6,0.1,False,1,False
47,42,-43.55,-43.55,4.0,0.0,False,0,False
48,42,-41.57,-41.57,4.0,0.0,False,0,False
49,42,-39.98,-39.98,4.0,0.0,False,0,False
50,42,-39.34,-39.34,4.0,0.0,False,0,False
51,42,-39.98,-39.98,4.0,0.0,False,0,False
52,42,-41.57,-41.57,4.0,0.0,False,0,False
53,42,-43.55,-43.55,4.0,0.0,False,0,False
54,42,-45.55,-45.49,3.6,0.1,False,1,False
55,42,-47.42,-47.3,3.2727,0.1818,False,2,False
56,42,-49.12,-49.17,3.2,0.2,False,1,False
57,42,-50.67,-50.67,4.0,0.0,False,0,False
58,42,-52.07,-52.21,3.6,0.1,False,1,False
59,42,-53.34,-53.34,4.0,0.0,False,0,False
60,42,-53.98,-53.98,4.0,0.0,False,0,False
61,42,-53.27,-53.27,4.0,0.0,False,0,False
62,42,-52.62,-52.62,4.0,0.0,False,0,False
63,42,-52.07,-52.07,4.0,0.0,False,0,False
64,42,-51.63,-51.63,4.0,0.0,False,0,False
65,42,-51.36,-51.36,4.0,0.0,False,0,False
66,42,-51.27,-51.27,4.0,0.0,False,0,False
67,42,-51.36,-51.36,4.0,0.0,False,0,False
68,42,-51.63,-51.63,4.0,0.0,False,0,False
69,42,-52.07,-52.41,2.7692,0.3077,False,1,False
70,42,-52.62,-52.07,2.7692,0.3077,False,1,False
71,42,-53.27,-53.27,4.0,0.0,False,0,False
72,42,-55.98,-55.41,3.2,0.2,False,1,False
73,42,-56.78,-56.78,4.0,0.0,False,0,False
74,42,-57.59,-57.59,4.0,0.0,False,0,False
75,42,-58.4,-58.4,4.0,0.0,False,0,False
76,42,-59.2,-59.2,4.0,0.0,False,0,False
77,42,-59.99,-59.99,4.0,0.0,False,0,False
78,42,-60.75,-60.75,4.0,0.0,False,0,False
79,42,-61.49,-61.49,4.0,0.0,False,0,False
0,43,-54.22,-54.22,4.0,0.0,False,0,False
1,43,-52.99,-52.99,4.0,0.0,False,0,False
2,43,-51.63,-51.63,4.0,0.0,False,0,False
3,43,-50.12,-49.36,2.3316,0.4171,False,3,False
4,43,-48.41,-48.41,4.0,0.0,False,0,False
5,43,-46.45,-46.53,3.6,0.1,False,1,False
6,43,-44.19,-44.19,4.0,0.0,False,0,False
7,43,-41.57,-41.57,4.0,0.0,False,0,False
8,43,-38.62,-38.64,3.6,0.1,False,1,False
9,43,-35.76,-35.76,4.0,0.0,False,0,False
10,43,-34.41,-34.3,3.2,0.2,False,1,False
11,43,-35.76,-35.76,4.0,0.0,False,0,False
12,43,-38.62,-38.62,4.0,0.0,False,0,False
13,43,-41.57,-41.12,3.6,0.1,False,1,False
14,43,-44.19,-44.19,4.0,0.0,False,0,False
15,43,-46.45,-46.45,4.0,0.0,False,0,False
16,43,-48.41,-48.41,4.0,0.0,False,0,False
17,43,-50.12,-50.12,4.0,0.0,False,0,False
18,43,-51.63,-51.63,4.0,0.0,False,0,False
19,43,-52.99,-52.67,3.6,0.1,False,1,False
20,43,-54.22,-54.22,4.0,0.0,False,0,False
21,43,-52.99,-52.99,4.0,0.0,False,0,False
22,43,-51.63,-51.63,4.0,0.0,False,0,False
23,43,-50.12,-50.26,3.2,0.2,False,1,False
24,43,-48.41,-48.41,4.0,0.0,False,0,False
25,43,-46.45,-46.45,4.0,0.0,False,0,False
26,43,-44.19,-44.19,4.0,0.0,False,0,False
27,43,-41.57,-41.57,4.0,0.0,False,0,False
28,43,-38.62,-38.86,3.6,0.1,False,1,False
29,43,-35.76,-35.76,4.0,0.0,False,0,False
30,43,-34.41,-34.41,4.0,0.0,False,0,False
31,43,-35.76,-35.76,4.0,0.0,False,0,False
32,43,-38.62,-38.62,4.0,0.0,False,0,False
33,43,-41.57,-42.06,3.6,0.1,False,1,False
34,43,-44.19,-44.37,3.6,0.1,False,1,False
35,43,-46.45,-46.45,4.0,0.0,False,0,False
36,43,-48.41,-48.41,4.0,0.0,False,0,False
37,43,-50.12,-50.15,3.6,0.1,False,1,False
38,43,-51.63,-51.63,4.0,0.0,False,0,False
39,43,-52.99,-52.99,4.0,0.0,False,0,False
40,43,-54.22,-54.22,4.0,0.0,False,0,False
41,43,-52.99,-52.99,4.0,0.0,False,0,False
42,43,-51.63,-51.63,4.0,0.0,False,0,False
43,43,-50.12,-50.06,3.6,0.1,False,1,False
44,43,-48.41,-48.41,4.0,0.0,False,0,False
45,43,-46.45,-46.45,4.0,0.0,False,0,False
46,43,-44.19,-44.19,4.0,0.0,False,0,False
47,43,-41.57,-41.48,3.2,0.2,False,1,False
48,43,-38.62,-38.62,4.0,0.0,False,0,False
49,43,-35.76,-35.76,4.0,0.0,False,0,False
50,43,-34.41,-34.41,4.0,0.0,False,0,False
51,43,-35.76,-35.84,3.6,0.1,False,1,False
52,43,-38.62,-38.62,4.0,0.0,False,0,False
53,43,-41.57,-41.51,2.5714,0.3571,False,2,False
54,43,-44.19,-44.19,4.0,0.0,False,0,False
55,43,-46.45,-46.7,3.6,0.1,False,1,False
56,43,-48.41,-48.41,4.0,0.0,False,0,False
57,43,-50.12,-50.82,2.8939,0.2765,False,3,False
58,43,-51.63,-51.63,4.0,0.0,False,0,False
59,43,-52.99,-52.99,4.0,0.0,False,0,False
60,43,-52.99,-52.99,4.0,0.0,False,0,False
61,43,-52.15,-52.15,4.0,0.0,False,0,False
62,43,-51.36,-51.36,4.0,0.0,False,0,False
63,43,-50.67,-50.67,4.0,0.0,False,0,False
64,43,-50.12,-50.12,4.0,0.0,False,0,False
65,43,-49.76,-49.76,4.0,0.0,False,0,False
66,43,-49.64,-49.64,4.0,0.0,False,0,False
67,43,-49.76,-49.76,4.0,0.0,False,0,False
68,43,-50.12,-50.12,4.0,0.0,False,0,False
69,43,-50.67,-50.67,4.0,0.0,False,0,False
70,43,-51.36,-51.18,2.7692,0.3077,False,1,False
71,43,-52.15,-52.53,2.7692,0.3077,False,1,False
72,43,-54.92,-54.92,4.0,0.0,False,0,False
73,43,-55.85,-55.85,4.0,0.0,False,0,False
74,43,-56.78,-56.78,4.0,0.0,False,0,False
75,43,-57.69,-57.69,4.0,0.0,False,0,False
76,43,-58.58,-58.58,4.0,0.0,False,0,False
77,43,-59.44,-59.44,4.0,0.0,False,0,False
78,43,-60.26,-60.26,4.0,0.0,False,0,False
79,43,-61.06,-61.06,4.0,0.0,False,0,False
0,44,-54.04,-54.07,3.6,0.1,False,1,False
1,44,-52.77,-52.77,4.0,0.0,False,0,False
2,44,-51.36,-51.36,4.0,0.0,False,0,False
3,44,-49.76,-49.76,4.0,0.0,False,0,False
4,44,-47.93,-48.59,2.2154,0.4462,False,3,False
5,44,-45.79,-45.79,4.0,0.0,False,0,False
6,44,-43.21,-43.21,4.0,0.0,False,0,False
7,44,-39.98,-39.98,4.0,0.0,False,0,False
8,44,-35.76,-35.76,4.0,0.0,False,0,False
9,44,-30.19,-30.19,4.0,0.0,False,0,False
10,44,-25.98,-25.98,4.0,0.0,False,0,False
11,44,-30.19,-30.19,4.0,0.0,False,0,False
12,44,-35.76,-35.65,3.6,0.1,False,1,False
13,44,-39.98,-40.01,2.7692,0.3077,False,1,False
14,44,-43.21,-43.21,4.0,0.0,False,0,False
15,44,-45.79,-46.26,3.2,0.2,False,1,False
16,44,-47.93,-47.93,4.0,0.0,False,0,False
17,44,-49.76,-49.21,3.6,0.1,False,1,False
18,44,-51.36,-51.55,2.7692,0.3077,False,1,False
19,44,-52.77,-52.92,3.1469,0.2133,False,2,False
20,44,-54.04,-54.04,4.0,0.0,False,0,False
21,44,-52.77,-52.31,3.2,0.2,False,1,False
22,44,-51.36,-51.36,4.0,0.0,False,0,False
23,44,-49.76,-49.76,4.0,0.0,False,0,False
24,44,-47.93,-47.93,4.0,0.0,False,0,False
25,44,-45.79,-45.79,4.0,0.0,False,0,False
26,44,-43.21,-43.21,4.0,0.0,False,0,False
27,44,-39.98,-39.98,4.0,0.0,False,0,False
28,44,-35.76,-35.78,3.6,0.1,False,1,False
29,44,-30.19,-30.19,4.0,0.0,False,0,False
30,44,-25.98,-25.98,4.0,0.0,False,0,False
31,44,-30.19,-30.19,4.0,0.0,False,0,False
32,44,-35.76,-35.76,4.0,0.0,False,0,False
33,44,-39.98,-40.04,3.2,0.2,False,1,False
34,44,-43.21,-43.21,4.0,0.0,False,0,False
35,44,-45.79,-45.75,3.2727,0.1818,False,2,False
36,44,-47.93,-47.93,4.0,0.0,False,0,False
37,44,-49.76,-49.76,4.0,0.0,False,0,False
38,44,-51.36,-51.36,4.0,0.0,False,0,False
39,44,-52.77,-53.02,3.6,0.1,False,1,False
40,44,-54.04,-54.04,4.0,0.0,False,0,False
41,44,-52.77,-52.65,3.6,0.1,False,1,False
42,44,-51.36,-51.36,4.0,0.0,False,0,False
43,44,-49.76,-49.76,4.0,0.0,False,0,False
44,44,-47.93,-48.1,3.6,0.1,False,1,False
45,44,-45.79,-45.79,4.0,0.0,False,0,False
46,44,-43.21,-43.21,4.0,0.0,False,0,False
47,44,-39.98,-39.98,4.0,0.0,False,0,False
48,44,-35.76,-35.76,4.0,0.0,False,0,False
49,44,-30.19,-30.19,4.0,0.0,False,0,False
50,44,-25.98,-25.98,4.0,0.0,False,0,False
51,44,-30.19,-30.19,4.0,0.0,False,0,False
52,44,-35.76,-36.63,3.2,0.2,False,1,False
53,44,-39.98,-39.96,3.6,0.1,False,1,False
54,44,-43.21,-43.24,3.6,0.1,False,1,False
55,44,-45.79,-45.63,3.2,0.2,False,1,False
56,44,-47.93,-47.93,4.0,0.0,False,0,False
57,44,-49.76,-49.91,3.2,0.2,False,1,False
58,44,-51.36,-51.36,4.0,0.0,False,0,False
59,44,-52.77,-52.77,4.0,0.0,False,0,False
60,44,-51.98,-51.98,4.0,0.0,False,0,False
61,44,-50.97,-50.97,4.0,0.0,False,0,False
62,44,-50.0,-50.0,4.0,0.0,False,0,False
63,44,-49.12,-49.12,4.0,0.0,False,0,False
64,44,-48.41,-48.41,4.0,0.0,False,0,False
65,44,-47.93,-47.93,4.0,0.0,False,0,False
66,44,-47.77,-47.77,4.0,0.0,False,0,False
67,44,-47.93,-47.93,4.0,0.0,False,0,False
68,44,-48.41,-48.41,4.0,0.0,False,0,False
69,44,-49.12,-49.12,4.0,0.0,False,0,False
70,44,-50.0,-49.97,3.4483,0.1379,False,1,False
71,44,-50.97,-50.97,4.0,0.0,False,0,False
72,44,-53.84,-53.58,3.2,0.2,False,1,False
73,44,-54.92,-54.92,4.0,0.0,False,0,False
74,44,-55.98,-55.98,4.0,0.0,False,0,False
75,44,-57.0,-56.97,3.2,0.2,False,1,False
76,44,-57.98,-57.98,4.0,0.0,False,0,False
77,44,-58.92,-58.92,4.0,0.0,False,0,False
78,44,-59.81,-59.81,4.0,0.0,False,0,False
79,44,-60.66,-60.66,4.0,0.0,False,0,False
0,45,-53.98,-53.57,3.2,0.2,False,1,False
1,45,-52.7,-52.7,4.0,0.0,False,0,False
2,45,-51.27,-51.27,4.0,0.0,False,0,False
3,45,-49.64,-49.42,3.6,0.1,False,1,False
4,45,-47.77,-47.77,4.0,0.0,False,0,False
5,45,-45.55,-45.55,4.0,0.0,False,0,False
6,45,-42.84,-42.57,3.6,0.1,False,1,False
7,45,-39.34,-39.24,3.6,0.1,False,1,False
8,45,-34.41,-34.41,4.0,0.0,False,0,False
9,45,-25.98,-25.81,3.6,0.1,False,1,False
10,45,-17.55,-17.55,4.0,0.0,False,0,False
11,45,-25.98,-25.98,4.0,0.0,False,0,False
12,45,-34.41,-34.41,4.0,0.0,False,0,False
13,45,-39.34,-39.34,4.0,0.0,False,0,False
14,45,-42.84,-43.34,2.7692,0.3077,False,1,False
15,45,-45.55,-45.87,3.6,0.1,False,1,False
16,45,-47.77,-47.77,4.0,0.0,False,0,False
17,45,-49.64,-49.47,3.6,0.1,False,1,False
18,45,-51.27,-51.11,3.4483,0.1379,False,1,False
19,45,-52.7,-52.66,2.3607,0.4098,False,2,False
20,45,-53.98,-53.98,4.0,0.0,False,0,False
21,45,-52.7,-52.7,4.0,0.0,False,0,False
22,45,-51.27,-51.27,4.0,0.0,False,0,False
23,45,-49.64,-49.64,4.0,0.0,False,0,False
24,45,-47.77,-47.77,4.0,0.0,False,0,False
25,45,-45.55,-45.45,3.6,0.1,False,1,False
26,45,-42.84,-42.84,4.0,0.0,False,0,False
27,45,-39.34,-39.34,4.0,0.0,False,0,False
28,45,-34.41,-35.06,2.5714,0.3571,False,2,False
29,45,-25.98,-25.98,4.0,0.0,False,0,False
30,45,-17.55,-17.55,4.0,0.0,False,0,False
31,45,-25.98,-25.98,4.0,0.0,False,0,False
32,45,-34.41,-34.41,4.0,0.0,False,0,False
33,45,-39.34,-39.3,3.1469,0.2133,False,2,False
34,45,-42.84,-42.84,4.0,0.0,False,0,False
35,45,-45.55,-45.55,4.0,0.0,False,0,False
36,45,-47.77,-47.77,4.0,0.0,False,0,False
37,45,-49.64,-49.64,4.0,0.0,False,0,False
38,45,-51.27,-51.27,4.0,0.0,False,0,False
39,45,-52.7,-53.09,3.2,0.2,False,1,False
40,45,-53.98,-53.98,4.0,0.0,False,0,False
41,45,-52.7,-52.18,2.9388,0.2653,False,2,False
42,45,-51.27,-51.27,4.0,0.0,False,0,False
43,45,-49.64,-49.64,4.0,0.0,False,0,False
44,45,-47.77,-47.84,3.6,0.1,False,1,False
45,45,-45.55,-45.55,4.0,0.0,False,0,False
46,45,-42.84,-42.84,4.0,0.0,False,0,False
47,45,-39.34,-39.32,3.6,0.1,False,1,False
48,45,-34.41,-34.41,4.0,0.0,False,0,False
49,45,-25.98,-25.98,4.0,0.0,False,0,False
50,45,-17.55,-17.69,3.2727,0.1818,False,2,False
51,45,-25.98,-25.98,4.0,0.0,False,0,False
52,45,-34.41,-34.13,3.6,0.1,False,1,False
53,45,-39.34,-39.46,3.6,0.1,False,1,False
54,45,-42.84,-42.66,3.6,0.1,False,1,False
55,45,-45.55,-45.55,4.0,0.0,False,0,False
56,45,-47.77,-47.77,4.0,0.0,False,0,False
57,45,-49.64,-49.93,3.2,0.2,False,1,False
58,45,-51.27,-51.27,4.0,0.0,False,0,False
59,45,-52.15,-52.15,4.0,0.0,False,0,False
60,45,-50.97,-50.97,4.0,0.0,False,0,False
61,45,-49.76,-49.39,3.2,0.2,False,1,False
62,45,-48.56,-48.56,4.0,0.0,False,0,False
63,45,-47.42,-47.42,4.0,0.0,False,0,False
64,45,-46.45,-46.45,4.0,0.0,False,0,False
65,45,-45.79,-45.79,4.0,0.0,False,0,False
66,45,-45.55,-45.55,4.0,0.0,False,0,False
67,45,-45.79,-45.79,4.0,0.0,False,0,False
68,45,-46.45,-46.45,4.0,0.0,False,0,False
69,45,-47.42,-47.9,2.7692,0.3077,False,1,False
70,45,-48.56,-48.56,4.0,0.0,False,0,False
71,45,-49.76,-49.76,4.0,0.0,False,0,False
72,45,-52.76,-52.76,4.0,0.0,False,0,False
73,45,-54.02,-54.02,4.0,0.0,False,0,False
74,45,-55.22,-55.22,4.0,0.0,False,0,False
75,45,-56.36,-56.36,4.0,0.0,False,0,False
76,45,-57.43,-57.43,4.0,0.0,False,0,False
77,45,-58.44,-58.44,4.0,0.0,False,0,False
78,45,-59.4,-59.4,4.0,0.0,False,0,False
79,45,-60.3,-60.3,4.0,0.0,False,0,False
0,46,-54.04,-54.04,4.0,0.0,False,0,False
1,46,-52.77,-53.06,3.6,0.1,False,1,False
2,46,-51.36,-51.36,4.0,0.0,False,0,False
3,46,-49.76,-49.76,4.0,0.0,False,0,False
4,46,-47.93,-47.93,4.0,0.0,False,0,False
5,46,-45.79,-45.79,4.0,0.0,False,0,False
6,46,-43.21,-43.29,2.7692,0.3077,False,1,False
7,46,-39.98,-39.91,3.2,0.2,False,1,False
8,46,-35.76,-35.76,4.0,0.0,False,0,False
9,46,-30.19,-30.19,4.0,0.0,False,0,False
10,46,-25.98,-25.98,4.0,0.0,False,0,False
11,46,-30.19,-30.19,4.0,0.0,False,0,False
12,46,-35.76,-35.76,4.0,0.0,False,0,False
13,46,-39.98,-39.98,4.0,0.0,False,0,False
14,46,-43.21,-42.93,2.5714,0.3571,False,2,False
15,46,-45.79,-45.79,4.0,0.0,False,0,False
16,46,-47.93,-47.93,4.0,0.0,False,0,False
17,46,-49.76,-49.76,4.0,0.0,False,0,False
18,46,-51.36,-51.36,4.0,0.0,False,0,False
19,46,-52.77,-52.77,4.0,0.0,False,0,False
20,46,-54.04,-54.04,4.0,0.0,False,0,False
21,46,-52.77,-52.77,4.0,0.0,False,0,False
22,46,-51.36,-51.36,3.6,0.1,False,1,False
23,46,-49.76,-49.82,3.6,0.1,False,1,False
24,46,-47.93,-48.22,2.9388,0.2653,False,2,False
25,46,-45.79,-45.79,4.0,0.0,False,0,False
26,46,-43.21,-43.54,3.6,0.1,False,1,False
27,46,-39.98,-39.99,3.6,0.1,False,1,False
28,46,-35.76,-35.76,4.0,0.0,False,0,False
29,46,-30.19,-30.19,4.0,0.0,False,0,False
30,46,-25.98,-25.29,3.6,0.1,False,1,False
31,46,-30.19,-30.19,4.0,0.0,False,0,False
32,46,-35.76,-35.76,4.0,0.0,False,0,False
33,46,-39.98,-39.98,4.0,0.0,False,0,False
34,46,-43.21,-43.21,4.0,0.0,False,0,False
35,46,-45.79,-45.79,4.0,0.0,False,0,False
36,46,-47.93,-47.93,4.0,0.0,False,0,False
37,46,-49.76,-49.76,4.0,0.0,False,0,False
38,46,-51.36,-50.84,3.6,0.1,False,1,False
39,46,-52.77,-52.77,4.0,0.0,False,0,False
40,46,-54.04,-54.04,4.0,0.0,False,0,False
41,46,-52.77,-52.77,4.0,0.0,False,0,False
42,46,-51.36,-51.21,3.6,0.1,False,1,False
43,46,-49.76,-49.76,4.0,0.0,False,0,False
44,46,-47.93,-47.93,4.0,0.0,False,0,False
45,46,-45.79,-45.79,4.0,0.0,False,0,False
46,46,-43.21,-43.21,4.0,0.0,False,0,False
47,46,-39.98,-39.98,4.0,0.0,False,0,False
48,46,-35.76,-35.76,4.0,0.0,False,0,False
49,46,-30.19,-30.21,3.2,0.2,False,1,False
50,46,-25.98,-26.01,3.6,0.1,False,1,False
51,46,-30.19,-30.11,2.7692,0.3077,False,1,False
52,46,-35.76,-35.76,4.0,0.0,False,0,False
53,46,-39.98,-39.98,4.0,0.0,False,0,False
54,46,-43.21,-43.58,3.2,0.2,False,1,False
55,46,-45.79,-45.79,4.0,0.0,False,0,False
56,46,-47.93,-47.93,4.0,0.0,False,0,False
57,46,-49.76,-49.76,4.0,0.0,False,0,False
58,46,-51.36,-51.36,4.0,0.0,False,0,False
59,46,-51.36,-51.36,4.0,0.0,False,0,False
60,46,-50.0,-50.0,4.0,0.0,False,0,False
61,46,-48.56,-50.04,2.7692,0.3077,False,1,False
62,46,-47.05,-47.05,4.0,0.0,False,0,False
63,46,-45.55,-45.55,4.0,0.0,False,0,False
64,46,-44.19,-44.57,2.7692,0.3077,False,1,False
65,46,-43.21,-43.21,4.0,0.0,False,0,False
66,46,-42.84,-42.67,2.7692,0.3077,False,1,False
67,46,-43.21,-43.21,4.0,0.0,False,0,False
68,46,-44.19,-44.19,4.0,0.0,False,0,False
69,46,-45.55,-45.55,4.0,0.0,False,0,False
70,46,-47.05,-47.05,4.0,0.0,False,0,False
71,46,-48.56,-48.99,2.7692,0.3077,False,1,False
72,46,-51.72,-51.72,4.0,0.0,False,0,False
73,46,-53.17,-53.17,4.0,0.0,False,0,False
74,46,-54.53,-54.53,4.0,0.0,False,0,False
75,46,-55.78,-55.78,4.0,0.0,False,0,False
76,46,-56.95,-56.95,4.0,0.0,False,0,False
77,46,-58.03,-58.03,4.0,0.0,False,0,False
78,46,-59.04,-59.04,4.0,0.0,False,0,False
79,46,-59.99,-59.61,2.6667,0.3333,False,2,False
0,47,-54.22,-54.22,4.0,0.0,False,0,False
1,47,-52.99,-52.99,4.0,0.0,False,0,False
2,47,-51.63,-51.63,4.0,0.0,False,0,False
3,47,-50.12,-49.98,3.6,0.1,False,1,False
4,47,-48.41,-48.41,4.0,0.0,False,0,False
5,47,-46.45,-46.2,3.6,0.1,False,1,False
6,47,-44.19,-44.19,4.0,0.0,False,0,False
7,47,-41.57,-41.27,3.6,0.1,False,1,False
8,47,-38.62,-38.62,4.0,0.0,False,0,False
9,47,-35.76,-35.81,3.6,0.1,False,1,False
10,47,-34.41,-34.54,3.6,0.1,False,1,False
11,47,-35.76,-35.76,4.0,0.0,False,0,False
12,47,-38.62,-38.62,4.0,0.0,False,0,False
13,47,-41.57,-41.57,4.0,0.0,False,0,False
14,47,-44.19,-44.19,4.0,0.0,False,0,False
15,47,-46.45,-46.45,4.0,0.0,False,0,False
16,47,-48.41,-48.41,4.0,0.0,False,0,False
17,47,-50.12,-49.68,3.2,0.2,False,1,False
18,47,-51.63,-51.63,4.0,0.0,False,0,False
19,47,-52.99,-52.99,4.0,0.0,False,0,False
20,47,-54.22,-54.22,4.0,0.0,False,0,False
21,47,-52.99,-52.62,2.4,0.4,False,3,False
22,47,-51.63,-51.58,3.6,0.1,False,1,False
23,47,-50.12,-50.12,4.0,0.0,False,0,False
24,47,-48.41,-48.41,4.0,0.0,False,0,False
25,47,-46.45,-46.45,4.0,0.0,False,0,False
26,47,-44.19,-44.14,3.6,0.1,False,1,False
27,47,-41.57,-41.57,4.0,0.0,False,0,False
28,47,-38.62,-38.62,4.0,0.0,False,0,False
29,47,-35.76,-35.76,4.0,0.0,False,0,False
30,47,-34.41,-34.41,4.0,0.0,False,0,False
31,47,-35.76,-35.76,4.0,0.0,False,0,False
32,47,-38.62,-38.62,4.0,0.0,False,0,False
33,47,-41.57,-41.42,3.2,0.2,False,1,False
34,47,-44.19,-44.19,4.0,0.0,False,0,False
35,47,-46.45,-46.22,3.6,0.1,False,1,False
36,47,-48.41,-48.41,4.0,0.0,False,0,False
37,47,-50.12,-50.12,4.0,0.0,False,0,False
38,47,-51.63,-51.63,4.0,0.0,False,0,False
39,47,-52.99,-53.4,3.2,0.2,False,1,False
40,47,-54.22,-54.02,2.7692,0.3077,False,1,False
41,47,-52.99,-53.2,3.6,0.1,False,1,False
42,47,-51.63,-51.63,4.0,0.0,False,0,False
43,47,-50.12,-50.12,4.0,0.0,False,0,False
44,47,-48.41,-48.41,4.0,0.0,False,0,False
45,47,-46.45,-46.45,4.0,0.0,False,0,False
46,47,-44.19,-44.19,4.0,0.0,False,0,False
47,47,-41.57,-41.39,3.6,0.1,False,1,False
48,47,-38.62,-38.62,4.0,0.0,False,0,False
49,47,-35.76,-35.76,3.6,0.1,False,1,False
50,47,-34.41,-34.41,4.0,0.0,False,0,False
51,47,-35.76,-35.76,4.0,0.0,False,0,False
52,47,-38.62,-38.62,4.0,0.0,False,0,False
53,47,-41.57,-41.57,4.0,0.0,False,0,False
54,47,-44.19,-44.19,4.0,0.0,False,0,False
55,47,-46.45,-46.45,4.0,0.0,False,0,False
56,47,-48.41,-48.41,4.0,0.0,False,0,False
57,47,-50.12,-50.21,3.6,0.1,False,1,False
58,47,-51.63,-51.63,4.0,0.0,False,0,False
59,47,-50.67,-50.79,2.9388,0.2653,False,2,False
60,47,-49.12,-49.12,4.0,0.0,False,0,False
61,47,-47.42,-47.42,4.0,0.0,False,0,False
62,47,-45.55,-45.55,4.0,0.0,False,0,False
63,47,-43.55,-43.55,4.0,0.0,False,0,False
64,47,-41.57,-42.24,2.7692,0.3077,False,1,False
65,47,-39.98,-40.58,2.7692,0.3077,False,1,False
66,47,-39.34,-39.34,4.0,0.0,False,0,False
67,47,-39.98,-39.98,4.0,0.0,False,0,False
68,47,-41.57,-41.57,4.0,0.0,False,0,False
69,47,-43.55,-43.55,4.0,0.0,False,0,False
70,47,-45.55,-45.55,4.0,0.0,False,0,False
71,47,-47.42,-47.42,4.0,0.0,False,0,False
72,47,-50.78,-50.78,4.0,0.0,False,0,False
73,47,-52.43,-52.43,4.0,0.0,False,0,False
74,47,-53.93,-53.93,4.0,0.0,False,0,False
75,47,-55.29,-55.29,4.0,0.0,False,0,False
76,47,-56.54,-56.54,4.0,0.0,False,0,False
77,47,-57.69,-57.69,4.0,0.0,False,0,False
78,47,-58.75,-58.75,4.0,0.0,False,0,False
79,47,-59.74,-59.74,4.0,0.0,False,0,False
0,48,-54.5,-54.5,4.0,0.0,False,0,False
1,48,-53.34,-53.84,2.7692,0.3077,False,1,False
2,48,-52.07,-52.07,4.0,0.0,False,0,False
3,48,-50.67,-50.31,3.2727,0.1818,False,2,False
4,48,-49.12,-49.04,3.6,0.1,False,1,False
5,48,-47.42,-47.42,4.0,0.0,False,0,False
6,48,-45.55,-45.55,4.0,0.0,False,0,False
7,48,-43.55,-43.55,4.0,0.0,False,0,False
8,48,-41.57,-41.57,4.0,0.0,False,0,False
9,48,-39.98,-39.91,3.6,0.1,False,1,False
10,48,-39.34,-39.34,4.0,0.0,False,0,False
11,48,-39.98,-38.95,2.7692,0.3077,False,1,False
12,48,-41.57,-41.57,4.0,0.0,False,0,False
13,48,-43.55,-43.55,4.0,0.0,False,0,False
14,48,-45.55,-45.84,3.2,0.2,False,1,False
15,48,-47.42,-47.42,4.0,0.0,False,0,False
16,48,-49.12,-49.12,4.0,0.0,False,0,False
17,48,-50.67,-50.67,4.0,0.0,False,0,False
18,48,-52.07,-52.07,4.0,0.0,False,0,False
19,48,-53.34,-53.34,4.0,0.0,False,0,False
20,48,-54.5,-54.09,3.0,0.25,False,3,False
21,48,-53.34,-53.34,4.0,0.0,False,0,False
22,48,-52.07,-52.55,2.7692,0.3077,False,1,False
23,48,-50.67,-50.67,4.0,0.0,False,0,False
24,48,-49.12,-49.24,3.6,0.1,False,1,False
25,48,-47.42,-47.39,3.6,0.1,False,1,False
26,48,-45.55,-45.55,4.0,0.0,False,0,False
27,48,-43.55,-43.95,3.2727,0.1818,False,2,False
28,48,-41.57,-41.57,4.0,0.0,False,0,False
29,48,-39.98,-40.23,3.6,0.1,False,1,False
30,48,-39.34,-39.34,4.0,0.0,False,0,False
31,48,-39.98,-39.98,4.0,0.0,False,0,False
32,48,-41.57,-41.57,4.0,0.0,False,0,False
33,48,-43.55,-43.55,4.0,0.0,False,0,False
34,48,-45.55,-45.55,4.0,0.0,False,0,False
35,48,-47.42,-47.42,4.0,0.0,False,0,False
36,48,-49.12,-49.11,3.4483,0.1379,False,1,False
37,48,-50.67,-50.67,4.0,0.0,False,0,False
38,48,-52.07,-52.07,4.0,0.0,False,0,False
39,48,-53.34,-53.67,2.9388,0.2653,False,2,False
40,48,-54.5,-54.43,3.6,0.1,False,1,False
41,48,-53.34,-53.17,2.7692,0.3077,False,1,False
42,48,-52.07,-52.07,4.0,0.0,False,0,False
43,48,-50.67,-50.87,3.6,0.1,False,1,False
44,48,-49.12,-49.12,4.0,0.0,False,0,False
45,48,-47.42,-47.42,4.0,0.0,False,0,False
46,48,-45.55,-45.24,3.1469,0.2133,False,2,False
47,48,-43.55,-43.55,4.0,0.0,False,0,False
48,48,-41.57,-41.57,4.0,0.0,False,0,False
49,48,-39.98,-39.98,4.0,0.0,False,0,False
50,48,-39.34,-39.34,4.0,0.0,False,0,False
51,48,-39.98,-39.98,4.0,0.0,False,0,False
52,48,-41.57,-41.57,4.0,0.0,False,0,False
53,48,-43.55,-43.55,4.0,0.0,False,0,False
54,48,-45.55,-45.55,4.0,0.0,False,0,False
55,48,-47.42,-47.42,4.0,0.0,False,0,False
56,48,-49.12,-48.88,3.6,0.1,False,1,False
57,48,-50.67,-50.67,4.0,0.0,False,0,False
58,48,-51.63,-51.63,4.0,0.0,False,0,False
59,48,-50.12,-50.12,4.0,0.0,False,0,False
60,48,-48.41,-48.41,4.0,0.0,False,0,False
61,48,-46.45,-46.45,4.0,0.0,False,0,False
62,48,-44.19,-44.19,4.0,0.0,False,0,False
63,48,-41.57,-41.57,4.0,0.0,False,0,False
64,48,-38.62,-38.62,4.0,0.0,False,0,False
65,48,-35.76,-35.76,4.0,0.0,False,0,False
66,48,-34.41,-34.41,4.0,0.0,False,0,False
67,48,-35.76,-35.76,4.0,0.0,False,0,False
68,48,-38.62,-38.62,4.0,0.0,False,0,False
69,48,-41.57,-41.57,4.0,0.0,False,0,False
70,48,-44.19,-44.19,4.0,0.0,False,0,False
71,48,-46.45,-46.45,4.0,0.0,False,0,False
72,48,-50.01,-50.01,4.0,0.0,False,0,False
73,48,-51.84,-51.81,3.4483,0.1379,False,1,False
74,48,-53.47,-53.47,4.0,0.0,False,0,False
75,48,-54.92,-54.71,3.2,0.2,False,1,False
76,48,-56.23,-56.23,4.0,0.0,False,0,False
77,48,-57.43,-57.52,2.3607,0.4098,False,2,False
78,48,-58.53,-58.53,4.0,0.0,False,0,False
79,48,-59.55,-59.73,3.4483,0.1379,False,1,False
0,49,-54.88,-54.88,4.0,0.0,False,0,False
1,49,-53.79,-53.92,3.6,0.1,False,1,False
2,49,-52.62,-52.42,3.2,0.2,False,1,False
3,49,-51.36,-51.36,4.0,0.0,False,0,False
4,49,-50.0,-49.76,3.0,0.25,False,3,False
5,49,-48.56,-48.71,2.7692,0.3077,False,1,False
6,49,-47.05,-47.05,4.0,0.0,False,0,False
7,49,-45.55,-45.86,3.2,0.2,False,1,False
8,49,-44.19,-44.19,4.0,0.0,False,0,False
9,49,-43.21,-43.21,4.0,0.0,False,0,False
10,49,-42.84,-42.84,4.0,0.0,False,0,False
11,49,-43.21,-43.1,3.6,0.1,False,1,False
12,49,-44.19,-44.19,4.0,0.0,False,0,False
13,49,-45.55,-45.55,4.0,0.0,False,0,False
14,49,-47.05,-47.05,4.0,0.0,False,0,False
15,49,-48.56,-48.56,4.0,0.0,False,0,False
16,49,-50.0,-50.0,4.0,0.0,False,0,False
17,49,-51.36,-51.56,3.6,0.1,False,1,False
18,49,-52.62,-52.62,4.0,0.0,False,0,False
19,49,-53.79,-53.79,4.0,0.0,False,0,False
20,49,-54.88,-54.36,2.9388,0.2653,False,2,False
21,49,-53.79,-53.79,4.0,0.0,False,0,False
22,49,-52.62,-52.62,4.0,0.0,False,0,False
23,49,-51.36,-51.36,4.0,0.0,False,0,False
24,49,-50.0,-50.0,4.0,0.0,False,0,False
25,49,-48.56,-48.56,4.0,0.0,False,0,False
26,49,-47.05,-47.05,4.0,0.0,False,0,False
27,49,-45.55,-45.55,4.0,0.0,False,0,False
28,49,-44.19,-44.19,4.0,0.0,False,0,False
29,49,-43.21,-43.18,3.6,0.1,False,1,False
30,49,-42.84,-42.68,3.2,0.2,False,1,False
31,49,-43.21,-43.21,4.0,0.0,False,0,False
32,49,-44.19,-44.19,4.0,0.0,False,0,False
33,49,-45.55,-45.55,4.0,0.0,False,0,False
34,49,-47.05,-47.05,4.0,0.0,False,0,False
35,49,-48.56,-48.48,3.2,0.2,False,1,False
36,49,-50.0,-50.0,4.0,0.0,False,0,False
37,49,-51.36,-51.36,4.0,0.0,False,0,False
38,49,-52.62,-52.62,4.0,0.0,False,0,False
39,49,-53.79,-53.69,3.6,0.1,False,1,False
40,49,-54.88,-54.88,4.0,0.0,False,0,False
41,49,-53.79,-53.79,4.0,0.0,False,0,False
42,49,-52.62,-52.62,4.0,0.0,False,0,False
43,49,-51.36,-51.36,4.0,0.0,False,0,False
44,49,-50.0,-49.92,3.2,0.2,False,1,False
45,49,-48.56,-48.56,4.0,0.0,False,0,False
46,49,-47.05,-47.05,4.0,0.0,False,0,False
47,49,-45.55,-45.55,4.0,0.0,False,0,False
48,49,-44.19,-44.19,4.0,0.0,False,0,False
49,49,-43.21,-43.21,4.0,0.0,False,0,False
50,49,-42.84,-42.84,4.0,0.0,False,0,False
51,49,-43.21,-43.21,4.0,0.0,False,0,False
52,49,-44.19,-44.19,4.0,0.0,False,0,False
53,49,-45.55,-45.55,4.0,0.0,False,0,False
54,49,-47.05,-47.05,4.0,0.0,False,0,False
55,49,-48.56,-48.56,4.0,0.0,False,0,False
56,49,-50.0,-50.0,4.0,0.0,False,0,False
57,49,-51.36,-51.36,4.0,0.0,False,0,False
58,49,-51.36,-51.24,3.6,0.1,False,1,False
59,49,-49.76,-49.76,4.0,0.0,False,0,False
60,49,-47.93,-47.93,4.0,0.0,False,0,False
61,49,-45.79,-45.79,4.0,0.0,False,0,False
62,49,-43.21,-43.21,4.0,0.0,False,0,False
63,49,-39.98,-39.98,4.0,0.0,False,0,False
64,49,-35.76,-35.76,4.0,0.0,False,0,False
65,49,-30.19,-30.19,4.0,0.0,False,0,False
66,49,-25.98,-25.98,4.0,0.0,False,0,False
67,49,-30.19,-30.19,4.0,0.0,False,0,False
68,49,-35.76,-35.76,4.0,0.0,False,0,False
69,49,-39.98,-39.98,4.0,0.0,False,0,False
70,49,-43.21,-43.21,4.0,0.0,False,0,False
71,49,-45.79,-45.79,4.0,0.0,False,0,False
72,49,-49.5,-49.5,4.0,0.0,False,0,False
73,49,-51.46,-51.46,4.0,0.0,False,0,False
74,49,-53.17,-53.17,4.0,0.0,False,0,False
75,49,-54.69,-54.69,4.0,0.0,False,0,False
76,49,-56.04,-56.04,4.0,0.0,False,0,False
77,49,-57.27,-57.27,4.0,0.0,False,0,False
78,49,-58.4,-58.4,4.0,0.0,False,0,False
79,49,-59.44,-59.44,4.0,0.0,False,0,False
0,50,-55.34,-55.34,4.0,0.0,False,0,False
1,50,-54.33,-54.25,3.6,0.1,False,1,False
2,50,-53.27,-53.27,4.0,0.0,False,0,False
3,50,-52.15,-52.15,4.0,0.0,False,0,False
4,50,-50.97,-50.97,4.0,0.0,False,0,False
5,50,-49.76,-50.22,3.2,0.2,False,1,False
6,50,-48.56,-48.56,4.0,0.0,False,0,False
7,50,-47.42,-47.42,4.0,0.0,False,0,False
8,50,-46.45,-46.45,4.0,0.0,False,0,False
9,50,-45.79,-45.79,4.0,0.0,False,0,False
10,50,-45.55,-45.55,4.0,0.0,False,0,False
11,50,-45.79,-45.79,4.0,0.0,False,0,False
12,50,-46.45,-46.45,4.0,0.0,False,0,False
13,50,-47.42,-47.42,4.0,0.0,False,0,False
14,50,-48.56,-48.56,4.0,0.0,False,0,False
15,50,-49.76,-49.76,4.0,0.0,False,0,False
16,50,-50.97,-50.76,3.6,0.1,False,1,False
17,50,-52.15,-52.14,3.6,0.1,False,1,False
18,50,-53.27,-53.27,4.0,0.0,False,0,False
19,50,-54.33,-54.35,3.6,0.1,False,1,False
20,50,-55.34,-55.28,2.9388,0.2653,False,2,False
21,50,-54.33,-54.33,4.0,0.0,False,0,False
22,50,-53.27,-53.27,4.0,0.0,False,0,False
23,50,-52.15,-52.15,4.0,0.0,False,0,False
24,50,-50.97,-50.97,4.0,0.0,False,0,False
25,50,-49.76,-49.93,3.6,0.1,False,1,False
26,50,-48.56,-48.94,2.9388,0.2653,False,2,False
27,50,-47.42,-47.42,4.0,0.0,False,0,False
28,50,-46.45,-46.45,4.0,0.0,False,0,False
29,50,-45.79,-45.79,4.0,0.0,False,0,False
30,50,-45.55,-45.55,4.0,0.0,False,0,False
31,50,-45.79,-45.85,3.6,0.1,False,1,False
32,50,-46.45,-46.45,4.0,0.0,False,0,False
33,50,-47.42,-47.42,4.0,0.0,False,0,False
34,50,-48.56,-48.46,3.4483,0.1379,False,1,False
35,50,-49.76,-49.56,3.6,0.1,False,1,False
36,50,-50.97,-50.96,3.2,0.2,False,1,False
37,50,-52.15,-52.15,4.0,0.0,False,0,False
38,50,-53.27,-53.65,2.8369,0.2908,False,2,False
39,50,-54.33,-54.4,3.2,0.2,False,1,False
40,50,-55.34,-55.34,4.0,0.0,False,0,False
41,50,-54.33,-54.53,3.1469,0.2133,False,2,False
42,50,-53.27,-53.33,3.6,0.1,False,1,False
43,50,-52.15,-52.15,4.0,0.0,False,0,False
44,50,-50.97,-50.97,4.0,0.0,False,0,False
45,50,-49.76,-49.76,4.0,0.0,False,0,False
46,50,-48.56,-48.56,4.0,0.0,False,0,False
47,50,-47.42,-47.6,3.6,0.1,False,1,False
48,50,-46.45,-46.34,3.6,0.1,False,1,False
49,50,-45.79,-45.79,4.0,0.0,False,0,False
50,50,-45.55,-45.55,4.0,0.0,False,0,False
51,50,-45.79,-45.79,4.0,0.0,False,0,False
52,50,-46.45,-46.47,3.6,0.1,False,1,False
53,50,-47.42,-47.42,4.0,0.0,False,0,False
54,50,-48.56,-48.56,4.0,0.0,False,0,False
55,50,-49.76,-49.3,3.2,0.2,False,1,False
56,50,-50.97,-50.97,4.0,0.0,False,0,False
57,50,-52.15,-52.15,4.0,0.0,False,0,False
58,50,-51.27,-51.27,4.0,0.0,False,0,False
59,50,-49.64,-49.64,4.0,0.0,False,0,False
60,50,-47.77,-47.77,4.0,0.0,False,0,False
61,50,-45.55,-45.06,2.7692,0.3077,False,1,False
62,50,-42.84,-42.84,4.0,0.0,False,0,False
63,50,-39.34,-39.34,4.0,0.0,False,0,False
64,50,-34.41,-34.41,4.0,0.0,False,0,False
65,50,-25.98,-25.98,4.0,0.0,False,0,False
66,50,-17.55,-17.55,4.0,0.0,False,0,False
67,50,-25.98,-25.98,4.0,0.0,False,0,False
68,50,-34.41,-34.41,4.0,0.0,False,0,False
69,50,-39.34,-39.34,4.0,0.0,False,0,False
70,50,-42.84,-42.84,4.0,0.0,False,0,False
71,50,-45.55,-45.78,3.2,0.2,False,1,False
72,50,-49.32,-49.32,4.0,0.0,False,0,False
73,50,-51.33,-51.33,4.0,0.0,False,0,False
74,50,-53.07,-53.07,4.0,0.0,False,0,False
75,50,-54.61,-54.54,3.2,0.2,False,1,False
76,50,-55.98,-56.59,3.2,0.2,False,1,False
77,50,-57.22,-57.22,4.0,0.0,False,0,False
78,50,-58.35,-58.35,4.0,0.0,False,0,False
79,50,-59.4,-59.4,4.0,0.0,False,0,False
0,51,-55.85,-55.9,3.6,0.1,False,1,False
1,51,-54.93,-54.93,4.0,0.0,False,0,False
2,51,-53.98,-53.98,4.0,0.0,False,0,False
3,51,-52.99,-53.16,3.2,0.2,False,1,False
4,51,-51.98,-52.24,3.6,0.1,False,1,False
5,51,-50.97,-51.65,2.7692,0.3077,False,1,False
6,51,-50.0,-49.85,3.6,0.1,False,1,False
7,51,-49.12,-49.12,4.0,0.0,False,0,False
8,51,-48.41,-48.41,4.0,0.0,False,0,False
9,51,-47.93,-47.87,3.6,0.1,False,1,False
10,51,-47.77,-47.77,4.0,0.0,False,0,False
11,51,-47.93,-47.93,4.0,0.0,False,0,False
12,51,-48.41,-48.64,3.6,0.1,False,1,False
13,51,-49.12,-49.11,3.2,0.2,False,1,False
14,51,-50.0,-50.0,4.0,0.0,False,0,False
15,51,-50.97,-50.03,2.7692,0.3077,False,1,False
16,51,-51.98,-51.98,4.0,0.0,False,0,False
17,51,-52.99,-53.14,3.2727,0.1818,False,2,False
18,51,-53.98,-53.98,4.0,0.0,False,0,False
19,51,-54.93,-54.93,4.0,0.0,False,0,False
20,51,-55.85,-55.11,2.7692,0.3077,False,1,False
21,51,-54.93,-54.93,4.0,0.0,False,0,False
22,51,-53.98,-53.98,4.0,0.0,False,0,False
23,51,-52.99,-52.99,4.0,0.0,False,0,False
24,51,-51.98,-51.98,4.0,0.0,False,0,False
25,51,-50.97,-53.39,2.7692,0.3077,False,1,False
26,51,-50.0,-50.0,4.0,0.0,False,0,False
27,51,-49.12,-49.12,4.0,0.0,False,0,False
28,51,-48.41,-48.41,4.0,0.0,False,0,False
29,51,-47.93,-48.1,3.2,0.2,False,1,False
30,51,-47.77,-47.77,4.0,0.0,False,0,False
31,51,-47.93,-47.47,3.2,0.2,False,1,False
32,51,-48.41,-48.23,3.2,0.2,False,1,False
33,51,-49.12,-49.12,4.0,0.0,False,0,False
34,51,-50.0,-50.0,4.0,0.0,False,0,False
35,51,-50.97,-50.55,3.6,0.1,False,1,False
36,51,-51.98,-51.08,3.2,0.2,False,1,False
37,51,-52.99,-52.49,3.6,0.1,False,1,False
38,51,-53.98,-53.98,4.0,0.0,False,0,False
39,51,-54.93,-54.93,4.0,0.0,False,0,False
40,51,-55.85,-55.85,4.0,0.0,False,0,False
41,51,-54.93,-54.93,4.0,0.0,False,0,False
42,51,-53.98,-53.98,4.0,0.0,False,0,False
43,51,-52.99,-52.99,4.0,0.0,False,0,False
44,51,-51.98,-51.98,4.0,0.0,False,0,False
45,51,-50.97,-50.99,3.6,0.1,False,1,False
46,51,-50.0,-50.0,4.0,0.0,False,0,False
47,51,-49.12,-49.12,4.0,0.0,False,0,False
48,51,-48.41,-48.41,4.0,0.0,False,0,False
49,51,-47.93,-47.93,4.0,0.0,False,0,False
50,51,-47.77,-47.77,4.0,0.0,False,0,False
51,51,-47.93,-47.93,4.0,0.0,False,0,False
52,51,-48.41,-48.41,4.0,0.0,False,0,False
53,51,-49.12,-49.12,4.0,0.0,False,0,False
54,51,-50.0,-50.0,4.0,0.0,False,0,False
55,51,-50.97,-50.97,4.0,0.0,False,0,False
56,51,-51.98,-51.7,2.7692,0.3077,False,1,False
57,51,-52.77,-52.91,3.6,0.1,False,1,False
58,51,-51.36,-51.36,4.0,0.0,False,0,False
59,51,-49.76,-49.76,4.0,0.0,False,0,False
60,51,-47.93,-47.93,4.0,0.0,False,0,False
61,51,-45.79,-45.79,4.0,0.0,False,0,False
62,51,-43.21,-43.21,4.0,0.0,False,0,False
63,51,-39.98,-40.27,2.7692,0.3077,False,1,False
64,51,-35.76,-35.76,4.0,0.0,False,0,False
65,51,-30.19,-30.19,4.0,0.0,False,0,False
66,51,-25.98,-25.98,4.0,0.0,False,0,False
67,51,-30.19,-30.19,4.0,0.0,False,0,False
68,51,-35.76,-35.76,4.0,0.0,False,0,False
69,51,-39.98,-40.31,2.7692,0.3077,False,1,False
70,51,-43.21,-43.21,4.0,0.0,False,0,False
71,51,-45.79,-45.79,4.0,0.0,False,0,False
72,51,-49.5,-49.5,4.0,0.0,False,0,False
73,51,-51.46,-51.46,4.0,0.0,False,0,False
74,51,-53.17,-53.17,4.0,0.0,False,0,False
75,51,-54.69,-55.28,2.8369,0.2908,False,2,False
76,51,-56.04,-57.09,3.2,0.2,False,1,False
77,51,-57.27,-57.27,4.0,0.0,False,0,False
78,51,-58.4,-58.4,4.0,0.0,False,0,False
79,51,-59.44,-59.44,4.0,0.0,False,0,False
0,52,-56.4,-56.4,4.0,0.0,False,0,False
1,52,-55.57,-55.28,3.2,0.2,False,1,False
2,52,-54.72,-54.86,3.6,0.1,False,1,False
3,52,-53.86,-53.86,4.0,0.0,False,0,False
4,52,-52.99,-52.99,4.0,0.0,False,0,False
5,52,-52.15,-52.15,4.0,0.0,False,0,False
6,52,-51.36,-51.28,3.6,0.1,False,1,False
7,52,-50.67,-50.67,4.0,0.0,False,0,False
8,52,-50.12,-50.12,4.0,0.0,False,0,False
9,52,-49.76,-49.76,4.0,0.0,False,0,False
10,52,-49.64,-49.64,4.0,0.0,False,0,False
11,52,-49.76,-49.76,4.0,0.0,False,0,False
12,52,-50.12,-50.12,4.0,0.0,False,0,False
13,52,-50.67,-50.67,4.0,0.0,False,0,False
14,52,-51.36,-51.36,4.0,0.0,False,0,False
15,52,-52.15,-52.4,3.6,0.1,False,1,False
16,52,-52.99,-52.99,4.0,0.0,False,0,False
17,52,-53.86,-53.86,4.0,0.0,False,0,False
18,52,-54.72,-54.72,4.0,0.0,False,0,False
19,52,-55.57,-55.57,4.0,0.0,False,0,False
20,52,-56.4,-56.4,4.0,0.0,False,0,False
21,52,-55.57,-55.57,4.0,0.0,False,0,False
22,52,-54.72,-54.65,3.6,0.1,False,1,False
23,52,-53.86,-53.86,4.0,0.0,False,0,False
24,52,-52.99,-52.99,4.0,0.0,False,0,False
25,52,-52.15,-52.15,4.0,0.0,False,0,False
26,52,-51.36,-51.36,4.0,0.0,False,0,False
27,52,-50.67,-50.67,4.0,0.0,False,0,False
28,52,-50.12,-50.33,3.6,0.1,False,1,False
29,52,-49.76,-49.76,4.0,0.0,False,0,False
30,52,-49.64,-49.64,4.0,0.0,False,0,False
31,52,-49.76,-49.7,3.6,0.1,False,1,False
32,52,-50.12,-50.12,4.0,0.0,False,0,False
33,52,-50.67,-51.05,3.6,0.1,False,1,False
34,52,-51.36,-51.45,3.6,0.1,False,1,False
35,52,-52.15,-52.15,4.0,0.0,False,0,False
36,52,-52.99,-52.79,3.2,0.2,False,1,False
37,52,-53.86,-53.86,4.0,0.0,False,0,False
38,52,-54.72,-54.95,3.6,0.1,False,1,False
39,52,-55.57,-55.57,4.0,0.0,False,0,False
40,52,-56.4,-56.4,4.0,0.0,False,0,False
41,52,-55.57,-55.57,4.0,0.0,False,0,False
42,52,-54.72,-55.04,2.1176,0.4706,False,2,False
43,52,-53.86,-53.86,4.0,0.0,False,0,False
44,52,-52.99,-52.99,4.0,0.0,False,0,False
45,52,-52.15,-52.15,4.0,0.0,False,0,False
46,52,-51.36,-51.36,4.0,0.0,False,0,False
47,52,-50.67,-50.67,4.0,0.0,False,0,False
48,52,-50.12,-50.12,4.0,0.0,False,0,False
49,52,-49.76,-49.76,4.0,0.0,False,0,False
50,52,-49.64,-49.54,3.6,0.1,False,1,False
51,52,-49.76,-49.76,4.0,0.0,False,0,False
52,52,-50.12,-50.12,4.0,0.0,False,0,False
53,52,-50.67,-50.67,4.0,0.0,False,0,False
54,52,-51.36,-51.36,4.0,0.0,False,0,False
55,52,-52.15,-52.15,4.0,0.0,False,0,False
56,52,-52.99,-53.09,3.2,0.2,False,1,False
57,52,-52.99,-52.99,4.0,0.0,False,0,False
58,52,-51.63,-51.63,4.0,0.0,False,0,False
59,52,-50.12,-50.12,4.0,0.0,False,0,False
60,52,-48.41,-48.41,4.0,0.0,False,0,False
61,52,-46.45,-46.45,4.0,0.0,False,0,False
62,52,-44.19,-44.19,4.0,0.0,False,0,False
63,52,-41.57,-41.57,4.0,0.0,False,0,False
64,52,-38.62,-38.62,4.0,0.0,False,0,False
65,52,-35.76,-35.76,4.0,0.0,False,0,False
66,52,-34.41,-34.41,4.0,0.0,False,0,False
67,52,-35.76,-35.76,4.0,0.0,False,0,False
68,52,-38.62,-38.62,4.0,0.0,False,0,False
69,52,-41.57,-41.57,4.0,0.0,False,0,False
70,52,-44.19,-44.19,4.0,0.0,False,0,False
71,52,-46.45,-46.45,4.0,0.0,False,0,False
72,52,-50.01,-50.01,4.0,0.0,False,0,False
73,52,-51.84,-51.84,4.0,0.0,False,0,False
74,52,-53.47,-53.47,4.0,0.0,False,0,False
75,52,-54.92,-54.92,4.0,0.0,False,0,False
76,52,-56.23,-55.76,3.2,0.2,False,1,False
77,52,-57.43,-57.43,4.0,0.0,False,0,False
78,52,-58.53,-58.53,4.0,0.0,False,0,False
79,52,-59.55,-59.55,4.0,0.0,False,0,False
0,53,-56.99,-56.99,4.0,0.0,False,0,False
1,53,-56.24,-56.24,4.0,0.0,False,0,False
2,53,-55.48,-55.52,2.6667,0.3333,False,2,False
3,53,-54.72,-54.72,4.0,0.0,False,0,False
4,53,-53.98,-53.98,4.0,0.0,False,0,False
5,53,-53.27,-53.27,4.0,0.0,False,0,False
6,53,-52.62,-52.62,4.0,0.0,False,0,False
7,53,-52.07,-51.74,3.2,0.2,False,1,False
8,53,-51.63,-51.96,3.4483,0.1379,False,1,False
9,53,-51.36,-50.92,2.7692,0.3077,False,1,False
10,53,-51.27,-51.27,4.0,0.0,False,0,False
11,53,-51.36,-51.36,4.0,0.0,False,0,False
12,53,-51.63,-51.63,4.0,0.0,False,0,False
13,53,-52.07,-51.84,3.6,0.1,False,1,False
14,53,-52.62,-52.62,4.0,0.0,False,0,False
15,53,-53.27,-53.27,4.0,0.0,False,0,False
16,53,-53.98,-53.2,2.7692,0.3077,False,1,False
17,53,-54.72,-55.24,3.1469,0.2133,False,2,False
18,53,-55.48,-55.48,4.0,0.0,False,0,False
19,53,-56.24,-56.24,4.0,0.0,False,0,False
20,53,-56.99,-56.99,4.0,0.0,False,0,False
21,53,-56.24,-56.24,4.0,0.0,False,0,False
22,53,-55.48,-55.48,4.0,0.0,False,0,False
23,53,-54.72,-55.0,3.6,0.1,False,1,False
24,53,-53.98,-53.98,4.0,0.0,False,0,False
25,53,-53.27,-53.27,4.0,0.0,False,0,False
26,53,-52.62,-52.62,4.0,0.0,False,0,False
27,53,-52.07,-52.17,2.7692,0.3077,False,1,False
28,53,-51.63,-51.63,4.0,0.0,False,0,False
29,53,-51.36,-51.58,3.6,0.1,False,1,False
30,53,-51.27,-51.27,4.0,0.0,False,0,False
31,53,-51.36,-51.36,4.0,0.0,False,0,False
32,53,-51.63,-51.39,3.6,0.1,False,1,False
33,53,-52.07,-52.07,4.0,0.0,False,0,False
34,53,-52.62,-52.62,4.0,0.0,False,0,False
35,53,-53.27,-53.27,4.0,0.0,False,0,False
36,53,-53.98,-54.14,3.6,0.1,False,1,False
37,53,-54.72,-54.72,4.0,0.0,False,0,False
38,53,-55.48,-55.56,3.6,0.1,False,1,False
39,53,-56.24,-56.24,4.0,0.0,False,0,False
40,53,-56.99,-56.99,4.0,0.0,False,0,False
41,53,-56.24,-56.24,4.0,0.0,False,0,False
42,53,-55.48,-55.48,4.0,0.0,False,0,False
43,53,-54.72,-54.76,2.4,0.4,False,3,False
44,53,-53.98,-53.72,3.6,0.1,False,1,False
45,53,-53.27,-53.27,4.0,0.0,False,0,False
46,53,-52.62,-52.72,3.6,0.1,False,1,False
47,53,-52.07,-52.07,4.0,0.0,False,0,False
48,53,-51.63,-51.63,4.0,0.0,False,0,False
49,53,-51.36,-51.09,2.7692,0.3077,False,1,False
50,53,-51.27,-51.27,4.0,0.0,False,0,False
51,53,-51.36,-51.36,4.0,0.0,False,0,False
52,53,-51.63,-51.59,3.6,0.1,False,1,False
53,53,-52.07,-52.07,4.0,0.0,False,0,False
54,53,-52.62,-52.62,4.0,0.0,False,0,False
55,53,-53.27,-53.27,4.0,0.0,False,0,False
56,53,-53.98,-53.85,3.6,0.1,False,1,False
57,53,-53.34,-52.1,3.2,0.2,False,1,False
58,53,-52.07,-52.06,3.6,0.1,False,1,False
59,53,-50.67,-50.67,4.0,0.0,False,0,False
60,53,-49.12,-49.12,4.0,0.0,False,0,False
61,53,-47.42,-47.44,2.7692,0.3077,False,1,False
62,53,-45.55,-45.55,4.0,0.0,False,0,False
63,53,-43.55,-43.55,4.0,0.0,False,0,False
64,53,-41.57,-41.57,4.0,0.0,False,0,False
65,53,-39.98,-39.98,4.0,0.0,False,0,False
66,53,-39.34,-39.34,4.0,0.0,False,0,False
67,53,-39.98,-40.49,3.2,0.2,False,1,False
68,53,-41.57,-41.57,4.0,0.0,False,0,False
69,53,-43.55,-43.55,4.0,0.0,False,0,False
70,53,-45.55,-45.55,4.0,0.0,False,0,False
71,53,-47.42,-47.42,4.0,0.0,False,0,False
72,53,-50.78,-50.78,4.0,0.0,False,0,False
73,53,-52.43,-52.43,4.0,0.0,False,0,False
74,53,-53.93,-54.12,3.2,0.2,False,1,False
75,53,-55.29,-55.29,4.0,0.0,False,0,False
76,53,-56.54,-56.54,4.0,0.0,False,0,False
77,53,-57.69,-57.69,4.0,0.0,False,0,False
78,53,-58.75,-58.75,4.0,0.0,False,0,False
79,53,-59.74,-59.74,4.0,0.0,False,0,False
0,54,-57.59,-57.59,4.0,0.0,False,0,False
1,54,-56.91,-56.91,4.0,0.0,False,0,False
2,54,-56.24,-56.24,4.0,0.0,False,0,False
3,54,-55.57,-55.57,4.0,0.0,False,0,False
4,54,-54.93,-54.93,4.0,0.0,False,0,False
5,54,-54.33,-54.33,4.0,0.0,False,0,False
6,54,-53.79,-53.79,4.0,0.0,False,0,False
7,54,-53.34,-53.34,4.0,0.0,False,0,False
8,54,-52.99,-52.99,4.0,0.0,False,0,False
9,54,-52.77,-52.9,3.6,0.1,False,1,False
10,54,-52.7,-52.7,4.0,0.0,False,0,False
11,54,-52.77,-52.67,3.6,0.1,False,1,False
12,54,-52.99,-52.99,4.0,0.0,False,0,False
13,54,-53.34,-53.34,4.0,0.0,False,0,False
14,54,-53.79,-53.79,4.0,0.0,False,0,False
15,54,-54.33,-54.56,2.9388,0.2653,False,2,False
16,54,-54.93,-54.93,4.0,0.0,False,0,False
17,54,-55.57,-55.57,4.0,0.0,False,0,False
18,54,-56.24,-56.24,4.0,0.0,False,0,False
19,54,-56.91,-56.76,2.7692,0.3077,False,1,False
20,54,-57.59,-57.59,4.0,0.0,False,0,False
21,54,-56.91,-56.91,4.0,0.0,False,0,False
22,54,-56.24,-56.24,4.0,0.0,False,0,False
23,54,-55.57,-55.57,4.0,0.0,False,0,False
24,54,-54.93,-54.93,4.0,0.0,False,0,False
25,54,-54.33,-54.33,4.0,0.0,False,0,False
26,54,-53.79,-53.79,4.0,0.0,False,0,False
27,54,-53.34,-53.34,4.0,0.0,False,0,False
28,54,-52.99,-52.99,4.0,0.0,False,0,False
29,54,-52.77,-52.77,4.0,0.0,False,0,False
30,54,-52.7,-52.44,3.6,0.1,False,1,False
31,54,-52.77,-52.77,4.0,0.0,False,0,False
32,54,-52.99,-52.99,4.0,0.0,False,0,False
33,54,-53.34,-53.05,3.6,0.1,False,1,False
34,54,-53.79,-53.79,4.0,0.0,False,0,False
35,54,-54.33,-54.33,4.0,0.0,False,0,False
36,54,-54.93,-55.05,3.6,0.1,False,1,False
37,54,-55.57,-55.57,4.0,0.0,False,0,False
38,54,-56.24,-56.02,3.2727,0.1818,False,2,False
39,54,-56.91,-56.91,4.0,0.0,False,0,False
40,54,-57.59,-57.59,4.0,0.0,False,0,False
41,54,-56.91,-56.57,3.6,0.1,False,1,False
42,54,-56.24,-56.24,4.0,0.0,False,0,False
43,54,-55.57,-55.57,4.0,0.0,False,0,False
44,54,-54.93,-55.24,3.6,0.1,False,1,False
45,54,-54.33,-54.33,4.0,0.0,False,0,False
46,54,-53.79,-53.86,3.6,0.1,False,1,False
47,54,-53.34,-53.34,4.0,0.0,False,0,False
48,54,-52.99,-53.09,3.6,0.1,False,1,False
49,54,-52.77,-52.53,3.4483,0.1379,False,1,False
50,54,-52.7,-52.7,4.0,0.0,False,0,False
51,54,-52.77,-52.77,4.0,0.0,False,0,False
52,54,-52.99,-52.99,4.0,0.0,False,0,False
53,54,-53.34,-53.34,4.0,0.0,False,0,False
54,54,-53.79,-53.79,4.0,0.0,False,0,False
55,54,-54.33,-54.17,3.2727,0.1818,False,2,False
56,54,-54.88,-54.53,3.2,0.2,False,1,False
57,54,-53.79,-53.79,4.0,0.0,False,0,False
58,54,-52.62,-52.62,4.0,0.0,False,0,False
59,54,-51.36,-51.38,3.6,0.1,False,1,False
60,54,-50.0,-50.0,4.0,0.0,False,0,False
61,54,-48.56,-48.56,4.0,0.0,False,0,False
62,54,-47.05,-48.0,2.7692,0.3077,False,1,False
63,54,-45.55,-45.55,4.0,0.0,False,0,False
64,54,-44.19,-44.29,3.4483,0.1379,False,1,False
65,54,-43.21,-43.21,4.0,0.0,False,0,False
66,54,-42.84,-43.11,3.4483,0.1379,False,1,False
67,54,-43.21,-42.82,2.7692,0.3077,False,1,False
68,54,-44.19,-44.19,4.0,0.0,False,0,False
69,54,-45.55,-45.55,4.0,0.0,False,0,False
70,54,-47.05,-47.05,4.0,0.0,False,0,False
71,54,-48.56,-48.56,4.0,0.0,False,0,False
72,54,-51.72,-51.72,4.0,0.0,False,0,False
73,54,-53.17,-53.17,4.0,0.0,False,0,False
74,54,-54.53,-54.53,4.0,0.0,False,0,False
75,54,-55.78,-55.78,4.0,0.0,False,0,False
76,54,-56.95,-56.95,4.0,0.0,False,0,False
77,54,-58.03,-58.03,4.0,0.0,False,0,False
78,54,-59.04,-58.84,3.2,0.2,False,1,False
79,54,-59.99,-59.99,4.0,0.0,False,0,False
0,55,-58.19,-58.19,4.0,0.0,False,0,False
1,55,-57.59,-57.59,4.0,0.0,False,0,False
2,55,-56.99,-56.99,4.0,0.0,False,0,False
3,55,-56.4,-56.4,4.0,0.0,False,0,False
4,55,-55.85,-56.02,3.6,0.1,False,1,False
5,55,-55.34,-55.34,4.0,0.0,False,0,False
6,55,-54.88,-54.78,3.6,0.1,False,1,False
7,55,-54.5,-54.5,4.0,0.0,False,0,False
8,55,-54.22,-54.21,2.7692,0.3077,False,1,False
9,55,-54.04,-54.04,4.0,0.0,False,0,False
10,55,-53.98,-53.98,4.0,0.0,False,0,False
11,55,-54.04,-54.04,4.0,0.0,False,0,False
12,55,-54.22,-54.22,4.0,0.0,False,0,False
13,55,-54.5,-54.86,3.1469,0.2133,False,2,False
14,55,-54.88,-54.88,4.0,0.0,False,0,False
15,55,-55.34,-55.34,4.0,0.0,False,0,False
16,55,-55.85,-56.44,2.7692,0.3077,False,1,False
17,55,-56.4,-56.4,4.0,0.0,False,0,False
18,55,-56.99,-56.73,3.6,0.1,False,1,False
19,55,-57.59,-57.59,4.0,0.0,False,0,False
20,55,-58.19,-58.19,4.0,0.0,False,0,False
21,55,-57.59,-57.59,4.0,0.0,False,0,False
22,55,-56.99,-56.99,4.0,0.0,False,0,False
23,55,-56.4,-56.81,3.2,0.2,False,1,False
24,55,-55.85,-56.29,3.2,0.2,False,1,False
25,55,-55.34,-55.34,4.0,0.0,False,0,False
26,55,-54.88,-54.88,4.0,0.0,False,0,False
27,55,-54.5,-54.5,4.0,0.0,False,0,False
28,55,-54.22,-54.22,4.0,0.0,False,0,False
29,55,-54.04,-54.04,4.0,0.0,False,0,False
30,55,-53.98,-53.98,4.0,0.0,False,0,False
31,55,-54.04,-54.32,2.2154,0.4462,False,3,False
32,55,-54.22,-54.19,3.6,0.1,False,1,False
33,55,-54.5,-54.5,4.0,0.0,False,0,False
34,55,-54.88,-54.88,4.0,0.0,False,0,False
35,55,-55.34,-55.34,4.0,0.0,False,0,False
36,55,-55.85,-55.85,4.0,0.0,False,0,False
37,55,-56.4,-56.41,3.6,0.1,False,1,False
38,55,-56.99,-56.99,3.6,0.1,False,1,False
39,55,-57.59,-57.59,4.0,0.0,False,0,False
40,55,-58.19,-57.68,2.7692,0.3077,False,1,False
41,55,-57.59,-57.59,4.0,0.0,False,0,False
42,55,-56.99,-56.99,4.0,0.0,False,0,False
43,55,-56.4,-56.4,4.0,0.0,False,0,False
44,55,-55.85,-56.64,2.7692,0.3077,False,1,False
45,55,-55.34,-55.34,4.0,0.0,False,0,False
46,55,-54.88,-55.18,3.2,0.2,False,1,False
47,55,-54.5,-54.5,4.0,0.0,False,0,False
48,55,-54.22,-53.94,3.6,0.1,False,1,False
49,55,-54.04,-54.04,4.0,0.0,False,0,False
50,55,-53.98,-53.61,3.2727,0.1818,False,2,False
51,55,-54.04,-54.04,4.0,0.0,False,0,False
52,55,-54.22,-54.22,4.0,0.0,False,0,False
53,55,-54.5,-54.5,4.0,0.0,False,0,False
54,55,-54.88,-54.88,4.0,0.0,False,0,False
55,55,-55.34,-55.49,3.6,0.1,False,1,False
56,55,-55.34,-55.34,4.0,0.0,False,0,False
57,55,-54.33,-54.24,3.6,0.1,False,1,False
58,55,-53.27,-53.27,4.0,0.0,False,0,False
59,55,-52.15,-52.19,3.6,0.1,False,1,False
60,55,-50.97,-50.8,3.4483,0.1379,False,1,False
61,55,-49.76,-49.76,4.0,0.0,False,0,False
62,55,-48.56,-49.11,2.7692,0.3077,False,1,False
63,55,-47.42,-47.42,4.0,0.0,False,0,False
64,55,-46.45,-46.45,4.0,0.0,False,0,False
65,55,-45.79,-45.79,4.0,0.0,False,0,False
66,55,-45.55,-46.07,3.2,0.2,False,1,False
67,55,-45.79,-45.79,4.0,0.0,False,0,False
68,55,-46.45,-46.45,4.0,0.0,False,0,False
69,55,-47.42,-47.42,4.0,0.0,False,0,False
70,55,-48.56,-48.56,4.0,0.0,False,0,False
71,55,-49.76,-49.76,4.0,0.0,False,0,False
72,55,-52.76,-52.76,4.0,0.0,False,0,False
73,55,-54.02,-53.57,2.2222,0.4444,False,5,False
74,55,-55.22,-55.2,2.439,0.3902,False,4,False
75,55,-56.36,-56.82,2.2857,0.4286,False,3,False
76,55,-57.43,-57.07,3.4483,0.1379,False,1,False
77,55,-58.44,-58.42,3.0303,0.2424,False,2,False
78,55,-59.4,-59.74,3.0303,0.2424,False,2,False
79,55,-60.3,-60.52,2.7027,0.3243,False,3,False
0,56,-58.8,-58.8,4.0,0.0,False,0,False
1,56,-58.25,-58.25,4.0,0.0,False,0,False
2,56,-57.72,-57.72,4.0,0.0,False,0,False
3,56,-57.21,-57.21,4.0,0.0,False,0,False
4,56,-56.72,-56.72,4.0,0.0,False,0,False
5,56,-56.28,-56.28,4.0,0.0,False,0,False
6,56,-55.89,-55.89,4.0,0.0,False,0,False
7,56,-55.57,-55.57,4.0,0.0,False,0,False
8,56,-55.34,-55.34,4.0,0.0,False,0,False
9,56,-55.19,-55.19,4.0,0.0,False,0,False
10,56,-55.14,-55.14,4.0,0.0,False,0,False
11,56,-55.19,-55.19,4.0,0.0,False,0,False
12,56,-55.34,-55.34,4.0,0.0,False,0,False
13,56,-55.57,-55.57,4.0,0.0,False,0,False
14,56,-55.89,-55.89,4.0,0.0,False,0,False
15,56,-56.28,-56.28,4.0,0.0,False,0,False
16,56,-56.72,-56.72,4.0,0.0,False,0,False
17,56,-57.21,-57.21,4.0,0.0,False,0,False
18,56,-57.72,-57.72,4.0,0.0,False,0,False
19,56,-58.25,-58.25,4.0,0.0,False,0,False
20,56,-58.8,-58.8,4.0,0.0,False,0,False
21,56,-58.25,-58.25,4.0,0.0,False,0,False
22,56,-57.72,-57.72,4.0,0.0,False,0,False
23,56,-57.21,-57.21,4.0,0.0,False,0,False
24,56,-56.72,-56.72,4.0,0.0,False,0,False
25,56,-56.28,-56.28,4.0,0.0,False,0,False
26,56,-55.89,-56.53,2.7692,0.3077,False,1,False
27,56,-55.57,-55.57,4.0,0.0,False,0,False
28,56,-55.34,-55.23,3.6,0.1,False,1,False
29,56,-55.19,-55.19,4.0,0.0,False,0,False
30,56,-55.14,-55.14,4.0,0.0,False,0,False
31,56,-55.19,-55.19,4.0,0.0,False,0,False
32,56,-55.34,-55.66,2.5714,0.3571,False,2,False
33,56,-55.57,-55.57,4.0,0.0,False,0,False
34,56,-55.89,-55.89,4.0,0.0,False,0,False
35,56,-56.28,-56.28,4.0,0.0,False,0,False
36,56,-56.72,-57.18,2.7692,0.3077,False,1,False
37,56,-57.21,-57.21,4.0,0.0,False,0,False
38,56,-57.72,-57.72,4.0,0.0,False,0,False
39,56,-58.25,-58.25,4.0,0.0,False,0,False
40,56,-58.8,-58.8,4.0,0.0,False,0,False
41,56,-58.25,-58.25,4.0,0.0,False,0,False
42,56,-57.72,-57.72,4.0,0.0,False,0,False
43,56,-57.21,-57.21,4.0,0.0,False,0,False
44,56,-56.72,-56.72,4.0,0.0,False,0,False
45,56,-56.28,-56.28,4.0,0.0,False,0,False
46,56,-55.89,-55.89,4.0,0.0,False,0,False
47,56,-55.57,-55.57,4.0,0.0,False,0,False
48,56,-55.34,-55.16,3.6,0.1,False,1,False
49,56,-55.19,-55.19,4.0,0.0,False,0,False
50,56,-55.14,-55.16,3.6,0.1,False,1,False
51,56,-55.19,-55.42,2.9388,0.2653,False,2,False
52,56,-55.34,-55.34,4.0,0.0,False,0,False
53,56,-55.57,-55.57,4.0,0.0,False,0,False
54,56,-55.89,-55.89,4.0,0.0,False,0,False
55,56,-56.28,-56.28,4.0,0.0,False,0,False
56,56,-55.85,-55.85,4.0,0.0,False,0,False
57,56,-54.93,-55.1,3.6,0.1,False,1,False
58,56,-53.98,-53.98,4.0,0.0,False,0,False
59,56,-52.99,-52.99,4.0,0.0,False,0,False
60,56,-51.98,-51.98,4.0,0.0,False,0,False
61,56,-50.97,-50.97,4.0,0.0,False,0,False
62,56,-50.0,-49.95,2.6667,0.3333,False,2,False
63,56,-49.12,-49.12,4.0,0.0,False,0,False
64,56,-48.41,-48.41,4.0,0.0,False,0,False
65,56,-47.93,-47.93,4.0,0.0,False,0,False
66,56,-47.77,-47.77,4.0,0.0,False,0,False
67,56,-47.93,-47.93,4.0,0.0,False,0,False
68,56,-48.41,-47.83,2.7692,0.3077,False,1,False
69,56,-49.12,-49.12,4.0,0.0,False,0,False
70,56,-50.0,-50.0,4.0,0.0,False,0,False
71,56,-50.97,-50.97,4.0,0.0,False,0,False
72,56,-53.84,-53.9,3.4483,0.1379,False,1,False
73,56,-54.92,-55.19,3.4483,0.1379,False,1,False
74,56,-55.98,-55.92,3.0303,0.2424,False,2,False
75,56,-57.0,-57.15,3.4483,0.1379,False,1,False
76,56,-57.98,-58.1,2.7027,0.3243,False,3,False
77,56,-58.92,-58.97,3.4483,0.1379,False,1,False
78,56,-59.81,-60.02,2.7027,0.3243,False,3,False
79,56,-60.66,-60.63,3.0303,0.2424,False,2,False
0,57,-59.4,-59.4,4.0,0.0,False,0,False
1,57,-58.91,-58.91,4.0,0.0,False,0,False
2,57,-58.43,-58.43,4.0,0.0,False,0,False
3,57,-57.98,-57.74,3.2,0.2,False,1,False
4,57,-57.55,-57.55,4.0,0.0,False,0,False
5,57,-57.17,-57.17,4.0,0.0,False,0,False
6,57,-56.84,-56.84,4.0,0.0,False,0,False
7,57,-56.57,-56.61,3.2,0.2,False,1,False
8,57,-56.36,-56.36,4.0,0.0,False,0,False
9,57,-56.24,-56.24,2.9388,0.2653,False,2,False
10,57,-56.2,-56.2,4.0,0.0,False,0,False
11,57,-56.24,-56.24,4.0,0.0,False,0,False
12,57,-56.36,-56.36,4.0,0.0,False,0,False
13,57,-56.57,-57.0,2.5714,0.3571,False,2,False
14,57,-56.84,-56.84,4.0,0.0,False,0,False
15,57,-57.17,-57.17,4.0,0.0,False,0,False
16,57,-57.55,-57.55,4.0,0.0,False,0,False
17,57,-57.98,-57.41,2.7692,0.3077,False,1,False
18,57,-58.43,-58.43,4.0,0.0,False,0,False
19,57,-58.91,-58.91,4.0,0.0,False,0,False
20,57,-59.4,-59.4,4.0,0.0,False,0,False
21,57,-58.91,-58.25,2.6667,0.3333,False,2,False
22,57,-58.43,-58.43,4.0,0.0,False,0,False
23,57,-57.98,-57.98,4.0,0.0,False,0,False
24,57,-57.55,-57.55,4.0,0.0,False,0,False
25,57,-57.17,-57.31,3.6,0.1,False,1,False
26,57,-56.84,-56.84,4.0,0.0,False,0,False
27,57,-56.57,-56.57,4.0,0.0,False,0,False
28,57,-56.36,-56.36,4.0,0.0,False,0,False
29,57,-56.24,-56.24,4.0,0.0,False,0,False
30,57,-56.2,-56.05,3.6,0.1,False,1,False
31,57,-56.24,-56.24,4.0,0.0,False,0,False
32,57,-56.36,-56.56,3.6,0.1,False,1,False
33,57,-56.57,-56.57,4.0,0.0,False,0,False
34,57,-56.84,-56.84,4.0,0.0,False,0,False
35,57,-57.17,-57.17,4.0,0.0,False,0,False
36,57,-57.55,-57.55,4.0,0.0,False,0,False
37,57,-57.98,-57.98,4.0,0.0,False,0,False
38,57,-58.43,-58.21,3.6,0.1,False,1,False
39,57,-58.91,-58.72,3.6,0.1,False,1,False
40,57,-59.4,-59.4,4.0,0.0,False,0,False
41,57,-58.91,-58.91,4.0,0.0,False,0,False
42,57,-58.43,-58.4,3.6,0.1,False,1,False
43,57,-57.98,-57.98,4.0,0.0,False,0,False
44,57,-57.55,-57.42,3.2727,0.1818,False,2,False
45,57,-57.17,-57.17,4.0,0.0,False,0,False
46,57,-56.84,-57.35,2.4828,0.3793,False,3,False
47,57,-56.57,-56.19,3.2,0.2,False,1,False
48,57,-56.36,-56.36,4.0,0.0,False,0,False
49,57,-56.24,-56.24,4.0,0.0,False,0,False
50,57,-56.2,-56.49,2.8939,0.2765,False,3,False
51,57,-56.24,-56.06,2.7692,0.3077,False,1,False
52,57,-56.36,-56.31,3.6,0.1,False,1,False
53,57,-56.57,-56.57,4.0,0.0,False,0,False
54,57,-56.84,-56.84,4.0,0.0,False,0,False
55,57,-57.17,-57.17,4.0,0.0,False,0,False
56,57,-56.4,-56.4,4.0,0.0,False,0,False
57,57,-55.57,-55.57,4.0,0.0,False,0,False
58,57,-54.72,-55.45,2.7692,0.3077,False,1,False
59,57,-53.86,-53.86,4.0,0.0,False,0,False
60,57,-52.99,-51.94,2.7692,0.3077,False,1,False
61,57,-52.15,-52.15,4.0,0.0,False,0,False
62,57,-51.36,-51.36,4.0,0.0,False,0,False
63,57,-50.67,-50.67,4.0,0.0,False,0,False
64,57,-50.12,-50.12,4.0,0.0,False,0,False
65,57,-49.76,-49.76,4.0,0.0,False,0,False
66,57,-49.64,-49.64,4.0,0.0,False,0,False
67,57,-49.76,-49.76,4.0,0.0,False,0,False
68,57,-50.12,-50.12,4.0,0.0,False,0,False
69,57,-50.67,-50.67,4.0,0.0,False,0,False
70,57,-51.36,-51.36,4.0,0.0,False,0,False
71,57,-52.15,-52.15,4.0,0.0,False,0,False
72,57,-54.92,-55.19,2.7027,0.3243,False,3,False
73,57,-55.85,-55.8,2.439,0.3902,False,4,False
74,57,-56.78,-56.87,3.0303,0.2424,False,2,False
75,57,-57.69,-58.11,3.4483,0.1379,False,1,False
76,57,-58.58,-58.45,3.4483,0.1379,False,1,False
77,57,-59.44,-59.64,3.0303,0.2424,False,2,False
78,57,-60.26,-60.62,3.0303,0.2424,False,2,False
79,57,-61.06,-61.63,3.2,0.2,False,1,False
0,58,-60.0,-60.0,4.0,0.0,False,0,False
1,58,-59.55,-59.55,4.0,0.0,False,0,False
2,58,-59.12,-59.12,4.0,0.0,False,0,False
3,58,-58.72,-58.72,4.0,0.0,False,0,False
4,58,-58.34,-58.34,4.0,0.0,False,0,False
5,58,-58.01,-58.01,4.0,0.0,False,0,False
6,58,-57.72,-57.72,4.0,0.0,False,0,False
7,58,-57.49,-57.49,4.0,0.0,False,0,False
8,58,-57.31,-57.31,4.0,0.0,False,0,False
9,58,-57.21,-57.21,4.0,0.0,False,0,False
10,58,-57.17,-57.17,4.0,0.0,False,0,False
11,58,-57.21,-57.21,4.0,0.0,False,0,False
12,58,-57.31,-57.31,4.0,0.0,False,0,False
13,58,-57.49,-57.7,3.6,0.1,False,1,False
14,58,-57.72,-57.72,4.0,0.0,False,0,False
15,58,-58.01,-58.01,4.0,0.0,False,0,False
16,58,-58.34,-58.31,3.6,0.1,False,1,False
17,58,-58.72,-58.72,4.0,0.0,False,0,False
18,58,-59.12,-59.01,3.2727,0.1818,False,2,False
19,58,-59.55,-59.55,4.0,0.0,False,0,False
20,58,-60.0,-60.0,4.0,0.0,False,0,False
21,58,-59.55,-59.55,4.0,0.0,False,0,False
22,58,-59.12,-58.84,3.6,0.1,False,1,False
23,58,-58.72,-58.62,3.6,0.1,False,1,False
24,58,-58.34,-58.34,4.0,0.0,False,0,False
25,58,-58.01,-58.01,4.0,0.0,False,0,False
26,58,-57.72,-57.72,4.0,0.0,False,0,False
27,58,-57.49,-57.49,4.0,0.0,False,0,False
28,58,-57.31,-57.31,4.0,0.0,False,0,False
29,58,-57.21,-57.21,4.0,0.0,False,0,False
30,58,-57.17,-56.89,3.6,0.1,False,1,False
31,58,-57.21,-57.27,3.2727,0.1818,False,2,False
32,58,-57.31,-57.31,4.0,0.0,False,0,False
33,58,-57.49,-57.68,3.2,0.2,False,1,False
34,58,-57.72,-57.72,4.0,0.0,False,0,False
35,58,-58.01,-58.01,4.0,0.0,False,0,False
36,58,-58.34,-58.26,3.2,0.2,False,1,False
37,58,-58.72,-58.72,4.0,0.0,False,0,False
38,58,-59.12,-59.43,2.9388,0.2653,False,2,False
39,58,-59.55,-59.94,3.2,0.2,False,1,False
40,58,-60.0,-60.0,4.0,0.0,False,0,False
41,58,-59.55,-59.55,4.0,0.0,False,0,False
42,58,-59.12,-59.22,3.6,0.1,False,1,False
43,58,-58.72,-58.72,4.0,0.0,False,0,False
44,58,-58.34,-57.95,3.2727,0.1818,False,2,False
45,58,-58.01,-58.01,4.0,0.0,False,0,False
46,58,-57.72,-57.17,3.2,0.2,False,1,False
47,58,-57.49,-57.49,4.0,0.0,False,0,False
48,58,-57.31,-57.55,3.6,0.1,False,1,False
49,58,-57.21,-57.21,4.0,0.0,False,0,False
50,58,-57.17,-57.4,2.717,0.3208,False,3,False
51,58,-57.21,-57.21,4.0,0.0,False,0,False
52,58,-57.31,-57.31,4.0,0.0,False,0,False
53,58,-57.49,-57.49,4.0,0.0,False,0,False
54,58,-57.72,-57.72,4.0,0.0,False,0,False
55,58,-57.72,-57.34,2.7692,0.3077,False,1,False
56,58,-56.99,-56.99,4.0,0.0,False,0,False
57,58,-56.24,-56.24,4.0,0.0,False,0,False
58,58,-55.48,-55.48,4.0,0.0,False,0,False
59,58,-54.72,-54.55,3.6,0.1,False,1,False
60,58,-53.98,-53.98,4.0,0.0,False,0,False
61,58,-53.27,-53.27,4.0,0.0,False,0,False
62,58,-52.62,-52.62,4.0,0.0,False,0,False
63,58,-52.07,-52.07,4.0,0.0,False,0,False
64,58,-51.63,-51.63,4.0,0.0,False,0,False
65,58,-51.36,-51.36,4.0,0.0,False,0,False
66,58,-51.27,-51.33,2.7692,0.3077,False,1,False
67,58,-51.36,-51.36,4.0,0.0,False,0,False
68,58,-51.63,-51.63,4.0,0.0,False,0,False
69,58,-52.07,-52.07,4.0,0.0,False,0,False
70,58,-52.62,-52.87,2.1176,0.4706,False,2,False
71,58,-53.27,-53.27,4.0,0.0,False,0,False
72,58,-55.98,-55.8,3.0303,0.2424,False,2,False
73,58,-56.78,-57.02,2.439,0.3902,False,4,False
74,58,-57.59,-58.12,3.0303,0.2424,False,2,False
75,58,-58.4,-58.92,2.439,0.3902,False,4,False
76,58,-59.2,-59.37,1.9512,0.5122,False,6,False
77,58,-59.99,-59.9,3.4483,0.1379,False,1,False
78,58,-60.75,-60.75,4.0,0.0,False,0,False
79,58,-61.49,-62.39,2.2222,0.4444,False,5,False
0,59,-60.58,-60.67,2.9388,0.2653,False,2,False
1,59,-60.17,-60.17,4.0,0.0,False,0,False
2,59,-59.79,-59.79,4.0,0.0,False,0,False
3,59,-59.43,-59.43,4.0,0.0,False,0,False
4,59,-59.1,-59.1,4.0,0.0,False,0,False
5,59,-58.8,-58.68,3.6,0.1,False,1,False
6,59,-58.55,-58.29,3.6,0.1,False,1,False
7,59,-58.34,-58.34,4.0,0.0,False,0,False
8,59,-58.19,-58.19,4.0,0.0,False,0,False
9,59,-58.1,-58.3,3.6,0.1,False,1,False
10,59,-58.07,-58.2,3.6,0.1,False,1,False
11,59,-58.1,-58.1,4.0,0.0,False,0,False
12,59,-58.19,-58.19,4.0,0.0,False,0,False
13,59,-58.34,-58.34,4.0,0.0,False,0,False
14,59,-58.55,-58.74,3.6,0.1,False,1,False
15,59,-58.8,-58.8,4.0,0.0,False,0,False
16,59,-59.1,-59.21,3.2,0.2,False,1,False
17,59,-59.43,-59.43,4.0,0.0,False,0,False
18,59,-59.79,-59.79,4.0,0.0,False,0,False
19,59,-60.17,-60.17,4.0,0.0,False,0,False
20,59,-60.58,-60.58,4.0,0.0,False,0,False
21,59,-60.17,-60.17,4.0,0.0,False,0,False
22,59,-59.79,-59.79,4.0,0.0,False,0,False
23,59,-59.43,-59.1,3.4483,0.1379,False,1,False
24,59,-59.1,-59.1,4.0,0.0,False,0,False
25,59,-58.8,-58.54,2.5714,0.3571,False,2,False
26,59,-58.55,-58.55,4.0,0.0,False,0,False
27,59,-58.34,-58.34,4.0,0.0,False,0,False
28,59,-58.19,-58.35,3.6,0.1,False,1,False
29,59,-58.1,-57.94,2.9388,0.2653,False,2,False
30,59,-58.07,-58.07,4.0,0.0,False,0,False
31,59,-58.1,-57.8,3.6,0.1,False,1,False
32,59,-58.19,-58.19,4.0,0.0,False,0,False
33,59,-58.34,-58.34,4.0,0.0,False,0,False
34,59,-58.55,-58.55,4.0,0.0,False,0,False
35,59,-58.8,-59.12,3.6,0.1,False,1,False
36,59,-59.1,-58.75,3.4483,0.1379,False,1,False
37,59,-59.43,-59.43,4.0,0.0,False,0,False
38,59,-59.79,-59.79,4.0,0.0,False,0,False
39,59,-60.17,-60.17,4.0,0.0,False,0,False
40,59,-60.58,-61.44,3.2,0.2,False,1,False
41,59,-60.17,-60.2,3.6,0.1,False,1,False
42,59,-59.79,-59.79,4.0,0.0,False,0,False
43,59,-59.43,-59.43,4.0,0.0,False,0,False
44,59,-59.1,-59.1,4.0,0.0,False,0,False
45,59,-58.8,-58.8,4.0,0.0,False,0,False
46,59,-58.55,-58.55,4.0,0.0,False,0,False
47,59,-58.34,-58.34,4.0,0.0,False,0,False
48,59,-58.19,-57.69,2.9388,0.2653,False,2,False
49,59,-58.1,-58.33,3.2727,0.1818,False,2,False
50,59,-58.07,-58.07,4.0,0.0,False,0,False
51,59,-58.1,-58.1,4.0,0.0,False,0,False
52,59,-58.19,-58.19,4.0,0.0,False,0,False
53,59,-58.34,-58.34,4.0,0.0,False,0,False
54,59,-58.55,-57.99,3.1469,0.2133,False,2,False
55,59,-58.25,-58.25,4.0,0.0,False,0,False
56,59,-57.59,-57.56,3.2,0.2,False,1,False
57,59,-56.91,-56.98,3.6,0.1,False,1,False
58,59,-56.24,-56.24,4.0,0.0,False,0,False
59,59,-55.57,-55.57,4.0,0.0,False,0,False
60,59,-54.93,-54.93,4.0,0.0,False,0,False
61,59,-54.33,-54.33,4.0,0.0,False,0,False
62,59,-53.79,-53.79,4.0,0.0,False,0,False
63,59,-53.34,-53.34,4.0,0.0,False,0,False
64,59,-52.99,-52.99,4.0,0.0,False,0,False
65,59,-52.77,-52.77,4.0,0.0,False,0,False
66,59,-52.7,-52.7,4.0,0.0,False,0,False
67,59,-52.77,-52.77,4.0,0.0,False,0,False
68,59,-52.99,-52.99,4.0,0.0,False,0,False
69,59,-53.34,-53.1,2.7692,0.3077,False,1,False
70,59,-53.79,-53.79,4.0,0.0,False,0,False
71,59,-54.33,-54.33,4.0,0.0,False,0,False
72,59,-57.0,-56.73,3.4483,0.1379,False,1,False
73,59,-57.69,-57.68,3.4483,0.1379,False,1,False
74,59,-58.4,-58.43,2.7027,0.3243,False,3,False
75,59,-59.12,-58.76,3.0303,0.2424,False,2,False
76,59,-59.84,-59.83,2.2222,0.4444,False,5,False
77,59,-60.56,-60.34,3.4483,0.1379,False,1,False
78,59,-61.26,-60.91,3.4483,0.1379,False,1,False
79,59,-61.95,-62.15,3.0303,0.2424,False,2,False
