cell_x_m,cell_y_m,estimated_rssi_dbm,confidence,is_dead_zone,sample_count
0,0,-71.6,1.0,False,0
1,0,-70.49,1.0,False,0
2,0,-69.05,inf,False,1
3,0,-69.65,1.0,False,0
4,0,-69.22,1.0,False,0
5,0,-68.09,inf,False,1
6,0,-69.49,1.0,False,0
7,0,-70.32,inf,False,2
8,0,-68.64,1.0,False,0
9,0,-67.12,1.0,False,0
10,0,-65.89,inf,False,1
11,0,-66.54,1.0,False,0
12,0,-67.32,1.0,False,0
13,0,-68.64,inf,False,1
14,0,-67.73,1.0,False,0
15,0,-66.25,0.777863,False,0
16,0,-64.29,0.761858,False,0
17,0,-61.85,0.860747,False,0
18,0,-59.74,1.0,False,0
19,0,-58.64,1.0,False,0
20,0,-57.2,1.0,False,0
21,0,-54.64,inf,False,1
22,0,-56.23,1.0,False,0
23,0,-57.44,1.0,False,0
24,0,-57.73,1.0,False,0
25,0,-56.83,1.0,False,0
26,0,-55.99,1.0,False,0
27,0,-55.57,1.0,False,0
28,0,-55.955,inf,False,2
29,0,-55.36,1.0,False,0
30,0,-55.13,inf,False,1
31,0,-57.18,inf,False,1
32,0,-55.76,1.0,False,0
33,0,-54.47,1.0,False,0
34,0,-54.44,1.0,False,0
35,0,-55.29,1.0,False,0
36,0,-56.09,1.0,False,0
37,0,-57.06,inf,False,2
38,0,-57.7,inf,False,1
39,0,-57.53,1.0,False,0
40,0,-58.31,1.0,False,0
41,0,-57.86,1.0,False,0
42,0,-57.74,1.0,False,0
43,0,-57.84,1.0,False,0
44,0,-57.36,1.0,False,0
45,0,-57.06,1.0,False,0
46,0,-56.82,1.0,False,0
47,0,-56.15,inf,False,1
48,0,-55.96,1.0,False,0
49,0,-56.2,1.0,False,0
50,0,-57.02,inf,False,1
51,0,-56.07,1.0,False,0
52,0,-55.11,1.0,False,0
53,0,-52.63,inf,False,1
54,0,-55.19,1.0,False,0
55,0,-56.77,1.0,False,0
56,0,-57.53,1.0,False,0
57,0,-59.85,1.0,False,0
58,0,-61.99,1.0,False,0
59,0,-60.6,inf,False,1
60,0,-70.15,1.0,False,0
61,0,-82.34,1.0,True,0
62,0,-84.83,inf,True,1
63,0,-86.41,1.0,True,0
64,0,-86.65,inf,True,1
65,0,-85.94,1.0,True,0
66,0,-85.45,inf,True,1
67,0,-85.55,1.0,True,0
68,0,-86.28,1.0,True,0
69,0,-87.31,1.0,True,0
70,0,-87.29,inf,True,1
71,0,-88.68,1.0,True,0
72,0,-89.16,inf,True,1
73,0,-89.865,inf,True,2
74,0,-89.35,inf,True,1
75,0,-86.77000000000001,inf,True,2
76,0,-80.67,1.0,True,0
77,0,-71.64,inf,False,1
78,0,-75.74333333333334,inf,True,3
79,0,-74.44,1.0,False,0
0,1,-73.81,inf,False,1
1,1,-70.55,inf,False,1
2,1,-70.16,1.0,False,0
3,1,-70.26,inf,False,1
4,1,-69.38,1.0,False,0
5,1,-68.93,inf,False,1
6,1,-72.2,inf,False,1
7,1,-67.51,inf,False,1
8,1,-68.1,1.0,False,0
9,1,-66.73,inf,False,1
10,1,-66.52,1.0,False,0
11,1,-66.25,1.0,False,0
12,1,-66.18,1.0,False,0
13,1,-67.15,1.0,False,0
14,1,-67.13,1.0,False,0
15,1,-66.29,1.0,False,0
16,1,-65.97,1.0,False,0
17,1,-62.82,1.0,False,0
18,1,-60.37,1.0,False,0
19,1,-58.69,1.0,False,0
20,1,-61.0,inf,False,2
21,1,-54.45,inf,False,1
22,1,-56.49,1.0,False,0
23,1,-58.24,inf,False,1
24,1,-59.2,inf,False,1
25,1,-56.52,1.0,False,0
26,1,-55.22,1.0,False,0
27,1,-55.31,1.0,False,0
28,1,-55.66,1.0,False,0
29,1,-54.89,1.0,False,0
30,1,-54.98,1.0,False,0
31,1,-55.17,1.0,False,0
32,1,-54.52,1.0,False,0
33,1,-53.33,1.0,False,0
34,1,-53.39,1.0,False,0
35,1,-54.74,1.0,False,0
36,1,-56.39,inf,False,1
37,1,-55.94,1.0,False,0
38,1,-56.62,1.0,False,0
39,1,-57.53,1.0,False,0
40,1,-59.68,inf,False,1
41,1,-57.68,1.0,False,0
42,1,-57.6,1.0,False,0
43,1,-58.49,inf,False,1
44,1,-57.29,1.0,False,0
45,1,-56.89,1.0,False,0
46,1,-58.35,inf,False,1
47,1,-55.9,1.0,False,0
48,1,-55.47,1.0,False,0
49,1,-56.17,inf,False,2
50,1,-57.1,inf,False,1
51,1,-56.0,1.0,False,0
52,1,-54.67,inf,False,2
53,1,-57.12,inf,False,1
54,1,-56.26,1.0,False,0
55,1,-57.63,inf,False,1
56,1,-57.56,1.0,False,0
57,1,-59.04,1.0,False,0
58,1,-60.53,inf,False,1
59,1,-64.56,1.0,False,0
60,1,-73.76,1.0,False,0
61,1,-83.61,1.0,True,0
62,1,-89.16,inf,True,1
63,1,-86.87,1.0,True,0
64,1,-87.44,inf,True,1
65,1,-85.82,1.0,True,0
66,1,-84.93,1.0,True,0
67,1,-84.95,1.0,True,0
68,1,-86.2,1.0,True,0
69,1,-87.48,1.0,True,0
70,1,-86.95,inf,True,1
71,1,-89.12,1.0,True,0
72,1,-91.62,inf,True,1
73,1,-90.92,1.0,True,0
74,1,-91.41,inf,True,1
75,1,-91.235,inf,True,2
76,1,-80.71,1.0,True,0
77,1,-74.16,inf,False,1
78,1,-74.02,1.0,False,0
79,1,-74.88,inf,False,1
0,2,-69.5,inf,False,1
1,2,-70.04,1.0,False,0
2,2,-69.93,1.0,False,0
3,2,-71.8,inf,False,1
4,2,-68.68,1.0,False,0
5,2,-68.0,1.0,False,0
6,2,-68.38,1.0,False,0
7,2,-67.91,1.0,False,0
8,2,-69.09,inf,False,1
9,2,-66.99,1.0,False,0
10,2,-66.78,inf,False,1
11,2,-65.84,1.0,False,0
12,2,-64.905,inf,False,2
13,2,-65.65,1.0,False,0
14,2,-66.27,1.0,False,0
15,2,-66.7,1.0,False,0
16,2,-69.01,inf,False,1
17,2,-62.8,1.0,False,0
18,2,-61.34,inf,False,1
19,2,-58.43,1.0,False,0
20,2,-56.39,inf,False,1
21,2,-56.27,1.0,False,0
22,2,-56.1,inf,False,1
23,2,-56.84,1.0,False,0
24,2,-56.38,1.0,False,0
25,2,-54.36,1.0,False,0
26,2,-53.84,1.0,False,0
27,2,-55.19,inf,False,1
28,2,-57.48,inf,False,1
29,2,-53.7,inf,False,1
30,2,-53.79,1.0,False,0
31,2,-53.39,1.0,False,0
32,2,-53.66,1.0,False,0
33,2,-52.83,1.0,False,0
34,2,-50.97,inf,False,1
35,2,-54.89,inf,False,1
36,2,-55.89,inf,False,1
37,2,-53.67,inf,False,1
38,2,-55.74,1.0,False,0
39,2,-55.97,1.0,False,0
40,2,-57.09,1.0,False,0
41,2,-56.81,inf,False,1
42,2,-57.900000000000006,inf,False,2
43,2,-56.35,inf,False,1
44,2,-56.57,1.0,False,0
45,2,-55.8,inf,False,1
46,2,-55.45,1.0,False,0
47,2,-53.71,1.0,False,0
48,2,-52.01,1.0,False,0
49,2,-53.2,1.0,False,0
50,2,-54.94,1.0,False,0
51,2,-56.15,1.0,False,0
52,2,-57.5,inf,False,1
53,2,-56.08,1.0,False,0
54,2,-56.68,inf,False,1
55,2,-56.26,1.0,False,0
56,2,-56.4,1.0,False,0
57,2,-58.03,1.0,False,0
58,2,-61.72,1.0,False,0
59,2,-67.53,1.0,False,0
60,2,-77.23,1.0,True,0
61,2,-82.93,1.0,True,0
62,2,-86.55,1.0,True,0
63,2,-86.36,inf,True,1
64,2,-85.76,1.0,True,0
65,2,-84.87,1.0,True,0
66,2,-83.37,inf,True,1
67,2,-84.87,inf,True,2
68,2,-85.75,1.0,True,0
69,2,-87.77000000000001,inf,True,2
70,2,-88.95333333333333,inf,True,3
71,2,-89.34,1.0,True,0
72,2,-90.54,1.0,True,0
73,2,-91.04,1.0,True,0
74,2,-93.09,inf,True,2
75,2,-90.03,inf,True,1
76,2,-72.98,inf,False,2
77,2,-74.04,1.0,False,0
78,2,-73.43,1.0,False,0
79,2,-71.76,inf,False,1
0,3,-70.83,inf,False,1
1,3,-68.44,inf,False,2
2,3,-68.04,1.0,False,0
3,3,-67.95,1.0,False,0
4,3,-65.2,inf,False,1
5,3,-65.84,1.0,False,0
6,3,-64.64,inf,False,1
7,3,-65.78,1.0,False,0
8,3,-66.2,inf,False,1
9,3,-65.62,1.0,False,0
10,3,-65.45,1.0,False,0
11,3,-66.03,inf,False,1
12,3,-65.19,1.0,False,0
13,3,-64.95,1.0,False,0
14,3,-64.46,1.0,False,0
15,3,-64.61,1.0,False,0
16,3,-64.43,1.0,False,0
17,3,-60.79,1.0,False,0
18,3,-58.25,inf,False,1
19,3,-57.86,1.0,False,0
20,3,-56.85,1.0,False,0
21,3,-55.63,inf,False,1
22,3,-55.87,1.0,False,0
23,3,-56.15,1.0,False,0
24,3,-57.175,inf,False,2
25,3,-51.74,inf,False,1
26,3,-51.07,inf,False,1
27,3,-53.67,1.0,False,0
28,3,-54.31,1.0,False,0
29,3,-52.26,1.0,False,0
30,3,-50.36,1.0,False,0
31,3,-51.74,1.0,False,0
32,3,-55.51,inf,False,1
33,3,-51.62,inf,False,1
34,3,-53.2,1.0,False,0
35,3,-53.41,inf,False,1
36,3,-54.86,1.0,False,0
37,3,-55.22,1.0,False,0
38,3,-57.85,inf,False,1
39,3,-53.2,inf,False,1
40,3,-55.82,1.0,False,0
41,3,-55.915000000000006,inf,False,2
42,3,-56.81,1.0,False,0
43,3,-56.64,1.0,False,0
44,3,-56.3,1.0,False,0
45,3,-55.31,1.0,False,0
46,3,-55.54,inf,False,1
47,3,-51.79,1.0,False,0
48,3,-49.365,inf,False,2
49,3,-50.63,inf,False,1
50,3,-51.38,1.0,False,0
51,3,-52.85,1.0,False,0
52,3,-54.41,1.0,False,0
53,3,-54.02,1.0,False,0
54,3,-54.95,1.0,False,0
55,3,-55.05,1.0,False,0
56,3,-55.12,1.0,False,0
57,3,-56.33,1.0,False,0
58,3,-59.91,0.903846,False,0
59,3,-70.2,0.915491,False,0
60,3,-77.87,1.0,True,0
61,3,-83.85,1.0,True,0
62,3,-85.07,1.0,True,0
63,3,-85.17,inf,True,1
64,3,-83.51,inf,True,1
65,3,-84.23,1.0,True,0
66,3,-83.79,1.0,True,0
67,3,-84.2,1.0,True,0
68,3,-84.77,inf,True,1
69,3,-86.9,1.0,True,0
70,3,-87.97,inf,True,2
71,3,-92.03,inf,True,2
72,3,-87.77,inf,True,1
73,3,-92.37,inf,True,3
74,3,-87.73,inf,True,1
75,3,-87.73,inf,True,1
76,3,-72.46,inf,False,2
77,3,-73.46,inf,False,1
78,3,-73.62,inf,False,1
79,3,-73.26,inf,False,1
0,4,-69.58,1.0,False,0
1,4,-68.28,1.0,False,0
2,4,-65.61500000000001,inf,False,2
3,4,-69.02,inf,False,1
4,4,-63.88,inf,False,1
5,4,-64.21,1.0,False,0
6,4,-63.51,1.0,False,0
7,4,-64.63,inf,False,1
8,4,-64.54,1.0,False,0
9,4,-63.34,inf,False,1
10,4,-64.11,1.0,False,0
11,4,-64.11,inf,False,1
12,4,-63.81,1.0,False,0
13,4,-62.43,1.0,False,0
14,4,-62.16,1.0,False,0
15,4,-60.74,1.0,False,0
16,4,-59.73,1.0,False,0
17,4,-58.7,1.0,False,0
18,4,-57.85,1.0,False,0
19,4,-57.44,inf,False,1
20,4,-56.15,1.0,False,0
21,4,-54.88,1.0,False,0
22,4,-55.23,1.0,False,0
23,4,-55.41,1.0,False,0
24,4,-54.66,1.0,False,0
25,4,-52.19,inf,False,1
26,4,-54.4,inf,False,1
27,4,-52.26,1.0,False,0
28,4,-50.76,1.0,False,0
29,4,-51.94,inf,False,2
30,4,-45.46,inf,False,1
31,4,-49.3,1.0,False,0
32,4,-51.49,1.0,False,0
33,4,-50.91,inf,False,1
34,4,-57.96,inf,False,1
35,4,-53.8,1.0,False,0
36,4,-54.36,1.0,False,0
37,4,-54.62,inf,False,1
38,4,-55.45,1.0,False,0
39,4,-54.99,1.0,False,0
40,4,-55.84,1.0,False,0
41,4,-55.98,inf,False,1
42,4,-56.14,1.0,False,0
43,4,-56.29,inf,False,1
44,4,-55.71,1.0,False,0
45,4,-53.88,1.0,False,0
46,4,-53.39,inf,False,1
47,4,-49.42,inf,False,1
48,4,-51.23,inf,False,1
49,4,-51.91,inf,False,1
50,4,-49.94,1.0,False,0
51,4,-51.05,1.0,False,0
52,4,-54.4,inf,False,1
53,4,-50.254999999999995,inf,False,2
54,4,-53.09,1.0,False,0
55,4,-55.3,inf,False,1
56,4,-53.48,1.0,False,0
57,4,-54.3,1.0,False,0
58,4,-60.1,0.972756,False,0
59,4,-67.63,1.0,False,0
60,4,-77.41,1.0,True,0
61,4,-82.06,inf,True,1
62,4,-83.83,1.0,True,0
63,4,-84.17,1.0,True,0
64,4,-83.95,1.0,True,0
65,4,-83.61,1.0,True,0
66,4,-83.28,1.0,True,0
67,4,-81.19,inf,True,1
68,4,-84.68,1.0,True,0
69,4,-86.33,inf,True,1
70,4,-88.64,1.0,True,0
71,4,-87.86,inf,True,1
72,4,-91.15,inf,True,1
73,4,-88.58,inf,True,1
74,4,-86.24,1.0,True,0
75,4,-73.75999999999999,inf,False,2
76,4,-73.37,inf,False,1
77,4,-70.48,inf,False,1
78,4,-73.07,1.0,False,0
79,4,-73.68,1.0,False,0
0,5,-66.8,1.0,False,0
1,5,-67.13,1.0,False,0
2,5,-66.91,1.0,False,0
3,5,-66.28,1.0,False,0
4,5,-63.95,1.0,False,0
5,5,-62.24,1.0,False,0
6,5,-60.64,inf,False,1
7,5,-63.05,1.0,False,0
8,5,-64.52,inf,False,1
9,5,-62.77,inf,False,1
10,5,-62.46,1.0,False,0
11,5,-62.48,1.0,False,0
12,5,-61.54,1.0,False,0
13,5,-59.55,1.0,False,0
14,5,-58.19,1.0,False,0
15,5,-58.16,1.0,False,0
16,5,-57.4,1.0,False,0
17,5,-55.12,1.0,False,0
18,5,-54.98,1.0,False,0
19,5,-55.02,1.0,False,0
20,5,-54.6,1.0,False,0
21,5,-53.05,inf,False,2
22,5,-54.89,1.0,False,0
23,5,-55.69,inf,False,1
24,5,-55.14,1.0,False,0
25,5,-58.74,inf,False,1
26,5,-52.42,1.0,False,0
27,5,-52.135000000000005,inf,False,2
28,5,-49.26,1.0,False,0
29,5,-49.79,inf,False,1
30,5,-50.8,inf,False,1
31,5,-49.07,inf,False,1
32,5,-49.81,inf,False,1
33,5,-49.92,1.0,False,0
34,5,-47.44,inf,False,1
35,5,-51.53,1.0,False,0
36,5,-54.78,inf,False,1
37,5,-54.37,1.0,False,0
38,5,-54.73,1.0,False,0
39,5,-55.1,1.0,False,0
40,5,-55.28,1.0,False,0
41,5,-55.37,1.0,False,0
42,5,-55.06,1.0,False,0
43,5,-54.9,1.0,False,0
44,5,-54.21,1.0,False,0
45,5,-52.84,1.0,False,0
46,5,-51.47,1.0,False,0
47,5,-50.81,1.0,False,0
48,5,-50.2,1.0,False,0
49,5,-49.83,inf,False,1
50,5,-46.959999999999994,inf,False,2
51,5,-48.754999999999995,inf,False,2
52,5,-50.54,1.0,False,0
53,5,-51.37,1.0,False,0
54,5,-51.52,1.0,False,0
55,5,-50.33,inf,False,2
56,5,-52.11,1.0,False,0
57,5,-53.8,1.0,False,0
58,5,-59.23,1.0,False,0
59,5,-63.73,1.0,False,0
60,5,-72.55,1.0,False,0
61,5,-81.11,1.0,True,0
62,5,-84.48,inf,True,1
63,5,-82.84,1.0,True,0
64,5,-83.55,1.0,True,0
65,5,-83.83,1.0,True,0
66,5,-84.25,1.0,True,0
67,5,-86.75,inf,True,1
68,5,-84.78,1.0,True,0
69,5,-86.78,1.0,True,0
70,5,-88.45,1.0,True,0
71,5,-93.82,inf,True,1
72,5,-89.39,1.0,True,0
73,5,-88.23,inf,True,1
74,5,-88.39,inf,True,1
75,5,-76.92,1.0,True,0
76,5,-73.01,inf,False,1
77,5,-74.88,inf,False,1
78,5,-72.445,inf,False,2
79,5,-75.84,inf,True,1
0,6,-65.47,1.0,False,0
1,6,-68.73,inf,False,1
2,6,-63.18,1.0,False,0
3,6,-61.08,1.0,False,0
4,6,-60.36,1.0,False,0
5,6,-60.75,inf,False,1
6,6,-60.16,1.0,False,0
7,6,-61.14,1.0,False,0
8,6,-60.88,1.0,False,0
9,6,-60.64,inf,False,1
10,6,-60.06,1.0,False,0
11,6,-58.9,1.0,False,0
12,6,-56.99,1.0,False,0
13,6,-59.18,inf,False,1
14,6,-60.59,inf,False,1
15,6,-58.48,inf,False,1
16,6,-55.24,1.0,False,0
17,6,-53.45,1.0,False,0
18,6,-53.52,1.0,False,0
19,6,-53.2,inf,False,1
20,6,-53.66,1.0,False,0
21,6,-53.68,1.0,False,0
22,6,-53.99,1.0,False,0
23,6,-54.1,1.0,False,0
24,6,-53.08,1.0,False,0
25,6,-52.89666666666667,inf,False,3
26,6,-48.913333333333334,inf,False,3
27,6,-45.95,inf,False,1
28,6,-46.81,1.0,False,0
29,6,-42.38,inf,False,1
30,6,-43.86,inf,False,1
31,6,-47.22,1.0,False,0
32,6,-48.68,inf,False,1
33,6,-47.56,1.0,False,0
34,6,-48.19,inf,False,3
35,6,-50.43,inf,False,1
36,6,-51.78,1.0,False,0
37,6,-52.3,1.0,False,0
38,6,-53.69,1.0,False,0
39,6,-54.67,1.0,False,0
40,6,-54.24,1.0,False,0
41,6,-54.28,1.0,False,0
42,6,-53.79,1.0,False,0
43,6,-54.14,inf,False,1
44,6,-55.44,inf,False,1
45,6,-51.49,1.0,False,0
46,6,-49.3,inf,False,1
47,6,-49.37,1.0,False,0
48,6,-48.69,1.0,False,0
49,6,-48.12,1.0,False,0
50,6,-46.85,1.0,False,0
51,6,-47.29,1.0,False,0
52,6,-49.33,1.0,False,0
53,6,-52.17,inf,False,1
54,6,-50.69,1.0,False,0
55,6,-50.65,1.0,False,0
56,6,-51.88,1.0,False,0
57,6,-52.29,inf,False,1
58,6,-57.96,1.0,False,0
59,6,-56.83,inf,False,1
60,6,-72.02,1.0,False,0
61,6,-79.6,1.0,True,0
62,6,-82.47,1.0,True,0
63,6,-80.18,inf,True,1
64,6,-83.07,1.0,True,0
65,6,-84.59,inf,True,1
66,6,-83.385,inf,True,2
67,6,-81.69,inf,True,1
68,6,-85.21,1.0,True,0
69,6,-86.14,1.0,True,0
70,6,-83.71,inf,True,1
71,6,-89.96,inf,True,1
72,6,-85.39,inf,True,1
73,6,-89.16,inf,True,1
74,6,-82.95,1.0,True,0
75,6,-70.14,inf,False,1
76,6,-72.62,1.0,False,0
77,6,-72.75,1.0,False,0
78,6,-72.96,1.0,False,0
79,6,-72.9,1.0,False,0
0,7,-58.47,1.0,False,0
1,7,-57.86,1.0,False,0
2,7,-56.36,1.0,False,0
3,7,-63.67,inf,False,1
4,7,-55.09,1.0,False,0
5,7,-55.92,1.0,False,0
6,7,-59.05,inf,False,1
7,7,-58.89,1.0,False,0
8,7,-58.41,inf,False,1
9,7,-57.75,inf,False,1
10,7,-58.626666666666665,inf,False,3
11,7,-56.64,1.0,False,0
12,7,-57.71,inf,False,1
13,7,-53.92,1.0,False,0
14,7,-55.19,1.0,False,0
15,7,-61.36,inf,False,1
16,7,-50.67,inf,False,1
17,7,-51.48,inf,False,1
18,7,-53.34,inf,False,1
19,7,-53.5,1.0,False,0
20,7,-53.58,1.0,False,0
21,7,-52.98,1.0,False,0
22,7,-52.75,1.0,False,0
23,7,-51.97,1.0,False,0
24,7,-50.61,1.0,False,0
25,7,-49.29,1.0,False,0
26,7,-46.81,inf,False,1
27,7,-47.01,1.0,False,0
28,7,-45.89,1.0,False,0
29,7,-49.55,inf,False,1
30,7,-46.23,inf,False,1
31,7,-46.57,1.0,False,0
32,7,-46.39,1.0,False,0
33,7,-44.52,inf,False,1
34,7,-47.22,1.0,False,0
35,7,-51.64,inf,False,1
36,7,-49.61,1.0,False,0
37,7,-50.84,1.0,False,0
38,7,-53.16,1.0,False,0
39,7,-54.6,inf,False,2
40,7,-53.99,1.0,False,0
41,7,-53.29,1.0,False,0
42,7,-53.01,inf,False,1
43,7,-52.41,1.0,False,0
44,7,-49.76,inf,False,1
45,7,-49.75,1.0,False,0
46,7,-48.5,1.0,False,0
47,7,-46.34,1.0,False,0
48,7,-45.84,1.0,False,0
49,7,-45.27,1.0,False,0
50,7,-44.74,inf,False,1
51,7,-47.41,inf,False,1
52,7,-48.5,inf,False,1
53,7,-48.6,1.0,False,0
54,7,-49.09,1.0,False,0
55,7,-49.96,inf,False,1
56,7,-51.09,1.0,False,0
57,7,-55.26,1.0,False,0
58,7,-59.81,1.0,False,0
59,7,-68.94,1.0,False,0
60,7,-80.12,inf,True,1
61,7,-81.29,1.0,True,0
62,7,-82.69,1.0,True,0
63,7,-85.16,inf,True,1
64,7,-83.04,1.0,True,0
65,7,-84.14,1.0,True,0
66,7,-86.255,inf,True,2
67,7,-85.33,1.0,True,0
68,7,-89.15,inf,True,1
69,7,-87.04,1.0,True,0
70,7,-87.13,1.0,True,0
71,7,-88.5,1.0,True,0
72,7,-88.44,1.0,True,0
73,7,-88.185,inf,True,2
74,7,-81.77,1.0,True,0
75,7,-71.5,inf,False,1
76,7,-70.62,inf,False,1
77,7,-72.95,inf,False,1
78,7,-71.9,1.0,False,0
79,7,-70.63,inf,False,2
0,8,-54.49,1.0,False,0
1,8,-53.41,inf,False,1
2,8,-50.6,inf,False,2
3,8,-50.39,inf,False,1
4,8,-50.08,inf,False,1
5,8,-50.95,inf,False,1
6,8,-53.99,1.0,False,0
7,8,-55.31,1.0,False,0
8,8,-55.26,1.0,False,0
9,8,-52.6,1.0,False,0
10,8,-53.65,1.0,False,0
11,8,-51.83,1.0,False,0
12,8,-49.1,1.0,False,0
13,8,-45.86,inf,False,1
14,8,-45.15,inf,False,1
15,8,-53.26,1.0,False,0
16,8,-53.15,1.0,False,0
17,8,-53.04,1.0,False,0
18,8,-53.38,1.0,False,0
19,8,-54.593333333333334,inf,False,3
20,8,-53.25,1.0,False,0
21,8,-52.52,1.0,False,0
22,8,-52.96,inf,False,1
23,8,-51.25,inf,False,1
24,8,-48.78,1.0,False,0
25,8,-47.56,inf,False,1
26,8,-46.58,1.0,False,0
27,8,-45.15,inf,False,1
28,8,-43.44,1.0,False,0
29,8,-45.23,1.0,False,0
30,8,-46.49,1.0,False,0
31,8,-41.85,inf,False,1
32,8,-46.01,1.0,False,0
33,8,-42.18,inf,False,1
34,8,-45.1,inf,False,1
35,8,-48.14,1.0,False,0
36,8,-47.14,inf,False,1
37,8,-49.41,1.0,False,0
38,8,-51.67,1.0,False,0
39,8,-53.35,1.0,False,0
40,8,-54.19,inf,False,1
41,8,-53.02,1.0,False,0
42,8,-53.09,inf,False,2
43,8,-51.91,1.0,False,0
44,8,-49.97,1.0,False,0
45,8,-48.77,inf,False,1
46,8,-47.03,1.0,False,0
47,8,-43.6,inf,False,1
48,8,-43.79,1.0,False,0
49,8,-43.21,1.0,False,0
50,8,-43.11,inf,False,1
51,8,-42.75,inf,False,1
52,8,-45.43,1.0,False,0
53,8,-45.98,inf,False,1
54,8,-49.08,inf,False,1
55,8,-49.13,1.0,False,0
56,8,-49.95,1.0,False,0
57,8,-54.47,1.0,False,0
58,8,-55.22,inf,False,1
59,8,-69.74,1.0,False,0
60,8,-80.05,inf,True,1
61,8,-81.46,1.0,True,0
62,8,-84.74,inf,True,1
63,8,-78.64,inf,True,1
64,8,-81.88,1.0,True,0
65,8,-84.19,1.0,True,0
66,8,-85.12,1.0,True,0
67,8,-85.24,1.0,True,0
68,8,-85.86,1.0,True,0
69,8,-86.48,1.0,True,0
70,8,-87.66,1.0,True,0
71,8,-89.11,1.0,True,0
72,8,-90.81,inf,True,1
73,8,-88.52,1.0,True,0
74,8,-86.98,inf,True,1
75,8,-77.71,1.0,True,0
76,8,-72.81,1.0,False,0
77,8,-72.62,inf,False,2
78,8,-71.91499999999999,inf,False,2
79,8,-70.49,inf,False,1
0,9,-53.13,1.0,False,0
1,9,-52.07,1.0,False,0
2,9,-51.07,inf,False,1
3,9,-52.96,inf,False,1
4,9,-46.74,inf,False,1
5,9,-48.45,1.0,False,0
6,9,-48.77,1.0,False,0
7,9,-46.96,1.0,False,0
8,9,-45.5,1.0,False,0
9,9,-40.36,inf,False,1
10,9,-45.23,1.0,False,0
11,9,-44.4,1.0,False,0
12,9,-40.3,inf,False,1
13,9,-44.71,1.0,False,0
14,9,-45.95,1.0,False,0
15,9,-48.63,1.0,False,0
16,9,-51.14,1.0,False,0
17,9,-51.58,1.0,False,0
18,9,-52.46,1.0,False,0
19,9,-52.78,1.0,False,0
20,9,-52.17,1.0,False,0
21,9,-51.43,1.0,False,0
22,9,-51.41,1.0,False,0
23,9,-50.16,1.0,False,0
24,9,-47.45,1.0,False,0
25,9,-44.1,inf,False,1
26,9,-44.47,1.0,False,0
27,9,-42.4,1.0,False,0
28,9,-40.05,inf,False,1
29,9,-40.72,inf,False,1
30,9,-48.22,1.0,False,0
31,9,-64.55,inf,False,1
32,9,-49.56,1.0,False,0
33,9,-44.08,1.0,False,0
34,9,-44.56,1.0,False,0
35,9,-47.73,1.0,False,0
36,9,-50.43,inf,False,1
37,9,-49.26,1.0,False,0
38,9,-50.88,1.0,False,0
39,9,-52.64,1.0,False,0
40,9,-52.86,1.0,False,0
41,9,-51.34,inf,False,1
42,9,-52.01,1.0,False,0
43,9,-50.83,1.0,False,0
44,9,-48.58,1.0,False,0
45,9,-46.85,inf,False,1
46,9,-46.9,inf,False,3
47,9,-44.66,1.0,False,0
48,9,-40.6,1.0,False,0
49,9,-39.16,1.0,False,0
50,9,-40.09,1.0,False,0
51,9,-41.22,inf,False,1
52,9,-43.33,1.0,False,0
53,9,-44.75,1.0,False,0
54,9,-45.97,1.0,False,0
55,9,-47.57,1.0,False,0
56,9,-49.07,1.0,False,0
57,9,-52.75,1.0,False,0
58,9,-58.71,1.0,False,0
59,9,-70.13,1.0,False,0
60,9,-81.96,inf,True,1
61,9,-80.11,inf,True,1
62,9,-81.24,1.0,True,0
63,9,-80.71,inf,True,1
64,9,-81.79,1.0,True,0
65,9,-83.81,1.0,True,0
66,9,-83.81,inf,True,1
67,9,-85.14,inf,True,1
68,9,-84.43,inf,True,1
69,9,-85.73,1.0,True,0
70,9,-87.38,1.0,True,0
71,9,-88.04,1.0,True,0
72,9,-88.34,1.0,True,0
73,9,-91.33,inf,True,1
74,9,-89.33000000000001,inf,True,2
75,9,-80.54,1.0,True,0
76,9,-72.55,1.0,False,0
77,9,-72.94,inf,False,2
78,9,-70.45,1.0,False,0
79,9,-75.48,inf,True,1
0,10,-52.23,1.0,False,0
1,10,-51.45,1.0,False,0
2,10,-51.19,inf,False,1
3,10,-49.52,inf,False,1
4,10,-52.42,inf,False,1
5,10,-45.84,inf,False,1
6,10,-44.97,1.0,False,0
7,10,-42.32,1.0,False,0
8,10,-39.33,1.0,False,0
9,10,-37.27,1.0,False,0
10,10,-38.75,1.0,False,0
11,10,-40.73,1.0,False,0
12,10,-42.09,1.0,False,0
13,10,-41.82,1.0,False,0
14,10,-43.38,1.0,False,0
15,10,-45.94,1.0,False,0
16,10,-48.43,1.0,False,0
17,10,-50.79,1.0,False,0
18,10,-51.7,1.0,False,0
19,10,-51.81,inf,False,1
20,10,-51.46,1.0,False,0
21,10,-49.34,inf,False,1
22,10,-51.09,1.0,False,0
23,10,-49.54,1.0,False,0
24,10,-47.52,1.0,False,0
25,10,-44.91,1.0,False,0
26,10,-45.614999999999995,inf,False,2
27,10,-41.09,1.0,False,0
28,10,-39.46,inf,False,1
29,10,-40.78,1.0,False,0
30,10,-45.53,1.0,False,0
31,10,-51.55,1.0,False,0
32,10,-46.2,1.0,False,0
33,10,-40.93,inf,False,1
34,10,-43.56,1.0,False,0
35,10,-46.27,1.0,False,0
36,10,-49.67,inf,False,1
37,10,-47.83,inf,False,1
38,10,-50.58,1.0,False,0
39,10,-53.38,inf,False,1
40,10,-52.55,1.0,False,0
41,10,-52.24,1.0,False,0
42,10,-52.47,1.0,False,0
43,10,-50.48,1.0,False,0
44,10,-48.06,1.0,False,0
45,10,-46.35,1.0,False,0
46,10,-45.41,1.0,False,0
47,10,-42.88,1.0,False,0
48,10,-37.62,1.0,False,0
49,10,-35.865,inf,False,2
50,10,-32.88,1.0,False,0
51,10,-34.41,1.0,False,0
52,10,-35.79,1.0,False,0
53,10,-40.46,1.0,False,0
54,10,-42.35,inf,False,1
55,10,-46.65,1.0,False,0
56,10,-48.66,inf,False,1
57,10,-50.8,1.0,False,0
58,10,-51.05,inf,False,1
59,10,-61.43,1.0,False,0
60,10,-73.59,1.0,False,0
61,10,-80.01,1.0,True,0
62,10,-79.98,inf,True,1
63,10,-80.44,1.0,True,0
64,10,-82.08,1.0,True,0
65,10,-83.92,1.0,True,0
66,10,-85.3,inf,True,1
67,10,-84.69,1.0,True,0
68,10,-84.67,1.0,True,0
69,10,-85.31,1.0,True,0
70,10,-89.15,inf,True,1
71,10,-87.665,inf,True,2
72,10,-86.69,1.0,True,0
73,10,-85.43,inf,True,1
74,10,-73.50999999999999,inf,False,2
75,10,-73.93,1.0,False,0
76,10,-71.17249999999999,inf,False,4
77,10,-68.38,inf,False,1
78,10,-64.68,inf,False,1
79,10,-63.89,inf,False,2
0,11,-53.01,1.0,False,0
1,11,-51.76,1.0,False,0
2,11,-50.63,1.0,False,0
3,11,-49.65,1.0,False,0
4,11,-48.41,1.0,False,0
5,11,-47.83,inf,False,1
6,11,-38.77,inf,False,1
7,11,-40.59,1.0,False,0
8,11,-35.37,1.0,False,0
9,11,-30.175,inf,False,2
10,11,-33.26,1.0,False,0
11,11,-37.92,1.0,False,0
12,11,-40.67,1.0,False,0
13,11,-39.73,inf,False,1
14,11,-42.696666666666665,inf,False,3
15,11,-44.79,inf,False,1
16,11,-51.11,inf,False,1
17,11,-52.15,inf,False,1
18,11,-51.23,1.0,False,0
19,11,-51.61,1.0,False,0
20,11,-51.76,1.0,False,0
21,11,-53.49,inf,False,1
22,11,-51.73,1.0,False,0
23,11,-50.58,1.0,False,0
24,11,-48.04,1.0,False,0
25,11,-43.62,1.0,False,0
26,11,-41.88,1.0,False,0
27,11,-38.59,1.0,False,0
28,11,-35.375,inf,False,2
29,11,-38.6,1.0,False,0
30,11,-41.28,1.0,False,0
31,11,-44.5,1.0,False,0
32,11,-43.81,1.0,False,0
33,11,-42.84,1.0,False,0
34,11,-43.004999999999995,inf,False,2
35,11,-43.85,inf,False,1
36,11,-47.23,1.0,False,0
37,11,-47.98,1.0,False,0
38,11,-50.15,1.0,False,0
39,11,-50.75,inf,False,1
40,11,-52.61,inf,False,1
41,11,-52.57,1.0,False,0
42,11,-52.25,1.0,False,0
43,11,-50.34,1.0,False,0
44,11,-48.18,1.0,False,0
45,11,-46.46,1.0,False,0
46,11,-44.87,inf,False,1
47,11,-39.43,inf,False,1
48,11,-35.68,1.0,False,0
49,11,-30.6,1.0,False,0
50,11,-24.45,inf,False,2
51,11,-29.69,inf,False,1
52,11,-34.8,inf,False,1
53,11,-37.38,1.0,False,0
54,11,-44.01,1.0,False,0
55,11,-47.2,inf,False,1
56,11,-48.01,1.0,False,0
57,11,-49.65,1.0,False,0
58,11,-53.63,1.0,False,0
59,11,-48.87,inf,False,1
60,11,-71.44,1.0,False,0
61,11,-78.28,inf,True,1
62,11,-79.54,1.0,True,0
63,11,-80.19,1.0,True,0
64,11,-82.37,1.0,True,0
65,11,-84.19,1.0,True,0
66,11,-84.52,1.0,True,0
67,11,-84.81,1.0,True,0
68,11,-84.19,inf,True,1
69,11,-82.56,inf,True,1
70,11,-84.51,inf,True,1
71,11,-86.95,1.0,True,0
72,11,-85.62,inf,True,1
73,11,-81.87,1.0,True,0
74,11,-72.35,inf,False,1
75,11,-71.16000000000001,inf,False,3
76,11,-69.06,inf,False,1
77,11,-68.66,1.0,False,0
78,11,-65.63,1.0,False,0
79,11,-64.16499999999999,inf,False,2
0,12,-53.92,inf,False,1
1,12,-52.43,1.0,False,0
2,12,-50.57,inf,False,1
3,12,-47.55,inf,False,1
4,12,-48.4,1.0,False,0
5,12,-45.62,1.0,False,0
6,12,-44.35,inf,False,1
7,12,-40.49,1.0,False,0
8,12,-36.21,1.0,False,0
9,12,-32.95,1.0,False,0
10,12,-33.39,1.0,False,0
11,12,-36.72,1.0,False,0
12,12,-41.11,1.0,False,0
13,12,-41.28,inf,False,1
14,12,-43.18,inf,False,1
15,12,-48.65,inf,False,1
16,12,-46.28,inf,False,1
17,12,-49.72,1.0,False,0
18,12,-50.91,1.0,False,0
19,12,-51.67,inf,False,1
20,12,-51.42,inf,False,1
21,12,-51.81,1.0,False,0
22,12,-51.0,1.0,False,0
23,12,-50.75,1.0,False,0
24,12,-48.19,1.0,False,0
25,12,-44.29,1.0,False,0
26,12,-40.62,1.0,False,0
27,12,-37.6,1.0,False,0
28,12,-35.805,inf,False,2
29,12,-37.19,1.0,False,0
30,12,-39.0,1.0,False,0
31,12,-39.84,1.0,False,0
32,12,-40.16,1.0,False,0
33,12,-41.76,1.0,False,0
34,12,-43.48,1.0,False,0
35,12,-43.644999999999996,inf,False,2
36,12,-50.03,inf,False,1
37,12,-46.99,inf,False,1
38,12,-50.23,1.0,False,0
39,12,-51.82,1.0,False,0
40,12,-52.49,1.0,False,0
41,12,-53.31,inf,False,1
42,12,-51.84,1.0,False,0
43,12,-50.38,1.0,False,0
44,12,-51.18,inf,False,1
45,12,-46.78,inf,False,2
46,12,-45.3,1.0,False,0
47,12,-39.47,1.0,False,0
48,12,-32.74,1.0,False,0
49,12,-29.06,inf,False,1
50,12,-28.77,1.0,False,0
51,12,-28.4,inf,False,1
52,12,-32.94,1.0,False,0
53,12,-37.67,1.0,False,0
54,12,-42.96,1.0,False,0
55,12,-46.51,1.0,False,0
56,12,-48.08,1.0,False,0
57,12,-50.49,inf,False,1
58,12,-53.78,1.0,False,0
59,12,-64.09,1.0,False,0
60,12,-76.81,inf,True,1
61,12,-78.45,inf,True,1
62,12,-80.34,1.0,True,0
63,12,-81.67,1.0,True,0
64,12,-83.54,1.0,True,0
65,12,-84.14,1.0,True,0
66,12,-82.93,inf,True,1
67,12,-86.88,inf,True,1
68,12,-84.88,1.0,True,0
69,12,-84.41,inf,True,1
70,12,-85.43,1.0,True,0
71,12,-88.26,1.0,True,0
72,12,-89.42,inf,True,1
73,12,-91.49,inf,True,1
74,12,-73.26,inf,False,1
75,12,-72.47,1.0,False,0
76,12,-69.69,1.0,False,0
77,12,-70.08,inf,False,1
78,12,-65.67,1.0,False,0
79,12,-65.16,inf,False,1
0,13,-57.14,inf,False,1
1,13,-53.52,1.0,False,0
2,13,-50.98,1.0,False,0
3,13,-49.26,1.0,False,0
4,13,-50.69,inf,False,1
5,13,-46.32,1.0,False,0
6,13,-41.72,inf,False,1
7,13,-40.98,1.0,False,0
8,13,-37.989999999999995,inf,False,2
9,13,-28.94,inf,False,1
10,13,-33.85,1.0,False,0
11,13,-37.69,1.0,False,0
12,13,-40.81,1.0,False,0
13,13,-42.85,inf,False,1
14,13,-44.06,1.0,False,0
15,13,-47.0,1.0,False,0
16,13,-48.0,inf,False,2
17,13,-49.95,1.0,False,0
18,13,-51.03,inf,False,1
19,13,-52.09,1.0,False,0
20,13,-50.58,inf,False,1
21,13,-52.894999999999996,inf,False,2
22,13,-48.8,inf,False,1
23,13,-50.42,1.0,False,0
24,13,-49.39,1.0,False,0
25,13,-45.19,1.0,False,0
26,13,-42.33,1.0,False,0
27,13,-38.64,1.0,False,0
28,13,-35.69,inf,False,1
29,13,-36.89,1.0,False,0
30,13,-37.63,1.0,False,0
31,13,-37.32,1.0,False,0
32,13,-35.27,inf,False,1
33,13,-40.81,1.0,False,0
34,13,-44.22,1.0,False,0
35,13,-46.33,1.0,False,0
36,13,-50.87,inf,False,1
37,13,-49.24,1.0,False,0
38,13,-51.62,1.0,False,0
39,13,-52.85,1.0,False,0
40,13,-52.44,inf,False,1
41,13,-51.36,inf,False,1
42,13,-51.6,1.0,False,0
43,13,-50.02,1.0,False,0
44,13,-48.8,1.0,False,0
45,13,-47.33,inf,False,2
46,13,-45.87,1.0,False,0
47,13,-38.95,1.0,False,0
48,13,-32.94,1.0,False,0
49,13,-28.784999999999997,inf,False,2
50,13,-31.48,1.0,False,0
51,13,-33.27,1.0,False,0
52,13,-35.405,inf,False,2
53,13,-40.22,1.0,False,0
54,13,-43.69,inf,False,1
55,13,-45.99,1.0,False,0
56,13,-47.57,inf,False,1
57,13,-48.21,1.0,False,0
58,13,-53.52,1.0,False,0
59,13,-62.48,1.0,False,0
60,13,-73.62,inf,False,1
61,13,-81.14,inf,True,1
62,13,-84.52,inf,True,1
63,13,-82.94,1.0,True,0
64,13,-83.18,1.0,True,0
65,13,-84.11,1.0,True,0
66,13,-85.06,1.0,True,0
67,13,-86.36,1.0,True,0
68,13,-86.26,1.0,True,0
69,13,-86.28,1.0,True,0
70,13,-88.6,1.0,True,0
71,13,-90.37,1.0,True,0
72,13,-91.57,inf,True,1
73,13,-86.64,inf,True,1
74,13,-70.56,inf,False,1
75,13,-72.95,1.0,False,0
76,13,-70.68,inf,False,2
77,13,-67.35,inf,False,2
78,13,-61.83,inf,False,1
79,13,-63.01,1.0,False,0
0,14,-54.11,1.0,False,0
1,14,-53.22,1.0,False,0
2,14,-51.64,1.0,False,0
3,14,-50.49,1.0,False,0
4,14,-49.26,1.0,False,0
5,14,-47.19,1.0,False,0
6,14,-47.77,inf,False,1
7,14,-42.625,inf,False,2
8,14,-38.25,1.0,False,0
9,14,-35.95,inf,False,2
10,14,-33.964000000000006,inf,False,5
11,14,-38.5,1.0,False,0
12,14,-39.42,inf,False,1
13,14,-41.81,1.0,False,0
14,14,-43.86,1.0,False,0
15,14,-47.85,1.0,False,0
16,14,-51.16,inf,False,1
17,14,-50.51,1.0,False,0
18,14,-52.15,1.0,False,0
19,14,-54.9,inf,False,1
20,14,-52.53,1.0,False,0
21,14,-53.45,inf,False,1
22,14,-51.8,1.0,False,0
23,14,-50.48,1.0,False,0
24,14,-49.61,inf,False,1
25,14,-46.58,1.0,False,0
26,14,-43.27,inf,False,1
27,14,-41.43,1.0,False,0
28,14,-39.05,1.0,False,0
29,14,-39.65,1.0,False,0
30,14,-39.89,1.0,False,0
31,14,-40.64,1.0,False,0
32,14,-40.25,1.0,False,0
33,14,-43.14,1.0,False,0
34,14,-44.96,inf,False,1
35,14,-44.879999999999995,inf,False,2
36,14,-47.73,1.0,False,0
37,14,-50.78,1.0,False,0
38,14,-53.085,inf,False,2
39,14,-54.02,inf,False,1
40,14,-53.04,1.0,False,0
41,14,-52.76,1.0,False,0
42,14,-51.38,1.0,False,0
43,14,-49.64,inf,False,1
44,14,-49.12,inf,False,1
45,14,-48.16,1.0,False,0
46,14,-46.18,1.0,False,0
47,14,-39.52,1.0,False,0
48,14,-35.175,inf,False,2
49,14,-33.44,1.0,False,0
50,14,-35.32666666666667,inf,False,3
51,14,-33.650000000000006,inf,False,2
52,14,-37.925,inf,False,2
53,14,-43.71,inf,False,1
54,14,-43.81,1.0,False,0
55,14,-46.03,1.0,False,0
56,14,-47.29,1.0,False,0
57,14,-46.19,inf,False,1
58,14,-52.16,1.0,False,0
59,14,-51.05,inf,False,1
60,14,-71.47,1.0,False,0
61,14,-79.76,1.0,True,0
62,14,-82.995,inf,True,2
63,14,-82.72,1.0,True,0
64,14,-83.4,inf,True,1
65,14,-83.84,1.0,True,0
66,14,-87.08,1.0,True,0
67,14,-88.94,inf,True,1
68,14,-87.48,1.0,True,0
69,14,-88.07,1.0,True,0
70,14,-92.01,inf,True,1
71,14,-91.02,inf,True,1
72,14,-88.45,1.0,True,0
73,14,-87.62,inf,True,2
74,14,-71.37,inf,False,1
75,14,-72.86,1.0,False,0
76,14,-67.93,1.0,False,0
77,14,-64.73,1.0,False,0
78,14,-61.98,inf,False,1
79,14,-60.485,inf,False,2
0,15,-50.89,inf,False,1
1,15,-53.42,1.0,False,0
2,15,-52.11,inf,False,1
3,15,-51.48,1.0,False,0
4,15,-49.4,inf,False,1
5,15,-48.72,1.0,False,0
6,15,-46.39,1.0,False,0
7,15,-42.31,1.0,False,0
8,15,-39.8,1.0,False,0
9,15,-39.03,1.0,False,0
10,15,-40.04,1.0,False,0
11,15,-40.24,inf,False,1
12,15,-42.17,inf,False,2
13,15,-42.98,1.0,False,0
14,15,-45.15,1.0,False,0
15,15,-47.85,1.0,False,0
16,15,-50.55,1.0,False,0
17,15,-51.67,1.0,False,0
18,15,-52.25,1.0,False,0
19,15,-53.02,1.0,False,0
20,15,-52.33,inf,False,1
21,15,-52.72,1.0,False,0
22,15,-52.94,inf,False,1
23,15,-51.35,1.0,False,0
24,15,-48.52,1.0,False,0
25,15,-46.85,inf,False,1
26,15,-45.14,1.0,False,0
27,15,-44.31,1.0,False,0
28,15,-43.38,1.0,False,0
29,15,-43.39,1.0,False,0
30,15,-43.08,1.0,False,0
31,15,-43.25,1.0,False,0
32,15,-43.84,1.0,False,0
33,15,-44.53,1.0,False,0
34,15,-44.955,inf,False,2
35,15,-46.02,1.0,False,0
36,15,-47.98,1.0,False,0
37,15,-51.22,1.0,False,0
38,15,-52.9,1.0,False,0
39,15,-53.19,1.0,False,0
40,15,-52.65,inf,False,1
41,15,-54.66,inf,False,1
42,15,-51.75,1.0,False,0
43,15,-50.02,1.0,False,0
44,15,-49.13,1.0,False,0
45,15,-47.98,1.0,False,0
46,15,-46.12,inf,False,1
47,15,-43.36,1.0,False,0
48,15,-37.71,1.0,False,0
49,15,-37.89,1.0,False,0
50,15,-38.48,1.0,False,0
51,15,-37.33,inf,False,1
52,15,-43.33,inf,False,1
53,15,-47.43,inf,False,1
54,15,-44.7,inf,False,1
55,15,-47.17,1.0,False,0
56,15,-48.92,1.0,False,0
57,15,-50.04,1.0,False,0
58,15,-50.06999999999999,inf,False,2
59,15,-58.54,1.0,False,0
60,15,-78.82,inf,True,1
61,15,-83.81,inf,True,1
62,15,-83.29,1.0,True,0
63,15,-80.66,inf,True,1
64,15,-82.78999999999999,inf,True,2
65,15,-85.35,1.0,True,0
66,15,-87.37,1.0,True,0
67,15,-88.02,1.0,True,0
68,15,-87.32,1.0,True,0
69,15,-86.495,inf,True,2
70,15,-86.14,inf,True,1
71,15,-88.12,1.0,True,0
72,15,-85.17,1.0,True,0
73,15,-86.87,inf,True,1
74,15,-74.5,1.0,False,0
75,15,-69.47,1.0,False,0
76,15,-65.56,1.0,False,0
77,15,-62.72,1.0,False,0
78,15,-61.23,1.0,False,0
79,15,-60.18,inf,False,1
0,16,-57.52,inf,False,1
1,16,-53.19,inf,False,1
2,16,-53.13,1.0,False,0
3,16,-52.21,1.0,False,0
4,16,-52.07,inf,False,1
5,16,-49.93,1.0,False,0
6,16,-47.41,1.0,False,0
7,16,-44.89,1.0,False,0
8,16,-43.76,1.0,False,0
9,16,-42.34,inf,False,2
10,16,-47.05,inf,False,1
11,16,-42.96,1.0,False,0
12,16,-43.34,1.0,False,0
13,16,-43.79,inf,False,1
14,16,-46.49,1.0,False,0
15,16,-48.54,1.0,False,0
16,16,-50.61,1.0,False,0
17,16,-52.0,1.0,False,0
18,16,-51.48,inf,False,1
19,16,-52.89,1.0,False,0
20,16,-52.91,1.0,False,0
21,16,-52.62,1.0,False,0
22,16,-52.16,1.0,False,0
23,16,-53.55500000000001,inf,False,2
24,16,-48.79,1.0,False,0
25,16,-44.12,inf,False,1
26,16,-45.77,1.0,False,0
27,16,-45.79,1.0,False,0
28,16,-43.56,inf,False,1
29,16,-45.25,1.0,False,0
30,16,-43.55,inf,False,1
31,16,-42.3,inf,False,1
32,16,-44.94,1.0,False,0
33,16,-44.76,inf,False,1
34,16,-45.26,inf,False,1
35,16,-48.69,1.0,False,0
36,16,-50.06,1.0,False,0
37,16,-51.65,1.0,False,0
38,16,-52.81,1.0,False,0
39,16,-53.224999999999994,inf,False,2
40,16,-52.93,inf,False,1
41,16,-52.64,1.0,False,0
42,16,-50.7,inf,False,1
43,16,-50.39,1.0,False,0
44,16,-50.585,inf,False,2
45,16,-47.2,inf,False,1
46,16,-47.23,1.0,False,0
47,16,-46.06,1.0,False,0
48,16,-42.48,1.0,False,0
49,16,-43.13,1.0,False,0
50,16,-43.06,inf,False,1
51,16,-41.83,inf,False,1
52,16,-46.15,inf,False,1
53,16,-46.0,inf,False,1
54,16,-47.25,1.0,False,0
55,16,-47.99,inf,False,1
56,16,-50.2,inf,False,1
57,16,-51.68,1.0,False,0
58,16,-55.38,inf,False,1
59,16,-52.86,inf,False,1
60,16,-72.11,1.0,False,0
61,16,-82.87,1.0,True,0
62,16,-87.83,1.0,True,0
63,16,-85.77,1.0,True,0
64,16,-86.21,1.0,True,0
65,16,-84.77,inf,True,2
66,16,-91.97,1.0,True,0
67,16,-90.04,1.0,True,0
68,16,-85.63,inf,True,2
69,16,-84.25,inf,True,1
70,16,-91.13,inf,True,1
71,16,-86.61,1.0,True,0
72,16,-89.24333333333333,inf,True,3
73,16,-67.15999999999998,inf,False,3
74,16,-67.82,inf,False,1
75,16,-70.92,inf,False,1
76,16,-61.005,inf,False,2
77,16,-61.36,1.0,False,0
78,16,-60.650000000000006,inf,False,3
79,16,-64.16,inf,False,1
0,17,-57.83,inf,False,1
1,17,-55.45,inf,False,1
2,17,-52.805,inf,False,2
3,17,-52.73,1.0,False,0
4,17,-52.49,inf,False,1
5,17,-50.06,1.0,False,0
6,17,-46.72,inf,False,1
7,17,-46.54,1.0,False,0
8,17,-46.49,1.0,False,0
9,17,-46.38,1.0,False,0
10,17,-45.915,inf,False,2
11,17,-46.06,1.0,False,0
12,17,-45.78,1.0,False,0
13,17,-44.92,inf,False,1
14,17,-48.51,inf,False,1
15,17,-50.31,inf,False,1
16,17,-51.47,1.0,False,0
17,17,-53.16,1.0,False,0
18,17,-55.01,inf,False,1
19,17,-54.15,1.0,False,0
20,17,-54.18,1.0,False,0
21,17,-52.77,1.0,False,0
22,17,-49.99,inf,False,1
23,17,-51.28,1.0,False,0
24,17,-49.79,1.0,False,0
25,17,-47.71,1.0,False,0
26,17,-47.78,1.0,False,0
27,17,-48.65,1.0,False,0
28,17,-48.48,inf,False,1
29,17,-48.2,1.0,False,0
30,17,-46.26,1.0,False,0
31,17,-47.49,inf,False,1
32,17,-47.29,1.0,False,0
33,17,-48.55,inf,False,1
34,17,-51.07,1.0,False,0
35,17,-54.31,inf,False,1
36,17,-52.63,1.0,False,0
37,17,-50.23,inf,False,1
38,17,-52.92,1.0,False,0
39,17,-53.67,1.0,False,0
40,17,-53.49,1.0,False,0
41,17,-52.59,1.0,False,0
42,17,-49.76,inf,False,1
43,17,-51.47,1.0,False,0
44,17,-51.32,1.0,False,0
45,17,-50.8,1.0,False,0
46,17,-50.56,1.0,False,0
47,17,-48.03,1.0,False,0
48,17,-46.56,1.0,False,0
49,17,-48.019999999999996,inf,False,2
50,17,-45.52,1.0,False,0
51,17,-48.11,inf,False,1
52,17,-46.81,1.0,False,0
53,17,-48.06,1.0,False,0
54,17,-48.98,1.0,False,0
55,17,-50.68,inf,False,1
56,17,-50.41,1.0,False,0
57,17,-52.71,1.0,False,0
58,17,-53.96,inf,False,1
59,17,-62.55,1.0,False,0
60,17,-95.215,inf,True,2
61,17,-89.26,1.0,True,0
62,17,-96.51,inf,True,1
63,17,-93.31,1.0,True,0
64,17,-93.43,1.0,True,0
65,17,-93.91,1.0,True,0
66,17,-101.92,inf,True,1
67,17,-95.28,1.0,True,0
68,17,-90.58,1.0,True,0
69,17,-88.71,1.0,True,0
70,17,-89.63,1.0,True,0
71,17,-86.3,1.0,True,0
72,17,-79.79,1.0,True,0
73,17,-73.45,inf,False,1
74,17,-67.4,1.0,False,0
75,17,-63.64,inf,False,1
76,17,-61.25,1.0,False,0
77,17,-59.83,1.0,False,0
78,17,-59.93,inf,False,1
79,17,-60.004999999999995,inf,False,2
0,18,-55.23,inf,False,1
1,18,-55.3,1.0,False,0
2,18,-54.02,1.0,False,0
3,18,-53.24,inf,False,2
4,18,-52.79,1.0,False,0
5,18,-50.27,1.0,False,0
6,18,-48.52,1.0,False,0
7,18,-45.09,inf,False,1
8,18,-48.13,1.0,False,0
9,18,-49.21,inf,False,1
10,18,-50.0,inf,False,1
11,18,-47.89,1.0,False,0
12,18,-47.95,1.0,False,0
13,18,-48.64,1.0,False,0
14,18,-49.87,1.0,False,0
15,18,-50.66,1.0,False,0
16,18,-52.68,1.0,False,0
17,18,-53.52,1.0,False,0
18,18,-54.29,1.0,False,0
19,18,-55.09,1.0,False,0
20,18,-55.31,inf,False,1
21,18,-54.87,1.0,False,0
22,18,-52.66,1.0,False,0
23,18,-51.58,1.0,False,0
24,18,-51.18,1.0,False,0
25,18,-51.38,1.0,False,0
26,18,-50.33,1.0,False,0
27,18,-48.45,inf,False,1
28,18,-51.62,inf,False,1
29,18,-50.96,1.0,False,0
30,18,-49.07,1.0,False,0
31,18,-47.23,1.0,False,0
32,18,-49.29,1.0,False,0
33,18,-52.06,1.0,False,0
34,18,-60.58,inf,False,1
35,18,-55.0,1.0,False,0
36,18,-53.88,1.0,False,0
37,18,-53.17,1.0,False,0
38,18,-53.65,inf,False,1
39,18,-54.585,inf,False,2
40,18,-54.74,1.0,False,0
41,18,-54.24,1.0,False,0
42,18,-56.38,inf,False,1
43,18,-49.73,inf,False,1
44,18,-52.76,1.0,False,0
45,18,-54.61,inf,False,1
46,18,-53.02,1.0,False,0
47,18,-52.19,1.0,False,0
48,18,-49.82,1.0,False,0
49,18,-48.17,1.0,False,0
50,18,-48.27,1.0,False,0
51,18,-49.02,1.0,False,0
52,18,-50.0,1.0,False,0
53,18,-48.29,inf,False,1
54,18,-50.417500000000004,inf,False,4
55,18,-50.03,1.0,False,0
56,18,-48.99,inf,False,1
57,18,-52.69,1.0,False,0
58,18,-56.96,1.0,False,0
59,18,-57.25,inf,False,1
60,18,-78.87,1.0,True,0
61,18,-88.47,1.0,True,0
62,18,-95.14,1.0,True,0
63,18,-94.14,1.0,True,0
64,18,-100.32,inf,True,1
65,18,-92.64,1.0,True,0
66,18,-94.97,1.0,True,0
67,18,-98.45,inf,True,1
68,18,-95.66,1.0,True,0
69,18,-94.63,1.0,True,0
70,18,-93.94,1.0,True,0
71,18,-91.12,1.0,True,0
72,18,-79.75,1.0,True,0
73,18,-68.11,1.0,False,0
74,18,-68.775,inf,False,2
75,18,-60.254999999999995,inf,False,2
76,18,-57.394999999999996,inf,False,2
77,18,-57.45,inf,False,1
78,18,-62.85,inf,False,1
79,18,-60.9,1.0,False,0
0,19,-56.47,1.0,False,0
1,19,-56.39,1.0,False,0
2,19,-56.09,1.0,False,0
3,19,-55.23,1.0,False,0
4,19,-54.36,1.0,False,0
5,19,-51.8,1.0,False,0
6,19,-50.56,inf,False,2
7,19,-49.91,1.0,False,0
8,19,-49.27,inf,False,1
9,19,-49.17,1.0,False,0
10,19,-49.67,1.0,False,0
11,19,-49.05,1.0,False,0
12,19,-49.63,1.0,False,0
13,19,-50.47,inf,False,1
14,19,-52.84,inf,False,1
15,19,-52.59,1.0,False,0
16,19,-54.08,inf,False,1
17,19,-53.57,1.0,False,0
18,19,-53.28,inf,False,1
19,19,-55.19,1.0,False,0
20,19,-58.14,inf,False,1
21,19,-55.89,1.0,False,0
22,19,-54.72,1.0,False,0
23,19,-53.04,1.0,False,0
24,19,-51.32,inf,False,2
25,19,-53.46,inf,False,1
26,19,-52.99,1.0,False,0
27,19,-53.37,1.0,False,0
28,19,-61.55,inf,False,1
29,19,-48.64,inf,False,1
30,19,-50.93,1.0,False,0
31,19,-50.7,1.0,False,0
32,19,-52.14,1.0,False,0
33,19,-51.185,inf,False,2
34,19,-54.44,1.0,False,0
35,19,-52.21,inf,False,1
36,19,-54.76,1.0,False,0
37,19,-54.23,inf,False,1
38,19,-54.01,inf,False,1
39,19,-55.14,inf,False,1
40,19,-55.33,inf,False,2
41,19,-54.67,inf,False,1
42,19,-54.18,1.0,False,0
43,19,-53.42,inf,False,1
44,19,-54.98,inf,False,1
45,19,-54.25,1.0,False,0
46,19,-54.18,1.0,False,0
47,19,-53.4,1.0,False,0
48,19,-51.96,1.0,False,0
49,19,-50.87,1.0,False,0
50,19,-50.79,1.0,False,0
51,19,-52.1,1.0,False,0
52,19,-53.49,inf,False,1
53,19,-52.04,1.0,False,0
54,19,-51.44,1.0,False,0
55,19,-50.92,1.0,False,0
56,19,-51.01,1.0,False,0
57,19,-53.66,1.0,False,0
58,19,-56.03,inf,False,1
59,19,-55.82,inf,False,1
60,19,-96.66,inf,True,1
61,19,-99.03,inf,True,1
62,19,-94.19,1.0,True,0
63,19,-90.99,1.0,True,0
64,19,-96.97,inf,True,1
65,19,-84.66,1.0,True,0
66,19,-83.96,1.0,True,0
67,19,-92.92,1.0,True,0
68,19,-100.96,inf,True,1
69,19,-94.45,1.0,True,0
70,19,-94.95,1.0,True,0
71,19,-100.39,inf,True,1
72,19,-83.19,1.0,True,0
73,19,-65.96,1.0,False,0
74,19,-58.7,inf,False,1
75,19,-56.0,inf,False,2
76,19,-59.6,inf,False,1
77,19,-59.34,1.0,False,0
78,19,-60.74,inf,False,1
79,19,-60.73,1.0,False,0
0,20,-56.7,inf,False,2
1,20,-57.89,inf,False,1
2,20,-57.07,1.0,False,0
3,20,-57.5,inf,False,1
4,20,-55.77,inf,False,1
5,20,-52.87,1.0,False,0
6,20,-48.39,inf,False,1
7,20,-55.42,inf,False,1
8,20,-51.51,1.0,False,0
9,20,-51.39,1.0,False,0
10,20,-51.62,1.0,False,0
11,20,-51.51,1.0,False,0
12,20,-51.13,1.0,False,0
13,20,-52.0,1.0,False,0
14,20,-52.99,1.0,False,0
15,20,-53.37,inf,False,3
16,20,-54.0,1.0,False,0
17,20,-53.83,1.0,False,0
18,20,-53.29,inf,False,1
19,20,-54.85,1.0,False,0
20,20,-56.43,inf,False,1
21,20,-55.1,inf,False,1
22,20,-55.6,1.0,False,0
23,20,-54.53,1.0,False,0
24,20,-53.67,1.0,False,0
25,20,-54.16,1.0,False,0
26,20,-53.77,1.0,False,0
27,20,-53.86,1.0,False,0
28,20,-53.6,1.0,False,0
29,20,-52.64,inf,False,1
30,20,-52.25,1.0,False,0
31,20,-52.86,1.0,False,0
32,20,-54.61,1.0,False,0
33,20,-54.18,1.0,False,0
34,20,-51.72,inf,False,1
35,20,-56.24,inf,False,1
36,20,-56.415,inf,False,2
37,20,-53.88,inf,False,1
38,20,-54.12,inf,False,1
39,20,-54.61,inf,False,1
40,20,-55.22,1.0,False,0
41,20,-56.015,inf,False,2
42,20,-55.0,1.0,False,0
43,20,-53.97,1.0,False,0
44,20,-54.0,1.0,False,0
45,20,-54.4,1.0,False,0
46,20,-55.64,inf,False,1
47,20,-53.58,1.0,False,0
48,20,-52.09,1.0,False,0
49,20,-50.76,inf,False,1
50,20,-52.15,1.0,False,0
51,20,-51.81,inf,False,2
52,20,-52.65,inf,False,1
53,20,-54.9,inf,False,1
54,20,-53.31,1.0,False,0
55,20,-51.18,inf,False,1
56,20,-52.07,1.0,False,0
57,20,-53.4,1.0,False,0
58,20,-57.91,1.0,False,0
59,20,-51.64,inf,False,1
60,20,-72.85,inf,False,1
61,20,-80.1,1.0,True,0
62,20,-88.27,1.0,True,0
63,20,-83.36,1.0,True,0
64,20,-75.06,inf,True,1
65,20,-68.01,inf,False,1
66,20,-71.22,inf,False,1
67,20,-83.44,1.0,True,0
68,20,-91.35,1.0,True,0
69,20,-87.87,1.0,True,0
70,20,-86.51,1.0,True,0
71,20,-87.64,1.0,True,0
72,20,-77.82,1.0,True,0
73,20,-66.39,1.0,False,0
74,20,-59.64,1.0,False,0
75,20,-58.8,1.0,False,0
76,20,-58.77,1.0,False,0
77,20,-59.57,1.0,False,0
78,20,-60.3,1.0,False,0
79,20,-60.26,1.0,False,0
0,21,-58.36,inf,False,1
1,21,-58.31,1.0,False,0
2,21,-57.59,inf,False,1
3,21,-57.09,inf,False,1
4,21,-52.98,inf,False,1
5,21,-53.63,1.0,False,0
6,21,-53.12,1.0,False,0
7,21,-54.3,1.0,False,0
8,21,-54.4,1.0,False,0
9,21,-53.61,1.0,False,0
10,21,-51.32,inf,False,1
11,21,-52.74,1.0,False,0
12,21,-48.1,inf,False,1
13,21,-53.19,1.0,False,0
14,21,-53.91,1.0,False,0
15,21,-54.91,1.0,False,0
16,21,-54.65,1.0,False,0
17,21,-55.5,inf,False,1
18,21,-51.6,inf,False,1
19,21,-54.33,1.0,False,0
20,21,-56.11,1.0,False,0
21,21,-58.03,inf,False,1
22,21,-57.01,1.0,False,0
23,21,-55.74,1.0,False,0
24,21,-55.01,1.0,False,0
25,21,-57.61,inf,False,1
26,21,-52.925,inf,False,2
27,21,-54.32,1.0,False,0
28,21,-52.45,1.0,False,0
29,21,-49.01,inf,False,1
30,21,-52.6,1.0,False,0
31,21,-54.46,1.0,False,0
32,21,-57.67,1.0,False,0
33,21,-56.02,1.0,False,0
34,21,-56.36,1.0,False,0
35,21,-64.29,inf,False,1
36,21,-57.69,1.0,False,0
37,21,-55.39,1.0,False,0
38,21,-54.91,1.0,False,0
39,21,-56.254999999999995,inf,False,2
40,21,-55.96,1.0,False,0
41,21,-55.92,1.0,False,0
42,21,-55.16,1.0,False,0
43,21,-53.27,inf,False,1
44,21,-54.4,1.0,False,0
45,21,-54.01,1.0,False,0
46,21,-52.67,inf,False,1
47,21,-52.28,inf,False,1
48,21,-53.21,1.0,False,0
49,21,-52.68,1.0,False,0
50,21,-52.96,1.0,False,0
51,21,-53.05,1.0,False,0
52,21,-53.19,1.0,False,0
53,21,-52.76,inf,False,1
54,21,-54.3,inf,False,1
55,21,-53.26,1.0,False,0
56,21,-51.34,inf,False,1
57,21,-53.64,1.0,False,0
58,21,-55.94,1.0,False,0
59,21,-57.18,inf,False,1
60,21,-65.73,1.0,False,0
61,21,-72.08,1.0,False,0
62,21,-79.16,1.0,True,0
63,21,-79.26,1.0,True,0
64,21,-75.72,1.0,True,0
65,21,-74.61,1.0,False,0
66,21,-75.19,1.0,True,0
67,21,-76.49,1.0,True,0
68,21,-76.18,1.0,True,0
69,21,-70.72,1.0,False,0
70,21,-64.77,1.0,False,0
71,21,-69.08,1.0,False,0
72,21,-69.18,0.852049,False,0
73,21,-65.12,0.903846,False,0
74,21,-59.91,1.0,False,0
75,21,-60.0,1.0,False,0
76,21,-60.06,1.0,False,0
77,21,-59.92,1.0,False,0
78,21,-59.91,1.0,False,0
79,21,-60.44,0.878846,False,0
0,22,-58.78,1.0,False,0
1,22,-61.4,inf,False,1
2,22,-57.62,1.0,False,0
3,22,-54.105000000000004,inf,False,2
4,22,-56.32,1.0,False,0
5,22,-55.88,1.0,False,0
6,22,-55.8,1.0,False,0
7,22,-57.49,inf,False,1
8,22,-55.89,inf,False,1
9,22,-55.21,1.0,False,0
10,22,-55.38,inf,False,1
11,22,-56.02,inf,False,1
12,22,-54.27,1.0,False,0
13,22,-57.14,inf,False,1
14,22,-53.26,inf,False,1
15,22,-57.39,inf,False,1
16,22,-53.73,inf,False,1
17,22,-55.17,1.0,False,0
18,22,-55.16,inf,False,1
19,22,-54.98,1.0,False,0
20,22,-55.77,1.0,False,0
21,22,-57.42,1.0,False,0
22,22,-57.41,1.0,False,0
23,22,-57.72,1.0,False,0
24,22,-55.16,1.0,False,0
25,22,-50.44,inf,False,1
26,22,-54.9,1.0,False,0
27,22,-55.9,1.0,False,0
28,22,-54.6,1.0,False,0
29,22,-52.62,1.0,False,0
30,22,-53.95,1.0,False,0
31,22,-51.47,inf,False,2
32,22,-64.49,inf,False,1
33,22,-54.05,inf,False,1
34,22,-57.23,1.0,False,0
35,22,-58.85,1.0,False,0
36,22,-58.24,1.0,False,0
37,22,-56.43,1.0,False,0
38,22,-54.875,inf,False,2
39,22,-56.07,1.0,False,0
40,22,-57.3,1.0,False,0
41,22,-56.54,1.0,False,0
42,22,-56.33,inf,False,1
43,22,-55.345,inf,False,2
44,22,-55.33,1.0,False,0
45,22,-55.35,1.0,False,0
46,22,-54.48,1.0,False,0
47,22,-53.8,1.0,False,0
48,22,-54.25,inf,False,1
49,22,-54.07,1.0,False,0
50,22,-54.83,1.0,False,0
51,22,-53.93,1.0,False,0
52,22,-53.85,1.0,False,0
53,22,-54.26,1.0,False,0
54,22,-56.105,inf,False,2
55,22,-54.4,1.0,False,0
56,22,-55.325,inf,False,2
57,22,-54.81,inf,False,1
58,22,-55.19,1.0,False,0
59,22,-55.76,1.0,False,0
60,22,-58.96,1.0,False,0
61,22,-60.58,1.0,False,0
62,22,-63.98,0.803846,False,0
63,22,-66.57,0.880769,False,0
64,22,-64.21,1.0,False,0
65,22,-63.15,1.0,False,0
66,22,-58.63,1.0,False,0
67,22,-60.38,0.972222,False,0
68,22,-57.48,0.951068,False,0
69,22,-57.7,1.0,False,0
70,22,-53.25,inf,False,1
71,22,-58.02,1.0,False,0
72,22,-60.42,0.736281,False,0
73,22,-61.48,0.715491,False,0
74,22,-59.05,0.922756,False,0
75,22,-59.81,1.0,False,0
76,22,-61.49,inf,False,1
77,22,-59.76,inf,False,1
78,22,-60.4,1.0,False,0
79,22,-60.83,0.826024,False,0
0,23,-58.15,inf,False,1
1,23,-58.23,1.0,False,0
2,23,-57.22,inf,False,1
3,23,-57.42,1.0,False,0
4,23,-61.09,inf,False,1
5,23,-57.51,1.0,False,0
6,23,-56.94,1.0,False,0
7,23,-56.42,1.0,False,0
8,23,-56.28,1.0,False,0
9,23,-56.34,1.0,False,0
10,23,-56.4,1.0,False,0
11,23,-56.56,1.0,False,0
12,23,-56.57,1.0,False,0
13,23,-57.15,inf,False,1
14,23,-56.35,1.0,False,0
15,23,-56.29,1.0,False,0
16,23,-55.17,inf,False,1
17,23,-58.22,inf,False,1
18,23,-55.66,1.0,False,0
19,23,-56.32,1.0,False,0
20,23,-57.25,1.0,False,0
21,23,-57.87,1.0,False,0
22,23,-56.45,inf,False,1
23,23,-60.47,inf,False,1
24,23,-57.27,1.0,False,0
25,23,-56.04,1.0,False,0
26,23,-56.24,inf,False,1
27,23,-59.07,inf,False,1
28,23,-57.37,1.0,False,0
29,23,-55.81,1.0,False,0
30,23,-55.96,1.0,False,0
31,23,-58.165000000000006,inf,False,2
32,23,-58.02,1.0,False,0
33,23,-57.56,1.0,False,0
34,23,-55.55,inf,False,1
35,23,-57.83,1.0,False,0
36,23,-58.9,inf,False,1
37,23,-57.62,1.0,False,0
38,23,-56.2,1.0,False,0
39,23,-57.61,1.0,False,0
40,23,-60.09,inf,False,1
41,23,-58.28,1.0,False,0
42,23,-56.82,1.0,False,0
43,23,-56.38,1.0,False,0
44,23,-56.48,1.0,False,0
45,23,-56.99,inf,False,1
46,23,-56.67,1.0,False,0
47,23,-55.24,1.0,False,0
48,23,-54.41,1.0,False,0
49,23,-53.37,inf,False,1
50,23,-58.51,inf,False,2
51,23,-53.16,inf,False,1
52,23,-52.73,inf,False,1
53,23,-55.03,inf,False,1
54,23,-55.17,1.0,False,0
55,23,-55.13,1.0,False,0
56,23,-54.75,1.0,False,0
57,23,-54.68,1.0,False,0
58,23,-53.94,1.0,False,0
59,23,-52.2,inf,False,2
60,23,-53.63,1.0,False,0
61,23,-52.79,1.0,False,0
62,23,-51.32,0.949145,False,0
63,23,-50.29,1.0,False,0
64,23,-50.91,1.0,False,0
65,23,-48.5,1.0,False,0
66,23,-48.24,1.0,False,0
67,23,-45.39,1.0,False,0
68,23,-46.78,1.0,False,0
69,23,-48.49,1.0,False,0
70,23,-50.42,1.0,False,0
71,23,-53.63,1.0,False,0
72,23,-56.33,0.755317,False,0
73,23,-55.51,0.76957,False,0
74,23,-57.01,1.0,False,0
75,23,-58.54,1.0,False,0
76,23,-59.75,1.0,False,0
77,23,-59.92,1.0,False,0
78,23,-60.32,1.0,False,0
79,23,-60.62,0.957435,False,0
0,24,-58.28,1.0,False,0
1,24,-57.62,1.0,False,0
2,24,-56.21,inf,False,1
3,24,-57.71,1.0,False,0
4,24,-57.29,inf,False,1
5,24,-56.519999999999996,inf,False,2
6,24,-56.56,1.0,False,0
7,24,-53.65,inf,False,1
8,24,-57.63,1.0,False,0
9,24,-57.24,inf,False,1
10,24,-58.09,1.0,False,0
11,24,-58.73,1.0,False,0
12,24,-56.93,inf,False,1
13,24,-57.53,1.0,False,0
14,24,-57.26,inf,False,1
15,24,-57.99,1.0,False,0
16,24,-56.61,1.0,False,0
17,24,-52.3,inf,False,1
18,24,-56.91,1.0,False,0
19,24,-55.78,inf,False,1
20,24,-58.67,1.0,False,0
21,24,-59.95,1.0,False,0
22,24,-59.02,1.0,False,0
23,24,-58.77,1.0,False,0
24,24,-57.87,1.0,False,0
25,24,-58.78,inf,False,1
26,24,-55.81,inf,False,1
27,24,-58.2,inf,False,1
28,24,-57.9,1.0,False,0
29,24,-57.42,1.0,False,0
30,24,-55.35,inf,False,2
31,24,-54.56,inf,False,1
32,24,-57.9,1.0,False,0
33,24,-61.08,inf,False,1
34,24,-58.13,1.0,False,0
35,24,-58.64,inf,False,1
36,24,-55.915,inf,False,2
37,24,-57.56,1.0,False,0
38,24,-57.88,1.0,False,0
39,24,-58.73,1.0,False,0
40,24,-59.32,1.0,False,0
41,24,-59.61,1.0,False,0
42,24,-59.54,1.0,False,0
43,24,-58.43,1.0,False,0
44,24,-57.71,1.0,False,0
45,24,-55.74,inf,False,1
46,24,-58.21,inf,False,1
47,24,-55.61,inf,False,1
48,24,-53.86,inf,False,1
49,24,-54.9,1.0,False,0
50,24,-56.04,1.0,False,0
51,24,-55.65,1.0,False,0
52,24,-55.17,1.0,False,0
53,24,-55.29,1.0,False,0
54,24,-56.13,1.0,False,0
55,24,-56.22,1.0,False,0
56,24,-54.36,inf,False,1
57,24,-54.76,1.0,False,0
58,24,-54.3,1.0,False,0
59,24,-55.83,inf,False,1
60,24,-51.68,1.0,False,0
61,24,-48.85,1.0,False,0
62,24,-47.72,1.0,False,0
63,24,-47.36,1.0,False,0
64,24,-47.38,1.0,False,0
65,24,-49.05,inf,False,1
66,24,-46.12,1.0,False,0
67,24,-44.61,1.0,False,0
68,24,-44.81,1.0,False,0
69,24,-46.55,1.0,False,0
70,24,-47.78,1.0,False,0
71,24,-49.11,1.0,False,0
72,24,-50.7,0.960747,False,0
73,24,-53.54,1.0,False,0
74,24,-54.76,1.0,False,0
75,24,-56.25,1.0,False,0
76,24,-58.34,1.0,False,0
77,24,-59.65,1.0,False,0
78,24,-60.31,1.0,False,0
79,24,-60.95,1.0,False,0
0,25,-59.11,1.0,False,0
1,25,-58.69,1.0,False,0
2,25,-58.51,1.0,False,0
3,25,-59.15,1.0,False,0
4,25,-59.14,1.0,False,0
5,25,-56.99,inf,False,1
6,25,-57.45,1.0,False,0
7,25,-57.82,1.0,False,0
8,25,-62.32,inf,False,1
9,25,-59.18,1.0,False,0
10,25,-60.07,1.0,False,0
11,25,-62.93,inf,False,1
12,25,-59.33,1.0,False,0
13,25,-58.71,1.0,False,0
14,25,-59.26,1.0,False,0
15,25,-62.87,inf,False,1
16,25,-59.8,1.0,False,0
17,25,-61.06,inf,False,1
18,25,-59.73,1.0,False,0
19,25,-62.62,inf,False,1
20,25,-60.99,1.0,False,0
21,25,-61.885,inf,False,2
22,25,-61.06,1.0,False,0
23,25,-59.77,1.0,False,0
24,25,-58.66,1.0,False,0
25,25,-58.44,1.0,False,0
26,25,-58.56,inf,False,1
27,25,-58.67,1.0,False,0
28,25,-57.1,inf,False,1
29,25,-60.44,inf,False,1
30,25,-57.62,1.0,False,0
31,25,-57.23,1.0,False,0
32,25,-59.18,1.0,False,0
33,25,-59.49,1.0,False,0
34,25,-58.97,1.0,False,0
35,25,-58.32,1.0,False,0
36,25,-58.0,1.0,False,0
37,25,-56.78,inf,False,1
38,25,-59.05,1.0,False,0
39,25,-60.72,1.0,False,0
40,25,-61.63,1.0,False,0
41,25,-61.7,1.0,False,0
42,25,-62.0,1.0,False,0
43,25,-61.29,1.0,False,0
44,25,-60.53,1.0,False,0
45,25,-62.67,inf,False,1
46,25,-58.74,1.0,False,0
47,25,-57.02,1.0,False,0
48,25,-56.03,1.0,False,0
49,25,-56.82,1.0,False,0
50,25,-57.4,1.0,False,0
51,25,-58.32,inf,False,1
52,25,-57.52,1.0,False,0
53,25,-57.34,1.0,False,0
54,25,-57.71,1.0,False,0
55,25,-58.34,inf,False,1
56,25,-56.0,1.0,False,0
57,25,-54.88,1.0,False,0
58,25,-53.57,1.0,False,0
59,25,-52.42,1.0,False,0
60,25,-51.31,inf,False,2
61,25,-45.01,inf,False,1
62,25,-47.1,1.0,False,0
63,25,-46.88,1.0,False,0
64,25,-47.48,inf,False,1
65,25,-47.89,inf,False,1
66,25,-45.09,inf,False,1
67,25,-43.88,inf,False,1
68,25,-44.29,inf,False,1
69,25,-46.835,inf,False,2
70,25,-46.92,1.0,False,0
71,25,-48.83,1.0,False,0
72,25,-50.43,1.0,False,0
73,25,-52.5,1.0,False,0
74,25,-53.31,inf,False,1
75,25,-55.52,inf,False,1
76,25,-57.83,1.0,False,0
77,25,-59.9,inf,False,1
78,25,-60.71,1.0,False,0
79,25,-61.27,inf,False,1
0,26,-60.39,1.0,False,0
1,26,-61.03,1.0,False,0
2,26,-60.82,1.0,False,0
3,26,-60.96333333333333,inf,False,3
4,26,-62.05,inf,False,1
5,26,-58.15,inf,False,1
6,26,-58.45,1.0,False,0
7,26,-58.62,1.0,False,0
8,26,-60.27,1.0,False,0
9,26,-60.09,1.0,False,0
10,26,-60.2,1.0,False,0
11,26,-60.67,1.0,False,0
12,26,-60.1,1.0,False,0
13,26,-59.41,1.0,False,0
14,26,-57.8,inf,False,1
15,26,-61.07,1.0,False,0
16,26,-61.52,1.0,False,0
17,26,-60.93,1.0,False,0
18,26,-60.83,1.0,False,0
19,26,-61.57,inf,False,1
20,26,-61.75,1.0,False,0
21,26,-61.7,1.0,False,0
22,26,-61.12,inf,False,1
23,26,-61.04,1.0,False,0
24,26,-60.2,1.0,False,0
25,26,-59.81,1.0,False,0
26,26,-59.95,inf,False,1
27,26,-61.07,inf,False,1
28,26,-60.35,1.0,False,0
29,26,-59.67,1.0,False,0
30,26,-59.38,1.0,False,0
31,26,-59.96,1.0,False,0
32,26,-62.135,inf,False,2
33,26,-60.0,1.0,False,0
34,26,-57.41,inf,False,1
35,26,-59.82,1.0,False,0
36,26,-57.55,inf,False,1
37,26,-63.37,inf,False,1
38,26,-61.01,1.0,False,0
39,26,-61.43,1.0,False,0
40,26,-62.27,1.0,False,0
41,26,-62.46,inf,False,1
42,26,-62.52,inf,False,2
43,26,-62.05,1.0,False,0
44,26,-61.75,1.0,False,0
45,26,-61.69,1.0,False,0
46,26,-61.37,1.0,False,0
47,26,-60.06,1.0,False,0
48,26,-59.42,1.0,False,0
49,26,-59.0,1.0,False,0
50,26,-59.87,1.0,False,0
51,26,-59.54,1.0,False,0
52,26,-59.32,1.0,False,0
53,26,-58.98,1.0,False,0
54,26,-59.58,inf,False,1
55,26,-57.26,1.0,False,0
56,26,-54.66,inf,False,1
57,26,-54.72,1.0,False,0
58,26,-53.61,1.0,False,0
59,26,-53.425,inf,False,2
60,26,-49.93,1.0,False,0
61,26,-48.01,1.0,False,0
62,26,-49.17,inf,False,1
63,26,-45.6,1.0,False,0
64,26,-43.58,inf,False,1
65,26,-43.49,1.0,False,0
66,26,-42.445,inf,False,2
67,26,-42.94,inf,False,1
68,26,-44.29,inf,False,1
69,26,-48.4,inf,False,1
70,26,-47.58,1.0,False,0
71,26,-50.33,inf,False,1
72,26,-49.67,1.0,False,0
73,26,-51.51,1.0,False,0
74,26,-53.5,1.0,False,0
75,26,-55.43,1.0,False,0
76,26,-57.77,1.0,False,0
77,26,-59.35,1.0,False,0
78,26,-61.06,1.0,False,0
79,26,-63.68,inf,False,1
0,27,-61.2,1.0,False,0
1,27,-61.72,inf,False,1
2,27,-61.48,1.0,False,0
3,27,-62.1,1.0,False,0
4,27,-65.2,inf,False,1
5,27,-60.51,1.0,False,0
6,27,-58.95,inf,False,1
7,27,-59.8,1.0,False,0
8,27,-59.85,1.0,False,0
9,27,-60.12,1.0,False,0
10,27,-59.68,1.0,False,0
11,27,-59.64,1.0,False,0
12,27,-59.66,1.0,False,0
13,27,-60.03,1.0,False,0
14,27,-60.66,1.0,False,0
15,27,-63.07,inf,False,1
16,27,-63.18,inf,False,1
17,27,-61.94,1.0,False,0
18,27,-60.43,inf,False,1
19,27,-63.040000000000006,inf,False,2
20,27,-62.47,1.0,False,0
21,27,-62.85,1.0,False,0
22,27,-62.02,1.0,False,0
23,27,-61.99,1.0,False,0
24,27,-61.69,1.0,False,0
25,27,-61.57,1.0,False,0
26,27,-61.49,1.0,False,0
27,27,-61.61,1.0,False,0
28,27,-63.315,inf,False,2
29,27,-61.74,1.0,False,0
30,27,-60.9,1.0,False,0
31,27,-60.86,1.0,False,0
32,27,-61.35,1.0,False,0
33,27,-60.47,1.0,False,0
34,27,-60.63,inf,False,1
35,27,-62.71,inf,False,1
36,27,-60.56,inf,False,1
37,27,-62.68,inf,False,1
38,27,-61.85,1.0,False,0
39,27,-62.11,1.0,False,0
40,27,-62.24,1.0,False,0
41,27,-62.24,1.0,False,0
42,27,-62.31,inf,False,1
43,27,-62.17,inf,False,1
44,27,-61.45,inf,False,1
45,27,-62.85,inf,False,1
46,27,-61.67,inf,False,1
47,27,-60.1,inf,False,1
48,27,-60.89,1.0,False,0
49,27,-60.87,1.0,False,0
50,27,-61.27,inf,False,1
51,27,-61.36,inf,False,1
52,27,-60.03,1.0,False,0
53,27,-58.57,1.0,False,0
54,27,-58.15,1.0,False,0
55,27,-57.11,1.0,False,0
56,27,-56.6,inf,False,1
57,27,-55.29,1.0,False,0
58,27,-54.94,inf,False,1
59,27,-48.855000000000004,inf,False,2
60,27,-47.43,inf,False,1
61,27,-47.25,1.0,False,0
62,27,-45.89,inf,False,1
63,27,-46.36,inf,False,1
64,27,-41.33,1.0,False,0
65,27,-38.97,inf,False,1
66,27,-37.215,inf,False,2
67,27,-37.96,inf,False,1
68,27,-39.02,inf,False,1
69,27,-43.21,1.0,False,0
70,27,-46.63,1.0,False,0
71,27,-47.65333333333333,inf,False,3
72,27,-48.4,1.0,False,0
73,27,-50.45,1.0,False,0
74,27,-52.1,1.0,False,0
75,27,-54.97,1.0,False,0
76,27,-57.13,1.0,False,0
77,27,-58.53,1.0,False,0
78,27,-60.0,1.0,False,0
79,27,-59.405,inf,False,2
0,28,-61.09,1.0,False,0
1,28,-61.26,1.0,False,0
2,28,-61.32,inf,False,1
3,28,-61.56,1.0,False,0
4,28,-61.57,1.0,False,0
5,28,-59.48,inf,False,1
6,28,-60.11,1.0,False,0
7,28,-60.35,1.0,False,0
8,28,-61.33,1.0,False,0
9,28,-60.01,1.0,False,0
10,28,-58.29,inf,False,1
11,28,-59.88,inf,False,1
12,28,-59.13,1.0,False,0
13,28,-59.42,1.0,False,0
14,28,-60.39,1.0,False,0
15,28,-62.14,inf,False,1
16,28,-61.91,1.0,False,0
17,28,-61.85,1.0,False,0
18,28,-61.87,inf,False,1
19,28,-62.0,1.0,False,0
20,28,-62.62,1.0,False,0
21,28,-64.92,inf,False,1
22,28,-62.42,1.0,False,0
23,28,-61.76,1.0,False,0
24,28,-61.92,1.0,False,0
25,28,-62.61,inf,False,1
26,28,-63.465,inf,False,2
27,28,-62.35,1.0,False,0
28,28,-62.16,1.0,False,0
29,28,-61.82,1.0,False,0
30,28,-61.5,1.0,False,0
31,28,-61.41,1.0,False,0
32,28,-61.06,1.0,False,0
33,28,-60.95,1.0,False,0
34,28,-61.1,1.0,False,0
35,28,-61.45,inf,False,1
36,28,-63.4,inf,False,1
37,28,-62.18,1.0,False,0
38,28,-62.06,inf,False,1
39,28,-62.26,inf,False,1
40,28,-62.03,1.0,False,0
41,28,-61.75,inf,False,1
42,28,-62.04,1.0,False,0
43,28,-61.82,1.0,False,0
44,28,-61.62,1.0,False,0
45,28,-61.72,1.0,False,0
46,28,-64.24,inf,False,1
47,28,-62.14,inf,False,1
48,28,-61.57,1.0,False,0
49,28,-61.18,1.0,False,0
50,28,-60.77,1.0,False,0
51,28,-60.47,1.0,False,0
52,28,-61.06,inf,False,1
53,28,-56.53,inf,False,1
54,28,-58.3,inf,False,1
55,28,-56.87,1.0,False,0
56,28,-56.21,1.0,False,0
57,28,-57.06,inf,False,1
58,28,-54.75,inf,False,1
59,28,-51.24,1.0,False,0
60,28,-48.31,1.0,False,0
61,28,-48.07,inf,False,1
62,28,-45.76,1.0,False,0
63,28,-40.97,1.0,False,0
64,28,-35.825,inf,False,2
65,28,-33.49,1.0,False,0
66,28,-30.57,inf,False,1
67,28,-35.94,1.0,False,0
68,28,-40.98,inf,False,1
69,28,-40.43,1.0,False,0
70,28,-44.75,1.0,False,0
71,28,-47.45666666666667,inf,False,3
72,28,-47.69,1.0,False,0
73,28,-49.11,1.0,False,0
74,28,-51.49,1.0,False,0
75,28,-54.55,1.0,False,0
76,28,-55.98,inf,False,1
77,28,-57.58,1.0,False,0
78,28,-59.35,1.0,False,0
79,28,-59.82,1.0,False,0
0,29,-60.91,1.0,False,0
1,29,-61.02,inf,False,1
2,29,-60.85,1.0,False,0
3,29,-60.18,1.0,False,0
4,29,-60.45,1.0,False,0
5,29,-61.7,inf,False,1
6,29,-60.379999999999995,inf,False,2
7,29,-60.74,1.0,False,0
8,29,-63.45,inf,False,1
9,29,-60.68,1.0,False,0
10,29,-59.68,1.0,False,0
11,29,-59.32,1.0,False,0
12,29,-58.86,1.0,False,0
13,29,-58.3,1.0,False,0
14,29,-58.49,inf,False,1
15,29,-60.33,1.0,False,0
16,29,-60.68,1.0,False,0
17,29,-60.94,1.0,False,0
18,29,-61.17,1.0,False,0
19,29,-61.42,inf,False,1
20,29,-61.55,1.0,False,0
21,29,-60.81,inf,False,1
22,29,-61.72,inf,False,1
23,29,-61.27,1.0,False,0
24,29,-61.03,1.0,False,0
25,29,-60.95,1.0,False,0
26,29,-61.77,1.0,False,0
27,29,-61.93,1.0,False,0
28,29,-61.84,inf,False,1
29,29,-61.81,1.0,False,0
30,29,-61.41,inf,False,2
31,29,-61.44,1.0,False,0
32,29,-60.76,1.0,False,0
33,29,-60.46,1.0,False,0
34,29,-60.51,1.0,False,0
35,29,-60.88,1.0,False,0
36,29,-61.62,1.0,False,0
37,29,-62.11,1.0,False,0
38,29,-62.05,1.0,False,0
39,29,-62.75,inf,False,1
40,29,-61.57,1.0,False,0
41,29,-61.46,1.0,False,0
42,29,-62.21,inf,False,2
43,29,-61.19,1.0,False,0
44,29,-60.17,1.0,False,0
45,29,-59.81999999999999,inf,False,2
46,29,-60.3,inf,False,1
47,29,-61.16,1.0,False,0
48,29,-61.02,1.0,False,0
49,29,-60.11,1.0,False,0
50,29,-59.33,1.0,False,0
51,29,-59.32,1.0,False,0
52,29,-59.37,1.0,False,0
53,29,-58.02,1.0,False,0
54,29,-57.41,1.0,False,0
55,29,-56.16,1.0,False,0
56,29,-55.78,inf,False,1
57,29,-54.0,1.0,False,0
58,29,-54.535,inf,False,2
59,29,-50.54,1.0,False,0
60,29,-46.27,inf,False,1
61,29,-46.375,inf,False,2
62,29,-45.08,1.0,False,0
63,29,-39.19,1.0,False,0
64,29,-37.07,inf,False,1
65,29,-27.65,inf,False,1
66,29,-26.24,inf,False,1
67,29,-32.54,1.0,False,0
68,29,-34.36,inf,False,1
69,29,-38.65,inf,False,1
70,29,-43.89,inf,False,1
71,29,-46.69,1.0,False,0
72,29,-48.8,inf,False,1
73,29,-48.74,1.0,False,0
74,29,-49.79,1.0,False,0
75,29,-53.84,1.0,False,0
76,29,-56.3,1.0,False,0
77,29,-57.94,1.0,False,0
78,29,-59.28,1.0,False,0
79,29,-59.83,1.0,False,0
0,30,-60.26,1.0,False,0
1,30,-63.17,inf,False,1
2,30,-59.79,inf,False,1
3,30,-59.67,inf,False,1
4,30,-59.54,1.0,False,0
5,30,-57.31,inf,False,1
6,30,-59.21,1.0,False,0
7,30,-59.33,1.0,False,0
8,30,-59.73,1.0,False,0
9,30,-59.74,1.0,False,0
10,30,-59.75,inf,False,1
11,30,-60.38,inf,False,1
12,30,-59.28,inf,False,1
13,30,-56.08,inf,False,1
14,30,-58.44,1.0,False,0
15,30,-59.43,1.0,False,0
16,30,-59.56,inf,False,1
17,30,-59.7,1.0,False,0
18,30,-60.12,1.0,False,0
19,30,-60.21,1.0,False,0
20,30,-60.16,1.0,False,0
21,30,-60.31,1.0,False,0
22,30,-59.63,inf,False,1
23,30,-60.26,1.0,False,0
24,30,-59.74,1.0,False,0
25,30,-58.28,inf,False,1
26,30,-59.84,1.0,False,0
27,30,-60.84,1.0,False,0
28,30,-61.71,1.0,False,0
29,30,-61.36,1.0,False,0
30,30,-61.11,1.0,False,0
31,30,-61.74,inf,False,1
32,30,-60.27,1.0,False,0
33,30,-59.24,1.0,False,0
34,30,-59.2,1.0,False,0
35,30,-59.22,inf,False,1
36,30,-59.79,1.0,False,0
37,30,-60.59,1.0,False,0
38,30,-60.91,1.0,False,0
39,30,-61.15,1.0,False,0
40,30,-60.08,inf,False,1
41,30,-60.64,inf,False,1
42,30,-60.75,1.0,False,0
43,30,-60.47,inf,False,1
44,30,-59.65,1.0,False,0
45,30,-57.73,inf,False,1
46,30,-59.53,1.0,False,0
47,30,-59.44,1.0,False,0
48,30,-58.4,1.0,False,0
49,30,-57.72,1.0,False,0
50,30,-57.67,1.0,False,0
51,30,-57.86,1.0,False,0
52,30,-57.45,1.0,False,0
53,30,-57.55,1.0,False,0
54,30,-56.77,1.0,False,0
55,30,-55.51,1.0,False,0
56,30,-53.7,1.0,False,0
57,30,-50.45,inf,False,1
58,30,-48.17,inf,False,1
59,30,-49.55,1.0,False,0
60,30,-47.86,1.0,False,0
61,30,-46.49,1.0,False,0
62,30,-43.38,1.0,False,0
63,30,-38.81,1.0,False,0
64,30,-33.67,1.0,False,0
65,30,-30.88,1.0,False,0
66,30,-30.0,1.0,False,0
67,30,-31.78,1.0,False,0
68,30,-35.2,1.0,False,0
69,30,-39.8,1.0,False,0
70,30,-43.71,1.0,False,0
71,30,-46.57,1.0,False,0
72,30,-49.33,inf,False,1
73,30,-48.88,1.0,False,0
74,30,-49.75,0.984358,False,0
75,30,-52.15,0.741258,False,0
76,30,-55.41,0.704913,False,0
77,30,-57.55,0.752479,False,0
78,30,-59.48,1.0,False,0
79,30,-60.13,inf,False,1
0,31,-57.35,inf,False,1
1,31,-59.97,1.0,False,0
2,31,-59.03,inf,False,1
3,31,-61.56,inf,False,1
4,31,-59.48,1.0,False,0
5,31,-59.01,1.0,False,0
6,31,-58.36,1.0,False,0
7,31,-58.010000000000005,inf,False,2
8,31,-57.73,inf,False,1
9,31,-58.43,1.0,False,0
10,31,-58.92,1.0,False,0
11,31,-60.94,inf,False,1
12,31,-53.96,inf,False,1
13,31,-61.94,inf,False,1
14,31,-58.69,1.0,False,0
15,31,-58.64,1.0,False,0
16,31,-58.95,1.0,False,0
17,31,-58.86,inf,False,1
18,31,-61.19,inf,False,1
19,31,-59.31,1.0,False,0
20,31,-58.28,inf,False,1
21,31,-59.04,1.0,False,0
22,31,-58.97,1.0,False,0
23,31,-59.21,1.0,False,0
24,31,-58.88,1.0,False,0
25,31,-60.21,inf,False,1
26,31,-59.09,1.0,False,0
27,31,-59.34,1.0,False,0
28,31,-59.91,0.988034,False,0
29,31,-59.25,1.0,False,0
30,31,-59.9,1.0,False,0
31,31,-59.54,1.0,False,0
32,31,-58.25,1.0,False,0
33,31,-57.97,1.0,False,0
34,31,-58.24,1.0,False,0
35,31,-57.88,inf,False,1
36,31,-58.41,1.0,False,0
37,31,-59.1,1.0,False,0
38,31,-59.586666666666666,inf,False,3
39,31,-60.31,1.0,False,0
40,31,-60.47,1.0,False,0
41,31,-60.61,1.0,False,0
42,31,-59.99,1.0,False,0
43,31,-58.85,inf,False,1
44,31,-59.17,1.0,False,0
45,31,-58.77,1.0,False,0
46,31,-58.76,1.0,False,0
47,31,-59.185,inf,False,2
48,31,-56.98,1.0,False,0
49,31,-58.12,inf,False,1
50,31,-56.09,1.0,False,0
51,31,-58.48,inf,False,1
52,31,-56.82,1.0,False,0
53,31,-56.72,1.0,False,0
54,31,-57.795,inf,False,2
55,31,-55.265,inf,False,2
56,31,-53.65,1.0,False,0
57,31,-51.7,1.0,False,0
58,31,-50.71,1.0,False,0
59,31,-49.53,1.0,False,0
60,31,-48.06,1.0,False,0
61,31,-47.13,1.0,False,0
62,31,-43.26,1.0,False,0
63,31,-39.37,1.0,False,0
64,31,-34.37,1.0,False,0
65,31,-32.68,1.0,False,0
66,31,-31.64,1.0,False,0
67,31,-30.93,inf,False,1
68,31,-34.16,1.0,False,0
69,31,-40.26,1.0,False,0
70,31,-44.34,1.0,False,0
71,31,-46.515,inf,False,2
72,31,-48.15,1.0,False,0
73,31,-49.32,1.0,False,0
74,31,-50.5,1.0,False,0
75,31,-51.91,0.753802,False,0
76,31,-53.64,0.601858,False,0
77,31,-56.35,0.589906,False,0
78,31,-58.4,0.820647,False,0
79,31,-59.63,1.0,False,0
0,32,-59.0,1.0,False,0
1,32,-59.49,1.0,False,0
2,32,-59.3,1.0,False,0
3,32,-59.42,1.0,False,0
4,32,-59.08,inf,False,1
5,32,-60.32,inf,False,1
6,32,-57.084999999999994,inf,False,2
7,32,-57.45,1.0,False,0
8,32,-57.01,1.0,False,0
9,32,-57.3,inf,False,1
10,32,-57.7,1.0,False,0
11,32,-57.81,1.0,False,0
12,32,-56.94,1.0,False,0
13,32,-57.02,1.0,False,0
14,32,-57.11,1.0,False,0
15,32,-57.76,1.0,False,0
16,32,-58.34,1.0,False,0
17,32,-57.14,inf,False,1
18,32,-58.69,1.0,False,0
19,32,-58.05,inf,False,1
20,32,-58.4,1.0,False,0
21,32,-58.25,1.0,False,0
22,32,-57.34,inf,False,1
23,32,-57.78,1.0,False,0
24,32,-57.71,1.0,False,0
25,32,-57.58,1.0,False,0
26,32,-55.9,1.0,False,0
27,32,-55.85,1.0,False,0
28,32,-56.87,1.0,False,0
29,32,-57.3,1.0,False,0
30,32,-57.82,1.0,False,0
31,32,-57.54,1.0,False,0
32,32,-56.785,inf,False,2
33,32,-57.08,1.0,False,0
34,32,-59.46,inf,False,1
35,32,-57.66,1.0,False,0
36,32,-57.75,1.0,False,0
37,32,-58.0,1.0,False,0
38,32,-59.05,1.0,False,0
39,32,-60.52,inf,False,1
40,32,-59.77,1.0,False,0
41,32,-60.03,1.0,False,0
42,32,-59.53,1.0,False,0
43,32,-59.15,1.0,False,0
44,32,-58.92,1.0,False,0
45,32,-58.27,1.0,False,0
46,32,-57.86,1.0,False,0
47,32,-56.61,1.0,False,0
48,32,-53.48,inf,False,1
49,32,-54.93,1.0,False,0
50,32,-51.88,inf,False,1
51,32,-55.43,1.0,False,0
52,32,-56.04,1.0,False,0
53,32,-56.48,1.0,False,0
54,32,-54.33,inf,False,1
55,32,-54.64,1.0,False,0
56,32,-54.16,inf,False,1
57,32,-51.42,inf,False,1
58,32,-51.315,inf,False,2
59,32,-50.71,1.0,False,0
60,32,-48.07,1.0,False,0
61,32,-45.84,inf,False,2
62,32,-45.14,1.0,False,0
63,32,-41.53,1.0,False,0
64,32,-36.67,1.0,False,0
65,32,-33.36,inf,False,2
66,32,-33.7,1.0,False,0
67,32,-33.22,1.0,False,0
68,32,-37.18,1.0,False,0
69,32,-42.13,1.0,False,0
70,32,-45.78,1.0,False,0
71,32,-48.14,1.0,False,0
72,32,-49.04,1.0,False,0
73,32,-50.41,1.0,False,0
74,32,-51.08,1.0,False,0
75,32,-51.56,1.0,False,0
76,32,-53.68,0.663247,False,0
77,32,-55.5,0.518174,False,0
78,32,-57.57,0.498795,False,0
79,32,-58.32,0.491384,False,0
0,33,-59.02,1.0,False,0
1,33,-59.44,inf,False,1
2,33,-58.63,1.0,False,0
3,33,-57.9,1.0,False,0
4,33,-57.474999999999994,inf,False,2
5,33,-58.22,1.0,False,0
6,33,-57.61,1.0,False,0
7,33,-56.65,1.0,False,0
8,33,-55.84,1.0,False,0
9,33,-55.39,inf,False,1
10,33,-55.93,1.0,False,0
11,33,-56.285,inf,False,2
12,33,-55.32,1.0,False,0
13,33,-52.36,inf,False,1
14,33,-55.19,1.0,False,0
15,33,-57.32,1.0,False,0
16,33,-57.56,1.0,False,0
17,33,-57.78,1.0,False,0
18,33,-58.05,1.0,False,0
19,33,-58.17,1.0,False,0
20,33,-58.18,1.0,False,0
21,33,-57.82,1.0,False,0
22,33,-57.72,1.0,False,0
23,33,-57.37,1.0,False,0
24,33,-56.06,1.0,False,0
25,33,-55.04,1.0,False,0
26,33,-52.94,inf,False,1
27,33,-54.41,1.0,False,0
28,33,-55.32,1.0,False,0
29,33,-56.37,1.0,False,0
30,33,-56.69,1.0,False,0
31,33,-56.93,1.0,False,0
32,33,-56.79,1.0,False,0
33,33,-55.68,inf,False,1
34,33,-55.81,inf,False,1
35,33,-57.01,inf,False,1
36,33,-57.32,1.0,False,0
37,33,-56.75,inf,False,1
38,33,-57.86,1.0,False,0
39,33,-58.71,1.0,False,0
40,33,-58.28,1.0,False,0
41,33,-57.79,1.0,False,0
42,33,-57.88,1.0,False,0
43,33,-57.55,1.0,False,0
44,33,-57.1,1.0,False,0
45,33,-56.68,1.0,False,0
46,33,-56.11,1.0,False,0
47,33,-54.91,1.0,False,0
48,33,-54.55,1.0,False,0
49,33,-54.37,1.0,False,0
50,33,-53.87,1.0,False,0
51,33,-54.86,1.0,False,0
52,33,-54.620000000000005,inf,False,2
53,33,-59.34,inf,False,1
54,33,-55.85,1.0,False,0
55,33,-54.41,1.0,False,0
56,33,-54.06,inf,False,1
57,33,-52.96,1.0,False,0
58,33,-51.71,1.0,False,0
59,33,-51.08,1.0,False,0
60,33,-49.8,1.0,False,0
61,33,-47.54,1.0,False,0
62,33,-46.49,1.0,False,0
63,33,-44.43,1.0,False,0
64,33,-41.45,1.0,False,0
65,33,-38.16,1.0,False,0
66,33,-37.64,1.0,False,0
67,33,-39.57,1.0,False,0
68,33,-41.32,0.926923,False,0
69,33,-45.73,1.0,False,0
70,33,-47.6,1.0,False,0
71,33,-49.28,1.0,False,0
72,33,-50.27,1.0,False,0
73,33,-51.02,1.0,False,0
74,33,-51.75,inf,False,1
75,33,-52.28,1.0,False,0
76,33,-53.62,0.826879,False,0
77,33,-54.92,0.540704,False,0
78,33,-56.6,0.431073,False,0
79,33,-57.45,0.366762,False,0
0,34,-58.63,1.0,False,0
1,34,-59.21,inf,False,1
2,34,-57.77,1.0,False,0
3,34,-55.75,inf,False,1
4,34,-57.32,1.0,False,0
5,34,-57.71,inf,False,2
6,34,-56.61,1.0,False,0
7,34,-55.11,inf,False,1
8,34,-54.89,1.0,False,0
9,34,-53.58,inf,False,1
10,34,-54.72,1.0,False,0
11,34,-55.69,inf,False,1
12,34,-54.52,1.0,False,0
13,34,-54.23,1.0,False,0
14,34,-55.89,1.0,False,0
15,34,-58.14,inf,False,1
16,34,-56.71,1.0,False,0
17,34,-57.20000000000001,inf,False,3
18,34,-57.4,1.0,False,0
19,34,-57.67,1.0,False,0
20,34,-57.84,1.0,False,0
21,34,-57.68,1.0,False,0
22,34,-57.79,inf,False,1
23,34,-59.69,inf,False,1
24,34,-53.88,inf,False,1
25,34,-54.87,1.0,False,0
26,34,-53.93,1.0,False,0
27,34,-54.22,1.0,False,0
28,34,-55.12,1.0,False,0
29,34,-58.68,inf,False,1
30,34,-57.11,inf,False,1
31,34,-56.83,1.0,False,0
32,34,-57.81,inf,False,1
33,34,-55.64,inf,False,1
34,34,-55.39,1.0,False,0
35,34,-55.78,1.0,False,0
36,34,-56.88,1.0,False,0
37,34,-58.32,inf,False,1
38,34,-57.04,inf,False,1
39,34,-57.09,1.0,False,0
40,34,-56.63,1.0,False,0
41,34,-56.39,1.0,False,0
42,34,-56.11,1.0,False,0
43,34,-56.39,1.0,False,0
44,34,-56.84,inf,False,1
45,34,-55.64,1.0,False,0
46,34,-54.06,1.0,False,0
47,34,-53.99,1.0,False,0
48,34,-53.93,1.0,False,0
49,34,-53.69,1.0,False,0
50,34,-53.39,1.0,False,0
51,34,-54.64,1.0,False,0
52,34,-55.04,inf,False,1
53,34,-55.55,1.0,False,0
54,34,-54.64,1.0,False,0
55,34,-53.93,inf,False,1
56,34,-53.91,inf,False,1
57,34,-53.42,1.0,False,0
58,34,-52.78,1.0,False,0
59,34,-51.41,1.0,False,0
60,34,-51.73,inf,False,1
61,34,-49.25,1.0,False,0
62,34,-46.96,1.0,False,0
63,34,-46.0,1.0,False,0
64,34,-45.8,inf,False,1
65,34,-44.13,1.0,False,0
66,34,-44.04,1.0,False,0
67,34,-43.88,1.0,False,0
68,34,-44.73,0.988568,False,0
69,34,-47.25,1.0,False,0
70,34,-46.67,inf,False,1
71,34,-49.22,inf,False,1
72,34,-51.26,inf,False,1
73,34,-51.54,1.0,False,0
74,34,-52.035,inf,False,2
75,34,-52.84,1.0,False,0
76,34,-53.75,1.0,False,0
77,34,-55.64,0.631667,False,0
78,34,-56.7,0.464067,False,0
79,34,-57.31,0.362819,False,0
0,35,-58.02,1.0,False,0
1,35,-57.95,1.0,False,0
2,35,-57.03,1.0,False,0
3,35,-56.77,1.0,False,0
4,35,-56.68,1.0,False,0
5,35,-56.15,1.0,False,0
6,35,-54.93,1.0,False,0
7,35,-53.92,1.0,False,0
8,35,-53.67,1.0,False,0
9,35,-53.84,1.0,False,0
10,35,-53.81,1.0,False,0
11,35,-53.76,inf,False,1
12,35,-53.58,1.0,False,0
13,35,-53.73,1.0,False,0
14,35,-54.45,1.0,False,0
15,35,-54.84,1.0,False,0
16,35,-55.26,1.0,False,0
17,35,-55.74,1.0,False,0
18,35,-56.22,1.0,False,0
19,35,-57.51,inf,False,1
20,35,-57.26,1.0,False,0
21,35,-57.04,1.0,False,0
22,35,-57.1,1.0,False,0
23,35,-56.47,1.0,False,0
24,35,-56.09,inf,False,1
25,35,-55.05,1.0,False,0
26,35,-54.63,1.0,False,0
27,35,-54.3,1.0,False,0
28,35,-53.43,inf,False,2
29,35,-52.28,inf,False,1
30,35,-54.54,inf,False,1
31,35,-55.75,1.0,False,0
32,35,-58.08,inf,False,1
33,35,-55.37,1.0,False,0
34,35,-52.56,inf,False,1
35,35,-54.34,1.0,False,0
36,35,-55.91,1.0,False,0
37,35,-56.82,1.0,False,0
38,35,-56.6,1.0,False,0
39,35,-56.17,1.0,False,0
40,35,-55.41,1.0,False,0
41,35,-57.49,inf,False,1
42,35,-55.51,1.0,False,0
43,35,-55.56,1.0,False,0
44,35,-55.36,1.0,False,0
45,35,-53.7,1.0,False,0
46,35,-52.52,1.0,False,0
47,35,-53.16,1.0,False,0
48,35,-53.02,1.0,False,0
49,35,-53.33,1.0,False,0
50,35,-52.66,inf,False,1
51,35,-54.04,1.0,False,0
52,35,-55.19333333333333,inf,False,3
53,35,-54.67,inf,False,1
54,35,-53.35,inf,False,1
55,35,-53.75,1.0,False,0
56,35,-53.65,1.0,False,0
57,35,-53.37,1.0,False,0
58,35,-53.06,1.0,False,0
59,35,-51.85,1.0,False,0
60,35,-51.56,1.0,False,0
61,35,-49.35,1.0,False,0
62,35,-46.22,inf,False,1
63,35,-46.63,1.0,False,0
64,35,-46.15,1.0,False,0
65,35,-45.35,1.0,False,0
66,35,-45.82,inf,False,1
67,35,-45.5,1.0,False,0
68,35,-47.75,1.0,False,0
69,35,-49.13,1.0,False,0
70,35,-49.4,1.0,False,0
71,35,-50.64,1.0,False,0
72,35,-51.84,inf,False,1
73,35,-52.18,1.0,False,0
74,35,-53.34,1.0,False,0
75,35,-54.17,1.0,False,0
76,35,-55.1,1.0,False,0
77,35,-56.24,0.836325,False,0
78,35,-57.21,0.562285,False,0
79,35,-57.75,0.423697,False,0
0,36,-57.28,1.0,False,0
1,36,-56.87,1.0,False,0
2,36,-55.86,inf,False,1
3,36,-55.97,1.0,False,0
4,36,-54.91,1.0,False,0
5,36,-52.97,1.0,False,0
6,36,-51.55,1.0,False,0
7,36,-51.83,1.0,False,0
8,36,-52.29,1.0,False,0
9,36,-52.92,1.0,False,0
10,36,-52.24,inf,False,1
11,36,-52.95,1.0,False,0
12,36,-51.94,inf,False,1
13,36,-52.72,1.0,False,0
14,36,-53.08,1.0,False,0
15,36,-52.665,inf,False,2
16,36,-55.23,inf,False,1
17,36,-54.35,1.0,False,0
18,36,-55.35,1.0,False,0
19,36,-56.38,1.0,False,0
20,36,-56.41,1.0,False,0
21,36,-56.39,1.0,False,0
22,36,-57.93,inf,False,1
23,36,-54.85,1.0,False,0
24,36,-53.525,inf,False,2
25,36,-55.33,inf,False,1
26,36,-54.76,inf,False,1
27,36,-54.28,1.0,False,0
28,36,-55.82,inf,False,1
29,36,-52.2,inf,False,1
30,36,-52.15,inf,False,1
31,36,-54.27,1.0,False,0
32,36,-55.47,inf,False,1
33,36,-54.58,1.0,False,0
34,36,-53.739999999999995,inf,False,2
35,36,-54.1,1.0,False,0
36,36,-54.41,1.0,False,0
37,36,-54.99,1.0,False,0
38,36,-56.76,inf,False,1
39,36,-55.47,1.0,False,0
40,36,-53.16,inf,False,1
41,36,-54.95,inf,False,2
42,36,-54.125,inf,False,2
43,36,-55.47,1.0,False,0
44,36,-54.13,1.0,False,0
45,36,-52.64,1.0,False,0
46,36,-51.12,inf,False,1
47,36,-54.05,inf,False,1
48,36,-53.18,1.0,False,0
49,36,-53.99,inf,False,1
50,36,-53.07,1.0,False,0
51,36,-53.24,1.0,False,0
52,36,-53.65,1.0,False,0
53,36,-53.85,1.0,False,0
54,36,-53.33,1.0,False,0
55,36,-53.695,inf,False,2
56,36,-53.19,1.0,False,0
57,36,-53.43,1.0,False,0
58,36,-53.46,1.0,False,0
59,36,-52.85,1.0,False,0
60,36,-53.26,inf,False,2
61,36,-51.0,1.0,False,0
62,36,-48.38,1.0,False,0
63,36,-47.89,1.0,False,0
64,36,-48.08,1.0,False,0
65,36,-47.49,1.0,False,0
66,36,-46.97,1.0,False,0
67,36,-48.67,1.0,False,0
68,36,-49.63,1.0,False,0
69,36,-50.4,1.0,False,0
70,36,-51.52,1.0,False,0
71,36,-52.85,1.0,False,0
72,36,-52.81,1.0,False,0
73,36,-53.92,1.0,False,0
74,36,-55.29,1.0,False,0
75,36,-54.61,inf,False,1
76,36,-56.73,1.0,False,0
77,36,-57.35,1.0,False,0
78,36,-57.78,0.748396,False,0
79,36,-59.04,0.589339,False,0
0,37,-57.13,inf,False,1
1,37,-57.07,1.0,False,0
2,37,-56.29,1.0,False,0
3,37,-55.17,1.0,False,0
4,37,-53.56,1.0,False,0
5,37,-50.63,1.0,False,0
6,37,-48.95,inf,False,1
7,37,-51.93,inf,False,1
8,37,-50.55,1.0,False,0
9,37,-51.45,1.0,False,0
10,37,-51.65,1.0,False,0
11,37,-51.66,1.0,False,0
12,37,-51.65,1.0,False,0
13,37,-51.8,1.0,False,0
14,37,-52.01,1.0,False,0
15,37,-52.54,1.0,False,0
16,37,-51.3,inf,False,1
17,37,-53.12,inf,False,1
18,37,-55.92,inf,False,1
19,37,-55.41,1.0,False,0
20,37,-55.7,1.0,False,0
21,37,-55.925,inf,False,2
22,37,-54.95,inf,False,1
23,37,-51.795,inf,False,2
24,37,-53.42,inf,False,1
25,37,-53.6,1.0,False,0
26,37,-53.24,1.0,False,0
27,37,-53.56,1.0,False,0
28,37,-53.31,1.0,False,0
29,37,-53.54,inf,False,1
30,37,-52.57,1.0,False,0
31,37,-53.29,1.0,False,0
32,37,-51.96,inf,False,2
33,37,-53.68,1.0,False,0
34,37,-53.48,1.0,False,0
35,37,-52.47,1.0,False,0
36,37,-52.83,1.0,False,0
37,37,-52.34,inf,False,1
38,37,-55.0,1.0,False,0
39,37,-56.9,inf,False,1
40,37,-54.86,1.0,False,0
41,37,-54.68,1.0,False,0
42,37,-53.58,inf,False,1
43,37,-58.38,inf,False,1
44,37,-53.81,1.0,False,0
45,37,-52.68,inf,False,1
46,37,-51.67,1.0,False,0
47,37,-52.14,1.0,False,0
48,37,-52.28,1.0,False,0
49,37,-52.08,1.0,False,0
50,37,-53.1,inf,False,1
51,37,-51.94,1.0,False,0
52,37,-52.269999999999996,inf,False,2
53,37,-52.21,1.0,False,0
54,37,-51.85,1.0,False,0
55,37,-50.49,inf,False,1
56,37,-51.99,1.0,False,0
57,37,-53.02,1.0,False,0
58,37,-53.9,1.0,False,0
59,37,-53.18,1.0,False,0
60,37,-52.65,1.0,False,0
61,37,-51.78,1.0,False,0
62,37,-50.76,0.968225,False,0
63,37,-51.31,1.0,False,0
64,37,-52.38,1.0,False,0
65,37,-50.48,1.0,False,0
66,37,-49.88,1.0,False,0
67,37,-49.94,1.0,False,0
68,37,-49.1,inf,False,1
69,37,-51.41,1.0,False,0
70,37,-51.25,inf,False,2
71,37,-54.34,inf,False,1
72,37,-52.72,inf,False,1
73,37,-53.95,inf,False,1
74,37,-57.22,inf,False,1
75,37,-56.71,1.0,False,0
76,37,-59.540000000000006,inf,False,2
77,37,-58.4,1.0,False,0
78,37,-59.48,1.0,False,0
79,37,-60.48,1.0,False,0
0,38,-56.9,1.0,False,0
1,38,-57.95,inf,False,1
2,38,-56.07,1.0,False,0
3,38,-54.63,1.0,False,0
4,38,-52.93,1.0,False,0
5,38,-50.39,1.0,False,0
6,38,-49.84,1.0,False,0
7,38,-50.2,inf,False,1
8,38,-49.76,1.0,False,0
9,38,-48.96,1.0,False,0
10,38,-48.88,1.0,False,0
11,38,-48.64,1.0,False,0
12,38,-48.36,1.0,False,0
13,38,-49.62,1.0,False,0
14,38,-51.04,1.0,False,0
15,38,-49.73,inf,False,1
16,38,-55.1,inf,False,1
17,38,-54.31,1.0,False,0
18,38,-54.97,1.0,False,0
19,38,-55.17,inf,False,1
20,38,-55.31,1.0,False,0
21,38,-55.05,1.0,False,0
22,38,-54.65,inf,False,1
23,38,-53.57,1.0,False,0
24,38,-52.62,1.0,False,0
25,38,-52.17,1.0,False,0
26,38,-50.315,inf,False,2
27,38,-50.89,1.0,False,0
28,38,-50.3,1.0,False,0
29,38,-50.89,1.0,False,0
30,38,-52.97,inf,False,1
31,38,-51.89,1.0,False,0
32,38,-52.69,inf,False,1
33,38,-52.88,1.0,False,0
34,38,-51.96,1.0,False,0
35,38,-51.73,1.0,False,0
36,38,-51.43,1.0,False,0
37,38,-52.32,1.0,False,0
38,38,-56.63,inf,False,1
39,38,-54.74,1.0,False,0
40,38,-54.08,inf,False,1
41,38,-54.54,1.0,False,0
42,38,-54.34,1.0,False,0
43,38,-54.66,1.0,False,0
44,38,-52.45,1.0,False,0
45,38,-50.66,inf,False,2
46,38,-49.94,inf,False,1
47,38,-50.59,1.0,False,0
48,38,-50.46,1.0,False,0
49,38,-49.54,1.0,False,0
50,38,-48.42,inf,False,1
51,38,-49.32,1.0,False,0
52,38,-49.51,1.0,False,0
53,38,-49.06,1.0,False,0
54,38,-49.73,1.0,False,0
55,38,-50.56,1.0,False,0
56,38,-51.35,1.0,False,0
57,38,-53.19,1.0,False,0
58,38,-55.04,inf,False,1
59,38,-53.79,1.0,False,0
60,38,-52.97,1.0,False,0
61,38,-52.53,0.811601,False,0
62,38,-52.26,0.802457,False,0
63,38,-53.29,1.0,False,0
64,38,-54.87,inf,False,1
65,38,-53.0,1.0,False,0
66,38,-51.55,0.905681,False,0
67,38,-51.36,1.0,False,0
68,38,-51.62,1.0,False,0
69,38,-53.3,1.0,False,0
70,38,-53.39,1.0,False,0
71,38,-54.49,1.0,False,0
72,38,-57.32,inf,False,1
73,38,-55.82,1.0,False,0
74,38,-57.67,inf,False,1
75,38,-57.06,1.0,False,0
76,38,-58.15,1.0,False,0
77,38,-58.93,1.0,False,0
78,38,-60.37,1.0,False,0
79,38,-61.35,inf,False,1
0,39,-55.64,1.0,False,0
1,39,-55.92,1.0,False,0
2,39,-54.91,1.0,False,0
3,39,-54.93,inf,False,1
4,39,-52.58,1.0,False,0
5,39,-50.29,1.0,False,0
6,39,-51.16,inf,False,1
7,39,-48.49,1.0,False,0
8,39,-47.81,1.0,False,0
9,39,-47.75,1.0,False,0
10,39,-48.66,inf,False,1
11,39,-46.21,1.0,False,0
12,39,-46.29,1.0,False,0
13,39,-47.02,1.0,False,0
14,39,-48.97,1.0,False,0
15,39,-51.12,1.0,False,0
16,39,-53.45,1.0,False,0
17,39,-56.72,inf,False,1
18,39,-54.87,1.0,False,0
19,39,-54.94,1.0,False,0
20,39,-55.19,1.0,False,0
21,39,-54.89,1.0,False,0
22,39,-54.4,1.0,False,0
23,39,-52.96,1.0,False,0
24,39,-51.05,inf,False,1
25,39,-50.9,1.0,False,0
26,39,-49.96,1.0,False,0
27,39,-47.79,1.0,False,0
28,39,-46.78,1.0,False,0
29,39,-47.35,inf,False,1
30,39,-49.05,1.0,False,0
31,39,-50.25,1.0,False,0
32,39,-51.24,1.0,False,0
33,39,-51.03,1.0,False,0
34,39,-50.36,1.0,False,0
35,39,-50.41,1.0,False,0
36,39,-50.74,inf,False,1
37,39,-47.21,inf,False,1
38,39,-51.84,1.0,False,0
39,39,-53.52,1.0,False,0
40,39,-54.15,1.0,False,0
41,39,-54.68,1.0,False,0
42,39,-53.74,1.0,False,0
43,39,-52.3,1.0,False,0
44,39,-50.41,1.0,False,0
45,39,-50.0,1.0,False,0
46,39,-49.33,1.0,False,0
47,39,-49.65,inf,False,1
48,39,-48.19,1.0,False,0
49,39,-47.37,1.0,False,0
50,39,-45.49,inf,False,1
51,39,-47.18,1.0,False,0
52,39,-47.15,1.0,False,0
53,39,-47.2,inf,False,1
54,39,-48.86,1.0,False,0
55,39,-51.37,inf,False,1
56,39,-50.87,1.0,False,0
57,39,-51.99,1.0,False,0
58,39,-53.17,1.0,False,0
59,39,-53.01,1.0,False,0
60,39,-52.86,1.0,False,0
61,39,-52.86,0.750126,False,0
62,39,-52.99,0.701708,False,0
63,39,-52.98,0.990126,False,0
64,39,-53.46,1.0,False,0
65,39,-53.06,1.0,False,0
66,39,-52.53,0.791667,False,0
67,39,-52.5,0.950704,False,0
68,39,-53.78,1.0,False,0
69,39,-55.41,inf,False,1
70,39,-53.8,inf,False,1
71,39,-54.6,1.0,False,0
72,39,-55.59,1.0,False,0
73,39,-55.65,inf,False,1
74,39,-56.46,1.0,False,0
75,39,-56.75,1.0,False,0
76,39,-58.14,1.0,False,0
77,39,-59.23,0.891346,False,0
78,39,-60.54,1.0,False,0
79,39,-61.19,1.0,False,0
0,40,-53.97,1.0,False,0
1,40,-53.98,1.0,False,0
2,40,-53.4,1.0,False,0
3,40,-52.38,inf,False,1
4,40,-53.94,inf,False,1
5,40,-49.9,1.0,False,0
6,40,-45.55,inf,False,1
7,40,-45.72,inf,False,1
8,40,-46.11,inf,False,1
9,40,-45.96,1.0,False,0
10,40,-45.08,1.0,False,0
11,40,-45.51,inf,False,1
12,40,-45.03,1.0,False,0
13,40,-48.2,inf,False,1
14,40,-48.23,1.0,False,0
15,40,-50.28,inf,False,1
16,40,-52.09,1.0,False,0
17,40,-52.76,inf,False,1
18,40,-53.91,1.0,False,0
19,40,-54.23,1.0,False,0
20,40,-54.6,1.0,False,0
21,40,-55.2,inf,False,1
22,40,-54.32,1.0,False,0
23,40,-52.54,1.0,False,0
24,40,-51.42,1.0,False,0
25,40,-50.06,1.0,False,0
26,40,-47.36,1.0,False,0
27,40,-44.78,1.0,False,0
28,40,-42.21,inf,False,1
29,40,-45.88,1.0,False,0
30,40,-45.8,inf,False,1
31,40,-47.89,1.0,False,0
32,40,-51.11,inf,False,1
33,40,-48.41,1.0,False,0
34,40,-47.22,1.0,False,0
35,40,-49.34,1.0,False,0
36,40,-50.86,1.0,False,0
37,40,-50.48,1.0,False,0
38,40,-50.09,inf,False,1
39,40,-54.15,inf,False,1
40,40,-53.54,1.0,False,0
41,40,-53.75,1.0,False,0
42,40,-53.34,1.0,False,0
43,40,-50.3,1.0,False,0
44,40,-48.73,inf,False,1
45,40,-48.02,1.0,False,0
46,40,-47.22,1.0,False,0
47,40,-47.35,1.0,False,0
48,40,-46.44,1.0,False,0
49,40,-45.71,1.0,False,0
50,40,-44.88,1.0,False,0
51,40,-45.43,1.0,False,0
52,40,-47.48,inf,False,1
53,40,-46.51,inf,False,1
54,40,-48.44,inf,False,1
55,40,-49.33,1.0,False,0
56,40,-50.24,inf,False,1
57,40,-51.735,inf,False,2
58,40,-52.28,1.0,False,0
59,40,-52.76,inf,False,1
60,40,-52.84,1.0,False,0
61,40,-52.97,0.742093,False,0
62,40,-52.93,0.666111,False,0
63,40,-52.82,0.94441,False,0
64,40,-52.69,1.0,False,0
65,40,-52.8,0.975785,False,0
66,40,-52.68,0.72767,False,0
67,40,-53.28,0.841346,False,0
68,40,-53.41,1.0,False,0
69,40,-53.82,1.0,False,0
70,40,-54.07,1.0,False,0
71,40,-54.7,inf,False,1
72,40,-54.79,1.0,False,0
73,40,-55.34,1.0,False,0
74,40,-56.07,1.0,False,0
75,40,-56.43,0.893269,False,0
76,40,-58.68,0.707604,False,0
77,40,-60.02,0.716302,False,0
78,40,-61.8,0.985385,False,0
79,40,-63.02,1.0,False,0
0,41,-52.98,inf,False,1
1,41,-53.78,inf,False,1
2,41,-53.1,1.0,False,0
3,41,-51.96,1.0,False,0
4,41,-50.85,1.0,False,0
5,41,-49.11,inf,False,1
6,41,-47.92,1.0,False,0
7,41,-46.25,1.0,False,0
8,41,-44.84,1.0,False,0
9,41,-42.86,1.0,False,0
10,41,-42.11,1.0,False,0
11,41,-42.73,inf,False,1
12,41,-43.93666666666667,inf,False,3
13,41,-43.33,inf,False,1
14,41,-47.08,inf,False,1
15,41,-50.79,inf,False,1
16,41,-51.36,1.0,False,0
17,41,-52.99,1.0,False,0
18,41,-53.04,inf,False,2
19,41,-53.72,1.0,False,0
20,41,-53.66,1.0,False,0
21,41,-54.0,1.0,False,0
22,41,-53.19,1.0,False,0
23,41,-51.99,1.0,False,0
24,41,-50.53,1.0,False,0
25,41,-47.47,1.0,False,0
26,41,-46.16,1.0,False,0
27,41,-44.48,1.0,False,0
28,41,-43.81,1.0,False,0
29,41,-44.74,1.0,False,0
30,41,-45.43,1.0,False,0
31,41,-44.99,1.0,False,0
32,41,-45.0,1.0,False,0
33,41,-45.09,1.0,False,0
34,41,-44.92,inf,False,2
35,41,-48.92,1.0,False,0
36,41,-53.73,inf,False,1
37,41,-51.09,1.0,False,0
38,41,-51.68,1.0,False,0
39,41,-52.68,inf,False,2
40,41,-53.42,1.0,False,0
41,41,-55.105000000000004,inf,False,2
42,41,-53.17,1.0,False,0
43,41,-49.66,1.0,False,0
44,41,-48.42,1.0,False,0
45,41,-46.01,1.0,False,0
46,41,-44.73,inf,False,1
47,41,-45.28,1.0,False,0
48,41,-45.805,inf,False,2
49,41,-43.81,1.0,False,0
50,41,-42.15,inf,False,1
51,41,-42.89,1.0,False,0
52,41,-41.43,inf,False,1
53,41,-45.16,1.0,False,0
54,41,-46.24,1.0,False,0
55,41,-48.29,1.0,False,0
56,41,-50.02,1.0,False,0
57,41,-51.23,1.0,False,0
58,41,-52.3,1.0,False,0
59,41,-52.59,1.0,False,0
60,41,-52.56,1.0,False,0
61,41,-52.67,0.693546,False,0
62,41,-52.7,0.661493,False,0
63,41,-52.48,1.0,False,0
64,41,-52.63,inf,False,1
65,41,-52.27,1.0,False,0
66,41,-52.8,0.71267,False,0
67,41,-52.8,0.807604,False,0
68,41,-52.93,1.0,False,0
69,41,-52.79,1.0,False,0
70,41,-52.67,1.0,False,0
71,41,-53.28,1.0,False,0
72,41,-53.37,1.0,False,0
73,41,-54.18,1.0,False,0
74,41,-55.07,0.94188,False,0
75,41,-56.99,0.675082,False,0
76,41,-58.61,0.591836,False,0
77,41,-60.38,0.646687,False,0
78,41,-63.05,1.0,False,0
79,41,-64.55,inf,False,1
0,42,-53.26,1.0,False,0
1,42,-52.9,1.0,False,0
2,42,-51.69,1.0,False,0
3,42,-49.93,1.0,False,0
4,42,-49.29,1.0,False,0
5,42,-49.43,inf,False,1
6,42,-47.51,1.0,False,0
7,42,-44.49,1.0,False,0
8,42,-40.67,1.0,False,0
9,42,-38.45,1.0,False,0
10,42,-38.09,1.0,False,0
11,42,-36.66,inf,False,1
12,42,-40.17,1.0,False,0
13,42,-41.53,1.0,False,0
14,42,-45.07,1.0,False,0
15,42,-48.16,1.0,False,0
16,42,-50.48,1.0,False,0
17,42,-52.49,1.0,False,0
18,42,-55.75,inf,False,1
19,42,-52.84,1.0,False,0
20,42,-52.46,1.0,False,0
21,42,-52.42,1.0,False,0
22,42,-51.63,1.0,False,0
23,42,-50.56,1.0,False,0
24,42,-49.35,1.0,False,0
25,42,-46.57,1.0,False,0
26,42,-47.28,inf,False,1
27,42,-43.86,1.0,False,0
28,42,-42.85,1.0,False,0
29,42,-45.58,inf,False,1
30,42,-43.89,1.0,False,0
31,42,-41.94,1.0,False,0
32,42,-37.43,inf,False,1
33,42,-43.3,1.0,False,0
34,42,-45.38,1.0,False,0
35,42,-47.54,1.0,False,0
36,42,-49.98,1.0,False,0
37,42,-47.790000000000006,inf,False,2
38,42,-53.62,inf,False,1
39,42,-52.75,1.0,False,0
40,42,-53.23,1.0,False,0
41,42,-53.5,1.0,False,0
42,42,-51.7,1.0,False,0
43,42,-49.57,1.0,False,0
44,42,-47.91,1.0,False,0
45,42,-45.56,1.0,False,0
46,42,-44.3,inf,False,1
47,42,-43.69,1.0,False,0
48,42,-43.82,1.0,False,0
49,42,-41.38,1.0,False,0
50,42,-40.43,1.0,False,0
51,42,-40.26,1.0,False,0
52,42,-41.39,1.0,False,0
53,42,-43.48,1.0,False,0
54,42,-44.9,inf,False,1
55,42,-46.775,inf,False,2
56,42,-49.37,inf,False,1
57,42,-51.24,1.0,False,0
58,42,-53.51,inf,False,1
59,42,-52.44,1.0,False,0
60,42,-51.96,0.92517,False,0
61,42,-51.86,0.668546,False,0
62,42,-51.66,0.636708,False,0
63,42,-51.49,0.87457,False,0
64,42,-51.6,1.0,False,0
65,42,-50.82,0.858971,False,0
66,42,-51.5,0.656046,False,0
67,42,-51.28,0.850704,False,0
68,42,-52.34,1.0,False,0
69,42,-53.17,inf,False,1
70,42,-50.83,inf,False,1
71,42,-52.3,1.0,False,0
72,42,-53.11,inf,False,1
73,42,-53.31,1.0,False,0
74,42,-54.36,0.976923,False,0
75,42,-55.97,0.741428,False,0
76,42,-57.65,0.598056,False,0
77,42,-59.94,0.583462,False,0
78,42,-62.0,0.817492,False,0
79,42,-63.35,1.0,False,0
0,43,-53.17,1.0,False,0
1,43,-52.3,1.0,False,0
2,43,-49.98,1.0,False,0
3,43,-48.73333333333333,inf,False,3
4,43,-48.38,1.0,False,0
5,43,-47.2,inf,False,1
6,43,-45.74,1.0,False,0
7,43,-40.24,1.0,False,0
8,43,-38.75,inf,False,1
9,43,-35.94,1.0,False,0
10,43,-33.85,inf,False,1
11,43,-36.88,1.0,False,0
12,43,-37.62,1.0,False,0
13,43,-37.06,inf,False,1
14,43,-41.74,1.0,False,0
15,43,-46.06,1.0,False,0
16,43,-48.69,1.0,False,0
17,43,-49.28,1.0,False,0
18,43,-51.67,1.0,False,0
19,43,-49.81,inf,False,1
20,43,-51.55,1.0,False,0
21,43,-51.42,1.0,False,0
22,43,-51.12,1.0,False,0
23,43,-50.83,inf,False,1
24,43,-49.51,1.0,False,0
25,43,-45.92,1.0,False,0
26,43,-44.51,1.0,False,0
27,43,-41.26,1.0,False,0
28,43,-40.95,inf,False,1
29,43,-41.53,1.0,False,0
30,43,-40.06,1.0,False,0
31,43,-41.71,1.0,False,0
32,43,-42.35,1.0,False,0
33,43,-46.45,inf,False,1
34,43,-45.91,inf,False,1
35,43,-46.37,1.0,False,0
36,43,-48.88,1.0,False,0
37,43,-50.45,inf,False,1
38,43,-51.95,1.0,False,0
39,43,-53.42,1.0,False,0
40,43,-53.03,1.0,False,0
41,43,-51.93,1.0,False,0
42,43,-50.58,1.0,False,0
43,43,-49.55,inf,False,1
44,43,-48.61,1.0,False,0
45,43,-46.13,1.0,False,0
46,43,-43.72,1.0,False,0
47,43,-41.12,inf,False,1
48,43,-40.48,1.0,False,0
49,43,-36.86,1.0,False,0
50,43,-36.15,1.0,False,0
51,43,-36.53,inf,False,1
52,43,-39.14,1.0,False,0
53,43,-40.629999999999995,inf,False,2
54,43,-44.19,1.0,False,0
55,43,-48.94,inf,False,1
56,43,-49.6,1.0,False,0
57,43,-52.67333333333334,inf,False,3
58,43,-51.9,1.0,False,0
59,43,-51.86,1.0,False,0
60,43,-51.44,0.946858,False,0
61,43,-50.69,0.791836,False,0
62,43,-50.06,0.706302,False,0
63,43,-48.54,0.706302,False,0
64,43,-48.51,0.731836,False,0
65,43,-47.73,0.680147,False,0
66,43,-48.48,0.670104,False,0
67,43,-50.34,0.875534,False,0
68,43,-51.02,1.0,False,0
69,43,-51.46,1.0,False,0
70,43,-50.76,inf,False,1
71,43,-53.39,inf,False,1
72,43,-52.55,1.0,False,0
73,43,-52.82,1.0,False,0
74,43,-54.27,1.0,False,0
75,43,-56.25,1.0,False,0
76,43,-56.92,0.868587,False,0
77,43,-58.32,0.587812,False,0
78,43,-60.14,0.571823,False,0
79,43,-61.14,0.58103,False,0
0,44,-54.33,inf,False,1
1,44,-52.65,1.0,False,0
2,44,-50.02,1.0,False,0
3,44,-48.83,1.0,False,0
4,44,-49.163333333333334,inf,False,3
5,44,-46.3,1.0,False,0
6,44,-42.46,1.0,False,0
7,44,-39.28,1.0,False,0
8,44,-36.13,1.0,False,0
9,44,-32.05,1.0,False,0
10,44,-33.11,1.0,False,0
11,44,-35.3,1.0,False,0
12,44,-34.65,inf,False,1
13,44,-40.07,inf,False,1
14,44,-43.46,1.0,False,0
15,44,-48.13,inf,False,1
16,44,-47.17,1.0,False,0
17,44,-44.21,inf,False,1
18,44,-51.98,inf,False,1
19,44,-53.68000000000001,inf,False,2
20,44,-51.88,1.0,False,0
21,44,-50.47,inf,False,1
22,44,-50.87,1.0,False,0
23,44,-50.02,1.0,False,0
24,44,-48.52,1.0,False,0
25,44,-45.68,1.0,False,0
26,44,-42.59,1.0,False,0
27,44,-39.41,1.0,False,0
28,44,-35.92,inf,False,1
29,44,-37.12,1.0,False,0
30,44,-35.58,1.0,False,0
31,44,-37.7,1.0,False,0
32,44,-40.6,1.0,False,0
33,44,-40.27,inf,False,1
34,44,-43.42,1.0,False,0
35,44,-45.55,inf,False,2
36,44,-47.39,1.0,False,0
37,44,-50.55,1.0,False,0
38,44,-52.38,1.0,False,0
39,44,-55.22,inf,False,1
40,44,-52.6,1.0,False,0
41,44,-51.55,inf,False,1
42,44,-50.53,1.0,False,0
43,44,-49.55,1.0,False,0
44,44,-49.59,inf,False,1
45,44,-47.22,1.0,False,0
46,44,-43.36,1.0,False,0
47,44,-40.86,1.0,False,0
48,44,-36.39,1.0,False,0
49,44,-29.97,1.0,False,0
50,44,-28.01,1.0,False,0
51,44,-34.67,1.0,False,0
52,44,-40.1,inf,False,1
53,44,-39.76,inf,False,1
54,44,-43.57,inf,False,1
55,44,-45.0,inf,False,1
56,44,-48.68,1.0,False,0
57,44,-50.51,inf,False,1
58,44,-50.93,1.0,False,0
59,44,-51.27,1.0,False,0
60,44,-50.55,1.0,False,0
61,44,-49.36,1.0,False,0
62,44,-48.7,1.0,False,0
63,44,-47.31,0.918846,False,0
64,44,-46.37,0.912607,False,0
65,44,-45.75,0.878758,False,0
66,44,-46.02,0.868269,False,0
67,44,-47.72,0.96688,False,0
68,44,-49.81,1.0,False,0
69,44,-50.31,1.0,False,0
70,44,-49.76,inf,False,1
71,44,-51.52,1.0,False,0
72,44,-52.53,inf,False,1
73,44,-52.74,1.0,False,0
74,44,-54.8,1.0,False,0
75,44,-56.84,inf,False,1
76,44,-56.94,1.0,False,0
77,44,-57.76,0.688906,False,0
78,44,-58.97,0.623563,False,0
79,44,-59.63,0.617361,False,0
0,45,-51.93,inf,False,1
1,45,-52.88,1.0,False,0
2,45,-50.29,1.0,False,0
3,45,-47.38,inf,False,1
4,45,-47.07,1.0,False,0
5,45,-43.31,1.0,False,0
6,45,-40.13,inf,False,1
7,45,-38.34,inf,False,1
8,45,-34.95,1.0,False,0
9,45,-24.28,inf,False,1
10,45,-30.82,1.0,False,0
11,45,-34.22,1.0,False,0
12,45,-37.19,1.0,False,0
13,45,-41.99,1.0,False,0
14,45,-44.46,inf,False,1
15,45,-48.76,inf,False,1
16,45,-47.39,1.0,False,0
17,45,-47.9,inf,False,1
18,45,-50.11,inf,False,1
19,45,-52.985,inf,False,2
20,45,-52.03,1.0,False,0
21,45,-51.32,1.0,False,0
22,45,-50.99,1.0,False,0
23,45,-50.1,1.0,False,0
24,45,-48.06,1.0,False,0
25,45,-44.56,inf,False,1
26,45,-43.4,1.0,False,0
27,45,-39.71,1.0,False,0
28,45,-34.96,inf,False,2
29,45,-34.19,1.0,False,0
30,45,-28.83,1.0,False,0
31,45,-32.74,1.0,False,0
32,45,-38.97,1.0,False,0
33,45,-39.1,inf,False,2
34,45,-42.24,1.0,False,0
35,45,-44.31,1.0,False,0
36,45,-46.53,1.0,False,0
37,45,-49.52,1.0,False,0
38,45,-51.63,1.0,False,0
39,45,-54.66,inf,False,1
40,45,-52.18,1.0,False,0
41,45,-49.235,inf,False,2
42,45,-50.21,1.0,False,0
43,45,-49.7,1.0,False,0
44,45,-48.46,inf,False,1
45,45,-46.79,1.0,False,0
46,45,-41.55,1.0,False,0
47,45,-39.15,inf,False,1
48,45,-34.12,1.0,False,0
49,45,-27.98,1.0,False,0
50,45,-18.305,inf,False,2
51,45,-29.83,1.0,False,0
52,45,-31.59,inf,False,1
53,45,-40.52,inf,False,1
54,45,-41.11,inf,False,1
55,45,-43.93,1.0,False,0
56,45,-48.65,1.0,False,0
57,45,-51.1,inf,False,1
58,45,-51.12,1.0,False,0
59,45,-51.0,1.0,False,0
60,45,-50.19,1.0,False,0
61,45,-47.87,inf,False,1
62,45,-48.54,1.0,False,0
63,45,-46.63,1.0,False,0
64,45,-45.37,1.0,False,0
65,45,-44.53,1.0,False,0
66,45,-43.93,1.0,False,0
67,45,-45.58,1.0,False,0
68,45,-48.54,1.0,False,0
69,45,-48.99,inf,False,1
70,45,-50.15,1.0,False,0
71,45,-50.77,1.0,False,0
72,45,-51.54,1.0,False,0
73,45,-52.53,1.0,False,0
74,45,-54.09,1.0,False,0
75,45,-55.79,1.0,False,0
76,45,-56.57,1.0,False,0
77,45,-57.54,0.793419,False,0
78,45,-58.56,0.978274,False,0
79,45,-58.89,1.0,False,0
0,46,-53.43,1.0,False,0
1,46,-55.65,inf,False,1
2,46,-51.85,1.0,False,0
3,46,-48.8,1.0,False,0
4,46,-46.42,1.0,False,0
5,46,-42.91,1.0,False,0
6,46,-43.47,inf,False,1
7,46,-39.65,inf,False,1
8,46,-37.01,1.0,False,0
9,46,-33.48,1.0,False,0
10,46,-34.1,1.0,False,0
11,46,-35.56,1.0,False,0
12,46,-39.73,1.0,False,0
13,46,-43.37,1.0,False,0
14,46,-43.83,inf,False,2
15,46,-46.16,1.0,False,0
16,46,-47.3,1.0,False,0
17,46,-48.54,1.0,False,0
18,46,-49.98,1.0,False,0
19,46,-51.66,1.0,False,0
20,46,-52.08,1.0,False,0
21,46,-51.76,1.0,False,0
22,46,-51.35,inf,False,1
23,46,-50.33,inf,False,1
24,46,-49.695,inf,False,2
25,46,-46.52,1.0,False,0
26,46,-46.5,inf,False,1
27,46,-40.05,inf,False,1
28,46,-37.83,1.0,False,0
29,46,-31.41,1.0,False,0
30,46,-19.05,inf,False,1
31,46,-28.98,1.0,False,0
32,46,-38.02,1.0,False,0
33,46,-40.16,1.0,False,0
34,46,-42.57,1.0,False,0
35,46,-44.04,1.0,False,0
36,46,-46.9,1.0,False,0
37,46,-48.79,1.0,False,0
38,46,-46.15,inf,False,1
39,46,-52.42,1.0,False,0
40,46,-52.8,1.0,False,0
41,46,-51.99,1.0,False,0
42,46,-49.83,inf,False,1
43,46,-50.4,1.0,False,0
44,46,-48.59,1.0,False,0
45,46,-46.4,1.0,False,0
46,46,-41.09,1.0,False,0
47,46,-38.63,1.0,False,0
48,46,-33.49,1.0,False,0
49,46,-30.29,inf,False,1
50,46,-26.24,inf,False,1
51,46,-29.91,inf,False,1
52,46,-34.46,1.0,False,0
53,46,-40.02,1.0,False,0
54,46,-45.06,inf,False,1
55,46,-44.89,1.0,False,0
56,46,-47.99,1.0,False,0
57,46,-50.29,1.0,False,0
58,46,-50.6,1.0,False,0
59,46,-50.84,1.0,False,0
60,46,-51.08,1.0,False,0
61,46,-53.36,inf,False,1
62,46,-49.26,1.0,False,0
63,46,-45.77,1.0,False,0
64,46,-45.41,inf,False,1
65,46,-43.72,1.0,False,0
66,46,-42.3,inf,False,1
67,46,-44.11,1.0,False,0
68,46,-46.99,1.0,False,0
69,46,-49.36,1.0,False,0
70,46,-50.14,1.0,False,0
71,46,-49.95,inf,False,1
72,46,-50.88,1.0,False,0
73,46,-52.29,1.0,False,0
74,46,-53.68,1.0,False,0
75,46,-54.74,1.0,False,0
76,46,-56.46,0.986281,False,0
77,46,-57.33,1.0,False,0
78,46,-58.63,1.0,False,0
79,46,-58.87,inf,False,2
0,47,-53.81,1.0,False,0
1,47,-53.63,1.0,False,0
2,47,-51.19,1.0,False,0
3,47,-48.76,inf,False,1
4,47,-47.25,1.0,False,0
5,47,-43.91,inf,False,1
6,47,-42.0,1.0,False,0
7,47,-38.56,inf,False,1
8,47,-38.68,1.0,False,0
9,47,-36.17,inf,False,1
10,47,-35.77,inf,False,1
11,47,-36.61,1.0,False,0
12,47,-39.65,1.0,False,0
13,47,-43.49,1.0,False,0
14,47,-45.26,1.0,False,0
15,47,-46.81,1.0,False,0
16,47,-47.95,1.0,False,0
17,47,-47.9,inf,False,1
18,47,-50.0,1.0,False,0
19,47,-51.59,1.0,False,0
20,47,-52.43,1.0,False,0
21,47,-52.36333333333334,inf,False,3
22,47,-51.08,inf,False,1
23,47,-50.88,1.0,False,0
24,47,-49.12,1.0,False,0
25,47,-46.33,1.0,False,0
26,47,-43.63,inf,False,1
27,47,-43.3,1.0,False,0
28,47,-40.57,1.0,False,0
29,47,-37.63,1.0,False,0
30,47,-32.21,1.0,False,0
31,47,-34.72,1.0,False,0
32,47,-38.99,1.0,False,0
33,47,-40.79,inf,False,1
34,47,-43.29,1.0,False,0
35,47,-44.09,inf,False,1
36,47,-47.19,1.0,False,0
37,47,-49.5,1.0,False,0
38,47,-51.8,1.0,False,0
39,47,-55.03,inf,False,1
40,47,-53.58,inf,False,1
41,47,-55.06,inf,False,1
42,47,-52.37,1.0,False,0
43,47,-51.68,1.0,False,0
44,47,-49.48,1.0,False,0
45,47,-46.08,1.0,False,0
46,47,-42.1,1.0,False,0
47,47,-39.71,inf,False,1
48,47,-35.95,1.0,False,0
49,47,-35.76,inf,False,1
50,47,-30.32,1.0,False,0
51,47,-29.93,1.0,False,0
52,47,-33.37,1.0,False,0
53,47,-39.71,1.0,False,0
54,47,-43.49,1.0,False,0
55,47,-46.07,1.0,False,0
56,47,-48.48,1.0,False,0
57,47,-51.06,inf,False,1
58,47,-50.53,1.0,False,0
59,47,-50.67,inf,False,2
60,47,-50.53,1.0,False,0
61,47,-50.35,1.0,False,0
62,47,-47.92,1.0,False,0
63,47,-44.83,1.0,False,0
64,47,-43.75,inf,False,1
65,47,-41.93,inf,False,1
66,47,-42.8,1.0,False,0
67,47,-43.91,1.0,False,0
68,47,-45.57,0.868181,False,0
69,47,-47.44,0.910747,False,0
70,47,-49.42,1.0,False,0
71,47,-50.15,1.0,False,0
72,47,-50.81,1.0,False,0
73,47,-52.05,1.0,False,0
74,47,-53.52,1.0,False,0
75,47,-54.79,1.0,False,0
76,47,-56.12,1.0,False,0
77,47,-57.58,1.0,False,0
78,47,-58.6,1.0,False,0
79,47,-59.38,1.0,False,0
0,48,-54.29,1.0,False,0
1,48,-54.97,inf,False,1
2,48,-51.57,1.0,False,0
3,48,-48.725,inf,False,2
4,48,-48.27,inf,False,1
5,48,-47.29,1.0,False,0
6,48,-44.83,1.0,False,0
7,48,-42.4,1.0,False,0
8,48,-39.79,1.0,False,0
9,48,-39.27,inf,False,1
10,48,-38.17,1.0,False,0
11,48,-36.65,inf,False,1
12,48,-40.47,1.0,False,0
13,48,-44.59,1.0,False,0
14,48,-47.0,inf,False,1
15,48,-47.98,1.0,False,0
16,48,-49.45,1.0,False,0
17,48,-50.68,1.0,False,0
18,48,-51.8,1.0,False,0
19,48,-52.82,1.0,False,0
20,48,-52.836666666666666,inf,False,3
21,48,-52.83,1.0,False,0
22,48,-53.63,inf,False,1
23,48,-51.25,1.0,False,0
24,48,-50.28,inf,False,1
25,48,-47.11,inf,False,1
26,48,-46.16,1.0,False,0
27,48,-45.74,inf,False,2
28,48,-43.86,1.0,False,0
29,48,-42.46,inf,False,1
30,48,-41.02,1.0,False,0
31,48,-40.65,1.0,False,0
32,48,-41.45,1.0,False,0
33,48,-43.61,1.0,False,0
34,48,-45.9,1.0,False,0
35,48,-47.02,1.0,False,0
36,48,-49.0,inf,False,1
37,48,-50.33,1.0,False,0
38,48,-53.11,1.0,False,0
39,48,-54.535,inf,False,2
40,48,-53.77,inf,False,1
41,48,-52.79,inf,False,1
42,48,-53.2,1.0,False,0
43,48,-52.68,inf,False,1
44,48,-50.18,1.0,False,0
45,48,-46.61,1.0,False,0
46,48,-44.535,inf,False,2
47,48,-42.15,1.0,False,0
48,48,-39.2,1.0,False,0
49,48,-36.37,1.0,False,0
50,48,-33.5,1.0,False,0
51,48,-32.82,1.0,False,0
52,48,-36.77,1.0,False,0
53,48,-41.92,1.0,False,0
54,48,-44.73,1.0,False,0
55,48,-46.91,1.0,False,0
56,48,-46.64,inf,False,1
57,48,-49.46,1.0,False,0
58,48,-50.31,1.0,False,0
59,48,-50.19,1.0,False,0
60,48,-49.41,1.0,False,0
61,48,-47.92,1.0,False,0
62,48,-46.25,1.0,False,0
63,48,-44.52,1.0,False,0
64,48,-43.76,1.0,False,0
65,48,-43.12,1.0,False,0
66,48,-42.87,1.0,False,0
67,48,-43.9,0.830769,False,0
68,48,-44.74,0.68767,False,0
69,48,-46.57,0.729292,False,0
70,48,-47.99,0.873611,False,0
71,48,-49.25,1.0,False,0
72,48,-50.99,1.0,False,0
73,48,-51.63,inf,False,1
74,48,-53.55,1.0,False,0
75,48,-53.85,inf,False,1
76,48,-56.11,1.0,False,0
77,48,-57.370000000000005,inf,False,2
78,48,-58.74,1.0,False,0
79,48,-60.87,inf,False,1
0,49,-54.34,1.0,False,0
1,49,-55.1,inf,False,1
2,49,-51.62,inf,False,1
3,49,-50.05,1.0,False,0
4,49,-49.04666666666666,inf,False,3
5,49,-49.06,inf,False,1
6,49,-47.98,1.0,False,0
7,49,-47.12,inf,False,1
8,49,-43.53,1.0,False,0
9,49,-40.3,1.0,False,0
10,49,-40.65,1.0,False,0
11,49,-42.15,inf,False,1
12,49,-42.47,1.0,False,0
13,49,-45.81,1.0,False,0
14,49,-47.6,1.0,False,0
15,49,-49.39,1.0,False,0
16,49,-50.88,1.0,False,0
17,49,-53.36,inf,False,1
18,49,-52.82,1.0,False,0
19,49,-53.53,1.0,False,0
20,49,-53.065,inf,False,2
21,49,-53.39,1.0,False,0
22,49,-52.99,1.0,False,0
23,49,-51.69,1.0,False,0
24,49,-50.51,1.0,False,0
25,49,-49.71,1.0,False,0
26,49,-49.06,1.0,False,0
27,49,-46.61,1.0,False,0
28,49,-44.57,1.0,False,0
29,49,-42.94,inf,False,1
30,49,-42.06,inf,False,1
31,49,-44.39,1.0,False,0
32,49,-45.32,1.0,False,0
33,49,-46.51,1.0,False,0
34,49,-47.48,1.0,False,0
35,49,-48.15,inf,False,1
36,49,-49.15,1.0,False,0
37,49,-50.86,1.0,False,0
38,49,-53.55,1.0,False,0
39,49,-52.73,inf,False,1
40,49,-53.85,1.0,False,0
41,49,-54.02,1.0,False,0
42,49,-53.51,1.0,False,0
43,49,-52.22,1.0,False,0
44,49,-49.61,inf,False,1
45,49,-48.45,1.0,False,0
46,49,-46.21,1.0,False,0
47,49,-45.66,1.0,False,0
48,49,-43.63,1.0,False,0
49,49,-41.52,1.0,False,0
50,49,-39.91,1.0,False,0
51,49,-41.15,1.0,False,0
52,49,-44.25,1.0,False,0
53,49,-45.71,1.0,False,0
54,49,-48.26,1.0,False,0
55,49,-48.52,1.0,False,0
56,49,-48.9,1.0,False,0
57,49,-49.98,1.0,False,0
58,49,-50.2,inf,False,1
59,49,-49.91,1.0,False,0
60,49,-47.82,1.0,False,0
61,49,-45.55,1.0,False,0
62,49,-44.93,1.0,False,0
63,49,-43.89,1.0,False,0
64,49,-43.42,1.0,False,0
65,49,-42.72,0.933824,False,0
66,49,-42.64,0.765704,False,0
67,49,-42.75,0.653802,False,0
68,49,-43.88,0.677049,False,0
69,49,-44.94,0.803802,False,0
70,49,-46.34,1.0,False,0
71,49,-47.98,1.0,False,0
72,49,-50.21,1.0,False,0
73,49,-52.61,1.0,False,0
74,49,-54.4,1.0,False,0
75,49,-55.41,1.0,False,0
76,49,-57.08,1.0,False,0
77,49,-57.57,1.0,False,0
78,49,-58.53,1.0,False,0
79,49,-59.5,1.0,False,0
0,50,-54.7,1.0,False,0
1,50,-53.49,inf,False,1
2,50,-53.02,1.0,False,0
3,50,-52.54,1.0,False,0
4,50,-51.62,1.0,False,0
5,50,-52.02,inf,False,1
6,50,-50.26,1.0,False,0
7,50,-48.33,1.0,False,0
8,50,-46.93,1.0,False,0
9,50,-45.04,1.0,False,0
10,50,-43.75,1.0,False,0
11,50,-44.15,1.0,False,0
12,50,-47.24,1.0,False,0
13,50,-48.26,1.0,False,0
14,50,-49.56,1.0,False,0
15,50,-49.71,1.0,False,0
16,50,-48.82,inf,False,1
17,50,-52.08,inf,False,1
18,50,-53.21,1.0,False,0
19,50,-54.52,inf,False,1
20,50,-55.305,inf,False,2
21,50,-54.07,1.0,False,0
22,50,-53.59,1.0,False,0
23,50,-52.84,1.0,False,0
24,50,-52.8,1.0,False,0
25,50,-51.46,inf,False,1
26,50,-50.335,inf,False,2
27,50,-49.93,1.0,False,0
28,50,-46.45,1.0,False,0
29,50,-45.46,1.0,False,0
30,50,-45.12,1.0,False,0
31,50,-46.44,inf,False,1
32,50,-47.31,1.0,False,0
33,50,-48.03,1.0,False,0
34,50,-47.86,inf,False,1
35,50,-47.69,inf,False,1
36,50,-50.91,inf,False,1
37,50,-50.8,1.0,False,0
38,50,-54.405,inf,False,2
39,50,-54.66,inf,False,1
40,50,-54.39,1.0,False,0
41,50,-55.5,inf,False,2
42,50,-53.9,inf,False,1
43,50,-53.03,1.0,False,0
44,50,-50.9,1.0,False,0
45,50,-50.0,1.0,False,0
46,50,-48.63,1.0,False,0
47,50,-49.19,inf,False,1
48,50,-45.32,inf,False,1
49,50,-45.72,1.0,False,0
50,50,-45.64,1.0,False,0
51,50,-46.82,1.0,False,0
52,50,-46.58,inf,False,1
53,50,-47.88,1.0,False,0
54,50,-48.73,1.0,False,0
55,50,-47.44,inf,False,1
56,50,-50.31,1.0,False,0
57,50,-51.38,1.0,False,0
58,50,-50.78,1.0,False,0
59,50,-49.78,1.0,False,0
60,50,-46.36,1.0,False,0
61,50,-43.97,inf,False,1
62,50,-43.97,1.0,False,0
63,50,-42.52,1.0,False,0
64,50,-42.57,1.0,False,0
65,50,-42.91,0.727005,False,0
66,50,-42.27,0.660747,False,0
67,50,-42.41,0.689505,False,0
68,50,-42.6,0.96549,False,0
69,50,-42.82,1.0,False,0
70,50,-45.58,1.0,False,0
71,50,-46.71,inf,False,1
72,50,-49.13,1.0,False,0
73,50,-53.64,1.0,False,0
74,50,-55.11,1.0,False,0
75,50,-54.26,inf,False,1
76,50,-59.01,inf,False,1
77,50,-58.09,1.0,False,0
78,50,-57.96,1.0,False,0
79,50,-58.58,0.846858,False,0
0,51,-56.31,inf,False,1
1,51,-54.68,1.0,False,0
2,51,-54.56,1.0,False,0
3,51,-53.84,inf,False,1
4,51,-54.61,inf,False,1
5,51,-53.16,inf,False,1
6,51,-48.5,inf,False,1
7,51,-49.82,1.0,False,0
8,51,-49.1,1.0,False,0
9,51,-47.25,inf,False,1
10,51,-47.64,1.0,False,0
11,51,-48.42,1.0,False,0
12,51,-50.7,inf,False,1
13,51,-49.05,inf,False,1
14,51,-49.94,1.0,False,0
15,51,-47.9,inf,False,1
16,51,-51.36,1.0,False,0
17,51,-53.83,inf,False,2
18,51,-53.56,1.0,False,0
19,51,-54.09,1.0,False,0
20,51,-53.45,inf,False,1
21,51,-54.11,1.0,False,0
22,51,-54.59,1.0,False,0
23,51,-54.56,1.0,False,0
24,51,-54.96,1.0,False,0
25,51,-58.83,inf,False,1
26,51,-53.1,1.0,False,0
27,51,-51.65,1.0,False,0
28,51,-49.78,1.0,False,0
29,51,-48.78,inf,False,1
30,51,-47.07,1.0,False,0
31,51,-45.59,inf,False,1
32,51,-47.53,inf,False,1
33,51,-49.83,1.0,False,0
34,51,-49.4,1.0,False,0
35,51,-46.76,inf,False,1
36,51,-47.49,inf,False,1
37,51,-47.94,inf,False,1
38,51,-53.08,1.0,False,0
39,51,-54.45,1.0,False,0
40,51,-54.97,1.0,False,0
41,51,-54.79,1.0,False,0
42,51,-54.32,1.0,False,0
43,51,-53.56,1.0,False,0
44,51,-52.41,1.0,False,0
45,51,-51.09,inf,False,1
46,51,-50.27,1.0,False,0
47,51,-48.99,1.0,False,0
48,51,-48.23,1.0,False,0
49,51,-48.46,1.0,False,0
50,51,-48.77,1.0,False,0
51,51,-48.33,1.0,False,0
52,51,-47.99,1.0,False,0
53,51,-49.13,1.0,False,0
54,51,-50.18,1.0,False,0
55,51,-50.65,1.0,False,0
56,51,-51.07,inf,False,1
57,51,-54.16,inf,False,1
58,51,-52.18,1.0,False,0
59,51,-49.91,1.0,False,0
60,51,-47.31,1.0,False,0
61,51,-45.58,1.0,False,0
62,51,-43.74,1.0,False,0
63,51,-40.94,inf,False,1
64,51,-42.55,1.0,False,0
65,51,-42.81,0.835747,False,0
66,51,-42.97,0.83158,False,0
67,51,-42.97,0.946814,False,0
68,51,-42.15,1.0,False,0
69,51,-41.07,inf,False,1
70,51,-44.02,1.0,False,0
71,51,-47.18,1.0,False,0
72,51,-50.14,1.0,False,0
73,51,-54.33,1.0,False,0
74,51,-55.79,1.0,False,0
75,51,-56.475,inf,False,2
76,51,-61.25,inf,False,1
77,51,-58.26,1.0,False,0
78,51,-57.89,1.0,False,0
79,51,-58.57,0.724145,False,0
0,52,-55.04,1.0,False,0
1,52,-54.09,inf,False,1
2,52,-56.07,inf,False,1
3,52,-54.69,1.0,False,0
4,52,-53.55,1.0,False,0
5,52,-51.95,1.0,False,0
6,52,-50.57,inf,False,1
7,52,-50.76,1.0,False,0
8,52,-51.2,1.0,False,0
9,52,-50.12,1.0,False,0
10,52,-50.28,1.0,False,0
11,52,-49.79,1.0,False,0
12,52,-50.46,1.0,False,0
13,52,-50.47,1.0,False,0
14,52,-51.33,1.0,False,0
15,52,-54.67,inf,False,1
16,52,-52.77,1.0,False,0
17,52,-53.7,1.0,False,0
18,52,-54.52,1.0,False,0
19,52,-54.56,1.0,False,0
20,52,-54.27,1.0,False,0
21,52,-54.55,1.0,False,0
22,52,-53.97,inf,False,1
23,52,-55.73,1.0,False,0
24,52,-56.09,1.0,False,0
25,52,-55.87,1.0,False,0
26,52,-53.76,1.0,False,0
27,52,-52.18,1.0,False,0
28,52,-52.21,inf,False,1
29,52,-50.87,1.0,False,0
30,52,-49.24,1.0,False,0
31,52,-49.11,inf,False,1
32,52,-49.63,1.0,False,0
33,52,-54.49,inf,False,1
34,52,-52.3,inf,False,1
35,52,-50.7,1.0,False,0
36,52,-51.97,inf,False,1
37,52,-52.75,1.0,False,0
38,52,-56.99,inf,False,1
39,52,-55.35,1.0,False,0
40,52,-55.33,1.0,False,0
41,52,-54.92,1.0,False,0
42,52,-55.4,inf,False,2
43,52,-54.55,1.0,False,0
44,52,-53.31,1.0,False,0
45,52,-52.7,1.0,False,0
46,52,-52.48,1.0,False,0
47,52,-51.48,1.0,False,0
48,52,-50.52,1.0,False,0
49,52,-49.78,1.0,False,0
50,52,-48.59,inf,False,1
51,52,-49.51,1.0,False,0
52,52,-50.18,1.0,False,0
53,52,-50.46,1.0,False,0
54,52,-51.32,1.0,False,0
55,52,-52.07,1.0,False,0
56,52,-53.47,inf,False,1
57,52,-51.79,1.0,False,0
58,52,-51.65,1.0,False,0
59,52,-50.61,1.0,False,0
60,52,-48.51,1.0,False,0
61,52,-47.38,1.0,False,0
62,52,-45.94,1.0,False,0
63,52,-43.82,1.0,False,0
64,52,-44.07,1.0,False,0
65,52,-44.24,1.0,False,0
66,52,-43.55,1.0,False,0
67,52,-43.01,1.0,False,0
68,52,-42.89,1.0,False,0
69,52,-42.61,1.0,False,0
70,52,-44.43,1.0,False,0
71,52,-48.36,0.858949,False,0
72,52,-51.47,0.916346,False,0
73,52,-54.57,1.0,False,0
74,52,-55.71,1.0,False,0
75,52,-56.18,1.0,False,0
76,52,-53.85,inf,False,1
77,52,-56.62,1.0,False,0
78,52,-58.2,1.0,False,0
79,52,-58.9,0.838568,False,0
0,53,-54.89,1.0,False,0
1,53,-55.11,1.0,False,0
2,53,-55.584999999999994,inf,False,2
3,53,-55.16,1.0,False,0
4,53,-54.57,1.0,False,0
5,53,-52.38,1.0,False,0
6,53,-51.48,1.0,False,0
7,53,-50.46,inf,False,1
8,53,-53.97,inf,False,1
9,53,-49.93,inf,False,1
10,53,-51.37,1.0,False,0
11,53,-51.31,1.0,False,0
12,53,-51.2,1.0,False,0
13,53,-49.84,inf,False,1
14,53,-52.23,1.0,False,0
15,53,-53.31,1.0,False,0
16,53,-51.46,inf,False,1
17,53,-56.895,inf,False,2
18,53,-55.57,1.0,False,0
19,53,-55.43,1.0,False,0
20,53,-55.35,1.0,False,0
21,53,-55.49,1.0,False,0
22,53,-56.04,1.0,False,0
23,53,-57.52,inf,False,1
24,53,-56.92,1.0,False,0
25,53,-56.02,1.0,False,0
26,53,-53.95,1.0,False,0
27,53,-52.41,inf,False,1
28,53,-52.35,1.0,False,0
29,53,-53.51,inf,False,1
30,53,-50.92,1.0,False,0
31,53,-49.93,1.0,False,0
32,53,-49.22,inf,False,1
33,53,-51.43,1.0,False,0
34,53,-52.23,1.0,False,0
35,53,-53.1,1.0,False,0
36,53,-55.55,inf,False,1
37,53,-55.11,1.0,False,0
38,53,-56.31,inf,False,1
39,53,-55.71,1.0,False,0
40,53,-55.39,1.0,False,0
41,53,-54.53,1.0,False,0
42,53,-55.07,1.0,False,0
43,53,-55.413333333333334,inf,False,3
44,53,-51.43,inf,False,1
45,53,-54.04,1.0,False,0
46,53,-53.56,inf,False,1
47,53,-53.3,1.0,False,0
48,53,-52.01,1.0,False,0
49,53,-50.47,inf,False,1
50,53,-50.56,1.0,False,0
51,53,-51.16,1.0,False,0
52,53,-51.21,inf,False,1
53,53,-51.76,1.0,False,0
54,53,-52.82,1.0,False,0
55,53,-52.88,1.0,False,0
56,53,-52.66,inf,False,1
57,53,-47.12,inf,False,1
58,53,-51.98,inf,False,1
59,53,-51.14,1.0,False,0
60,53,-49.58,1.0,False,0
61,53,-47.47,inf,False,1
62,53,-48.31,1.0,False,0
63,53,-46.97,1.0,False,0
64,53,-45.55,1.0,False,0
65,53,-44.84,1.0,False,0
66,53,-43.79,1.0,False,0
67,53,-42.55,inf,False,1
68,53,-43.16,1.0,False,0
69,53,-43.93,1.0,False,0
70,53,-46.08,0.80438,False,0
71,53,-50.41,0.788568,False,0
72,53,-54.2,1.0,False,0
73,53,-55.04,1.0,False,0
74,53,-54.9,inf,False,1
75,53,-55.48,1.0,False,0
76,53,-55.94,1.0,False,0
77,53,-57.21,1.0,False,0
78,53,-58.39,1.0,False,0
79,53,-59.09,1.0,False,0
0,54,-55.36,0.864869,False,0
1,54,-55.46,1.0,False,0
2,54,-55.66,1.0,False,0
3,54,-55.92,1.0,False,0
4,54,-56.07,1.0,False,0
5,54,-53.92,1.0,False,0
6,54,-53.0,1.0,False,0
7,54,-52.56,1.0,False,0
8,54,-53.03,1.0,False,0
9,54,-54.06,inf,False,1
10,54,-52.62,1.0,False,0
11,54,-51.72,inf,False,1
12,54,-52.66,1.0,False,0
13,54,-53.49,1.0,False,0
14,54,-54.19,1.0,False,0
15,54,-54.76,inf,False,2
16,54,-55.0,1.0,False,0
17,54,-55.49,1.0,False,0
18,54,-55.5,1.0,False,0
19,54,-56.42,inf,False,1
20,54,-56.08,1.0,False,0
21,54,-56.3,1.0,False,0
22,54,-57.02,1.0,False,0
23,54,-57.72,1.0,False,0
24,54,-57.64,1.0,False,0
25,54,-57.22,1.0,False,0
26,54,-55.39,1.0,False,0
27,54,-53.22,1.0,False,0
28,54,-52.87,1.0,False,0
29,54,-52.01,1.0,False,0
30,54,-50.12,inf,False,1
31,54,-52.08,1.0,False,0
32,54,-51.84,1.0,False,0
33,54,-50.46,inf,False,1
34,54,-52.24,1.0,False,0
35,54,-54.97,1.0,False,0
36,54,-56.06,inf,False,1
37,54,-55.87,1.0,False,0
38,54,-55.04,inf,False,2
39,54,-55.88,1.0,False,0
40,54,-55.36,1.0,False,0
41,54,-53.47,inf,False,1
42,54,-55.05,1.0,False,0
43,54,-55.88,1.0,False,0
44,54,-57.95,inf,False,1
45,54,-55.52,1.0,False,0
46,54,-54.45,inf,False,1
47,54,-53.67,1.0,False,0
48,54,-54.01,inf,False,1
49,54,-51.0,inf,False,1
50,54,-51.83,1.0,False,0
51,54,-52.14,1.0,False,0
52,54,-52.26,1.0,False,0
53,54,-53.37,1.0,False,0
54,54,-53.59,1.0,False,0
55,54,-53.415,inf,False,2
56,54,-53.1,inf,False,1
57,54,-51.84,1.0,False,0
58,54,-51.5,1.0,False,0
59,54,-51.51,inf,False,1
60,54,-50.44,1.0,False,0
61,54,-49.44,1.0,False,0
62,54,-50.13,inf,False,1
63,54,-47.8,1.0,False,0
64,54,-44.9,inf,False,1
65,54,-45.27,1.0,False,0
66,54,-44.85,inf,False,1
67,54,-41.94,inf,False,1
68,54,-43.6,1.0,False,0
69,54,-45.09,1.0,False,0
70,54,-48.57,0.814957,False,0
71,54,-54.88,0.978846,False,0
72,54,-54.77,1.0,False,0
73,54,-54.79,1.0,False,0
74,54,-55.37,1.0,False,0
75,54,-55.79,1.0,False,0
76,54,-56.56,1.0,False,0
77,54,-58.05,1.0,False,0
78,54,-58.05,inf,False,1
79,54,-59.91,1.0,False,0
0,55,-56.21,0.606346,False,0
1,55,-56.19,0.814869,False,0
2,55,-56.21,1.0,False,0
3,55,-56.6,1.0,False,0
4,55,-57.59,inf,False,1
5,55,-55.33,1.0,False,0
6,55,-53.9,inf,False,1
7,55,-53.89,1.0,False,0
8,55,-54.18,inf,False,1
9,55,-53.74,1.0,False,0
10,55,-53.56,1.0,False,0
11,55,-53.1,1.0,False,0
12,55,-55.02,1.0,False,0
13,55,-56.709999999999994,inf,False,2
14,55,-55.41,1.0,False,0
15,55,-55.79,1.0,False,0
16,55,-57.76,inf,False,1
17,55,-55.88,1.0,False,0
18,55,-54.42,inf,False,1
19,55,-55.69,1.0,False,0
20,55,-56.32,1.0,False,0
21,55,-56.79,1.0,False,0
22,55,-57.66,1.0,False,0
23,55,-58.41,inf,False,1
24,55,-58.06,inf,False,1
25,55,-57.64,1.0,False,0
26,55,-56.95,1.0,False,0
27,55,-55.16,1.0,False,0
28,55,-53.93,1.0,False,0
29,55,-53.19,1.0,False,0
30,55,-53.32,1.0,False,0
31,55,-54.72,inf,False,3
32,55,-53.92,inf,False,1
33,55,-53.35,1.0,False,0
34,55,-53.95,1.0,False,0
35,55,-55.76,1.0,False,0
36,55,-56.69,1.0,False,0
37,55,-56.46,inf,False,1
38,55,-56.97,inf,False,1
39,55,-56.27,1.0,False,0
40,55,-56.51,inf,False,1
41,55,-55.54,1.0,False,0
42,55,-55.89,1.0,False,0
43,55,-56.92,1.0,False,0
44,55,-58.41,inf,False,1
45,55,-56.54,1.0,False,0
46,55,-56.35,inf,False,1
47,55,-54.04,1.0,False,0
48,55,-51.48,inf,False,1
49,55,-52.52,1.0,False,0
50,55,-51.955,inf,False,2
51,55,-54.33,1.0,False,0
52,55,-54.91,1.0,False,0
53,55,-54.55,1.0,False,0
54,55,-55.01,1.0,False,0
55,55,-56.9,inf,False,1
56,55,-54.08,1.0,False,0
57,55,-53.35,inf,False,1
58,55,-53.22,1.0,False,0
59,55,-52.53,inf,False,1
60,55,-49.69,inf,False,1
61,55,-50.06,1.0,False,0
62,55,-50.34,inf,False,1
63,55,-48.88,1.0,False,0
64,55,-46.53,1.0,False,0
65,55,-46.46,1.0,False,0
66,55,-48.15,inf,False,1
67,55,-45.36,1.0,False,0
68,55,-45.58,1.0,False,0
69,55,-47.09,1.0,False,0
70,55,-50.84,1.0,False,0
71,55,-54.75,1.0,False,0
72,55,-54.71,1.0,False,0
73,55,-53.012,inf,False,5
74,55,-55.1725,inf,False,4
75,55,-57.423333333333325,inf,False,3
76,55,-54.83,inf,False,1
77,55,-58.345,inf,False,2
78,55,-60.8,inf,False,2
79,55,-60.99666666666667,inf,False,3
0,56,-57.09,0.525093,False,0
1,56,-56.83,0.699785,False,0
2,56,-56.77,1.0,False,0
3,56,-56.9,1.0,False,0
4,56,-56.79,1.0,False,0
5,56,-55.79,1.0,False,0
6,56,-55.34,1.0,False,0
7,56,-55.16,1.0,False,0
8,56,-55.06,1.0,False,0
9,56,-55.13,1.0,False,0
10,56,-55.66,1.0,False,0
11,56,-55.87,1.0,False,0
12,56,-56.46,1.0,False,0
13,56,-56.97,1.0,False,0
14,56,-57.48,1.0,False,0
15,56,-57.36,1.0,False,0
16,56,-56.79,1.0,False,0
17,56,-56.41,1.0,False,0
18,56,-55.99,1.0,False,0
19,56,-56.24,1.0,False,0
20,56,-56.68,1.0,False,0
21,56,-57.03,1.0,False,0
22,56,-57.55,1.0,False,0
23,56,-57.95,1.0,False,0
24,56,-58.06,1.0,False,0
25,56,-57.92,1.0,False,0
26,56,-57.95,inf,False,1
27,56,-56.35,1.0,False,0
28,56,-54.27,inf,False,1
29,56,-54.46,1.0,False,0
30,56,-54.78,1.0,False,0
31,56,-55.2,1.0,False,0
32,56,-55.575,inf,False,2
33,56,-55.7,1.0,False,0
34,56,-56.08,1.0,False,0
35,56,-57.41,1.0,False,0
36,56,-58.2,inf,False,1
37,56,-57.12,1.0,False,0
38,56,-57.1,1.0,False,0
39,56,-57.18,1.0,False,0
40,56,-56.82,1.0,False,0
41,56,-57.56,1.0,False,0
42,56,-57.57,1.0,False,0
43,56,-57.5,1.0,False,0
44,56,-57.38,1.0,False,0
45,56,-56.93,1.0,False,0
46,56,-56.23,1.0,False,0
47,56,-54.83,1.0,False,0
48,56,-53.57,inf,False,1
49,56,-54.29,1.0,False,0
50,56,-55.35,inf,False,1
51,56,-56.265,inf,False,2
52,56,-55.67,1.0,False,0
53,56,-55.84,1.0,False,0
54,56,-55.81,1.0,False,0
55,56,-55.79,1.0,False,0
56,56,-55.64,1.0,False,0
57,56,-56.57,inf,False,1
58,56,-54.57,1.0,False,0
59,56,-52.65,1.0,False,0
60,56,-50.81,1.0,False,0
61,56,-50.24,1.0,False,0
62,56,-49.855,inf,False,2
63,56,-49.51,1.0,False,0
64,56,-48.02,1.0,False,0
65,56,-47.38,1.0,False,0
66,56,-47.03,1.0,False,0
67,56,-46.63,1.0,False,0
68,56,-46.52,inf,False,1
69,56,-48.2,1.0,False,0
70,56,-53.19,1.0,False,0
71,56,-54.93,1.0,False,0
72,56,-54.26,inf,False,1
73,56,-56.85,inf,False,1
74,56,-55.715,inf,False,2
75,56,-58.08,inf,False,1
76,56,-58.35,inf,False,3
77,56,-59.33,inf,False,1
78,56,-60.45666666666667,inf,False,3
79,56,-60.57,inf,False,2
0,57,-58.06,0.596316,False,0
1,57,-57.47,0.748691,False,0
2,57,-57.01,1.0,False,0
3,57,-56.81,inf,False,1
4,57,-56.8,1.0,False,0
5,57,-56.37,1.0,False,0
6,57,-56.29,1.0,False,0
7,57,-56.77,inf,False,1
8,57,-56.41,1.0,False,0
9,57,-56.129999999999995,inf,False,2
10,57,-56.61,1.0,False,0
11,57,-57.75,1.0,False,0
12,57,-58.09,1.0,False,0
13,57,-57.870000000000005,inf,False,2
14,57,-58.4,1.0,False,0
15,57,-58.23,1.0,False,0
16,57,-57.49,1.0,False,0
17,57,-56.13,inf,False,1
18,57,-57.19,1.0,False,0
19,57,-57.02,1.0,False,0
20,57,-56.89,1.0,False,0
21,57,-56.925,inf,False,2
22,57,-57.1,1.0,False,0
23,57,-57.53,1.0,False,0
24,57,-58.0,1.0,False,0
25,57,-58.54,inf,False,1
26,57,-58.0,1.0,False,0
27,57,-56.86,1.0,False,0
28,57,-55.87,1.0,False,0
29,57,-55.38,1.0,False,0
30,57,-54.72,inf,False,1
31,57,-56.33,1.0,False,0
32,57,-58.33,inf,False,1
33,57,-57.51,1.0,False,0
34,57,-57.98,1.0,False,0
35,57,-58.26,1.0,False,0
36,57,-58.03,1.0,False,0
37,57,-57.75,1.0,False,0
38,57,-56.24,inf,False,1
39,57,-57.02,inf,False,1
40,57,-58.89,1.0,False,0
41,57,-59.13,1.0,False,0
42,57,-58.09,inf,False,1
43,57,-57.82,1.0,False,0
44,57,-56.81,inf,False,2
45,57,-56.68,1.0,False,0
46,57,-57.73333333333333,inf,False,3
47,57,-54.7,inf,False,1
48,57,-56.06,1.0,False,0
49,57,-56.73,1.0,False,0
50,57,-57.25333333333333,inf,False,3
51,57,-55.66,inf,False,1
52,57,-55.87,inf,False,1
53,57,-56.12,1.0,False,0
54,57,-56.13,1.0,False,0
55,57,-56.28,1.0,False,0
56,57,-56.48,1.0,False,0
57,57,-56.39,1.0,False,0
58,57,-57.09,inf,False,1
59,57,-53.3,1.0,False,0
60,57,-49.59,inf,False,1
61,57,-50.51,1.0,False,0
62,57,-49.96,1.0,False,0
63,57,-49.55,1.0,False,0
64,57,-49.08,0.977457,False,0
65,57,-48.71,1.0,False,0
66,57,-49.09,1.0,False,0
67,57,-48.46,1.0,False,0
68,57,-48.41,1.0,False,0
69,57,-50.91,1.0,False,0
70,57,-53.3,1.0,False,0
71,57,-55.17,1.0,False,0
72,57,-55.73666666666666,inf,False,3
73,57,-55.7325,inf,False,4
74,57,-57.17,inf,False,2
75,57,-60.78,inf,False,1
76,57,-57.66,inf,False,1
77,57,-60.29,inf,False,2
78,57,-61.75,inf,False,2
79,57,-63.94,inf,False,1
0,58,-59.47,1.0,False,0
1,58,-58.51,0.948492,False,0
2,58,-57.4,1.0,False,0
3,58,-56.98,1.0,False,0
4,58,-56.91,1.0,False,0
5,58,-56.92,1.0,False,0
6,58,-56.51,1.0,False,0
7,58,-56.77,1.0,False,0
8,58,-57.34,1.0,False,0
9,58,-57.95,1.0,False,0
10,58,-58.53,1.0,False,0
11,58,-58.52,1.0,False,0
12,58,-58.96,1.0,False,0
13,58,-59.6,inf,False,1
14,58,-59.24,1.0,False,0
15,58,-58.74,1.0,False,0
16,58,-58.01,inf,False,1
17,58,-57.86,1.0,False,0
18,58,-58.510000000000005,inf,False,2
19,58,-57.75,1.0,False,0
20,58,-57.02,1.0,False,0
21,58,-56.9,1.0,False,0
22,58,-56.32,inf,False,1
23,58,-57.76,inf,False,1
24,58,-57.71,1.0,False,0
25,58,-58.15,1.0,False,0
26,58,-58.03,1.0,False,0
27,58,-57.66,1.0,False,0
28,58,-57.59,1.0,False,0
29,58,-56.32,1.0,False,0
30,58,-54.38,inf,False,1
31,58,-57.58,inf,False,2
32,58,-57.13,1.0,False,0
33,58,-58.46,inf,False,1
34,58,-58.76,1.0,False,0
35,58,-59.06,1.0,False,0
36,58,-57.93,inf,False,1
37,58,-58.47,1.0,False,0
38,58,-59.94,inf,False,2
39,58,-61.52,inf,False,1
40,58,-61.03,1.0,False,0
41,58,-60.35,1.0,False,0
42,58,-60.06,inf,False,1
43,58,-57.95,1.0,False,0
44,58,-56.15,inf,False,2
45,58,-56.36,1.0,False,0
46,58,-54.99,inf,False,1
47,58,-56.71,1.0,False,0
48,58,-59.72,inf,False,1
49,58,-57.96,1.0,False,0
50,58,-57.44333333333333,inf,False,3
51,58,-56.71,1.0,False,0
52,58,-56.11,1.0,False,0
53,58,-56.16,1.0,False,0
54,58,-56.24,1.0,False,0
55,58,-56.47,inf,False,1
56,58,-56.71,1.0,False,0
57,58,-56.67,1.0,False,0
58,58,-55.31,1.0,False,0
59,58,-52.96,inf,False,1
60,58,-51.82,1.0,False,0
61,58,-51.34,1.0,False,0
62,58,-50.79,0.932969,False,0
63,58,-49.89,0.746814,False,0
64,58,-49.52,0.75017,False,0
65,58,-50.39,1.0,False,0
66,58,-51.47,inf,False,1
67,58,-50.19,1.0,False,0
68,58,-51.07,1.0,False,0
69,58,-52.65,1.0,False,0
70,58,-53.144999999999996,inf,False,2
71,58,-54.96,1.0,False,0
72,58,-55.224999999999994,inf,False,2
73,58,-57.405,inf,False,4
74,58,-59.775000000000006,inf,False,2
75,58,-59.739999999999995,inf,False,4
76,58,-59.580000000000005,inf,False,6
77,58,-59.36,inf,False,1
78,58,-61.05,1.0,False,0
79,58,-63.522000000000006,inf,False,5
0,59,-60.345,inf,False,2
1,59,-59.4,1.0,False,0
2,59,-57.89,0.767122,False,0
3,59,-57.37,0.898824,False,0
4,59,-57.26,1.0,False,0
5,59,-57.55,inf,False,1
6,59,-55.98,inf,False,1
7,59,-56.82,1.0,False,0
8,59,-58.35,1.0,False,0
9,59,-60.04,inf,False,1
10,59,-59.33,inf,False,1
11,59,-59.08,1.0,False,0
12,59,-59.21,1.0,False,0
13,59,-59.63,1.0,False,0
14,59,-60.46,inf,False,1
15,59,-59.37,1.0,False,0
16,59,-59.68,inf,False,1
17,59,-58.64,1.0,False,0
18,59,-58.16,1.0,False,0
19,59,-57.86,1.0,False,0
20,59,-57.39,1.0,False,0
21,59,-57.04,1.0,False,0
22,59,-57.05,1.0,False,0
23,59,-57.03,inf,False,1
24,59,-57.61,1.0,False,0
25,59,-58.18,inf,False,2
26,59,-58.12,1.0,False,0
27,59,-58.36,1.0,False,0
28,59,-59.73,inf,False,1
29,59,-57.504999999999995,inf,False,2
30,59,-56.2,1.0,False,0
31,59,-55.04,inf,False,1
32,59,-56.64,1.0,False,0
33,59,-58.14,1.0,False,0
34,59,-59.42,1.0,False,0
35,59,-62.03,inf,False,1
36,59,-56.55,inf,False,1
37,59,-58.52,1.0,False,0
38,59,-59.76,1.0,False,0
39,59,-61.29,1.0,False,0
40,59,-64.91,inf,False,1
41,59,-60.39,inf,False,1
42,59,-59.98,1.0,False,0
43,59,-58.48,1.0,False,0
44,59,-56.88,1.0,False,0
45,59,-56.47,1.0,False,0
46,59,-56.33,1.0,False,0
47,59,-57.33,1.0,False,0
48,59,-57.480000000000004,inf,False,2
49,59,-59.34,inf,False,2
50,59,-57.93,1.0,False,0
51,59,-57.07,1.0,False,0
52,59,-56.54,1.0,False,0
53,59,-56.08,1.0,False,0
54,59,-55.705,inf,False,2
55,59,-56.61,1.0,False,0
56,59,-57.44,inf,False,1
57,59,-57.54,inf,False,1
58,59,-55.97,1.0,False,0
59,59,-54.11,1.0,False,0
60,59,-52.96,1.0,False,0
61,59,-52.03,0.80707,False,0
62,59,-51.64,0.597435,False,0
63,59,-50.02,0.513032,False,0
64,59,-49.9,0.546923,False,0
65,59,-50.62,0.849358,False,0
66,59,-50.72,1.0,False,0
67,59,-51.16,1.0,False,0
68,59,-52.25,1.0,False,0
69,59,-52.55,inf,False,1
70,59,-53.75,1.0,False,0
71,59,-54.98,1.0,False,0
72,59,-55.0,inf,False,1
73,59,-57.62,inf,False,1
74,59,-58.48666666666667,inf,False,3
75,59,-57.629999999999995,inf,False,2
76,59,-59.82000000000001,inf,False,5
77,59,-58.99,inf,False,1
78,59,-58.7,inf,False,1
79,59,-62.769999999999996,inf,False,2
